Type,Name,Request Count,Failure Count,Median Response Time,Average Response Time,Min Response Time,Max Response Time,Average Content Size,Requests/s,Failures/s,50%,66%,75%,80%,90%,95%,98%,99%,99.9%,99.99%,100%
GET,/,5082,0,7,36.88861003541912,1.1915000000009002,401.01459999999986,8688.0,267.1172520192645,0.0,7,10,33,67,100,200,280,300,390,400,400
,Aggregated,5082,0,7,36.88861003541912,1.1915000000009002,401.01459999999986,8688.0,267.1172520192645,0.0,7,10,33,67,100,200,280,300,390,400,400
