Type,Name,Request Count,Failure Count,Median Response Time,Average Response Time,Min Response Time,Max Response Time,Average Content Size,Requests/s,Failures/s,50%,66%,75%,80%,90%,95%,98%,99%,99.9%,99.99%,100%
GET,/,5619,0,12,69.65816307172076,1.1749000000023102,909.5797999999995,8688.0,295.2694161006326,0.0,12,80,94,100,200,290,400,590,790,910,910
,Aggregated,5619,0,12,69.65816307172076,1.1749000000023102,909.5797999999995,8688.0,295.2694161006326,0.0,12,80,94,100,200,290,400,590,790,910,910
