Type,Name,Request Count,Failure Count,Median Response Time,Average Response Time,Min Response Time,Max Response Time,Average Content Size,Requests/s,Failures/s,50%,66%,75%,80%,90%,95%,98%,99%,99.9%,99.99%,100%
GET,/,7656,0,95,106.85272399425278,1.3866000000000156,591.6406999999992,8688.0,401.14326565803435,0.0,95,100,150,190,210,300,380,390,480,590,590
,Aggregated,7656,0,95,106.85272399425278,1.3866000000000156,591.6406999999992,8688.0,401.14326565803435,0.0,95,100,150,190,210,300,380,390,480,590,590
