Type,Name,Request Count,Failure Count,Median Response Time,Average Response Time,Min Response Time,Max Response Time,Average Content Size,Requests/s,Failures/s,50%,66%,75%,80%,90%,95%,98%,99%,99.9%,99.99%,100%
GET,/,6978,0,8,56.53063783319021,1.2273000000000422,502.8952000000002,8688.0,365.7908881193066,0.0,8,76,90,94,160,230,300,390,500,500,500
,Aggregated,6978,0,8,56.53063783319021,1.2273000000000422,502.8952000000002,8688.0,365.7908881193066,0.0,8,76,90,94,160,230,300,390,500,500,500
