Type,Name,Request Count,Failure Count,Median Response Time,Average Response Time,Min Response Time,Max Response Time,Average Content Size,Requests/s,Failures/s,50%,66%,75%,80%,90%,95%,98%,99%,99.9%,99.99%,100%
GET,/,3394,0,5,22.04713845020626,1.1805000000002508,388.8891000000001,8688.0,180.5087419533597,0.0,5,7,9,14,70,98,200,270,380,390,390
,Aggregated,3394,0,5,22.04713845020626,1.1805000000002508,388.8891000000001,8688.0,180.5087419533597,0.0,5,7,9,14,70,98,200,270,380,390,390
