Type,Name,Request Count,Failure Count,Median Response Time,Average Response Time,Min Response Time,Max Response Time,Average Content Size,Requests/s,Failures/s,50%,66%,75%,80%,90%,95%,98%,99%,99.9%,99.99%,100%
GET,/,6278,0,6,28.47769335775729,1.2094000000004712,393.08869999999985,8688.0,329.90863550229824,0.0,6,10,19,53,86,110,200,300,380,390,390
,Aggregated,6278,0,6,28.47769335775729,1.2094000000004712,393.08869999999985,8688.0,329.90863550229824,0.0,6,10,19,53,86,110,200,300,380,390,390
