Type,Name,Request Count,Failure Count,Median Response Time,Average Response Time,Min Response Time,Max Response Time,Average Content Size,Requests/s,Failures/s,50%,66%,75%,80%,90%,95%,98%,99%,99.9%,99.99%,100%
GET,/,5792,0,7,42.19896357044196,1.1793999999998306,512.3529000000002,8688.0,304.1047373520883,0.0,7,14,61,77,110,200,300,390,410,510,510
,Aggregated,5792,0,7,42.19896357044196,1.1793999999998306,512.3529000000002,8688.0,304.1047373520883,0.0,7,14,61,77,110,200,300,390,410,510,510
