Type,Name,Request Count,Failure Count,Median Response Time,Average Response Time,Min Response Time,Max Response Time,Average Content Size,Requests/s,Failures/s,50%,66%,75%,80%,90%,95%,98%,99%,99.9%,99.99%,100%
GET,/,8074,0,8,42.28346589051273,1.2902999999990783,490.94480000000027,8688.0,423.56598093620977,0.0,8,26,73,84,100,190,280,320,400,490,490
,Aggregated,8074,0,8,42.28346589051273,1.2902999999990783,490.94480000000027,8688.0,423.56598093620977,0.0,8,26,73,84,100,190,280,320,400,490,490
