Type,Name,Request Count,Failure Count,Median Response Time,Average Response Time,Min Response Time,Max Response Time,Average Content Size,Requests/s,Failures/s,50%,66%,75%,80%,90%,95%,98%,99%,99.9%,99.99%,100%
GET,/,5254,0,6,50.87052601827184,1.3201000000009344,830.3889,8688.0,276.93481072627714,0.0,6,13,73,88,140,240,330,540,820,830,830
,Aggregated,5254,0,6,50.87052601827184,1.3201000000009344,830.3889,8688.0,276.93481072627714,0.0,6,13,73,88,140,240,330,540,820,830,830
