Type,Name,Request Count,Failure Count,Median Response Time,Average Response Time,Min Response Time,Max Response Time,Average Content Size,Requests/s,Failures/s,50%,66%,75%,80%,90%,95%,98%,99%,99.9%,99.99%,100%
GET,/,7736,0,8,40.28209013702141,1.234499999998917,379.6919999999999,8688.0,406.2144268127091,0.0,8,17,69,82,100,190,280,290,370,380,380
,Aggregated,7736,0,8,40.28209013702141,1.234499999998917,379.6919999999999,8688.0,406.2144268127091,0.0,8,17,69,82,100,190,280,290,370,380,380
