Type,Name,Request Count,Failure Count,Median Response Time,Average Response Time,Min Response Time,Max Response Time,Average Content Size,Requests/s,Failures/s,50%,66%,75%,80%,90%,95%,98%,99%,99.9%,99.99%,100%
GET,/,5725,0,5,33.605488558951976,1.209800000001593,397.63349999999997,8688.0,301.1408225816529,0.0,5,9,30,65,97,180,280,300,390,400,400
,Aggregated,5725,0,5,33.605488558951976,1.209800000001593,397.63349999999997,8688.0,301.1408225816529,0.0,5,9,30,65,97,180,280,300,390,400,400
