Type,Name,Request Count,Failure Count,Median Response Time,Average Response Time,Min Response Time,Max Response Time,Average Content Size,Requests/s,Failures/s,50%,66%,75%,80%,90%,95%,98%,99%,99.9%,99.99%,100%
GET,/,3988,0,5,29.098568856569734,1.2121000000000492,463.56069999999994,8688.0,209.89467889782082,0.0,5,6,8,13,89,160,300,360,460,460,460
,Aggregated,3988,0,5,29.098568856569734,1.2121000000000492,463.56069999999994,8688.0,209.89467889782082,0.0,5,6,8,13,89,160,300,360,460,460,460
