Type,Name,Request Count,Failure Count,Median Response Time,Average Response Time,Min Response Time,Max Response Time,Average Content Size,Requests/s,Failures/s,50%,66%,75%,80%,90%,95%,98%,99%,99.9%,99.99%,100%
GET,/,7128,0,13,67.40160211840598,1.2286999999986392,508.35710000000046,8688.0,374.1287514020287,0.0,13,87,94,97,200,290,310,390,440,510,510
,Aggregated,7128,0,13,67.40160211840598,1.2286999999986392,508.35710000000046,8688.0,374.1287514020287,0.0,13,87,94,97,200,290,310,390,440,510,510
