Type,Name,Request Count,Failure Count,Median Response Time,Average Response Time,Min Response Time,Max Response Time,Average Content Size,Requests/s,Failures/s,50%,66%,75%,80%,90%,95%,98%,99%,99.9%,99.99%,100%
GET,/,3206,0,6,48.31238275109166,1.1782000000000181,479.8318000000004,8688.0,169.11781026562747,0.0,6,14,83,93,180,200,300,330,380,480,480
,Aggregated,3206,0,6,48.31238275109166,1.1782000000000181,479.8318000000004,8688.0,169.11781026562747,0.0,6,14,83,93,180,200,300,330,380,480,480
