Type,Name,Request Count,Failure Count,Median Response Time,Average Response Time,Min Response Time,Max Response Time,Average Content Size,Requests/s,Failures/s,50%,66%,75%,80%,90%,95%,98%,99%,99.9%,99.99%,100%
GET,/,7048,0,88,109.76943934449467,1.3113999999987414,705.1977000000012,8688.0,370.66398353921625,0.0,88,100,190,200,290,390,420,490,580,710,710
,Aggregated,7048,0,88,109.76943934449467,1.3113999999987414,705.1977000000012,8688.0,370.66398353921625,0.0,88,100,190,200,290,390,420,490,580,710,710
