Type,Name,Request Count,Failure Count,Median Response Time,Average Response Time,Min Response Time,Max Response Time,Average Content Size,Requests/s,Failures/s,50%,66%,75%,80%,90%,95%,98%,99%,99.9%,99.99%,100%
GET,/,6307,0,10,43.515103075947465,1.3446000000012504,498.4453000000002,8688.0,334.3385384247646,0.0,10,18,56,74,110,200,300,390,480,500,500
,Aggregated,6307,0,10,43.515103075947465,1.3446000000012504,498.4453000000002,8688.0,334.3385384247646,0.0,10,18,56,74,110,200,300,390,480,500,500
