Type,Name,Request Count,Failure Count,Median Response Time,Average Response Time,Min Response Time,Max Response Time,Average Content Size,Requests/s,Failures/s,50%,66%,75%,80%,90%,95%,98%,99%,99.9%,99.99%,100%
GET,/,5346,0,7,31.98753829031041,1.1945999999998236,531.2163999999999,8688.0,280.86472963407937,0.0,7,12,18,54,92,140,260,390,480,530,530
,Aggregated,5346,0,7,31.98753829031041,1.1945999999998236,531.2163999999999,8688.0,280.86472963407937,0.0,7,12,18,54,92,140,260,390,480,530,530
