Type,Name,Request Count,Failure Count,Median Response Time,Average Response Time,Min Response Time,Max Response Time,Average Content Size,Requests/s,Failures/s,50%,66%,75%,80%,90%,95%,98%,99%,99.9%,99.99%,100%
GET,/,6733,0,8,45.40099870785661,1.198199999999261,434.5916000000001,8688.0,353.95591547998265,0.0,8,34,81,90,120,200,250,300,390,430,430
,Aggregated,6733,0,8,45.40099870785661,1.198199999999261,434.5916000000001,8688.0,353.95591547998265,0.0,8,34,81,90,120,200,250,300,390,430,430
