Type,Name,Request Count,Failure Count,Median Response Time,Average Response Time,Min Response Time,Max Response Time,Average Content Size,Requests/s,Failures/s,50%,66%,75%,80%,90%,95%,98%,99%,99.9%,99.99%,100%
GET,/,7411,0,10,49.36258066387805,1.2636999999990906,593.2623999999986,8688.0,388.81189601791607,0.0,10,44,79,89,130,200,290,380,490,590,590
,Aggregated,7411,0,10,49.36258066387805,1.2636999999990906,593.2623999999986,8688.0,388.81189601791607,0.0,10,44,79,89,130,200,290,380,490,590,590
