Type,Name,Request Count,Failure Count,Median Response Time,Average Response Time,Min Response Time,Max Response Time,Average Content Size,Requests/s,Failures/s,50%,66%,75%,80%,90%,95%,98%,99%,99.9%,99.99%,100%
GET,/,6324,0,7,43.01850011068937,1.2144999999996742,646.2194000000001,8688.0,332.3025436910398,0.0,7,14,63,83,110,200,290,350,550,650,650
,Aggregated,6324,0,7,43.01850011068937,1.2144999999996742,646.2194000000001,8688.0,332.3025436910398,0.0,7,14,63,83,110,200,290,350,550,650,650
