Type,Name,Request Count,Failure Count,Median Response Time,Average Response Time,Min Response Time,Max Response Time,Average Content Size,Requests/s,Failures/s,50%,66%,75%,80%,90%,95%,98%,99%,99.9%,99.99%,100%
GET,/,4529,0,7,51.488030271583135,1.187599999997957,425.39879999999994,8688.0,238.27456347789095,0.0,7,82,94,96,100,200,290,330,420,430,430
,Aggregated,4529,0,7,51.488030271583135,1.187599999997957,425.39879999999994,8688.0,238.27456347789095,0.0,7,82,94,96,100,200,290,330,420,430,430
