Type,Name,Request Count,Failure Count,Median Response Time,Average Response Time,Min Response Time,Max Response Time,Average Content Size,Requests/s,Failures/s,50%,66%,75%,80%,90%,95%,98%,99%,99.9%,99.99%,100%
GET,/,2908,0,5,26.701112792297135,1.2106000000002837,482.7128000000001,8688.0,153.05153110745925,0.0,5,7,10,31,81,94,290,380,480,480,480
,Aggregated,2908,0,5,26.701112792297135,1.2106000000002837,482.7128000000001,8688.0,153.05153110745925,0.0,5,7,10,31,81,94,290,380,480,480,480
