Type,Name,Request Count,Failure Count,Median Response Time,Average Response Time,Min Response Time,Max Response Time,Average Content Size,Requests/s,Failures/s,50%,66%,75%,80%,90%,95%,98%,99%,99.9%,99.99%,100%
GET,/,4839,0,9,24.841519466832043,1.2644000000001654,323.6849999999998,8688.0,257.8644768262,0.0,9,11,17,33,72,100,190,220,320,320,320
,Aggregated,4839,0,9,24.841519466832043,1.2644000000001654,323.6849999999998,8688.0,257.8644768262,0.0,9,11,17,33,72,100,190,220,320,320,320
