Type,Name,Request Count,Failure Count,Median Response Time,Average Response Time,Min Response Time,Max Response Time,Average Content Size,Requests/s,Failures/s,50%,66%,75%,80%,90%,95%,98%,99%,99.9%,99.99%,100%
GET,/,7231,0,11,49.98572251417498,1.2993999999988404,501.61939999999913,8688.0,379.962043700115,0.0,11,25,74,89,180,220,290,310,460,500,500
,Aggregated,7231,0,11,49.98572251417498,1.2993999999988404,501.61939999999913,8688.0,379.962043700115,0.0,11,25,74,89,180,220,290,310,460,500,500
