Type,Name,Request Count,Failure Count,Median Response Time,Average Response Time,Min Response Time,Max Response Time,Average Content Size,Requests/s,Failures/s,50%,66%,75%,80%,90%,95%,98%,99%,99.9%,99.99%,100%
GET,/,2476,0,6,55.06209733441028,1.2236000000003244,651.4884000000001,8688.0,130.4196171480822,0.0,6,68,88,93,100,200,540,550,650,650,650
,Aggregated,2476,0,6,55.06209733441028,1.2236000000003244,651.4884000000001,8688.0,130.4196171480822,0.0,6,68,88,93,100,200,540,550,650,650,650
