Type,Name,Request Count,Failure Count,Median Response Time,Average Response Time,Min Response Time,Max Response Time,Average Content Size,Requests/s,Failures/s,50%,66%,75%,80%,90%,95%,98%,99%,99.9%,99.99%,100%
GET,/,6797,0,7,45.88129457113427,1.2217999999997176,438.40250000000003,8688.0,357.296886683809,0.0,7,18,74,86,120,210,300,320,390,440,440
,Aggregated,6797,0,7,45.88129457113427,1.2217999999997176,438.40250000000003,8688.0,357.296886683809,0.0,7,18,74,86,120,210,300,320,390,440,440
