Type,Name,Request Count,Failure Count,Median Response Time,Average Response Time,Min Response Time,Max Response Time,Average Content Size,Requests/s,Failures/s,50%,66%,75%,80%,90%,95%,98%,99%,99.9%,99.99%,100%
GET,/,3813,0,7,44.691906530291185,1.2506000000005457,527.7291000000001,8688.0,200.3705191021941,0.0,7,11,44,73,110,280,380,400,490,530,530
,Aggregated,3813,0,7,44.691906530291185,1.2506000000005457,527.7291000000001,8688.0,200.3705191021941,0.0,7,11,44,73,110,280,380,400,490,530,530
