Type,Name,Request Count,Failure Count,Median Response Time,Average Response Time,Min Response Time,Max Response Time,Average Content Size,Requests/s,Failures/s,50%,66%,75%,80%,90%,95%,98%,99%,99.9%,99.99%,100%
GET,/,6440,0,8,51.05465712732905,1.2012999999999607,496.65070000000003,8688.0,338.483313849876,0.0,8,47,85,93,160,210,310,380,450,500,500
,Aggregated,6440,0,8,51.05465712732905,1.2012999999999607,496.65070000000003,8688.0,338.483313849876,0.0,8,47,85,93,160,210,310,380,450,500,500
