Type,Name,Request Count,Failure Count,Median Response Time,Average Response Time,Min Response Time,Max Response Time,Average Content Size,Requests/s,Failures/s,50%,66%,75%,80%,90%,95%,98%,99%,99.9%,99.99%,100%
GET,/,5857,0,7,36.49392170052933,1.1305999999997596,395.2871,8688.0,307.9011493220219,0.0,7,11,63,75,99,190,200,280,370,400,400
,Aggregated,5857,0,7,36.49392170052933,1.1305999999997596,395.2871,8688.0,307.9011493220219,0.0,7,11,63,75,99,190,200,280,370,400,400
