Type,Name,Request Count,Failure Count,Median Response Time,Average Response Time,Min Response Time,Max Response Time,Average Content Size,Requests/s,Failures/s,50%,66%,75%,80%,90%,95%,98%,99%,99.9%,99.99%,100%
GET,/,4227,0,5,24.070692169387243,1.161899999999605,469.8236000000002,8688.0,224.09097252774865,0.0,5,6,9,12,67,140,290,310,450,470,470
,Aggregated,4227,0,5,24.070692169387243,1.161899999999605,469.8236000000002,8688.0,224.09097252774865,0.0,5,6,9,12,67,140,290,310,450,470,470
