Type,Name,Request Count,Failure Count,Median Response Time,Average Response Time,Min Response Time,Max Response Time,Average Content Size,Requests/s,Failures/s,50%,66%,75%,80%,90%,95%,98%,99%,99.9%,99.99%,100%
GET,/,5887,0,8,45.66213660608115,1.186999999999827,364.7562999999998,8688.0,308.9415968254767,0.0,8,44,80,88,130,200,250,280,360,360,360
,Aggregated,5887,0,8,45.66213660608115,1.186999999999827,364.7562999999998,8688.0,308.9415968254767,0.0,8,44,80,88,130,200,250,280,360,360,360
