Type,Name,Request Count,Failure Count,Median Response Time,Average Response Time,Min Response Time,Max Response Time,Average Content Size,Requests/s,Failures/s,50%,66%,75%,80%,90%,95%,98%,99%,99.9%,99.99%,100%
GET,/,6327,0,7,35.29775609293497,1.140599999999381,403.3036000000001,8688.0,332.38882527420293,0.0,7,11,49,72,94,190,210,300,390,400,400
,Aggregated,6327,0,7,35.29775609293497,1.140599999999381,403.3036000000001,8688.0,332.38882527420293,0.0,7,11,49,72,94,190,210,300,390,400,400
