Type,Name,Request Count,Failure Count,Median Response Time,Average Response Time,Min Response Time,Max Response Time,Average Content Size,Requests/s,Failures/s,50%,66%,75%,80%,90%,95%,98%,99%,99.9%,99.99%,100%
GET,/,4863,0,50,72.78812208513273,1.187599999997957,522.2693,8688.0,255.39657466906624,0.0,50,88,93,97,210,300,330,380,490,520,520
,Aggregated,4863,0,50,72.78812208513273,1.187599999997957,522.2693,8688.0,255.39657466906624,0.0,50,88,93,97,210,300,330,380,490,520,520
