Type,Name,Request Count,Failure Count,Median Response Time,Average Response Time,Min Response Time,Max Response Time,Average Content Size,Requests/s,Failures/s,50%,66%,75%,80%,90%,95%,98%,99%,99.9%,99.99%,100%
GET,/,4361,0,9,59.73664868149505,1.1423000000005956,572.1845999999999,8688.0,229.03517862821133,0.0,9,85,94,98,190,200,290,320,550,570,570
,Aggregated,4361,0,9,59.73664868149505,1.1423000000005956,572.1845999999999,8688.0,229.03517862821133,0.0,9,85,94,98,190,200,290,320,550,570,570
