Type,Name,Request Count,Failure Count,Median Response Time,Average Response Time,Min Response Time,Max Response Time,Average Content Size,Requests/s,Failures/s,50%,66%,75%,80%,90%,95%,98%,99%,99.9%,99.99%,100%
GET,/,1855,0,4,42.533504312668526,1.1840999999996882,749.0215999999998,8688.0,97.50794520108451,0.0,4,5,6,9,94,230,610,610,720,750,750
,Aggregated,1855,0,4,42.533504312668526,1.1840999999996882,749.0215999999998,8688.0,97.50794520108451,0.0,4,5,6,9,94,230,610,610,720,750,750
