Type,Name,Request Count,Failure Count,Median Response Time,Average Response Time,Min Response Time,Max Response Time,Average Content Size,Requests/s,Failures/s,50%,66%,75%,80%,90%,95%,98%,99%,99.9%,99.99%,100%
GET,/,7711,0,100.0,137.48117528206433,1.405399999999446,526.8328000000002,8688.0,403.8385350998622,0.0,100,180,200,200,300,370,400,460,500,530,530
,Aggregated,7711,0,100.0,137.48117528206433,1.405399999999446,526.8328000000002,8688.0,403.8385350998622,0.0,100,180,200,200,300,370,400,460,500,530,530
