Type,Name,Request Count,Failure Count,Median Response Time,Average Response Time,Min Response Time,Max Response Time,Average Content Size,Requests/s,Failures/s,50%,66%,75%,80%,90%,95%,98%,99%,99.9%,99.99%,100%
GET,/,5656,0,6,30.82029008132961,1.1799000000003446,495.89090000000004,8688.0,298.12097851509236,0.0,6,9,12,37,92,160,240,390,490,500,500
,Aggregated,5656,0,6,30.82029008132961,1.1799000000003446,495.89090000000004,8688.0,298.12097851509236,0.0,6,9,12,37,92,160,240,390,490,500,500
