Type,Name,Request Count,Failure Count,Median Response Time,Average Response Time,Min Response Time,Max Response Time,Average Content Size,Requests/s,Failures/s,50%,66%,75%,80%,90%,95%,98%,99%,99.9%,99.99%,100%
GET,/,4764,0,6,56.18920247691002,1.110999999999862,405.7860999999998,8688.0,250.32314121108226,0.0,6,86,92,96,160,210,300,310,400,410,410
,Aggregated,4764,0,6,56.18920247691002,1.110999999999862,405.7860999999998,8688.0,250.32314121108226,0.0,6,86,92,96,160,210,300,310,400,410,410
