Type,Name,Request Count,Failure Count,Median Response Time,Average Response Time,Min Response Time,Max Response Time,Average Content Size,Requests/s,Failures/s,50%,66%,75%,80%,90%,95%,98%,99%,99.9%,99.99%,100%
GET,/,7505,0,9,39.48300201199201,1.2810000000005317,426.72489999999993,8688.0,394.4908612143665,0.0,9,25,70,81,99,180,230,290,400,430,430
,Aggregated,7505,0,9,39.48300201199201,1.2810000000005317,426.72489999999993,8688.0,394.4908612143665,0.0,9,25,70,81,99,180,230,290,400,430,430
