Type,Name,Request Count,Failure Count,Median Response Time,Average Response Time,Min Response Time,Max Response Time,Average Content Size,Requests/s,Failures/s,50%,66%,75%,80%,90%,95%,98%,99%,99.9%,99.99%,100%
GET,/,7726,0,9,45.02444057727157,1.2893000000033794,379.9170000000007,8688.0,405.0278993756946,0.0,9,31,75,85,120,200,290,290,350,380,380
,Aggregated,7726,0,9,45.02444057727157,1.2893000000033794,379.9170000000007,8688.0,405.0278993756946,0.0,9,31,75,85,120,200,290,290,350,380,380
