Type,Name,Request Count,Failure Count,Median Response Time,Average Response Time,Min Response Time,Max Response Time,Average Content Size,Requests/s,Failures/s,50%,66%,75%,80%,90%,95%,98%,99%,99.9%,99.99%,100%
GET,/,7419,0,6,33.323384499258644,1.2446999999990993,668.4594999999999,8688.0,389.35361275190786,0.0,6,9,26,60,96,190,260,290,400,670,670
,Aggregated,7419,0,6,33.323384499258644,1.2446999999990993,668.4594999999999,8688.0,389.35361275190786,0.0,6,9,26,60,96,190,260,290,400,670,670
