Type,Name,Request Count,Failure Count,Median Response Time,Average Response Time,Min Response Time,Max Response Time,Average Content Size,Requests/s,Failures/s,50%,66%,75%,80%,90%,95%,98%,99%,99.9%,99.99%,100%
GET,/,6928,0,8,48.528202583718176,1.1898000000005737,551.9362000000001,8688.0,363.6628945841919,0.0,8,62,84,90,110,210,300,300,460,550,550
,Aggregated,6928,0,8,48.528202583718176,1.1898000000005737,551.9362000000001,8688.0,363.6628945841919,0.0,8,62,84,90,110,210,300,300,460,550,550
