Type,Name,Request Count,Failure Count,Median Response Time,Average Response Time,Min Response Time,Max Response Time,Average Content Size,Requests/s,Failures/s,50%,66%,75%,80%,90%,95%,98%,99%,99.9%,99.99%,100%
GET,/,6580,0,15,71.64204293313047,1.2648000000012871,572.9690999999999,8688.0,346.1975879396859,0.0,15,88,96,100,200,290,390,400,490,570,570
,Aggregated,6580,0,15,71.64204293313047,1.2648000000012871,572.9690999999999,8688.0,346.1975879396859,0.0,15,88,96,100,200,290,390,400,490,570,570
