Type,Name,Request Count,Failure Count,Median Response Time,Average Response Time,Min Response Time,Max Response Time,Average Content Size,Requests/s,Failures/s,50%,66%,75%,80%,90%,95%,98%,99%,99.9%,99.99%,100%
GET,/,4533,0,5,24.621985484226688,1.13449999999915,404.5992000000003,8688.0,240.12792023614222,0.0,5,7,10,28,85,110,190,270,400,400,400
,Aggregated,4533,0,5,24.621985484226688,1.13449999999915,404.5992000000003,8688.0,240.12792023614222,0.0,5,7,10,28,85,110,190,270,400,400,400
