Type,Name,Request Count,Failure Count,Median Response Time,Average Response Time,Min Response Time,Max Response Time,Average Content Size,Requests/s,Failures/s,50%,66%,75%,80%,90%,95%,98%,99%,99.9%,99.99%,100%
GET,/,5819,0,5,36.69237291630879,1.1285000000000878,680.4678000000001,8688.0,305.8471436647136,0.0,5,7,16,65,98,180,380,400,590,680,680
,Aggregated,5819,0,5,36.69237291630879,1.1285000000000878,680.4678000000001,8688.0,305.8471436647136,0.0,5,7,16,65,98,180,380,400,590,680,680
