Type,Name,Request Count,Failure Count,Median Response Time,Average Response Time,Min Response Time,Max Response Time,Average Content Size,Requests/s,Failures/s,50%,66%,75%,80%,90%,95%,98%,99%,99.9%,99.99%,100%
GET,/,4438,0,11,76.4889040558808,1.1541999999984398,511.6442000000001,8688.0,233.43095971475515,0.0,11,90,100,110,230,300,390,400,500,510,510
,Aggregated,4438,0,11,76.4889040558808,1.1541999999984398,511.6442000000001,8688.0,233.43095971475515,0.0,11,90,100,110,230,300,390,400,500,510,510
