Type,Name,Request Count,Failure Count,Median Response Time,Average Response Time,Min Response Time,Max Response Time,Average Content Size,Requests/s,Failures/s,50%,66%,75%,80%,90%,95%,98%,99%,99.9%,99.99%,100%
GET,/,4953,0,7,43.702505915606665,1.1492999999997977,495.0264000000004,8688.0,260.6911292043268,0.0,7,11,63,80,120,210,330,370,460,500,500
,Aggregated,4953,0,7,43.702505915606665,1.1492999999997977,495.0264000000004,8688.0,260.6911292043268,0.0,7,11,63,80,120,210,330,370,460,500,500
