Type,Name,Request Count,Failure Count,Median Response Time,Average Response Time,Min Response Time,Max Response Time,Average Content Size,Requests/s,Failures/s,50%,66%,75%,80%,90%,95%,98%,99%,99.9%,99.99%,100%
GET,/,7193,0,8,31.880186292228583,1.2681999999983873,390.4179000000001,8688.0,377.9711430952717,0.0,8,12,27,58,92,160,210,280,360,390,390
,Aggregated,7193,0,8,31.880186292228583,1.2681999999983873,390.4179000000001,8688.0,377.9711430952717,0.0,8,12,27,58,92,160,210,280,360,390,390
