Type,Name,Request Count,Failure Count,Median Response Time,Average Response Time,Min Response Time,Max Response Time,Average Content Size,Requests/s,Failures/s,50%,66%,75%,80%,90%,95%,98%,99%,99.9%,99.99%,100%
GET,/,2533,0,85,100.73766316620616,1.1817000000000633,653.5178,8688.0,133.7067652476322,0.0,85,96,100,160,300,420,520,520,620,650,650
,Aggregated,2533,0,85,100.73766316620616,1.1817000000000633,653.5178,8688.0,133.7067652476322,0.0,85,96,100,160,300,420,520,520,620,650,650
