Type,Name,Request Count,Failure Count,Median Response Time,Average Response Time,Min Response Time,Max Response Time,Average Content Size,Requests/s,Failures/s,50%,66%,75%,80%,90%,95%,98%,99%,99.9%,99.99%,100%
GET,/,3938,0,7,24.705937709497228,1.1513000000000773,333.3353999999997,8688.0,208.78680122947964,0.0,7,9,12,17,83,110,200,240,310,330,330
,Aggregated,3938,0,7,24.705937709497228,1.1513000000000773,333.3353999999997,8688.0,208.78680122947964,0.0,7,9,12,17,83,110,200,240,310,330,330
