Type,Name,Request Count,Failure Count,Median Response Time,Average Response Time,Min Response Time,Max Response Time,Average Content Size,Requests/s,Failures/s,50%,66%,75%,80%,90%,95%,98%,99%,99.9%,99.99%,100%
GET,/,6619,0,84,97.11129586040195,1.2340999999995717,598.3264999999989,8688.0,347.30101176050493,0.0,84,100,180,190,240,300,380,400,490,600,600
,Aggregated,6619,0,84,97.11129586040195,1.2340999999995717,598.3264999999989,8688.0,347.30101176050493,0.0,84,100,180,190,240,300,380,400,490,600,600
