Type,Name,Request Count,Failure Count,Median Response Time,Average Response Time,Min Response Time,Max Response Time,Average Content Size,Requests/s,Failures/s,50%,66%,75%,80%,90%,95%,98%,99%,99.9%,99.99%,100%
GET,/,8078,0,100.0,129.7393230378804,1.5361000000009284,498.97090000000065,8688.0,423.4308518207186,0.0,100,180,190,200,290,300,380,390,410,500,500
,Aggregated,8078,0,100.0,129.7393230378804,1.5361000000009284,498.97090000000065,8688.0,423.4308518207186,0.0,100,180,190,200,290,300,380,390,410,500,500
