Type,Name,Request Count,Failure Count,Median Response Time,Average Response Time,Min Response Time,Max Response Time,Average Content Size,Requests/s,Failures/s,50%,66%,75%,80%,90%,95%,98%,99%,99.9%,99.99%,100%
GET,/,6187,0,8,44.71054527234513,1.2629999999980157,501.990199999998,8688.0,324.6139781500979,0.0,8,16,67,85,140,200,290,320,500,500,500
,Aggregated,6187,0,8,44.71054527234513,1.2629999999980157,501.990199999998,8688.0,324.6139781500979,0.0,8,16,67,85,140,200,290,320,500,500,500
