Type,Name,Request Count,Failure Count,Median Response Time,Average Response Time,Min Response Time,Max Response Time,Average Content Size,Requests/s,Failures/s,50%,66%,75%,80%,90%,95%,98%,99%,99.9%,99.99%,100%
GET,/,6660,0,6,32.89073873873879,1.1873000000015566,397.9453,8688.0,349.58069673271456,0.0,6,10,35,64,96,180,230,290,390,400,400
,Aggregated,6660,0,6,32.89073873873879,1.1873000000015566,397.9453,8688.0,349.58069673271456,0.0,6,10,35,64,96,180,230,290,390,400,400
