Type,Name,Request Count,Failure Count,Median Response Time,Average Response Time,Min Response Time,Max Response Time,Average Content Size,Requests/s,Failures/s,50%,66%,75%,80%,90%,95%,98%,99%,99.9%,99.99%,100%
GET,/,4826,0,12,39.290223228346356,1.2802000000000646,569.302200000001,8688.0,253.6601367318078,0.0,12,18,35,61,98,200,280,300,500,570,570
,Aggregated,4826,0,12,39.290223228346356,1.2802000000000646,569.302200000001,8688.0,253.6601367318078,0.0,12,18,35,61,98,200,280,300,500,570,570
