Type,Name,Request Count,Failure Count,Median Response Time,Average Response Time,Min Response Time,Max Response Time,Average Content Size,Requests/s,Failures/s,50%,66%,75%,80%,90%,95%,98%,99%,99.9%,99.99%,100%
GET,/,2674,0,5,32.18983414360507,1.152599999999282,493.6356999999996,8688.0,140.65526069515815,0.0,5,7,9,28,98,190,300,350,470,490,490
,Aggregated,2674,0,5,32.18983414360507,1.152599999999282,493.6356999999996,8688.0,140.65526069515815,0.0,5,7,9,28,98,190,300,350,470,490,490
