Type,Name,Request Count,Failure Count,Median Response Time,Average Response Time,Min Response Time,Max Response Time,Average Content Size,Requests/s,Failures/s,50%,66%,75%,80%,90%,95%,98%,99%,99.9%,99.99%,100%
GET,/,4958,0,6,28.603956010488222,1.2080999999994901,428.3962999999997,8688.0,261.604687663677,0.0,6,8,13,34,90,140,240,300,380,430,430
,Aggregated,4958,0,6,28.603956010488222,1.2080999999994901,428.3962999999997,8688.0,261.604687663677,0.0,6,8,13,34,90,140,240,300,380,430,430
