Type,Name,Request Count,Failure Count,Median Response Time,Average Response Time,Min Response Time,Max Response Time,Average Content Size,Requests/s,Failures/s,50%,66%,75%,80%,90%,95%,98%,99%,99.9%,99.99%,100%
GET,/,3584,0,4,30.438073660714245,1.1313000000008344,441.8236000000002,8688.0,188.87689776395442,0.0,4,5,7,10,94,210,300,300,420,440,440
,Aggregated,3584,0,4,30.438073660714245,1.1313000000008344,441.8236000000002,8688.0,188.87689776395442,0.0,4,5,7,10,94,210,300,300,420,440,440
