Type,Name,Request Count,Failure Count,Median Response Time,Average Response Time,Min Response Time,Max Response Time,Average Content Size,Requests/s,Failures/s,50%,66%,75%,80%,90%,95%,98%,99%,99.9%,99.99%,100%
GET,/,4023,0,5,39.935177703206556,1.1264999999998082,468.2631000000002,8688.0,211.68769998989842,0.0,5,7,49,77,96,260,300,360,440,470,470
,Aggregated,4023,0,5,39.935177703206556,1.1264999999998082,468.2631000000002,8688.0,211.68769998989842,0.0,5,7,49,77,96,260,300,360,440,470,470
