Type,Name,Request Count,Failure Count,Median Response Time,Average Response Time,Min Response Time,Max Response Time,Average Content Size,Requests/s,Failures/s,50%,66%,75%,80%,90%,95%,98%,99%,99.9%,99.99%,100%
GET,/,5619,0,6,30.40622060864909,1.1896999999994051,476.98109999999974,8688.0,295.8715165212316,0.0,6,9,14,49,94,180,220,290,400,480,480
,Aggregated,5619,0,6,30.40622060864909,1.1896999999994051,476.98109999999974,8688.0,295.8715165212316,0.0,6,9,14,49,94,180,220,290,400,480,480
