Type,Name,Request Count,Failure Count,Median Response Time,Average Response Time,Min Response Time,Max Response Time,Average Content Size,Requests/s,Failures/s,50%,66%,75%,80%,90%,95%,98%,99%,99.9%,99.99%,100%
GET,/,3728,0,4,31.00698347639493,1.1602000000010548,385.0840999999998,8688.0,195.94961841470337,0.0,4,5,7,35,99,200,260,290,340,390,390
,Aggregated,3728,0,4,31.00698347639493,1.1602000000010548,385.0840999999998,8688.0,195.94961841470337,0.0,4,5,7,35,99,200,260,290,340,390,390
