Type,Name,Request Count,Failure Count,Median Response Time,Average Response Time,Min Response Time,Max Response Time,Average Content Size,Requests/s,Failures/s,50%,66%,75%,80%,90%,95%,98%,99%,99.9%,99.99%,100%
GET,/,7102,0,12,64.30424332582366,1.2170000000004677,605.2045999999996,8688.0,372.58679648006665,0.0,12,65,87,97,200,300,390,400,490,610,610
,Aggregated,7102,0,12,64.30424332582366,1.2170000000004677,605.2045999999996,8688.0,372.58679648006665,0.0,12,65,87,97,200,300,390,400,490,610,610
