Type,Name,Request Count,Failure Count,Median Response Time,Average Response Time,Min Response Time,Max Response Time,Average Content Size,Requests/s,Failures/s,50%,66%,75%,80%,90%,95%,98%,99%,99.9%,99.99%,100%
GET,/,7479,0,9,39.8416303783928,1.2917999999970675,598.5592000000004,8688.0,392.00766350173325,0.0,9,16,54,74,100,190,280,290,430,600,600
,Aggregated,7479,0,9,39.8416303783928,1.2917999999970675,598.5592000000004,8688.0,392.00766350173325,0.0,9,16,54,74,100,190,280,290,430,600,600
