Type,Name,Request Count,Failure Count,Median Response Time,Average Response Time,Min Response Time,Max Response Time,Average Content Size,Requests/s,Failures/s,50%,66%,75%,80%,90%,95%,98%,99%,99.9%,99.99%,100%
GET,/,6817,0,51,73.24631506527803,1.1396999999995217,451.8664000000001,8688.0,357.1347027845322,0.0,51,92,100,110,190,270,300,350,420,450,450
,Aggregated,6817,0,51,73.24631506527803,1.1396999999995217,451.8664000000001,8688.0,357.1347027845322,0.0,51,92,100,110,190,270,300,350,420,450,450
