Type,Name,Request Count,Failure Count,Median Response Time,Average Response Time,Min Response Time,Max Response Time,Average Content Size,Requests/s,Failures/s,50%,66%,75%,80%,90%,95%,98%,99%,99.9%,99.99%,100%
GET,/,2881,0,500.0,465.839286914265,5.834600000000023,1002.7683999999999,8688.0,151.65251372115796,0.0,500,590,600,680,700,790,850,900,1000,1000,1000
,Aggregated,2881,0,500.0,465.839286914265,5.834600000000023,1002.7683999999999,8688.0,151.65251372115796,0.0,500,590,600,680,700,790,850,900,1000,1000,1000
