Type,Name,Request Count,Failure Count,Median Response Time,Average Response Time,Min Response Time,Max Response Time,Average Content Size,Requests/s,Failures/s,50%,66%,75%,80%,90%,95%,98%,99%,99.9%,99.99%,100%
GET,/,4979,0,6,34.90554061056423,1.12859999999948,601.675,8688.0,261.5912250098143,0.0,6,9,34,64,95,190,290,350,600,600,600
,Aggregated,4979,0,6,34.90554061056423,1.12859999999948,601.675,8688.0,261.5912250098143,0.0,6,9,34,64,95,190,290,350,600,600,600
