Type,Name,Request Count,Failure Count,Median Response Time,Average Response Time,Min Response Time,Max Response Time,Average Content Size,Requests/s,Failures/s,50%,66%,75%,80%,90%,95%,98%,99%,99.9%,99.99%,100%
GET,/,7069,0,55,70.69408569811854,1.3491999999999393,597.9327000000003,8688.0,371.41818664583985,0.0,55,91,96,99,190,220,400,490,560,600,600
,Aggregated,7069,0,55,70.69408569811854,1.3491999999999393,597.9327000000003,8688.0,371.41818664583985,0.0,55,91,96,99,190,220,400,490,560,600,600
