Type,Name,Request Count,Failure Count,Median Response Time,Average Response Time,Min Response Time,Max Response Time,Average Content Size,Requests/s,Failures/s,50%,66%,75%,80%,90%,95%,98%,99%,99.9%,99.99%,100%
GET,/,7258,0,90,108.85679360705409,1.3733999999985258,597.5046000000007,8688.0,380.2169800274373,0.0,90,110,190,200,290,300,390,410,510,600,600
,Aggregated,7258,0,90,108.85679360705409,1.3733999999985258,597.5046000000007,8688.0,380.2169800274373,0.0,90,110,190,200,290,300,390,410,510,600,600
