Type,Name,Request Count,Failure Count,Median Response Time,Average Response Time,Min Response Time,Max Response Time,Average Content Size,Requests/s,Failures/s,50%,66%,75%,80%,90%,95%,98%,99%,99.9%,99.99%,100%
GET,/,2782,0,4,22.708686879942512,1.1548999999995146,365.90319999999997,8688.0,147.59586098004996,0.0,4,6,8,12,79,97,230,270,360,370,370
,Aggregated,2782,0,4,22.708686879942512,1.1548999999995146,365.90319999999997,8688.0,147.59586098004996,0.0,4,6,8,12,79,97,230,270,360,370,370
