Type,Name,Request Count,Failure Count,Median Response Time,Average Response Time,Min Response Time,Max Response Time,Average Content Size,Requests/s,Failures/s,50%,66%,75%,80%,90%,95%,98%,99%,99.9%,99.99%,100%
GET,/,5172,0,8,43.540862973704556,1.1250999999994349,402.46210000000013,8688.0,271.77476876843406,0.0,8,17,67,84,110,200,290,300,390,400,400
,Aggregated,5172,0,8,43.540862973704556,1.1250999999994349,402.46210000000013,8688.0,271.77476876843406,0.0,8,17,67,84,110,200,290,300,390,400,400
