Type,Name,Request Count,Failure Count,Median Response Time,Average Response Time,Min Response Time,Max Response Time,Average Content Size,Requests/s,Failures/s,50%,66%,75%,80%,90%,95%,98%,99%,99.9%,99.99%,100%
GET,/,5653,0,9,53.152054838139016,1.1101000000000028,498.42100000000045,8688.0,297.14266762786707,0.0,9,42,82,91,170,290,320,400,490,500,500
,Aggregated,5653,0,9,53.152054838139016,1.1101000000000028,498.42100000000045,8688.0,297.14266762786707,0.0,9,42,82,91,170,290,320,400,490,500,500
