Type,Name,Request Count,Failure Count,Median Response Time,Average Response Time,Min Response Time,Max Response Time,Average Content Size,Requests/s,Failures/s,50%,66%,75%,80%,90%,95%,98%,99%,99.9%,99.99%,100%
GET,/,6555,0,11,66.0728788100684,1.1058999999988828,490.04349999999965,8688.0,343.9120468987006,0.0,11,86,96,100,200,260,340,390,450,490,490
,Aggregated,6555,0,11,66.0728788100684,1.1058999999988828,490.04349999999965,8688.0,343.9120468987006,0.0,11,86,96,100,200,260,340,390,450,490,490
