Type,Name,Request Count,Failure Count,Median Response Time,Average Response Time,Min Response Time,Max Response Time,Average Content Size,Requests/s,Failures/s,50%,66%,75%,80%,90%,95%,98%,99%,99.9%,99.99%,100%
GET,/,6429,0,6,38.88912700264439,1.2007000000018309,490.61100000000033,8688.0,337.8785779899109,0.0,6,13,66,86,100,190,220,290,390,490,490
,Aggregated,6429,0,6,38.88912700264439,1.2007000000018309,490.61100000000033,8688.0,337.8785779899109,0.0,6,13,66,86,100,190,220,290,390,490,490
