Type,Name,Request Count,Failure Count,Median Response Time,Average Response Time,Min Response Time,Max Response Time,Average Content Size,Requests/s,Failures/s,50%,66%,75%,80%,90%,95%,98%,99%,99.9%,99.99%,100%
GET,/,7437,0,10,50.57205820895525,1.2080999999994901,496.3007000000008,8688.0,390.5244052535301,0.0,10,60,87,93,130,200,290,300,390,500,500
,Aggregated,7437,0,10,50.57205820895525,1.2080999999994901,496.3007000000008,8688.0,390.5244052535301,0.0,10,60,87,93,130,200,290,300,390,500,500
