Type,Name,Request Count,Failure Count,Median Response Time,Average Response Time,Min Response Time,Max Response Time,Average Content Size,Requests/s,Failures/s,50%,66%,75%,80%,90%,95%,98%,99%,99.9%,99.99%,100%
GET,/,6700,0,8,54.883646791044924,1.1965000000007109,439.79420000000056,8688.0,352.22476377070893,0.0,8,77,92,97,190,200,280,290,390,440,440
,Aggregated,6700,0,8,54.883646791044924,1.1965000000007109,439.79420000000056,8688.0,352.22476377070893,0.0,8,77,92,97,190,200,280,290,390,440,440
