Type,Name,Request Count,Failure Count,Median Response Time,Average Response Time,Min Response Time,Max Response Time,Average Content Size,Requests/s,Failures/s,50%,66%,75%,80%,90%,95%,98%,99%,99.9%,99.99%,100%
GET,/,4919,0,7,45.138056779833285,1.1967999999988876,664.8215999999998,8688.0,258.47507854527254,0.0,7,13,51,72,100,210,380,460,660,660,660
,Aggregated,4919,0,7,45.138056779833285,1.1967999999988876,664.8215999999998,8688.0,258.47507854527254,0.0,7,13,51,72,100,210,380,460,660,660,660
