Type,Name,Request Count,Failure Count,Median Response Time,Average Response Time,Min Response Time,Max Response Time,Average Content Size,Requests/s,Failures/s,50%,66%,75%,80%,90%,95%,98%,99%,99.9%,99.99%,100%
GET,/,7936,0,9,56.7545115801411,1.2261000000002298,786.5257000000004,8688.0,416.3220647615392,0.0,9,63,88,95,180,230,350,400,690,790,790
,Aggregated,7936,0,9,56.7545115801411,1.2261000000002298,786.5257000000004,8688.0,416.3220647615392,0.0,9,63,88,95,180,230,350,400,690,790,790
