Type,Name,Request Count,Failure Count,Median Response Time,Average Response Time,Min Response Time,Max Response Time,Average Content Size,Requests/s,Failures/s,50%,66%,75%,80%,90%,95%,98%,99%,99.9%,99.99%,100%
GET,/,5208,0,7,35.96476856758827,1.2121000000000492,645.2537999999998,8688.0,273.1368161048166,0.0,7,9,14,27,92,220,350,410,640,650,650
,Aggregated,5208,0,7,35.96476856758827,1.2121000000000492,645.2537999999998,8688.0,273.1368161048166,0.0,7,9,14,27,92,220,350,410,640,650,650
