Type,Name,Request Count,Failure Count,Median Response Time,Average Response Time,Min Response Time,Max Response Time,Average Content Size,Requests/s,Failures/s,50%,66%,75%,80%,90%,95%,98%,99%,99.9%,99.99%,100%
GET,/,7827,0,9,45.55239353519855,1.1972999999994016,316.47150000000045,8688.0,410.2745112545989,0.0,9,47,82,90,110,190,220,260,300,320,320
,Aggregated,7827,0,9,45.55239353519855,1.1972999999994016,316.47150000000045,8688.0,410.2745112545989,0.0,9,47,82,90,110,190,220,260,300,320,320
