Type,Name,Request Count,Failure Count,Median Response Time,Average Response Time,Min Response Time,Max Response Time,Average Content Size,Requests/s,Failures/s,50%,66%,75%,80%,90%,95%,98%,99%,99.9%,99.99%,100%
GET,/,2620,0,4,21.022524427480963,1.1141999999999541,416.45449999999994,8688.0,139.1275586619438,0.0,4,5,7,9,68,93,220,320,410,420,420
,Aggregated,2620,0,4,21.022524427480963,1.1141999999999541,416.45449999999994,8688.0,139.1275586619438,0.0,4,5,7,9,68,93,220,320,410,420,420
