Type,Name,Request Count,Failure Count,Median Response Time,Average Response Time,Min Response Time,Max Response Time,Average Content Size,Requests/s,Failures/s,50%,66%,75%,80%,90%,95%,98%,99%,99.9%,99.99%,100%
GET,/,5528,0,11,29.602905716353074,1.198999999999728,386.6176000000001,8688.0,291.2159176697685,0.0,11,16,20,34,84,140,210,280,350,390,390
,Aggregated,5528,0,11,29.602905716353074,1.198999999999728,386.6176000000001,8688.0,291.2159176697685,0.0,11,16,20,34,84,140,210,280,350,390,390
