Type,Name,Request Count,Failure Count,Median Response Time,Average Response Time,Min Response Time,Max Response Time,Average Content Size,Requests/s,Failures/s,50%,66%,75%,80%,90%,95%,98%,99%,99.9%,99.99%,100%
GET,/,4618,0,5,26.969112364660074,1.2531000000031156,386.0622999999999,8688.0,243.0975131701328,0.0,5,7,10,21,87,170,210,280,380,390,390
,Aggregated,4618,0,5,26.969112364660074,1.2531000000031156,386.0622999999999,8688.0,243.0975131701328,0.0,5,7,10,21,87,170,210,280,380,390,390
