Type,Name,Request Count,Failure Count,Median Response Time,Average Response Time,Min Response Time,Max Response Time,Average Content Size,Requests/s,Failures/s,50%,66%,75%,80%,90%,95%,98%,99%,99.9%,99.99%,100%
GET,/,6456,0,6,41.21699341697642,1.1218999999993429,389.3686000000001,8688.0,338.36285321736295,0.0,6,13,73,86,110,190,250,290,340,390,390
,Aggregated,6456,0,6,41.21699341697642,1.1218999999993429,389.3686000000001,8688.0,338.36285321736295,0.0,6,13,73,86,110,190,250,290,340,390,390
