Type,Name,Request Count,Failure Count,Median Response Time,Average Response Time,Min Response Time,Max Response Time,Average Content Size,Requests/s,Failures/s,50%,66%,75%,80%,90%,95%,98%,99%,99.9%,99.99%,100%
GET,/,6104,0,8,26.533789105504646,1.2717999999978247,302.67949999999996,8688.0,323.1765360946038,0.0,8,11,15,34,81,120,200,250,300,300,300
,Aggregated,6104,0,8,26.533789105504646,1.2717999999978247,302.67949999999996,8688.0,323.1765360946038,0.0,8,11,15,34,81,120,200,250,300,300,300
