Type,Name,Request Count,Failure Count,Median Response Time,Average Response Time,Min Response Time,Max Response Time,Average Content Size,Requests/s,Failures/s,50%,66%,75%,80%,90%,95%,98%,99%,99.9%,99.99%,100%
GET,/,6336,0,8,30.917735842803012,1.287500000000108,372.6924,8688.0,333.5541012280476,0.0,8,13,26,56,90,120,220,290,370,370,370
,Aggregated,6336,0,8,30.917735842803012,1.287500000000108,372.6924,8688.0,333.5541012280476,0.0,8,13,26,56,90,120,220,290,370,370,370
