Type,Name,Request Count,Failure Count,Median Response Time,Average Response Time,Min Response Time,Max Response Time,Average Content Size,Requests/s,Failures/s,50%,66%,75%,80%,90%,95%,98%,99%,99.9%,99.99%,100%
GET,/,6391,0,9,55.333369895165085,1.28480000000053,486.81190000000106,8688.0,335.9098336287615,0.0,9,69,89,96,190,200,290,320,450,490,490
,Aggregated,6391,0,9,55.333369895165085,1.28480000000053,486.81190000000106,8688.0,335.9098336287615,0.0,9,69,89,96,190,200,290,320,450,490,490
