Type,Name,Request Count,Failure Count,Median Response Time,Average Response Time,Min Response Time,Max Response Time,Average Content Size,Requests/s,Failures/s,50%,66%,75%,80%,90%,95%,98%,99%,99.9%,99.99%,100%
GET,/,6773,0,7,47.72423860918342,1.1263999999986396,491.24009999999976,8688.0,355.7153475932909,0.0,7,33,79,89,110,220,300,390,480,490,490
,Aggregated,6773,0,7,47.72423860918342,1.1263999999986396,491.24009999999976,8688.0,355.7153475932909,0.0,7,33,79,89,110,220,300,390,480,490,490
