Type,Name,Request Count,Failure Count,Median Response Time,Average Response Time,Min Response Time,Max Response Time,Average Content Size,Requests/s,Failures/s,50%,66%,75%,80%,90%,95%,98%,99%,99.9%,99.99%,100%
GET,/,4804,0,8,42.22803597002508,1.2164000000005615,470.99760000000003,8688.0,252.43600563257485,0.0,8,14,60,82,140,200,270,300,390,470,470
,Aggregated,4804,0,8,42.22803597002508,1.2164000000005615,470.99760000000003,8688.0,252.43600563257485,0.0,8,14,60,82,140,200,270,300,390,470,470
