Type,Name,Request Count,Failure Count,Median Response Time,Average Response Time,Min Response Time,Max Response Time,Average Content Size,Requests/s,Failures/s,50%,66%,75%,80%,90%,95%,98%,99%,99.9%,99.99%,100%
GET,/,4890,0,10,62.85139668711654,1.2147999999996273,506.0073999999997,8688.0,256.98579517721925,0.0,10,88,94,97,190,210,300,360,430,510,510
,Aggregated,4890,0,10,62.85139668711654,1.2147999999996273,506.0073999999997,8688.0,256.98579517721925,0.0,10,88,94,97,190,210,300,360,430,510,510
