Type,Name,Request Count,Failure Count,Median Response Time,Average Response Time,Min Response Time,Max Response Time,Average Content Size,Requests/s,Failures/s,50%,66%,75%,80%,90%,95%,98%,99%,99.9%,99.99%,100%
GET,/,4438,0,7,45.098897453808014,1.2167000000005146,682.7698000000008,8688.0,233.20030745227498,0.0,7,11,62,85,110,210,340,400,590,680,680
,Aggregated,4438,0,7,45.098897453808014,1.2167000000005146,682.7698000000008,8688.0,233.20030745227498,0.0,7,11,62,85,110,210,340,400,590,680,680
