Type,Name,Request Count,Failure Count,Median Response Time,Average Response Time,Min Response Time,Max Response Time,Average Content Size,Requests/s,Failures/s,50%,66%,75%,80%,90%,95%,98%,99%,99.9%,99.99%,100%
GET,/,7007,0,7,39.41652192093632,1.2523000000008722,434.21580000000006,8688.0,368.26947620279265,0.0,7,18,60,78,100,190,270,290,390,430,430
,Aggregated,7007,0,7,39.41652192093632,1.2523000000008722,434.21580000000006,8688.0,368.26947620279265,0.0,7,18,60,78,100,190,270,290,390,430,430
