Type,Name,Request Count,Failure Count,Median Response Time,Average Response Time,Min Response Time,Max Response Time,Average Content Size,Requests/s,Failures/s,50%,66%,75%,80%,90%,95%,98%,99%,99.9%,99.99%,100%
GET,/,5923,0,10,40.079415059935904,1.1425000000002683,572.2028000000004,8688.0,311.06535171971836,0.0,10,16,46,69,100,190,290,370,500,570,570
,Aggregated,5923,0,10,40.079415059935904,1.1425000000002683,572.2028000000004,8688.0,311.06535171971836,0.0,10,16,46,69,100,190,290,370,500,570,570
