Type,Name,Request Count,Failure Count,Median Response Time,Average Response Time,Min Response Time,Max Response Time,Average Content Size,Requests/s,Failures/s,50%,66%,75%,80%,90%,95%,98%,99%,99.9%,99.99%,100%
GET,/,7601,0,9,48.946628509406544,1.2539999999994222,789.8351999999998,8688.0,398.4450623278247,0.0,9,44,78,90,150,200,280,330,590,790,790
,Aggregated,7601,0,9,48.946628509406544,1.2539999999994222,789.8351999999998,8688.0,398.4450623278247,0.0,9,44,78,90,150,200,280,330,590,790,790
