Type,Name,Request Count,Failure Count,Median Response Time,Average Response Time,Min Response Time,Max Response Time,Average Content Size,Requests/s,Failures/s,50%,66%,75%,80%,90%,95%,98%,99%,99.9%,99.99%,100%
GET,/,5786,0,10,45.1386779294849,1.1545000000001693,379.3329999999999,8688.0,303.94113249726894,0.0,10,19,67,82,150,200,290,300,380,380,380
,Aggregated,5786,0,10,45.1386779294849,1.1545000000001693,379.3329999999999,8688.0,303.94113249726894,0.0,10,19,67,82,150,200,290,300,380,380,380
