Type,Name,Request Count,Failure Count,Median Response Time,Average Response Time,Min Response Time,Max Response Time,Average Content Size,Requests/s,Failures/s,50%,66%,75%,80%,90%,95%,98%,99%,99.9%,99.99%,100%
GET,/,5366,0,11,34.20612845695111,1.2256999999999962,465.9352999999999,8688.0,282.27289188793105,0.0,11,17,24,38,87,150,300,350,440,470,470
,Aggregated,5366,0,11,34.20612845695111,1.2256999999999962,465.9352999999999,8688.0,282.27289188793105,0.0,11,17,24,38,87,150,300,350,440,470,470
