Type,Name,Request Count,Failure Count,Median Response Time,Average Response Time,Min Response Time,Max Response Time,Average Content Size,Requests/s,Failures/s,50%,66%,75%,80%,90%,95%,98%,99%,99.9%,99.99%,100%
GET,/,6385,0,7,41.34617710258425,1.1516000000000304,766.5488999999992,8688.0,335.41037857997054,0.0,7,17,65,81,100,180,290,400,670,770,770
,Aggregated,6385,0,7,41.34617710258425,1.1516000000000304,766.5488999999992,8688.0,335.41037857997054,0.0,7,17,65,81,100,180,290,400,670,770,770
