Type,Name,Request Count,Failure Count,Median Response Time,Average Response Time,Min Response Time,Max Response Time,Average Content Size,Requests/s,Failures/s,50%,66%,75%,80%,90%,95%,98%,99%,99.9%,99.99%,100%
GET,/,6057,0,8,43.44112603599138,1.1937000000017406,581.2673999999997,8688.0,317.9606160317667,0.0,8,17,68,86,100,190,300,350,560,580,580
,Aggregated,6057,0,8,43.44112603599138,1.1937000000017406,581.2673999999997,8688.0,317.9606160317667,0.0,8,17,68,86,100,190,300,350,560,580,580
