Type,Name,Request Count,Failure Count,Median Response Time,Average Response Time,Min Response Time,Max Response Time,Average Content Size,Requests/s,Failures/s,50%,66%,75%,80%,90%,95%,98%,99%,99.9%,99.99%,100%
GET,/,7187,0,50,65.41128434673725,1.2226000000001847,482.8239999999999,8688.0,377.62009028293727,0.0,50,89,95,99,180,200,290,330,400,480,480
,Aggregated,7187,0,50,65.41128434673725,1.2226000000001847,482.8239999999999,8688.0,377.62009028293727,0.0,50,89,95,99,180,200,290,330,400,480,480
