Type,Name,Request Count,Failure Count,Median Response Time,Average Response Time,Min Response Time,Max Response Time,Average Content Size,Requests/s,Failures/s,50%,66%,75%,80%,90%,95%,98%,99%,99.9%,99.99%,100%
GET,/,3106,0,5,24.38530795235034,1.2199999999999989,322.5384,8688.0,164.86928223660686,0.0,5,6,7,8,87,160,220,230,290,320,320
,Aggregated,3106,0,5,24.38530795235034,1.2199999999999989,322.5384,8688.0,164.86928223660686,0.0,5,6,7,8,87,160,220,230,290,320,320
