Type,Name,Request Count,Failure Count,Median Response Time,Average Response Time,Min Response Time,Max Response Time,Average Content Size,Requests/s,Failures/s,50%,66%,75%,80%,90%,95%,98%,99%,99.9%,99.99%,100%
GET,/,5960,0,8,31.788070016778477,1.272300000000115,449.66110000000015,8688.0,313.2637491084132,0.0,8,16,39,63,92,110,190,280,420,450,450
,Aggregated,5960,0,8,31.788070016778477,1.272300000000115,449.66110000000015,8688.0,313.2637491084132,0.0,8,16,39,63,92,110,190,280,420,450,450
