Type,Name,Request Count,Failure Count,Median Response Time,Average Response Time,Min Response Time,Max Response Time,Average Content Size,Requests/s,Failures/s,50%,66%,75%,80%,90%,95%,98%,99%,99.9%,99.99%,100%
GET,/,3178,0,5,21.123166268093126,1.1708999999999747,255.4375000000002,8688.0,170.03807302181764,0.0,5,6,8,10,72,100,190,240,250,260,260
,Aggregated,3178,0,5,21.123166268093126,1.1708999999999747,255.4375000000002,8688.0,170.03807302181764,0.0,5,6,8,10,72,100,190,240,250,260,260
