Type,Name,Request Count,Failure Count,Median Response Time,Average Response Time,Min Response Time,Max Response Time,Average Content Size,Requests/s,Failures/s,50%,66%,75%,80%,90%,95%,98%,99%,99.9%,99.99%,100%
GET,/,6844,0,64,80.55629380479216,1.2767999999994117,674.6812000000002,8688.0,358.9863960219261,0.0,64,93,100,110,200,290,390,410,580,670,670
,Aggregated,6844,0,64,80.55629380479216,1.2767999999994117,674.6812000000002,8688.0,358.9863960219261,0.0,64,93,100,110,200,290,390,410,580,670,670
