Type,Name,Request Count,Failure Count,Median Response Time,Average Response Time,Min Response Time,Max Response Time,Average Content Size,Requests/s,Failures/s,50%,66%,75%,80%,90%,95%,98%,99%,99.9%,99.99%,100%
GET,/,6611,0,10,53.19849720163359,1.1778000000006728,475.9836000000002,8688.0,347.46830972713747,0.0,10,74,88,94,160,200,280,300,380,480,480
,Aggregated,6611,0,10,53.19849720163359,1.1778000000006728,475.9836000000002,8688.0,347.46830972713747,0.0,10,74,88,94,160,200,280,300,380,480,480
