Type,Name,Request Count,Failure Count,Median Response Time,Average Response Time,Min Response Time,Max Response Time,Average Content Size,Requests/s,Failures/s,50%,66%,75%,80%,90%,95%,98%,99%,99.9%,99.99%,100%
GET,/,9475,0,52,66.69568396833806,1.4247999999987826,406.4956000000004,8688.0,496.9048084359095,0.0,52,78,96,110,170,200,250,290,310,410,410
,Aggregated,9475,0,52,66.69568396833806,1.4247999999987826,406.4956000000004,8688.0,496.9048084359095,0.0,52,78,96,110,170,200,250,290,310,410,410
