Type,Name,Request Count,Failure Count,Median Response Time,Average Response Time,Min Response Time,Max Response Time,Average Content Size,Requests/s,Failures/s,50%,66%,75%,80%,90%,95%,98%,99%,99.9%,99.99%,100%
GET,/,7223,0,12,45.4979588536618,1.1643000000010062,374.22169999999966,8688.0,378.8082806801531,0.0,12,49,75,85,110,190,270,300,320,370,370
,Aggregated,7223,0,12,45.4979588536618,1.1643000000010062,374.22169999999966,8688.0,378.8082806801531,0.0,12,49,75,85,110,190,270,300,320,370,370
