Type,Name,Request Count,Failure Count,Median Response Time,Average Response Time,Min Response Time,Max Response Time,Average Content Size,Requests/s,Failures/s,50%,66%,75%,80%,90%,95%,98%,99%,99.9%,99.99%,100%
GET,/,9094,0,64,68.91756282164076,1.2819000000021674,397.3380999999998,8688.0,476.65953007441914,0.0,64,86,96,100,170,200,260,290,370,400,400
,Aggregated,9094,0,64,68.91756282164076,1.2819000000021674,397.3380999999998,8688.0,476.65953007441914,0.0,64,86,96,100,170,200,260,290,370,400,400
