Type,Name,Request Count,Failure Count,Median Response Time,Average Response Time,Min Response Time,Max Response Time,Average Content Size,Requests/s,Failures/s,50%,66%,75%,80%,90%,95%,98%,99%,99.9%,99.99%,100%
GET,/,9437,0,55,63.16281166684321,1.3244999999990625,363.74299999999994,8688.0,494.6205115540381,0.0,55,78,88,95,160,200,230,260,340,360,360
,Aggregated,9437,0,55,63.16281166684321,1.3244999999990625,363.74299999999994,8688.0,494.6205115540381,0.0,55,78,88,95,160,200,230,260,340,360,360
