Type,Name,Request Count,Failure Count,Median Response Time,Average Response Time,Min Response Time,Max Response Time,Average Content Size,Requests/s,Failures/s,50%,66%,75%,80%,90%,95%,98%,99%,99.9%,99.99%,100%
GET,/,8439,0,13,40.94548707192798,1.2885000000002478,388.1490000000003,8688.0,443.4074295034338,0.0,13,23,58,73,110,170,270,290,360,390,390
,Aggregated,8439,0,13,40.94548707192798,1.2885000000002478,388.1490000000003,8688.0,443.4074295034338,0.0,13,23,58,73,110,170,270,290,360,390,390
