Type,Name,Request Count,Failure Count,Median Response Time,Average Response Time,Min Response Time,Max Response Time,Average Content Size,Requests/s,Failures/s,50%,66%,75%,80%,90%,95%,98%,99%,99.9%,99.99%,100%
GET,/,7768,0,58,63.97207994335731,1.2426999999988197,442.9243999999999,8688.0,406.8918709041425,0.0,58,81,88,95,160,200,270,280,360,440,440
,Aggregated,7768,0,58,63.97207994335731,1.2426999999988197,442.9243999999999,8688.0,406.8918709041425,0.0,58,81,88,95,160,200,270,280,360,440,440
