Type,Name,Request Count,Failure Count,Median Response Time,Average Response Time,Min Response Time,Max Response Time,Average Content Size,Requests/s,Failures/s,50%,66%,75%,80%,90%,95%,98%,99%,99.9%,99.99%,100%
GET,/,7943,0,15,43.8862349993705,1.2758999999995524,363.2304999999998,8688.0,416.109143903977,0.0,15,43,69,80,110,170,230,260,350,360,360
,Aggregated,7943,0,15,43.8862349993705,1.2758999999995524,363.2304999999998,8688.0,416.109143903977,0.0,15,43,69,80,110,170,230,260,350,360,360
