Type,Name,Request Count,Failure Count,Median Response Time,Average Response Time,Min Response Time,Max Response Time,Average Content Size,Requests/s,Failures/s,50%,66%,75%,80%,90%,95%,98%,99%,99.9%,99.99%,100%
GET,/,8640,0,13,44.05837340277796,1.2106000000002837,385.67799999999954,8688.0,454.7224971826714,0.0,13,34,60,73,130,200,260,280,330,390,390
,Aggregated,8640,0,13,44.05837340277796,1.2106000000002837,385.67799999999954,8688.0,454.7224971826714,0.0,13,34,60,73,130,200,260,280,330,390,390
