Type,Name,Request Count,Failure Count,Median Response Time,Average Response Time,Min Response Time,Max Response Time,Average Content Size,Requests/s,Failures/s,50%,66%,75%,80%,90%,95%,98%,99%,99.9%,99.99%,100%
GET,/,7010,0,12,52.57124148359476,1.2897000000009484,397.69840000000033,8688.0,368.0750375522761,0.0,12,57,77,90,180,220,280,300,320,400,400
,Aggregated,7010,0,12,52.57124148359476,1.2897000000009484,397.69840000000033,8688.0,368.0750375522761,0.0,12,57,77,90,180,220,280,300,320,400,400
