Type,Name,Request Count,Failure Count,Median Response Time,Average Response Time,Min Response Time,Max Response Time,Average Content Size,Requests/s,Failures/s,50%,66%,75%,80%,90%,95%,98%,99%,99.9%,99.99%,100%
GET,/,7331,0,14,54.19410918019394,1.2090999999987417,394.5639999999999,8688.0,385.68207182295737,0.0,14,71,83,88,150,200,280,290,370,390,390
,Aggregated,7331,0,14,54.19410918019394,1.2090999999987417,394.5639999999999,8688.0,385.68207182295737,0.0,14,71,83,88,150,200,280,290,370,390,390
