Type,Name,Request Count,Failure Count,Median Response Time,Average Response Time,Min Response Time,Max Response Time,Average Content Size,Requests/s,Failures/s,50%,66%,75%,80%,90%,95%,98%,99%,99.9%,99.99%,100%
GET,/,7877,0,13,38.52014674368402,1.3164999999997207,297.6994999999998,8688.0,414.0130624667069,0.0,13,27,58,70,100,160,200,260,290,300,300
,Aggregated,7877,0,13,38.52014674368402,1.3164999999997207,297.6994999999998,8688.0,414.0130624667069,0.0,13,27,58,70,100,160,200,260,290,300,300
