Type,Name,Request Count,Failure Count,Median Response Time,Average Response Time,Min Response Time,Max Response Time,Average Content Size,Requests/s,Failures/s,50%,66%,75%,80%,90%,95%,98%,99%,99.9%,99.99%,100%
GET,/,9529,0,28,53.93339925490615,1.230100000000789,381.68009999999964,8688.0,499.3145750737634,0.0,28,69,85,93,120,180,210,230,330,380,380
,Aggregated,9529,0,28,53.93339925490615,1.230100000000789,381.68009999999964,8688.0,499.3145750737634,0.0,28,69,85,93,120,180,210,230,330,380,380
