Type,Name,Request Count,Failure Count,Median Response Time,Average Response Time,Min Response Time,Max Response Time,Average Content Size,Requests/s,Failures/s,50%,66%,75%,80%,90%,95%,98%,99%,99.9%,99.99%,100%
GET,/,9272,0,64,64.03711661993104,1.241600000000176,328.0425999999999,8688.0,487.41999597551495,0.0,64,81,88,94,130,180,230,250,290,330,330
,Aggregated,9272,0,64,64.03711661993104,1.241600000000176,328.0425999999999,8688.0,487.41999597551495,0.0,64,81,88,94,130,180,230,250,290,330,330
