Type,Name,Request Count,Failure Count,Median Response Time,Average Response Time,Min Response Time,Max Response Time,Average Content Size,Requests/s,Failures/s,50%,66%,75%,80%,90%,95%,98%,99%,99.9%,99.99%,100%
GET,/,8067,0,12,50.5094056526592,1.1767000000002525,490.8214000000006,8688.0,422.8421601776766,0.0,12,57,78,89,170,200,280,290,380,490,490
,Aggregated,8067,0,12,50.5094056526592,1.1767000000002525,490.8214000000006,8688.0,422.8421601776766,0.0,12,57,78,89,170,200,280,290,380,490,490
