Type,Name,Request Count,Failure Count,Median Response Time,Average Response Time,Min Response Time,Max Response Time,Average Content Size,Requests/s,Failures/s,50%,66%,75%,80%,90%,95%,98%,99%,99.9%,99.99%,100%
GET,/,7479,0,10,36.850178914293394,1.1302000000004142,338.5411000000005,8688.0,392.82037784223655,0.0,10,18,50,72,110,170,200,270,300,340,340
,Aggregated,7479,0,10,36.850178914293394,1.1302000000004142,338.5411000000005,8688.0,392.82037784223655,0.0,10,18,50,72,110,170,200,270,300,340,340
