Type,Name,Request Count,Failure Count,Median Response Time,Average Response Time,Min Response Time,Max Response Time,Average Content Size,Requests/s,Failures/s,50%,66%,75%,80%,90%,95%,98%,99%,99.9%,99.99%,100%
GET,/,8778,0,48,62.69790129870152,1.390499999999406,383.7831000000005,8688.0,462.1364748076153,0.0,48,76,89,98,160,200,270,280,330,380,380
,Aggregated,8778,0,48,62.69790129870152,1.390499999999406,383.7831000000005,8688.0,462.1364748076153,0.0,48,76,89,98,160,200,270,280,330,380,380
