Type,Name,Request Count,Failure Count,Median Response Time,Average Response Time,Min Response Time,Max Response Time,Average Content Size,Requests/s,Failures/s,50%,66%,75%,80%,90%,95%,98%,99%,99.9%,99.99%,100%
GET,/,9593,0,34,59.16497947461715,1.4541000000001247,399.3317000000003,8688.0,502.2653051579465,0.0,34,72,83,93,160,190,230,270,340,400,400
,Aggregated,9593,0,34,59.16497947461715,1.4541000000001247,399.3317000000003,8688.0,502.2653051579465,0.0,34,72,83,93,160,190,230,270,340,400,400
