Type,Name,Request Count,Failure Count,Median Response Time,Average Response Time,Min Response Time,Max Response Time,Average Content Size,Requests/s,Failures/s,50%,66%,75%,80%,90%,95%,98%,99%,99.9%,99.99%,100%
GET,/,9183,0,20,51.38195756288803,1.3159999999992067,396.61559999999963,8688.0,481.6379390550082,0.0,20,68,85,91,110,180,210,270,380,400,400
,Aggregated,9183,0,20,51.38195756288803,1.3159999999992067,396.61559999999963,8688.0,481.6379390550082,0.0,20,68,85,91,110,180,210,270,380,400,400
