Type,Name,Request Count,Failure Count,Median Response Time,Average Response Time,Min Response Time,Max Response Time,Average Content Size,Requests/s,Failures/s,50%,66%,75%,80%,90%,95%,98%,99%,99.9%,99.99%,100%
GET,/,7699,0,14,45.42822488634879,1.273699999998712,339.8417,8688.0,403.7186749289025,0.0,14,61,77,83,100,170,200,250,270,340,340
,Aggregated,7699,0,14,45.42822488634879,1.273699999998712,339.8417,8688.0,403.7186749289025,0.0,14,61,77,83,100,170,200,250,270,340,340
