Type,Name,Request Count,Failure Count,Median Response Time,Average Response Time,Min Response Time,Max Response Time,Average Content Size,Requests/s,Failures/s,50%,66%,75%,80%,90%,95%,98%,99%,99.9%,99.99%,100%
GET,/,8859,0,56,66.01753553448492,1.2694999999993684,401.0625999999995,8688.0,463.8919480830783,0.0,56,79,89,96,160,230,280,300,390,400,400
,Aggregated,8859,0,56,66.01753553448492,1.2694999999993684,401.0625999999995,8688.0,463.8919480830783,0.0,56,79,89,96,160,230,280,300,390,400,400
