Type,Name,Request Count,Failure Count,Median Response Time,Average Response Time,Min Response Time,Max Response Time,Average Content Size,Requests/s,Failures/s,50%,66%,75%,80%,90%,95%,98%,99%,99.9%,99.99%,100%
GET,/,7869,0,12,38.25609081204738,1.3070999999982291,302.98170000000016,8688.0,412.76292801421033,0.0,12,38,64,75,100,140,180,210,300,300,300
,Aggregated,7869,0,12,38.25609081204738,1.3070999999982291,302.98170000000016,8688.0,412.76292801421033,0.0,12,38,64,75,100,140,180,210,300,300,300
