Type,Name,Request Count,Failure Count,Median Response Time,Average Response Time,Min Response Time,Max Response Time,Average Content Size,Requests/s,Failures/s,50%,66%,75%,80%,90%,95%,98%,99%,99.9%,99.99%,100%
GET,/,8264,0,10,41.70435607454032,1.33340000000004,348.17669999999976,8688.0,433.46717817245167,0.0,10,22,58,70,130,190,260,270,300,350,350
,Aggregated,8264,0,10,41.70435607454032,1.33340000000004,348.17669999999976,8688.0,433.46717817245167,0.0,10,22,58,70,130,190,260,270,300,350,350
