Type,Name,Request Count,Failure Count,Median Response Time,Average Response Time,Min Response Time,Max Response Time,Average Content Size,Requests/s,Failures/s,50%,66%,75%,80%,90%,95%,98%,99%,99.9%,99.99%,100%
GET,/,8200,0,87,100.1871301219514,1.5199999999992997,431.0475,8688.0,430.2209607951994,0.0,87,100,120,180,210,290,310,370,400,430,430
,Aggregated,8200,0,87,100.1871301219514,1.5199999999992997,431.0475,8688.0,430.2209607951994,0.0,87,100,120,180,210,290,310,370,400,430,430
