Type,Name,Request Count,Failure Count,Median Response Time,Average Response Time,Min Response Time,Max Response Time,Average Content Size,Requests/s,Failures/s,50%,66%,75%,80%,90%,95%,98%,99%,99.9%,99.99%,100%
GET,/,7652,0,11,45.32282565342398,1.2854999999998284,352.03739999999993,8688.0,401.13331607639776,0.0,11,31,66,79,130,210,260,280,330,350,350
,Aggregated,7652,0,11,45.32282565342398,1.2854999999998284,352.03739999999993,8688.0,401.13331607639776,0.0,11,31,66,79,130,210,260,280,330,350,350
