Type,Name,Request Count,Failure Count,Median Response Time,Average Response Time,Min Response Time,Max Response Time,Average Content Size,Requests/s,Failures/s,50%,66%,75%,80%,90%,95%,98%,99%,99.9%,99.99%,100%
GET,/,8171,0,80,85.8822135234364,1.372599999999835,387.82270000000096,8688.0,427.95574350010753,0.0,80,95,110,140,190,220,290,340,370,390,390
,Aggregated,8171,0,80,85.8822135234364,1.372599999999835,387.82270000000096,8688.0,427.95574350010753,0.0,80,95,110,140,190,220,290,340,370,390,390
