Type,Name,Request Count,Failure Count,Median Response Time,Average Response Time,Min Response Time,Max Response Time,Average Content Size,Requests/s,Failures/s,50%,66%,75%,80%,90%,95%,98%,99%,99.9%,99.99%,100%
GET,/,7437,0,86,91.13280929138105,1.5617000000007764,402.17529999999965,8688.0,390.5660804355523,0.0,86,97,110,130,200,230,290,300,390,400,400
,Aggregated,7437,0,86,91.13280929138105,1.5617000000007764,402.17529999999965,8688.0,390.5660804355523,0.0,86,97,110,130,200,230,290,300,390,400,400
