Type,Name,Request Count,Failure Count,Median Response Time,Average Response Time,Min Response Time,Max Response Time,Average Content Size,Requests/s,Failures/s,50%,66%,75%,80%,90%,95%,98%,99%,99.9%,99.99%,100%
GET,/,9589,0,78,81.00745735738863,1.6625000000001222,390.2226000000004,8688.0,503.55699213700154,0.0,78,92,100,110,180,200,230,280,300,390,390
,Aggregated,9589,0,78,81.00745735738863,1.6625000000001222,390.2226000000004,8688.0,503.55699213700154,0.0,78,92,100,110,180,200,230,280,300,390,390
