Type,Name,Request Count,Failure Count,Median Response Time,Average Response Time,Min Response Time,Max Response Time,Average Content Size,Requests/s,Failures/s,50%,66%,75%,80%,90%,95%,98%,99%,99.9%,99.99%,100%
GET,/,8456,0,19,53.473075685903446,1.281099999999924,346.7403,8688.0,443.1217503150869,0.0,19,64,82,90,150,190,250,270,330,350,350
,Aggregated,8456,0,19,53.473075685903446,1.281099999999924,346.7403,8688.0,443.1217503150869,0.0,19,64,82,90,150,190,250,270,330,350,350
