Type,Name,Request Count,Failure Count,Median Response Time,Average Response Time,Min Response Time,Max Response Time,Average Content Size,Requests/s,Failures/s,50%,66%,75%,80%,90%,95%,98%,99%,99.9%,99.99%,100%
GET,/,8535,0,87,267.66982353837057,1.6985999999992174,2864.0908999999997,8688.0,445.9019782760953,0.0,87,110,170,190,400,2100,2400,2800,2900,2900,2900
,Aggregated,8535,0,87,267.66982353837057,1.6985999999992174,2864.0908999999997,8688.0,445.9019782760953,0.0,87,110,170,190,400,2100,2400,2800,2900,2900,2900
