Type,Name,Request Count,Failure Count,Median Response Time,Average Response Time,Min Response Time,Max Response Time,Average Content Size,Requests/s,Failures/s,50%,66%,75%,80%,90%,95%,98%,99%,99.9%,99.99%,100%
GET,/,8679,0,81,139.38826693167465,1.5739999999997423,1512.7141000000001,8688.0,457.6271153507984,0.0,81,96,110,150,210,800,1100,1200,1300,1500,1500
,Aggregated,8679,0,81,139.38826693167465,1.5739999999997423,1512.7141000000001,8688.0,457.6271153507984,0.0,81,96,110,150,210,800,1100,1200,1300,1500,1500
