Type,Name,Request Count,Failure Count,Median Response Time,Average Response Time,Min Response Time,Max Response Time,Average Content Size,Requests/s,Failures/s,50%,66%,75%,80%,90%,95%,98%,99%,99.9%,99.99%,100%
GET,/,9156,0,74,69.3524950742681,1.6471000000013447,448.8184999999998,8688.0,480.8618452054754,0.0,74,86,93,99,120,180,200,270,310,450,450
,Aggregated,9156,0,74,69.3524950742681,1.6471000000013447,448.8184999999998,8688.0,480.8618452054754,0.0,74,86,93,99,120,180,200,270,310,450,450
