Type,Name,Request Count,Failure Count,Median Response Time,Average Response Time,Min Response Time,Max Response Time,Average Content Size,Requests/s,Failures/s,50%,66%,75%,80%,90%,95%,98%,99%,99.9%,99.99%,100%
GET,/,9732,0,25,52.3118423962187,1.266400000000445,466.54650000000066,8688.0,510.888330112707,0.0,25,68,84,90,100,180,220,280,400,470,470
,Aggregated,9732,0,25,52.3118423962187,1.266400000000445,466.54650000000066,8688.0,510.888330112707,0.0,25,68,84,90,100,180,220,280,400,470,470
