Type,Name,Request Count,Failure Count,Median Response Time,Average Response Time,Min Response Time,Max Response Time,Average Content Size,Requests/s,Failures/s,50%,66%,75%,80%,90%,95%,98%,99%,99.9%,99.99%,100%
GET,/,8573,0,14,45.28185093899467,1.2401000000004103,356.46410000000014,8688.0,449.32200638376753,0.0,14,44,68,78,120,190,240,260,320,360,360
,Aggregated,8573,0,14,45.28185093899467,1.2401000000004103,356.46410000000014,8688.0,449.32200638376753,0.0,14,44,68,78,120,190,240,260,320,360,360
