Type,Name,Request Count,Failure Count,Median Response Time,Average Response Time,Min Response Time,Max Response Time,Average Content Size,Requests/s,Failures/s,50%,66%,75%,80%,90%,95%,98%,99%,99.9%,99.99%,100%
GET,/,8699,0,90,105.71367242211727,1.2900999999985174,370.5085999999991,8688.0,455.60127612434445,0.0,90,110,170,190,210,260,280,290,330,370,370
,Aggregated,8699,0,90,105.71367242211727,1.2900999999985174,370.5085999999991,8688.0,455.60127612434445,0.0,90,110,170,190,210,260,280,290,330,370,370
