Type,Name,Request Count,Failure Count,Median Response Time,Average Response Time,Min Response Time,Max Response Time,Average Content Size,Requests/s,Failures/s,50%,66%,75%,80%,90%,95%,98%,99%,99.9%,99.99%,100%
GET,/,8818,0,17,56.260887139941104,1.3109000000000037,501.35040000000066,8688.0,462.24393318293465,0.0,17,68,79,88,160,200,280,320,390,500,500
,Aggregated,8818,0,17,56.260887139941104,1.3109000000000037,501.35040000000066,8688.0,462.24393318293465,0.0,17,68,79,88,160,200,280,320,390,500,500
