Type,Name,Request Count,Failure Count,Median Response Time,Average Response Time,Min Response Time,Max Response Time,Average Content Size,Requests/s,Failures/s,50%,66%,75%,80%,90%,95%,98%,99%,99.9%,99.99%,100%
GET,/,9471,0,47,60.21895081828756,1.513600000000892,382.0549999999994,8688.0,498.78295529729576,0.0,47,74,88,99,140,190,230,270,300,380,380
,Aggregated,9471,0,47,60.21895081828756,1.513600000000892,382.0549999999994,8688.0,498.78295529729576,0.0,47,74,88,99,140,190,230,270,300,380,380
