Type,Name,Request Count,Failure Count,Median Response Time,Average Response Time,Min Response Time,Max Response Time,Average Content Size,Requests/s,Failures/s,50%,66%,75%,80%,90%,95%,98%,99%,99.9%,99.99%,100%
GET,/,9725,0,69,73.69685068380488,1.558700000000357,393.45989999999983,8688.0,509.86625600307997,0.0,69,89,100,110,180,200,260,290,310,390,390
,Aggregated,9725,0,69,73.69685068380488,1.558700000000357,393.45989999999983,8688.0,509.86625600307997,0.0,69,89,100,110,180,200,260,290,310,390,390
