Type,Name,Request Count,Failure Count,Median Response Time,Average Response Time,Min Response Time,Max Response Time,Average Content Size,Requests/s,Failures/s,50%,66%,75%,80%,90%,95%,98%,99%,99.9%,99.99%,100%
GET,/,9028,0,76,75.94717316127634,1.1924999999992636,488.2863999999998,8688.0,473.5754072709507,0.0,76,90,100,110,170,200,250,280,400,490,490
,Aggregated,9028,0,76,75.94717316127634,1.1924999999992636,488.2863999999998,8688.0,473.5754072709507,0.0,76,90,100,110,170,200,250,280,400,490,490
