Type,Name,Request Count,Failure Count,Median Response Time,Average Response Time,Min Response Time,Max Response Time,Average Content Size,Requests/s,Failures/s,50%,66%,75%,80%,90%,95%,98%,99%,99.9%,99.99%,100%
GET,/,9060,0,18,54.13066299116981,1.2758000000001601,381.8161999999994,8688.0,474.66685246766554,0.0,18,61,80,89,160,210,280,290,350,380,380
,Aggregated,9060,0,18,54.13066299116981,1.2758000000001601,381.8161999999994,8688.0,474.66685246766554,0.0,18,61,80,89,160,210,280,290,350,380,380
