Type,Name,Request Count,Failure Count,Median Response Time,Average Response Time,Min Response Time,Max Response Time,Average Content Size,Requests/s,Failures/s,50%,66%,75%,80%,90%,95%,98%,99%,99.9%,99.99%,100%
GET,/,9394,0,18,48.32934188843938,1.2958999999987952,385.2726999999998,8688.0,493.63211984453704,0.0,18,54,67,75,110,190,260,290,340,390,390
,Aggregated,9394,0,18,48.32934188843938,1.2958999999987952,385.2726999999998,8688.0,493.63211984453704,0.0,18,54,67,75,110,190,260,290,340,390,390
