Type,Name,Request Count,Failure Count,Median Response Time,Average Response Time,Min Response Time,Max Response Time,Average Content Size,Requests/s,Failures/s,50%,66%,75%,80%,90%,95%,98%,99%,99.9%,99.99%,100%
GET,/,9284,0,22,52.90611682464464,1.4070000000003802,378.6162000000006,8688.0,487.2386113710494,0.0,22,64,78,87,130,190,240,260,320,380,380
,Aggregated,9284,0,22,52.90611682464464,1.4070000000003802,378.6162000000006,8688.0,487.2386113710494,0.0,22,64,78,87,130,190,240,260,320,380,380
