Type,Name,Request Count,Failure Count,Median Response Time,Average Response Time,Min Response Time,Max Response Time,Average Content Size,Requests/s,Failures/s,50%,66%,75%,80%,90%,95%,98%,99%,99.9%,99.99%,100%
GET,/,9017,0,15,40.01200420317168,1.2857000000003893,299.9915,8688.0,473.2869899835833,0.0,15,33,59,75,110,150,190,220,300,300,300
,Aggregated,9017,0,15,40.01200420317168,1.2857000000003893,299.9915,8688.0,473.2869899835833,0.0,15,33,59,75,110,150,190,220,300,300,300
