Type,Name,Request Count,Failure Count,Median Response Time,Average Response Time,Min Response Time,Max Response Time,Average Content Size,Requests/s,Failures/s,50%,66%,75%,80%,90%,95%,98%,99%,99.9%,99.99%,100%
GET,/,8213,0,45,64.70586750273934,1.316899999999066,564.3965,8688.0,430.43250212324745,0.0,45,77,89,96,160,210,340,380,470,560,560
,Aggregated,8213,0,45,64.70586750273934,1.316899999999066,564.3965,8688.0,430.43250212324745,0.0,45,77,89,96,160,210,340,380,470,560,560
