Type,Name,Request Count,Failure Count,Median Response Time,Average Response Time,Min Response Time,Max Response Time,Average Content Size,Requests/s,Failures/s,50%,66%,75%,80%,90%,95%,98%,99%,99.9%,99.99%,100%
GET,/,9443,0,25,58.48202465318224,1.3190000000005142,457.3120999999993,8688.0,494.5074253749345,0.0,25,74,88,96,160,190,290,310,370,460,460
,Aggregated,9443,0,25,58.48202465318224,1.3190000000005142,457.3120999999993,8688.0,494.5074253749345,0.0,25,74,88,96,160,190,290,310,370,460,460
