Type,Name,Request Count,Failure Count,Median Response Time,Average Response Time,Min Response Time,Max Response Time,Average Content Size,Requests/s,Failures/s,50%,66%,75%,80%,90%,95%,98%,99%,99.9%,99.99%,100%
GET,/,9796,0,82,91.16009461004515,1.4764999999989925,444.88959999999975,8688.0,514.1008484401558,0.0,82,97,110,130,200,230,280,300,380,440,440
,Aggregated,9796,0,82,91.16009461004515,1.4764999999989925,444.88959999999975,8688.0,514.1008484401558,0.0,82,97,110,130,200,230,280,300,380,440,440
