Type,Name,Request Count,Failure Count,Median Response Time,Average Response Time,Min Response Time,Max Response Time,Average Content Size,Requests/s,Failures/s,50%,66%,75%,80%,90%,95%,98%,99%,99.9%,99.99%,100%
GET,/,7082,0,12,44.39523209545323,1.2162000000000006,396.00500000000017,8688.0,371.9630417959176,0.0,12,46,74,85,110,190,200,240,380,400,400
,Aggregated,7082,0,12,44.39523209545323,1.2162000000000006,396.00500000000017,8688.0,371.9630417959176,0.0,12,46,74,85,110,190,200,240,380,400,400
