Type,Name,Request Count,Failure Count,Median Response Time,Average Response Time,Min Response Time,Max Response Time,Average Content Size,Requests/s,Failures/s,50%,66%,75%,80%,90%,95%,98%,99%,99.9%,99.99%,100%
GET,/,9336,0,19,49.58478312982012,1.2860000000003424,322.64360000000016,8688.0,489.2497999140871,0.0,19,58,77,89,130,180,220,240,310,320,320
,Aggregated,9336,0,19,49.58478312982012,1.2860000000003424,322.64360000000016,8688.0,489.2497999140871,0.0,19,58,77,89,130,180,220,240,310,320,320
