Type,Name,Request Count,Failure Count,Median Response Time,Average Response Time,Min Response Time,Max Response Time,Average Content Size,Requests/s,Failures/s,50%,66%,75%,80%,90%,95%,98%,99%,99.9%,99.99%,100%
GET,/,9890,0,69,68.81666012133462,1.725399999999766,384.00830000000053,8688.0,518.825810782223,0.0,69,84,92,100,160,190,210,230,380,380,380
,Aggregated,9890,0,69,68.81666012133462,1.725399999999766,384.00830000000053,8688.0,518.825810782223,0.0,69,84,92,100,160,190,210,230,380,380,380
