Type,Name,Request Count,Failure Count,Median Response Time,Average Response Time,Min Response Time,Max Response Time,Average Content Size,Requests/s,Failures/s,50%,66%,75%,80%,90%,95%,98%,99%,99.9%,99.99%,100%
GET,/,8804,0,14,42.73841738982281,1.3336999999999932,393.92760000000004,8688.0,462.0651989429823,0.0,14,28,53,68,100,190,280,290,380,390,390
,Aggregated,8804,0,14,42.73841738982281,1.3336999999999932,393.92760000000004,8688.0,462.0651989429823,0.0,14,28,53,68,100,190,280,290,380,390,390
