Type,Name,Request Count,Failure Count,Median Response Time,Average Response Time,Min Response Time,Max Response Time,Average Content Size,Requests/s,Failures/s,50%,66%,75%,80%,90%,95%,98%,99%,99.9%,99.99%,100%
GET,/,9386,0,50,61.1138730982313,1.2670999999997434,476.2538999999997,8688.0,491.69560995998,0.0,50,76,90,98,130,180,230,290,380,480,480
,Aggregated,9386,0,50,61.1138730982313,1.2670999999997434,476.2538999999997,8688.0,491.69560995998,0.0,50,76,90,98,130,180,230,290,380,480,480
