Type,Name,Request Count,Failure Count,Median Response Time,Average Response Time,Min Response Time,Max Response Time,Average Content Size,Requests/s,Failures/s,50%,66%,75%,80%,90%,95%,98%,99%,99.9%,99.99%,100%
GET,/,9866,0,110.0,127.77851047030211,1.6423000000003185,479.0415000000001,8688.0,516.8476736329708,0.0,110,160,180,190,210,270,300,310,400,480,480
,Aggregated,9866,0,110.0,127.77851047030211,1.6423000000003185,479.0415000000001,8688.0,516.8476736329708,0.0,110,160,180,190,210,270,300,310,400,480,480
