Type,Name,Request Count,Failure Count,Median Response Time,Average Response Time,Min Response Time,Max Response Time,Average Content Size,Requests/s,Failures/s,50%,66%,75%,80%,90%,95%,98%,99%,99.9%,99.99%,100%
GET,/,8555,0,34,59.39005559322015,1.415599999997852,400.9768999999999,8688.0,448.51828112571764,0.0,34,75,85,91,120,200,280,320,390,400,400
,Aggregated,8555,0,34,59.39005559322015,1.415599999997852,400.9768999999999,8688.0,448.51828112571764,0.0,34,75,85,91,120,200,280,320,390,400,400
