Type,Name,Request Count,Failure Count,Median Response Time,Average Response Time,Min Response Time,Max Response Time,Average Content Size,Requests/s,Failures/s,50%,66%,75%,80%,90%,95%,98%,99%,99.9%,99.99%,100%
GET,/,9538,0,66,72.56517588592973,1.6452999999998497,413.8396000000002,8688.0,501.3775984731254,0.0,66,85,98,110,180,200,260,280,310,410,410
,Aggregated,9538,0,66,72.56517588592973,1.6452999999998497,413.8396000000002,8688.0,501.3775984731254,0.0,66,85,98,110,180,200,260,280,310,410,410
