Type,Name,Request Count,Failure Count,Median Response Time,Average Response Time,Min Response Time,Max Response Time,Average Content Size,Requests/s,Failures/s,50%,66%,75%,80%,90%,95%,98%,99%,99.9%,99.99%,100%
GET,/,3702,0,120.0,1241.1422044300366,1.3214999999995314,9851.899,8688.0,193.94063118351272,0.0,120,200,300,390,6900,9500,9600,9700,9800,9900,9900
,Aggregated,3702,0,120.0,1241.1422044300366,1.3214999999995314,9851.899,8688.0,193.94063118351272,0.0,120,200,300,390,6900,9500,9600,9700,9800,9900,9900
