Type,Name,Request Count,Failure Count,Median Response Time,Average Response Time,Min Response Time,Max Response Time,Average Content Size,Requests/s,Failures/s,50%,66%,75%,80%,90%,95%,98%,99%,99.9%,99.99%,100%
GET,/,7006,0,9,36.87211839851564,1.1804000000008585,390.0408999999998,8688.0,368.4185363234602,0.0,9,16,42,62,99,180,270,290,360,390,390
,Aggregated,7006,0,9,36.87211839851564,1.1804000000008585,390.0408999999998,8688.0,368.4185363234602,0.0,9,16,42,62,99,180,270,290,360,390,390
