Type,Name,Request Count,Failure Count,Median Response Time,Average Response Time,Min Response Time,Max Response Time,Average Content Size,Requests/s,Failures/s,50%,66%,75%,80%,90%,95%,98%,99%,99.9%,99.99%,100%
GET,/,9124,0,81,82.78008586146498,1.3103999999994898,466.07510000000116,8688.0,478.1004578623389,0.0,81,96,110,120,180,210,270,290,360,470,470
,Aggregated,9124,0,81,82.78008586146498,1.3103999999994898,466.07510000000116,8688.0,478.1004578623389,0.0,81,96,110,120,180,210,270,290,360,470,470
