Type,Name,Request Count,Failure Count,Median Response Time,Average Response Time,Min Response Time,Max Response Time,Average Content Size,Requests/s,Failures/s,50%,66%,75%,80%,90%,95%,98%,99%,99.9%,99.99%,100%
GET,/,9574,0,89,93.00950449133076,1.3460999999992396,370.42660000000006,8688.0,501.5408890498898,0.0,89,100,110,130,190,210,240,260,300,370,370
,Aggregated,9574,0,89,93.00950449133076,1.3460999999992396,370.42660000000006,8688.0,501.5408890498898,0.0,89,100,110,130,190,210,240,260,300,370,370
