Type,Name,Request Count,Failure Count,Median Response Time,Average Response Time,Min Response Time,Max Response Time,Average Content Size,Requests/s,Failures/s,50%,66%,75%,80%,90%,95%,98%,99%,99.9%,99.99%,100%
GET,/,8848,0,17,50.343715732368715,1.318400000000608,361.59629999999953,8688.0,463.6322660416941,0.0,17,55,76,85,150,190,260,280,350,360,360
,Aggregated,8848,0,17,50.343715732368715,1.318400000000608,361.59629999999953,8688.0,463.6322660416941,0.0,17,55,76,85,150,190,260,280,350,360,360
