Type,Name,Request Count,Failure Count,Median Response Time,Average Response Time,Min Response Time,Max Response Time,Average Content Size,Requests/s,Failures/s,50%,66%,75%,80%,90%,95%,98%,99%,99.9%,99.99%,100%
GET,/,8880,0,77,76.15142114864851,1.8655999999985795,366.4997000000003,8688.0,465.8023511766995,0.0,77,90,99,110,170,190,260,290,310,370,370
,Aggregated,8880,0,77,76.15142114864851,1.8655999999985795,366.4997000000003,8688.0,465.8023511766995,0.0,77,90,99,110,170,190,260,290,310,370,370
