Type,Name,Request Count,Failure Count,Median Response Time,Average Response Time,Min Response Time,Max Response Time,Average Content Size,Requests/s,Failures/s,50%,66%,75%,80%,90%,95%,98%,99%,99.9%,99.99%,100%
GET,/,9591,0,75,72.98835252841198,1.4007999999989806,430.43999999999994,8688.0,503.2019004393357,0.0,75,87,94,99,130,190,240,300,390,430,430
,Aggregated,9591,0,75,72.98835252841198,1.4007999999989806,430.43999999999994,8688.0,503.2019004393357,0.0,75,87,94,99,130,190,240,300,390,430,430
