Type,Name,Request Count,Failure Count,Median Response Time,Average Response Time,Min Response Time,Max Response Time,Average Content Size,Requests/s,Failures/s,50%,66%,75%,80%,90%,95%,98%,99%,99.9%,99.99%,100%
GET,/,7087,0,80,78.03130783124007,1.3898000000001076,461.8848,8688.0,371.5862551513081,0.0,80,90,96,100,180,250,290,310,460,460,460
,Aggregated,7087,0,80,78.03130783124007,1.3898000000001076,461.8848,8688.0,371.5862551513081,0.0,80,90,96,100,180,250,290,310,460,460,460
