Type,Name,Request Count,Failure Count,Median Response Time,Average Response Time,Min Response Time,Max Response Time,Average Content Size,Requests/s,Failures/s,50%,66%,75%,80%,90%,95%,98%,99%,99.9%,99.99%,100%
GET,/,8875,0,16,48.17734023661992,1.2197000000000457,343.2805000000001,8688.0,466.69409660887834,0.0,16,59,77,85,110,180,230,250,340,340,340
,Aggregated,8875,0,16,48.17734023661992,1.2197000000000457,343.2805000000001,8688.0,466.69409660887834,0.0,16,59,77,85,110,180,230,250,340,340,340
