Type,Name,Request Count,Failure Count,Median Response Time,Average Response Time,Min Response Time,Max Response Time,Average Content Size,Requests/s,Failures/s,50%,66%,75%,80%,90%,95%,98%,99%,99.9%,99.99%,100%
GET,/,9499,0,15,48.294868122960416,1.2968999999998232,391.30230000000046,8688.0,497.19133400398067,0.0,15,55,71,82,130,190,230,280,340,390,390
,Aggregated,9499,0,15,48.294868122960416,1.2968999999998232,391.30230000000046,8688.0,497.19133400398067,0.0,15,55,71,82,130,190,230,280,340,390,390
