Type,Name,Request Count,Failure Count,Median Response Time,Average Response Time,Min Response Time,Max Response Time,Average Content Size,Requests/s,Failures/s,50%,66%,75%,80%,90%,95%,98%,99%,99.9%,99.99%,100%
GET,/,9607,0,75,78.93654596648281,1.5172000000021058,404.3665000000001,8688.0,504.9900676515382,0.0,75,91,100,110,170,200,270,290,360,400,400
,Aggregated,9607,0,75,78.93654596648281,1.5172000000021058,404.3665000000001,8688.0,504.9900676515382,0.0,75,91,100,110,170,200,270,290,360,400,400
