Type,Name,Request Count,Failure Count,Median Response Time,Average Response Time,Min Response Time,Max Response Time,Average Content Size,Requests/s,Failures/s,50%,66%,75%,80%,90%,95%,98%,99%,99.9%,99.99%,100%
GET,/,8142,0,17,53.682040727094275,1.2862000000009033,401.4721999999997,8688.0,428.2152661635699,0.0,17,63,84,90,170,200,260,290,330,400,400
,Aggregated,8142,0,17,53.682040727094275,1.2862000000009033,401.4721999999997,8688.0,428.2152661635699,0.0,17,63,84,90,170,200,260,290,330,400,400
