Type,Name,Request Count,Failure Count,Median Response Time,Average Response Time,Min Response Time,Max Response Time,Average Content Size,Requests/s,Failures/s,50%,66%,75%,80%,90%,95%,98%,99%,99.9%,99.99%,100%
GET,/,9473,0,71,77.58683904782046,1.471200000001005,394.8290999999999,8688.0,497.47815244516727,0.0,71,89,100,120,190,210,280,290,380,390,390
,Aggregated,9473,0,71,77.58683904782046,1.471200000001005,394.8290999999999,8688.0,497.47815244516727,0.0,71,89,100,120,190,210,280,290,380,390,390
