Type,Name,Request Count,Failure Count,Median Response Time,Average Response Time,Min Response Time,Max Response Time,Average Content Size,Requests/s,Failures/s,50%,66%,75%,80%,90%,95%,98%,99%,99.9%,99.99%,100%
GET,/,9627,0,77,81.65390749974043,1.84470000000303,395.6663999999996,8688.0,504.86260244742783,0.0,77,90,99,110,190,210,250,280,330,400,400
,Aggregated,9627,0,77,81.65390749974043,1.84470000000303,395.6663999999996,8688.0,504.86260244742783,0.0,77,90,99,110,190,210,250,280,330,400,400
