Type,Name,Request Count,Failure Count,Median Response Time,Average Response Time,Min Response Time,Max Response Time,Average Content Size,Requests/s,Failures/s,50%,66%,75%,80%,90%,95%,98%,99%,99.9%,99.99%,100%
GET,/,7992,0,83,88.74047302302316,1.3453000000005488,374.74970000000064,8688.0,418.89190481220595,0.0,83,95,110,120,200,220,290,300,330,370,370
,Aggregated,7992,0,83,88.74047302302316,1.3453000000005488,374.74970000000064,8688.0,418.89190481220595,0.0,83,95,110,120,200,220,290,300,330,370,370
