Type,Name,Request Count,Failure Count,Median Response Time,Average Response Time,Min Response Time,Max Response Time,Average Content Size,Requests/s,Failures/s,50%,66%,75%,80%,90%,95%,98%,99%,99.9%,99.99%,100%
GET,/,8942,0,46,61.110552158353684,1.4038000000002882,394.38290000000006,8688.0,469.44781217134056,0.0,46,76,84,92,160,200,260,300,380,390,390
,Aggregated,8942,0,46,61.110552158353684,1.4038000000002882,394.38290000000006,8688.0,469.44781217134056,0.0,46,76,84,92,160,200,260,300,380,390,390
