Type,Name,Request Count,Failure Count,Median Response Time,Average Response Time,Min Response Time,Max Response Time,Average Content Size,Requests/s,Failures/s,50%,66%,75%,80%,90%,95%,98%,99%,99.9%,99.99%,100%
GET,/,8681,0,29,55.62850414698779,1.26400000000082,380.9715000000002,8688.0,455.38772791599985,0.0,29,73,87,92,120,180,220,290,370,380,380
,Aggregated,8681,0,29,55.62850414698779,1.26400000000082,380.9715000000002,8688.0,455.38772791599985,0.0,29,73,87,92,120,180,220,290,370,380,380
