Type,Name,Request Count,Failure Count,Median Response Time,Average Response Time,Min Response Time,Max Response Time,Average Content Size,Requests/s,Failures/s,50%,66%,75%,80%,90%,95%,98%,99%,99.9%,99.99%,100%
GET,/,9717,0,66,71.76310846969234,1.3263999999999498,329.56440000000066,8688.0,509.43479980979095,0.0,66,87,98,110,180,200,230,260,300,330,330
,Aggregated,9717,0,66,71.76310846969234,1.3263999999999498,329.56440000000066,8688.0,509.43479980979095,0.0,66,87,98,110,180,200,230,260,300,330,330
