Type,Name,Request Count,Failure Count,Median Response Time,Average Response Time,Min Response Time,Max Response Time,Average Content Size,Requests/s,Failures/s,50%,66%,75%,80%,90%,95%,98%,99%,99.9%,99.99%,100%
GET,/,9761,0,73,73.76090245876426,1.4134000000005642,342.0856999999993,8688.0,511.36333876235676,0.0,73,88,98,110,170,190,230,250,330,340,340
,Aggregated,9761,0,73,73.76090245876426,1.4134000000005642,342.0856999999993,8688.0,511.36333876235676,0.0,73,88,98,110,170,190,230,250,330,340,340
