Type,Name,Request Count,Failure Count,Median Response Time,Average Response Time,Min Response Time,Max Response Time,Average Content Size,Requests/s,Failures/s,50%,66%,75%,80%,90%,95%,98%,99%,99.9%,99.99%,100%
GET,/,8318,0,43,65.2727634767976,1.300699999998045,495.66399999999965,8688.0,435.868321175102,0.0,43,78,90,100,180,210,270,300,380,500,500
,Aggregated,8318,0,43,65.2727634767976,1.300699999998045,495.66399999999965,8688.0,435.868321175102,0.0,43,78,90,100,180,210,270,300,380,500,500
