Type,Name,Request Count,Failure Count,Median Response Time,Average Response Time,Min Response Time,Max Response Time,Average Content Size,Requests/s,Failures/s,50%,66%,75%,80%,90%,95%,98%,99%,99.9%,99.99%,100%
GET,/,8873,0,17,54.82595484052755,1.3378999999993368,367.46949999999947,8688.0,464.79906304971246,0.0,17,62,79,87,170,200,260,290,330,370,370
,Aggregated,8873,0,17,54.82595484052755,1.3378999999993368,367.46949999999947,8688.0,464.79906304971246,0.0,17,62,79,87,170,200,260,290,330,370,370
