Type,Name,Request Count,Failure Count,Median Response Time,Average Response Time,Min Response Time,Max Response Time,Average Content Size,Requests/s,Failures/s,50%,66%,75%,80%,90%,95%,98%,99%,99.9%,99.99%,100%
GET,/,8840,0,14,42.03398378959255,1.2319999999998998,346.7473999999999,8688.0,463.36006324891275,0.0,14,29,60,78,110,170,220,260,320,350,350
,Aggregated,8840,0,14,42.03398378959255,1.2319999999998998,346.7473999999999,8688.0,463.36006324891275,0.0,14,29,60,78,110,170,220,260,320,350,350
