Type,Name,Request Count,Failure Count,Median Response Time,Average Response Time,Min Response Time,Max Response Time,Average Content Size,Requests/s,Failures/s,50%,66%,75%,80%,90%,95%,98%,99%,99.9%,99.99%,100%
GET,/,10070,0,34,54.66753813306847,1.3757000000005348,342.84159999999986,8688.0,527.7236275508233,0.0,34,69,80,87,110,170,250,270,290,340,340
,Aggregated,10070,0,34,54.66753813306847,1.3757000000005348,342.84159999999986,8688.0,527.7236275508233,0.0,34,69,80,87,110,170,250,270,290,340,340
