Type,Name,Request Count,Failure Count,Median Response Time,Average Response Time,Min Response Time,Max Response Time,Average Content Size,Requests/s,Failures/s,50%,66%,75%,80%,90%,95%,98%,99%,99.9%,99.99%,100%
GET,/,7033,0,12,55.616843281672246,1.3052000000008945,384.78030000000007,8688.0,368.6559409139503,0.0,12,59,84,96,180,240,290,300,340,380,380
,Aggregated,7033,0,12,55.616843281672246,1.3052000000008945,384.78030000000007,8688.0,368.6559409139503,0.0,12,59,84,96,180,240,290,300,340,380,380
