Type,Name,Request Count,Failure Count,Median Response Time,Average Response Time,Min Response Time,Max Response Time,Average Content Size,Requests/s,Failures/s,50%,66%,75%,80%,90%,95%,98%,99%,99.9%,99.99%,100%
GET,/,6508,0,64,74.61316456668735,1.3655000000003525,502.15999999999997,8688.0,343.150539602412,0.0,64,86,93,99,210,290,310,320,390,500,500
,Aggregated,6508,0,64,74.61316456668735,1.3655000000003525,502.15999999999997,8688.0,343.150539602412,0.0,64,86,93,99,210,290,310,320,390,500,500
