Type,Name,Request Count,Failure Count,Median Response Time,Average Response Time,Min Response Time,Max Response Time,Average Content Size,Requests/s,Failures/s,50%,66%,75%,80%,90%,95%,98%,99%,99.9%,99.99%,100%
GET,/,8818,0,14,42.06172920163302,1.284300000000016,326.7812999999995,8688.0,462.3460319096928,0.0,14,45,70,80,100,160,220,250,290,330,330
,Aggregated,8818,0,14,42.06172920163302,1.284300000000016,326.7812999999995,8688.0,462.3460319096928,0.0,14,45,70,80,100,160,220,250,290,330,330
