Type,Name,Request Count,Failure Count,Median Response Time,Average Response Time,Min Response Time,Max Response Time,Average Content Size,Requests/s,Failures/s,50%,66%,75%,80%,90%,95%,98%,99%,99.9%,99.99%,100%
GET,/,8887,0,33,58.550919027793555,1.2901000000020701,368.54820000000024,8688.0,465.3510441515446,0.0,33,76,88,95,140,190,240,260,360,370,370
,Aggregated,8887,0,33,58.550919027793555,1.2901000000020701,368.54820000000024,8688.0,465.3510441515446,0.0,33,76,88,95,140,190,240,260,360,370,370
