Type,Name,Request Count,Failure Count,Median Response Time,Average Response Time,Min Response Time,Max Response Time,Average Content Size,Requests/s,Failures/s,50%,66%,75%,80%,90%,95%,98%,99%,99.9%,99.99%,100%
GET,/,7631,0,85,261.3415887694938,1.5793999999988984,2601.5758,8688.0,400.83018792501133,0.0,85,150,190,220,440,1900,2300,2300,2500,2600,2600
,Aggregated,7631,0,85,261.3415887694938,1.5793999999988984,2601.5758,8688.0,400.83018792501133,0.0,85,150,190,220,440,1900,2300,2300,2500,2600,2600
