Type,Name,Request Count,Failure Count,Median Response Time,Average Response Time,Min Response Time,Max Response Time,Average Content Size,Requests/s,Failures/s,50%,66%,75%,80%,90%,95%,98%,99%,99.9%,99.99%,100%
GET,/,9080,0,70,69.07282389867846,1.237000000001487,382.15820000000014,8688.0,475.33352818819156,0.0,70,83,91,97,150,200,240,290,320,380,380
,Aggregated,9080,0,70,69.07282389867846,1.237000000001487,382.15820000000014,8688.0,475.33352818819156,0.0,70,83,91,97,150,200,240,290,320,380,380
