Type,Name,Request Count,Failure Count,Median Response Time,Average Response Time,Min Response Time,Max Response Time,Average Content Size,Requests/s,Failures/s,50%,66%,75%,80%,90%,95%,98%,99%,99.9%,99.99%,100%
GET,/,6776,0,98,133.52143119834747,2.2378999999990157,494.7241999999985,8688.0,357.249424224086,0.0,98,170,200,210,290,300,370,390,470,490,490
,Aggregated,6776,0,98,133.52143119834747,2.2378999999990157,494.7241999999985,8688.0,357.249424224086,0.0,98,170,200,210,290,300,370,390,470,490,490
