Type,Name,Request Count,Failure Count,Median Response Time,Average Response Time,Min Response Time,Max Response Time,Average Content Size,Requests/s,Failures/s,50%,66%,75%,80%,90%,95%,98%,99%,99.9%,99.99%,100%
GET,/,9113,0,82,87.04735509711409,1.3470000000008753,329.19920000000013,8688.0,477.63508600649766,0.0,82,98,110,130,190,200,240,270,300,330,330
,Aggregated,9113,0,82,87.04735509711409,1.3470000000008753,329.19920000000013,8688.0,477.63508600649766,0.0,82,98,110,130,190,200,240,270,300,330,330
