Type,Name,Request Count,Failure Count,Median Response Time,Average Response Time,Min Response Time,Max Response Time,Average Content Size,Requests/s,Failures/s,50%,66%,75%,80%,90%,95%,98%,99%,99.9%,99.99%,100%
GET,/,8573,0,11,45.25519977837413,1.2562000000002627,417.3502000000004,8688.0,449.02416150928036,0.0,11,31,68,82,120,190,260,320,390,420,420
,Aggregated,8573,0,11,45.25519977837413,1.2562000000002627,417.3502000000004,8688.0,449.02416150928036,0.0,11,31,68,82,120,190,260,320,390,420,420
