Type,Name,Request Count,Failure Count,Median Response Time,Average Response Time,Min Response Time,Max Response Time,Average Content Size,Requests/s,Failures/s,50%,66%,75%,80%,90%,95%,98%,99%,99.9%,99.99%,100%
GET,/,9074,0,16,39.59702143486853,1.3214000000019155,383.33899999999943,8688.0,475.58508536969646,0.0,16,34,55,71,100,160,190,200,320,380,380
,Aggregated,9074,0,16,39.59702143486853,1.3214000000019155,383.33899999999943,8688.0,475.58508536969646,0.0,16,34,55,71,100,160,190,200,320,380,380
