Type,Name,Request Count,Failure Count,Median Response Time,Average Response Time,Min Response Time,Max Response Time,Average Content Size,Requests/s,Failures/s,50%,66%,75%,80%,90%,95%,98%,99%,99.9%,99.99%,100%
GET,/,8013,0,11,40.54507592661925,1.3196000000004204,346.95340000000033,8688.0,420.0158747678531,0.0,11,21,57,72,120,180,240,270,340,350,350
,Aggregated,8013,0,11,40.54507592661925,1.3196000000004204,346.95340000000033,8688.0,420.0158747678531,0.0,11,21,57,72,120,180,240,270,340,350,350
