Type,Name,Request Count,Failure Count,Median Response Time,Average Response Time,Min Response Time,Max Response Time,Average Content Size,Requests/s,Failures/s,50%,66%,75%,80%,90%,95%,98%,99%,99.9%,99.99%,100%
GET,/,9448,0,87,92.14012921253192,2.026499999999487,319.8786,8688.0,495.69635938386915,0.0,87,99,110,120,180,200,220,260,310,320,320
,Aggregated,9448,0,87,92.14012921253192,2.026499999999487,319.8786,8688.0,495.69635938386915,0.0,87,99,110,120,180,200,220,260,310,320,320
