Type,Name,Request Count,Failure Count,Median Response Time,Average Response Time,Min Response Time,Max Response Time,Average Content Size,Requests/s,Failures/s,50%,66%,75%,80%,90%,95%,98%,99%,99.9%,99.99%,100%
GET,/,9301,0,16,49.90485460703133,1.3322999999978435,485.71450000000027,8688.0,488.7340188792002,0.0,16,51,70,81,120,200,290,320,380,490,490
,Aggregated,9301,0,16,49.90485460703133,1.3322999999978435,485.71450000000027,8688.0,488.7340188792002,0.0,16,51,70,81,120,200,290,320,380,490,490
