Type,Name,Request Count,Failure Count,Median Response Time,Average Response Time,Min Response Time,Max Response Time,Average Content Size,Requests/s,Failures/s,50%,66%,75%,80%,90%,95%,98%,99%,99.9%,99.99%,100%
GET,/,8213,0,17,55.219109789358626,1.3019000000014103,340.6906000000003,8688.0,430.44199510564584,0.0,17,67,84,93,180,200,250,270,310,340,340
,Aggregated,8213,0,17,55.219109789358626,1.3019000000014103,340.6906000000003,8688.0,430.44199510564584,0.0,17,67,84,93,180,200,250,270,310,340,340
