Type,Name,Request Count,Failure Count,Median Response Time,Average Response Time,Min Response Time,Max Response Time,Average Content Size,Requests/s,Failures/s,50%,66%,75%,80%,90%,95%,98%,99%,99.9%,99.99%,100%
GET,/,8839,0,82,84.92294482407522,1.7668999999997936,453.71589999999975,8688.0,463.13440075265885,0.0,82,94,100,110,190,210,270,290,380,450,450
,Aggregated,8839,0,82,84.92294482407522,1.7668999999997936,453.71589999999975,8688.0,463.13440075265885,0.0,82,94,100,110,190,210,270,290,380,450,450
