Type,Name,Request Count,Failure Count,Median Response Time,Average Response Time,Min Response Time,Max Response Time,Average Content Size,Requests/s,Failures/s,50%,66%,75%,80%,90%,95%,98%,99%,99.9%,99.99%,100%
GET,/,8796,0,15,46.86754032514789,1.2681000000007714,488.81529999999975,8688.0,460.97873403403213,0.0,15,48,70,80,110,190,270,290,480,490,490
,Aggregated,8796,0,15,46.86754032514789,1.2681000000007714,488.81529999999975,8688.0,460.97873403403213,0.0,15,48,70,80,110,190,270,290,480,490,490
