Type,Name,Request Count,Failure Count,Median Response Time,Average Response Time,Min Response Time,Max Response Time,Average Content Size,Requests/s,Failures/s,50%,66%,75%,80%,90%,95%,98%,99%,99.9%,99.99%,100%
GET,/,4235,0,6,48.3235377804015,1.3196999999998127,482.23819999999984,8688.0,222.49406380915246,0.0,6,50,87,92,100,200,300,370,400,480,480
,Aggregated,4235,0,6,48.3235377804015,1.3196999999998127,482.23819999999984,8688.0,222.49406380915246,0.0,6,50,87,92,100,200,300,370,400,480,480
