Type,Name,Request Count,Failure Count,Median Response Time,Average Response Time,Min Response Time,Max Response Time,Average Content Size,Requests/s,Failures/s,50%,66%,75%,80%,90%,95%,98%,99%,99.9%,99.99%,100%
GET,/,2892,0,5,31.106139903181262,1.1637000000028763,313.95030000000014,8688.0,152.00792671584927,0.0,5,7,11,52,100,190,210,280,310,310,310
,Aggregated,2892,0,5,31.106139903181262,1.1637000000028763,313.95030000000014,8688.0,152.00792671584927,0.0,5,7,11,52,100,190,210,280,310,310,310
