Type,Name,Request Count,Failure Count,Median Response Time,Average Response Time,Min Response Time,Max Response Time,Average Content Size,Requests/s,Failures/s,50%,66%,75%,80%,90%,95%,98%,99%,99.9%,99.99%,100%
GET,/,5107,0,11,29.600581711376485,1.4289000000005103,425.7120000000001,8688.0,268.54477617712894,0.0,11,15,20,48,84,120,190,220,410,430,430
,Aggregated,5107,0,11,29.600581711376485,1.4289000000005103,425.7120000000001,8688.0,268.54477617712894,0.0,11,15,20,48,84,120,190,220,410,430,430
