Type,Name,Request Count,Failure Count,Median Response Time,Average Response Time,Min Response Time,Max Response Time,Average Content Size,Requests/s,Failures/s,50%,66%,75%,80%,90%,95%,98%,99%,99.9%,99.99%,100%
GET,/,5439,0,7,39.429628681742926,1.3268999999995756,434.9055000000002,8688.0,285.44237444289934,0.0,7,12,64,81,100,200,250,310,340,430,430
,Aggregated,5439,0,7,39.429628681742926,1.3268999999995756,434.9055000000002,8688.0,285.44237444289934,0.0,7,12,64,81,100,200,250,310,340,430,430
