Type,Name,Request Count,Failure Count,Median Response Time,Average Response Time,Min Response Time,Max Response Time,Average Content Size,Requests/s,Failures/s,50%,66%,75%,80%,90%,95%,98%,99%,99.9%,99.99%,100%
GET,/,2908,0,5,28.919785557084005,1.3315000000009292,418.62109999999996,8688.0,152.79386945253694,0.0,5,6,8,10,90,190,290,310,410,420,420
,Aggregated,2908,0,5,28.919785557084005,1.3315000000009292,418.62109999999996,8688.0,152.79386945253694,0.0,5,6,8,10,90,190,290,310,410,420,420
