Type,Name,Request Count,Failure Count,Median Response Time,Average Response Time,Min Response Time,Max Response Time,Average Content Size,Requests/s,Failures/s,50%,66%,75%,80%,90%,95%,98%,99%,99.9%,99.99%,100%
GET,/,5002,0,7,35.403457277089274,1.3570000000004967,392.0636000000002,8688.0,263.0249323898863,0.0,7,13,51,73,96,180,260,290,380,390,390
,Aggregated,5002,0,7,35.403457277089274,1.3570000000004967,392.0636000000002,8688.0,263.0249323898863,0.0,7,13,51,73,96,180,260,290,380,390,390
