Type,Name,Request Count,Failure Count,Median Response Time,Average Response Time,Min Response Time,Max Response Time,Average Content Size,Requests/s,Failures/s,50%,66%,75%,80%,90%,95%,98%,99%,99.9%,99.99%,100%
GET,/,3342,0,5,135.8139518850988,1.3050000000003337,4697.708299999999,8688.0,175.8352048564932,0.0,5,8,42,76,180,300,4000,4400,4600,4700,4700
,Aggregated,3342,0,5,135.8139518850988,1.3050000000003337,4697.708299999999,8688.0,175.8352048564932,0.0,5,8,42,76,180,300,4000,4400,4600,4700,4700
