Type,Name,Request Count,Failure Count,Median Response Time,Average Response Time,Min Response Time,Max Response Time,Average Content Size,Requests/s,Failures/s,50%,66%,75%,80%,90%,95%,98%,99%,99.9%,99.99%,100%
GET,/,7211,0,11,46.56189642213278,1.4172999999999547,567.5371,8688.0,378.50898098761513,0.0,11,33,77,86,110,190,290,370,500,570,570
,Aggregated,7211,0,11,46.56189642213278,1.4172999999999547,567.5371,8688.0,378.50898098761513,0.0,11,33,77,86,110,190,290,370,500,570,570
