Type,Name,Request Count,Failure Count,Median Response Time,Average Response Time,Min Response Time,Max Response Time,Average Content Size,Requests/s,Failures/s,50%,66%,75%,80%,90%,95%,98%,99%,99.9%,99.99%,100%
GET,/,3876,0,5,28.54344871001026,1.3296999999994341,685.1972000000002,8688.0,205.59670442736152,0.0,5,7,10,24,91,130,220,290,590,690,690
,Aggregated,3876,0,5,28.54344871001026,1.3296999999994341,685.1972000000002,8688.0,205.59670442736152,0.0,5,7,10,24,91,130,220,290,590,690,690
