Type,Name,Request Count,Failure Count,Median Response Time,Average Response Time,Min Response Time,Max Response Time,Average Content Size,Requests/s,Failures/s,50%,66%,75%,80%,90%,95%,98%,99%,99.9%,99.99%,100%
GET,/,2296,0,8,18.58940818815331,1.507000000000147,412.83080000000007,8688.0,122.84350491883144,0.0,8,10,12,13,32,74,150,320,400,410,410
,Aggregated,2296,0,8,18.58940818815331,1.507000000000147,412.83080000000007,8688.0,122.84350491883144,0.0,8,10,12,13,32,74,150,320,400,410,410
