Type,Name,Request Count,Failure Count,Median Response Time,Average Response Time,Min Response Time,Max Response Time,Average Content Size,Requests/s,Failures/s,50%,66%,75%,80%,90%,95%,98%,99%,99.9%,99.99%,100%
GET,/,7907,0,13,53.2390524219049,1.6068999999987454,471.2956999999998,8688.0,414.76043460226373,0.0,13,67,82,88,140,200,290,300,390,470,470
,Aggregated,7907,0,13,53.2390524219049,1.6068999999987454,471.2956999999998,8688.0,414.76043460226373,0.0,13,67,82,88,140,200,290,300,390,470,470
