Type,Name,Request Count,Failure Count,Median Response Time,Average Response Time,Min Response Time,Max Response Time,Average Content Size,Requests/s,Failures/s,50%,66%,75%,80%,90%,95%,98%,99%,99.9%,99.99%,100%
GET,/,7196,0,9,36.1999572123401,1.2398000000004572,384.0501999999999,8688.0,378.05719874380975,0.0,9,18,44,68,100,180,220,260,340,380,380
,Aggregated,7196,0,9,36.1999572123401,1.2398000000004572,384.0501999999999,8688.0,378.05719874380975,0.0,9,18,44,68,100,180,220,260,340,380,380
