Type,Name,Request Count,Failure Count,Median Response Time,Average Response Time,Min Response Time,Max Response Time,Average Content Size,Requests/s,Failures/s,50%,66%,75%,80%,90%,95%,98%,99%,99.9%,99.99%,100%
GET,/,7242,0,14,50.7869019193596,1.4508000000006405,605.4325999999999,8688.0,379.8644063701503,0.0,14,58,81,89,120,190,300,340,600,610,610
,Aggregated,7242,0,14,50.7869019193596,1.4508000000006405,605.4325999999999,8688.0,379.8644063701503,0.0,14,58,81,89,120,190,300,340,600,610,610
