Type,Name,Request Count,Failure Count,Median Response Time,Average Response Time,Min Response Time,Max Response Time,Average Content Size,Requests/s,Failures/s,50%,66%,75%,80%,90%,95%,98%,99%,99.9%,99.99%,100%
GET,/,3257,0,4,31.31035538839419,1.433099999999854,394.42319999999984,8688.0,171.2227532137681,0.0,4,6,8,34,96,200,300,320,340,390,390
,Aggregated,3257,0,4,31.31035538839419,1.433099999999854,394.42319999999984,8688.0,171.2227532137681,0.0,4,6,8,34,96,200,300,320,340,390,390
