Type,Name,Request Count,Failure Count,Median Response Time,Average Response Time,Min Response Time,Max Response Time,Average Content Size,Requests/s,Failures/s,50%,66%,75%,80%,90%,95%,98%,99%,99.9%,99.99%,100%
GET,/,2413,0,89,81.94802009946119,1.3727000000001155,472.9704000000001,8688.0,127.03190471715568,0.0,89,95,98,100,200,290,370,460,470,470,470
,Aggregated,2413,0,89,81.94802009946119,1.3727000000001155,472.9704000000001,8688.0,127.03190471715568,0.0,89,95,98,100,200,290,370,460,470,470,470
