Type,Name,Request Count,Failure Count,Median Response Time,Average Response Time,Min Response Time,Max Response Time,Average Content Size,Requests/s,Failures/s,50%,66%,75%,80%,90%,95%,98%,99%,99.9%,99.99%,100%
GET,/,6455,0,9,30.96361336948118,1.3417000000011114,353.02239999999995,8688.0,339.7994791124766,0.0,9,15,43,62,89,100,190,240,340,350,350
,Aggregated,6455,0,9,30.96361336948118,1.3417000000011114,353.02239999999995,8688.0,339.7994791124766,0.0,9,15,43,62,89,100,190,240,340,350,350
