Type,Name,Request Count,Failure Count,Median Response Time,Average Response Time,Min Response Time,Max Response Time,Average Content Size,Requests/s,Failures/s,50%,66%,75%,80%,90%,95%,98%,99%,99.9%,99.99%,100%
GET,/,4576,0,62,80.94839729021007,1.422600000001495,503.2715000000003,8688.0,239.85631746700315,0.0,62,94,100,160,200,290,310,390,410,500,500
,Aggregated,4576,0,62,80.94839729021007,1.422600000001495,503.2715000000003,8688.0,239.85631746700315,0.0,62,94,100,160,200,290,310,390,410,500,500
