Type,Name,Request Count,Failure Count,Median Response Time,Average Response Time,Min Response Time,Max Response Time,Average Content Size,Requests/s,Failures/s,50%,66%,75%,80%,90%,95%,98%,99%,99.9%,99.99%,100%
GET,/,5817,0,7,36.52448650507143,1.2891000000010422,591.9053000000001,8688.0,305.5042322229544,0.0,7,11,43,68,92,180,290,370,560,590,590
,Aggregated,5817,0,7,36.52448650507143,1.2891000000010422,591.9053000000001,8688.0,305.5042322229544,0.0,7,11,43,68,92,180,290,370,560,590,590
