Type,Name,Request Count,Failure Count,Median Response Time,Average Response Time,Min Response Time,Max Response Time,Average Content Size,Requests/s,Failures/s,50%,66%,75%,80%,90%,95%,98%,99%,99.9%,99.99%,100%
GET,/,5880,0,6,32.91886894557829,1.272699999997684,473.9660999999997,8688.0,308.8813846999527,0.0,6,10,28,65,95,170,260,300,390,470,470
,Aggregated,5880,0,6,32.91886894557829,1.272699999997684,473.9660999999997,8688.0,308.8813846999527,0.0,6,10,28,65,95,170,260,300,390,470,470
