Type,Name,Request Count,Failure Count,Median Response Time,Average Response Time,Min Response Time,Max Response Time,Average Content Size,Requests/s,Failures/s,50%,66%,75%,80%,90%,95%,98%,99%,99.9%,99.99%,100%
GET,/,6360,0,10,30.154926462264115,1.4836000000002514,324.3645000000002,8688.0,334.15344307111116,0.0,10,17,35,57,86,110,180,210,300,320,320
,Aggregated,6360,0,10,30.154926462264115,1.4836000000002514,324.3645000000002,8688.0,334.15344307111116,0.0,10,17,35,57,86,110,180,210,300,320,320
