Type,Name,Request Count,Failure Count,Median Response Time,Average Response Time,Min Response Time,Max Response Time,Average Content Size,Requests/s,Failures/s,50%,66%,75%,80%,90%,95%,98%,99%,99.9%,99.99%,100%
GET,/,5949,0,8,37.62750156328782,1.3782999999989443,460.054,8688.0,312.22338984393343,0.0,8,13,66,78,97,160,240,290,430,460,460
,Aggregated,5949,0,8,37.62750156328782,1.3782999999989443,460.054,8688.0,312.22338984393343,0.0,8,13,66,78,97,160,240,290,430,460,460
