Type,Name,Request Count,Failure Count,Median Response Time,Average Response Time,Min Response Time,Max Response Time,Average Content Size,Requests/s,Failures/s,50%,66%,75%,80%,90%,95%,98%,99%,99.9%,99.99%,100%
GET,/,5563,0,10,31.70597688297685,1.3668000000013336,341.51240000000007,8688.0,292.9771344263528,0.0,10,15,24,56,93,140,200,250,330,340,340
,Aggregated,5563,0,10,31.70597688297685,1.3668000000013336,341.51240000000007,8688.0,292.9771344263528,0.0,10,15,24,56,93,140,200,250,330,340,340
