Type,Name,Request Count,Failure Count,Median Response Time,Average Response Time,Min Response Time,Max Response Time,Average Content Size,Requests/s,Failures/s,50%,66%,75%,80%,90%,95%,98%,99%,99.9%,99.99%,100%
GET,/,4890,0,9,25.81658237218822,1.2958000000002912,523.2638999999999,8688.0,258.67377101766124,0.0,9,12,15,18,74,100,190,300,500,520,520
,Aggregated,4890,0,9,25.81658237218822,1.2958000000002912,523.2638999999999,8688.0,258.67377101766124,0.0,9,12,15,18,74,100,190,300,500,520,520
