Type,Name,Request Count,Failure Count,Median Response Time,Average Response Time,Min Response Time,Max Response Time,Average Content Size,Requests/s,Failures/s,50%,66%,75%,80%,90%,95%,98%,99%,99.9%,99.99%,100%
GET,/,1918,0,4,17.434725860271115,1.0905999999994975,294.51300000000003,8688.0,103.3037192433337,0.0,4,5,5,6,54,99,190,220,290,290,290
,Aggregated,1918,0,4,17.434725860271115,1.0905999999994975,294.51300000000003,8688.0,103.3037192433337,0.0,4,5,5,6,54,99,190,220,290,290,290
