Type,Name,Request Count,Failure Count,Median Response Time,Average Response Time,Min Response Time,Max Response Time,Average Content Size,Requests/s,Failures/s,50%,66%,75%,80%,90%,95%,98%,99%,99.9%,99.99%,100%
GET,/,7850,0,11,44.83041179617823,1.3822000000018875,353.19700000000023,8688.0,411.2512825651195,0.0,11,49,77,87,110,190,230,270,300,350,350
,Aggregated,7850,0,11,44.83041179617823,1.3822000000018875,353.19700000000023,8688.0,411.2512825651195,0.0,11,49,77,87,110,190,230,270,300,350,350
