Type,Name,Request Count,Failure Count,Median Response Time,Average Response Time,Min Response Time,Max Response Time,Average Content Size,Requests/s,Failures/s,50%,66%,75%,80%,90%,95%,98%,99%,99.9%,99.99%,100%
GET,/,5219,0,200.0,210.81635232803248,1.8798999999987132,688.4081000000002,8688.0,273.4799953669719,0.0,200,280,300,300,300,390,400,490,590,690,690
,Aggregated,5219,0,200.0,210.81635232803248,1.8798999999987132,688.4081000000002,8688.0,273.4799953669719,0.0,200,280,300,300,300,390,400,490,590,690,690
