Type,Name,Request Count,Failure Count,Median Response Time,Average Response Time,Min Response Time,Max Response Time,Average Content Size,Requests/s,Failures/s,50%,66%,75%,80%,90%,95%,98%,99%,99.9%,99.99%,100%
GET,/,7531,0,11,38.51651849687951,1.51209999999935,344.95960000000014,8688.0,394.5545108537859,0.0,11,29,60,76,95,180,210,260,290,340,340
,Aggregated,7531,0,11,38.51651849687951,1.51209999999935,344.95960000000014,8688.0,394.5545108537859,0.0,11,29,60,76,95,180,210,260,290,340,340
