Type,Name,Request Count,Failure Count,Median Response Time,Average Response Time,Min Response Time,Max Response Time,Average Content Size,Requests/s,Failures/s,50%,66%,75%,80%,90%,95%,98%,99%,99.9%,99.99%,100%
GET,/,7920,0,11,50.480610138889006,1.406400000000474,427.1529999999997,8688.0,416.41090567791645,0.0,11,53,80,89,150,220,290,300,390,430,430
,Aggregated,7920,0,11,50.480610138889006,1.406400000000474,427.1529999999997,8688.0,416.41090567791645,0.0,11,53,80,89,150,220,290,300,390,430,430
