Type,Name,Request Count,Failure Count,Median Response Time,Average Response Time,Min Response Time,Max Response Time,Average Content Size,Requests/s,Failures/s,50%,66%,75%,80%,90%,95%,98%,99%,99.9%,99.99%,100%
GET,/,2026,0,3,24.113107897334686,1.2118000000000961,520.9919000000001,8688.0,106.85422606516035,0.0,3,4,5,6,73,170,290,420,520,520,520
,Aggregated,2026,0,3,24.113107897334686,1.2118000000000961,520.9919000000001,8688.0,106.85422606516035,0.0,3,4,5,6,73,170,290,420,520,520,520
