Type,Name,Request Count,Failure Count,Median Response Time,Average Response Time,Min Response Time,Max Response Time,Average Content Size,Requests/s,Failures/s,50%,66%,75%,80%,90%,95%,98%,99%,99.9%,99.99%,100%
GET,/,2548,0,5,22.3403242935636,1.1795000000009992,331.87360000000024,8688.0,135.8477543278288,0.0,5,6,9,14,81,95,230,240,320,330,330
,Aggregated,2548,0,5,22.3403242935636,1.1795000000009992,331.87360000000024,8688.0,135.8477543278288,0.0,5,6,9,14,81,95,230,240,320,330,330
