Type,Name,Request Count,Failure Count,Median Response Time,Average Response Time,Min Response Time,Max Response Time,Average Content Size,Requests/s,Failures/s,50%,66%,75%,80%,90%,95%,98%,99%,99.9%,99.99%,100%
GET,/,6880,0,10,37.20854547965129,1.514999999999489,401.0020999999999,8688.0,361.6476930412286,0.0,10,17,61,77,96,150,220,290,400,400,400
,Aggregated,6880,0,10,37.20854547965129,1.514999999999489,401.0020999999999,8688.0,361.6476930412286,0.0,10,17,61,77,96,150,220,290,400,400,400
