Type,Name,Request Count,Failure Count,Median Response Time,Average Response Time,Min Response Time,Max Response Time,Average Content Size,Requests/s,Failures/s,50%,66%,75%,80%,90%,95%,98%,99%,99.9%,99.99%,100%
GET,/,7411,0,10,44.32833354473071,1.5951999999987976,578.2460000000001,8688.0,388.68903120068586,0.0,10,32,70,82,100,190,290,320,480,580,580
,Aggregated,7411,0,10,44.32833354473071,1.5951999999987976,578.2460000000001,8688.0,388.68903120068586,0.0,10,32,70,82,100,190,290,320,480,580,580
