Type,Name,Request Count,Failure Count,Median Response Time,Average Response Time,Min Response Time,Max Response Time,Average Content Size,Requests/s,Failures/s,50%,66%,75%,80%,90%,95%,98%,99%,99.9%,99.99%,100%
GET,/,8034,0,13,38.85731257157078,1.4178000000004687,418.8333000000002,8688.0,420.86022468117784,0.0,13,26,62,76,100,170,200,250,310,420,420
,Aggregated,8034,0,13,38.85731257157078,1.4178000000004687,418.8333000000002,8688.0,420.86022468117784,0.0,13,26,62,76,100,170,200,250,310,420,420
