Type,Name,Request Count,Failure Count,Median Response Time,Average Response Time,Min Response Time,Max Response Time,Average Content Size,Requests/s,Failures/s,50%,66%,75%,80%,90%,95%,98%,99%,99.9%,99.99%,100%
GET,/,8452,0,17,60.19617579271195,1.5173999999973375,533.8564999999998,8688.0,442.1574939837707,0.0,17,75,90,97,180,200,300,360,400,530,530
,Aggregated,8452,0,17,60.19617579271195,1.5173999999973375,533.8564999999998,8688.0,442.1574939837707,0.0,17,75,90,97,180,200,300,360,400,530,530
