Type,Name,Request Count,Failure Count,Median Response Time,Average Response Time,Min Response Time,Max Response Time,Average Content Size,Requests/s,Failures/s,50%,66%,75%,80%,90%,95%,98%,99%,99.9%,99.99%,100%
GET,/,5184,0,9,32.617895293209884,1.4302999999991073,395.3850000000001,8688.0,273.18044176128535,0.0,9,15,19,37,100,190,230,280,370,400,400
,Aggregated,5184,0,9,32.617895293209884,1.4302999999991073,395.3850000000001,8688.0,273.18044176128535,0.0,9,15,19,37,100,190,230,280,370,400,400
