Type,Name,Request Count,Failure Count,Median Response Time,Average Response Time,Min Response Time,Max Response Time,Average Content Size,Requests/s,Failures/s,50%,66%,75%,80%,90%,95%,98%,99%,99.9%,99.99%,100%
GET,/,7379,0,9,39.50323339205853,1.344599999999474,326.7017000000001,8688.0,387.13305255574886,0.0,9,26,72,83,100,180,210,240,300,330,330
,Aggregated,7379,0,9,39.50323339205853,1.344599999999474,326.7017000000001,8688.0,387.13305255574886,0.0,9,26,72,83,100,180,210,240,300,330,330
