Type,Name,Request Count,Failure Count,Median Response Time,Average Response Time,Min Response Time,Max Response Time,Average Content Size,Requests/s,Failures/s,50%,66%,75%,80%,90%,95%,98%,99%,99.9%,99.99%,100%
GET,/,4708,0,10,200.0951461554798,1.3430999999997084,2882.184500000001,8688.0,247.35652405640943,0.0,10,86,100,170,280,2100,2400,2500,2800,2900,2900
,Aggregated,4708,0,10,200.0951461554798,1.3430999999997084,2882.184500000001,8688.0,247.35652405640943,0.0,10,86,100,170,280,2100,2400,2500,2800,2900,2900
