Type,Name,Request Count,Failure Count,Median Response Time,Average Response Time,Min Response Time,Max Response Time,Average Content Size,Requests/s,Failures/s,50%,66%,75%,80%,90%,95%,98%,99%,99.9%,99.99%,100%
GET,/,2314,0,6,21.292256352636187,1.4541000000001247,325.4628000000002,8688.0,123.43516276351566,0.0,6,8,10,11,67,97,200,230,320,330,330
,Aggregated,2314,0,6,21.292256352636187,1.4541000000001247,325.4628000000002,8688.0,123.43516276351566,0.0,6,8,10,11,67,97,200,230,320,330,330
