Type,Name,Request Count,Failure Count,Median Response Time,Average Response Time,Min Response Time,Max Response Time,Average Content Size,Requests/s,Failures/s,50%,66%,75%,80%,90%,95%,98%,99%,99.9%,99.99%,100%
GET,/,6888,0,11,32.44410730255505,1.7712999999996981,479.01890000000026,8688.0,362.0657950812763,0.0,11,19,33,51,87,120,210,280,440,480,480
,Aggregated,6888,0,11,32.44410730255505,1.7712999999996981,479.01890000000026,8688.0,362.0657950812763,0.0,11,19,33,51,87,120,210,280,440,480,480
