Type,Name,Request Count,Failure Count,Median Response Time,Average Response Time,Min Response Time,Max Response Time,Average Content Size,Requests/s,Failures/s,50%,66%,75%,80%,90%,95%,98%,99%,99.9%,99.99%,100%
GET,/,6687,0,9,36.43474571556749,1.433600000000368,429.9700000000002,8688.0,351.72817104882984,0.0,9,15,47,65,98,190,250,300,420,430,430
,Aggregated,6687,0,9,36.43474571556749,1.433600000000368,429.9700000000002,8688.0,351.72817104882984,0.0,9,15,47,65,98,190,250,300,420,430,430
