Type,Name,Request Count,Failure Count,Median Response Time,Average Response Time,Min Response Time,Max Response Time,Average Content Size,Requests/s,Failures/s,50%,66%,75%,80%,90%,95%,98%,99%,99.9%,99.99%,100%
GET,/,6318,0,9,50.324989395378275,1.3490000000002667,410.23460000000034,8688.0,331.4931318372709,0.0,9,66,88,92,130,200,280,300,350,410,410
,Aggregated,6318,0,9,50.324989395378275,1.3490000000002667,410.23460000000034,8688.0,331.4931318372709,0.0,9,66,88,92,130,200,280,300,350,410,410
