Type,Name,Request Count,Failure Count,Median Response Time,Average Response Time,Min Response Time,Max Response Time,Average Content Size,Requests/s,Failures/s,50%,66%,75%,80%,90%,95%,98%,99%,99.9%,99.99%,100%
GET,/,5600,0,8,30.75896096428581,1.5143000000001905,560.4868,8688.0,294.11695157473406,0.0,8,11,16,23,84,170,270,310,530,560,560
,Aggregated,5600,0,8,30.75896096428581,1.5143000000001905,560.4868,8688.0,294.11695157473406,0.0,8,11,16,23,84,170,270,310,530,560,560
