Type,Name,Request Count,Failure Count,Median Response Time,Average Response Time,Min Response Time,Max Response Time,Average Content Size,Requests/s,Failures/s,50%,66%,75%,80%,90%,95%,98%,99%,99.9%,99.99%,100%
GET,/,6412,0,89,89.61637768247013,1.5834999999988497,497.1540999999995,8688.0,336.10536645143986,0.0,89,97,100,180,200,290,310,390,480,500,500
,Aggregated,6412,0,89,89.61637768247013,1.5834999999988497,497.1540999999995,8688.0,336.10536645143986,0.0,89,97,100,180,200,290,310,390,480,500,500
