Type,Name,Request Count,Failure Count,Median Response Time,Average Response Time,Min Response Time,Max Response Time,Average Content Size,Requests/s,Failures/s,50%,66%,75%,80%,90%,95%,98%,99%,99.9%,99.99%,100%
GET,/,8469,0,13,53.000854481048336,1.3440999999971837,392.0903999999998,8688.0,444.0047828913874,0.0,13,67,86,93,160,200,280,290,310,390,390
,Aggregated,8469,0,13,53.000854481048336,1.3440999999971837,392.0903999999998,8688.0,444.0047828913874,0.0,13,67,86,93,160,200,280,290,310,390,390
