Type,Name,Request Count,Failure Count,Median Response Time,Average Response Time,Min Response Time,Max Response Time,Average Content Size,Requests/s,Failures/s,50%,66%,75%,80%,90%,95%,98%,99%,99.9%,99.99%,100%
GET,/,2512,0,4,21.081520023885325,1.244599999999707,342.2655000000001,8688.0,133.34511080026772,0.0,4,6,9,11,72,95,190,240,340,340,340
,Aggregated,2512,0,4,21.081520023885325,1.244599999999707,342.2655000000001,8688.0,133.34511080026772,0.0,4,6,9,11,72,95,190,240,340,340,340
