Type,Name,Request Count,Failure Count,Median Response Time,Average Response Time,Min Response Time,Max Response Time,Average Content Size,Requests/s,Failures/s,50%,66%,75%,80%,90%,95%,98%,99%,99.9%,99.99%,100%
GET,/,4518,0,6,45.176853519256404,1.2881000000000142,553.8617999999999,8688.0,237.97176632689414,0.0,6,44,81,86,98,200,330,400,520,550,550
,Aggregated,4518,0,6,45.176853519256404,1.2881000000000142,553.8617999999999,8688.0,237.97176632689414,0.0,6,44,81,86,98,200,330,400,520,550,550
