Type,Name,Request Count,Failure Count,Median Response Time,Average Response Time,Min Response Time,Max Response Time,Average Content Size,Requests/s,Failures/s,50%,66%,75%,80%,90%,95%,98%,99%,99.9%,99.99%,100%
GET,/,6552,0,9,29.488989590964525,1.5487999999983515,367.2439999999999,8688.0,344.7435944565602,0.0,9,16,31,55,89,110,180,200,290,370,370
,Aggregated,6552,0,9,29.488989590964525,1.5487999999983515,367.2439999999999,8688.0,344.7435944565602,0.0,9,16,31,55,89,110,180,200,290,370,370
