Type,Name,Request Count,Failure Count,Median Response Time,Average Response Time,Min Response Time,Max Response Time,Average Content Size,Requests/s,Failures/s,50%,66%,75%,80%,90%,95%,98%,99%,99.9%,99.99%,100%
GET,/,3887,0,6,25.7746870337021,1.3676000000000244,480.0122,8688.0,205.0981282360813,0.0,6,8,10,13,78,110,260,290,480,480,480
,Aggregated,3887,0,6,25.7746870337021,1.3676000000000244,480.0122,8688.0,205.0981282360813,0.0,6,8,10,13,78,110,260,290,480,480,480
