Type,Name,Request Count,Failure Count,Median Response Time,Average Response Time,Min Response Time,Max Response Time,Average Content Size,Requests/s,Failures/s,50%,66%,75%,80%,90%,95%,98%,99%,99.9%,99.99%,100%
GET,/,6843,0,92,102.07071714160473,1.3729999999991804,546.4543000000002,8688.0,360.4760465463065,0.0,92,100,150,190,210,290,340,390,460,550,550
,Aggregated,6843,0,92,102.07071714160473,1.3729999999991804,546.4543000000002,8688.0,360.4760465463065,0.0,92,100,150,190,210,290,340,390,460,550,550
