Type,Name,Request Count,Failure Count,Median Response Time,Average Response Time,Min Response Time,Max Response Time,Average Content Size,Requests/s,Failures/s,50%,66%,75%,80%,90%,95%,98%,99%,99.9%,99.99%,100%
GET,/,6571,0,9,41.1028984172881,1.3028000000012696,425.30579999999986,8688.0,344.6865594852378,0.0,9,18,62,77,100,200,290,300,400,430,430
,Aggregated,6571,0,9,41.1028984172881,1.3028000000012696,425.30579999999986,8688.0,344.6865594852378,0.0,9,18,62,77,100,200,290,300,400,430,430
