Type,Name,Request Count,Failure Count,Median Response Time,Average Response Time,Min Response Time,Max Response Time,Average Content Size,Requests/s,Failures/s,50%,66%,75%,80%,90%,95%,98%,99%,99.9%,99.99%,100%
GET,/,5136,0,6,31.780544256230357,1.3714999999994149,417.8378,8688.0,270.06361484814073,0.0,6,9,32,64,93,160,250,300,370,420,420
,Aggregated,5136,0,6,31.780544256230357,1.3714999999994149,417.8378,8688.0,270.06361484814073,0.0,6,9,32,64,93,160,250,300,370,420,420
