Type,Name,Request Count,Failure Count,Median Response Time,Average Response Time,Min Response Time,Max Response Time,Average Content Size,Requests/s,Failures/s,50%,66%,75%,80%,90%,95%,98%,99%,99.9%,99.99%,100%
GET,/,5246,0,100.0,133.91233009912327,1.4834999999990828,557.9844,8688.0,275.8757122632055,0.0,100,180,200,200,250,300,390,400,470,560,560
,Aggregated,5246,0,100.0,133.91233009912327,1.4834999999990828,557.9844,8688.0,275.8757122632055,0.0,100,180,200,200,250,300,390,400,470,560,560
