Type,Name,Request Count,Failure Count,Median Response Time,Average Response Time,Min Response Time,Max Response Time,Average Content Size,Requests/s,Failures/s,50%,66%,75%,80%,90%,95%,98%,99%,99.9%,99.99%,100%
GET,/,6853,0,10,63.06290646432216,1.407400000001502,496.4059000000001,8688.0,359.63730524736707,0.0,10,70,89,95,200,290,340,380,440,500,500
,Aggregated,6853,0,10,63.06290646432216,1.407400000001502,496.4059000000001,8688.0,359.63730524736707,0.0,10,70,89,95,200,290,340,380,440,500,500
