Type,Name,Request Count,Failure Count,Median Response Time,Average Response Time,Min Response Time,Max Response Time,Average Content Size,Requests/s,Failures/s,50%,66%,75%,80%,90%,95%,98%,99%,99.9%,99.99%,100%
GET,/,6934,0,9,35.810643640034705,1.2954999999994499,387.4157,8688.0,363.49643465255303,0.0,9,16,58,75,96,150,220,240,330,390,390
,Aggregated,6934,0,9,35.810643640034705,1.2954999999994499,387.4157,8688.0,363.49643465255303,0.0,9,16,58,75,96,150,220,240,330,390,390
