Type,Name,Request Count,Failure Count,Median Response Time,Average Response Time,Min Response Time,Max Response Time,Average Content Size,Requests/s,Failures/s,50%,66%,75%,80%,90%,95%,98%,99%,99.9%,99.99%,100%
GET,/,6777,0,9,40.41757687767466,1.4325999999975636,401.2159999999998,8688.0,356.11535919346795,0.0,9,16,54,73,100,200,290,300,400,400,400
,Aggregated,6777,0,9,40.41757687767466,1.4325999999975636,401.2159999999998,8688.0,356.11535919346795,0.0,9,16,54,73,100,200,290,300,400,400,400
