Type,Name,Request Count,Failure Count,Median Response Time,Average Response Time,Min Response Time,Max Response Time,Average Content Size,Requests/s,Failures/s,50%,66%,75%,80%,90%,95%,98%,99%,99.9%,99.99%,100%
GET,/,5528,0,8,26.903631476121586,1.3599000000006356,366.0348,8688.0,292.4924826920501,0.0,8,13,17,31,85,110,190,230,360,370,370
,Aggregated,5528,0,8,26.903631476121586,1.3599000000006356,366.0348,8688.0,292.4924826920501,0.0,8,13,17,31,85,110,190,230,360,370,370
