Type,Name,Request Count,Failure Count,Median Response Time,Average Response Time,Min Response Time,Max Response Time,Average Content Size,Requests/s,Failures/s,50%,66%,75%,80%,90%,95%,98%,99%,99.9%,99.99%,100%
GET,/,6340,0,9,32.28145529968449,1.4312999999983589,361.3176,8688.0,332.3802820012153,0.0,9,14,31,60,93,150,200,240,340,360,360
,Aggregated,6340,0,9,32.28145529968449,1.4312999999983589,361.3176,8688.0,332.3802820012153,0.0,9,14,31,60,93,150,200,240,340,360,360
