Type,Name,Request Count,Failure Count,Median Response Time,Average Response Time,Min Response Time,Max Response Time,Average Content Size,Requests/s,Failures/s,50%,66%,75%,80%,90%,95%,98%,99%,99.9%,99.99%,100%
GET,/,6040,0,9,31.90572812913915,1.4313000000001352,353.1563000000002,8688.0,316.5702561120939,0.0,9,13,39,62,91,120,230,260,340,350,350
,Aggregated,6040,0,9,31.90572812913915,1.4313000000001352,353.1563000000002,8688.0,316.5702561120939,0.0,9,13,39,62,91,120,230,260,340,350,350
