Type,Name,Request Count,Failure Count,Median Response Time,Average Response Time,Min Response Time,Max Response Time,Average Content Size,Requests/s,Failures/s,50%,66%,75%,80%,90%,95%,98%,99%,99.9%,99.99%,100%
GET,/,6965,0,8,36.074241033740094,1.3113999999987414,419.8655000000002,8688.0,365.9983965558525,0.0,8,13,46,68,99,190,270,300,390,420,420
,Aggregated,6965,0,8,36.074241033740094,1.3113999999987414,419.8655000000002,8688.0,365.9983965558525,0.0,8,13,46,68,99,190,270,300,390,420,420
