Type,Name,Request Count,Failure Count,Median Response Time,Average Response Time,Min Response Time,Max Response Time,Average Content Size,Requests/s,Failures/s,50%,66%,75%,80%,90%,95%,98%,99%,99.9%,99.99%,100%
GET,/,5323,0,9,38.5591509299268,1.3778000000002066,661.3060000000002,8688.0,279.7015025342071,0.0,9,16,38,67,94,190,300,390,570,660,660
,Aggregated,5323,0,9,38.5591509299268,1.3778000000002066,661.3060000000002,8688.0,279.7015025342071,0.0,9,16,38,67,94,190,300,390,570,660,660
