Type,Name,Request Count,Failure Count,Median Response Time,Average Response Time,Min Response Time,Max Response Time,Average Content Size,Requests/s,Failures/s,50%,66%,75%,80%,90%,95%,98%,99%,99.9%,99.99%,100%
GET,/,5169,0,10,66.33460570710031,1.579299999999506,636.4981000000002,8688.0,271.3652710723519,0.0,10,76,90,97,200,300,380,410,630,640,640
,Aggregated,5169,0,10,66.33460570710031,1.579299999999506,636.4981000000002,8688.0,271.3652710723519,0.0,10,76,90,97,200,300,380,410,630,640,640
