Type,Name,Request Count,Failure Count,Median Response Time,Average Response Time,Min Response Time,Max Response Time,Average Content Size,Requests/s,Failures/s,50%,66%,75%,80%,90%,95%,98%,99%,99.9%,99.99%,100%
GET,/,5107,0,7,36.13180932054045,1.2781000000003928,377.6533999999998,8688.0,268.5594491667274,0.0,7,11,59,76,100,180,230,260,360,380,380
,Aggregated,5107,0,7,36.13180932054045,1.2781000000003928,377.6533999999998,8688.0,268.5594491667274,0.0,7,11,59,76,100,180,230,260,360,380,380
