Type,Name,Request Count,Failure Count,Median Response Time,Average Response Time,Min Response Time,Max Response Time,Average Content Size,Requests/s,Failures/s,50%,66%,75%,80%,90%,95%,98%,99%,99.9%,99.99%,100%
GET,/,3178,0,7,23.578155884203944,1.3484000000003604,319.8177,8688.0,168.8358770266657,0.0,7,10,12,15,77,110,200,220,310,320,320
,Aggregated,3178,0,7,23.578155884203944,1.3484000000003604,319.8177,8688.0,168.8358770266657,0.0,7,10,12,15,77,110,200,220,310,320,320
