Type,Name,Request Count,Failure Count,Median Response Time,Average Response Time,Min Response Time,Max Response Time,Average Content Size,Requests/s,Failures/s,50%,66%,75%,80%,90%,95%,98%,99%,99.9%,99.99%,100%
GET,/,3955,0,5,26.21172619469023,1.1967999999988876,351.8144000000003,8688.0,208.1347912190698,0.0,5,8,11,14,80,180,250,300,340,350,350
,Aggregated,3955,0,5,26.21172619469023,1.1967999999988876,351.8144000000003,8688.0,208.1347912190698,0.0,5,8,11,14,80,180,250,300,340,350,350
