Type,Name,Request Count,Failure Count,Median Response Time,Average Response Time,Min Response Time,Max Response Time,Average Content Size,Requests/s,Failures/s,50%,66%,75%,80%,90%,95%,98%,99%,99.9%,99.99%,100%
GET,/,6190,0,14,67.82659106623562,1.2806999999988022,484.4292000000001,8688.0,325.20988741084886,0.0,14,87,95,99,190,280,300,390,410,480,480
,Aggregated,6190,0,14,67.82659106623562,1.2806999999988022,484.4292000000001,8688.0,325.20988741084886,0.0,14,87,95,99,190,280,300,390,410,480,480
