Type,Name,Request Count,Failure Count,Median Response Time,Average Response Time,Min Response Time,Max Response Time,Average Content Size,Requests/s,Failures/s,50%,66%,75%,80%,90%,95%,98%,99%,99.9%,99.99%,100%
GET,/,7026,0,8,35.05389091944217,1.2891000000010422,341.48099999999994,8688.0,368.40159356437636,0.0,8,15,52,71,98,170,210,250,280,340,340
,Aggregated,7026,0,8,35.05389091944217,1.2891000000010422,341.48099999999994,8688.0,368.40159356437636,0.0,8,15,52,71,98,170,210,250,280,340,340
