Type,Name,Request Count,Failure Count,Median Response Time,Average Response Time,Min Response Time,Max Response Time,Average Content Size,Requests/s,Failures/s,50%,66%,75%,80%,90%,95%,98%,99%,99.9%,99.99%,100%
GET,/,7206,0,10,39.65762010824309,1.398999999999262,397.9372999999997,8688.0,378.6987150258509,0.0,10,17,58,80,100,190,260,290,370,400,400
,Aggregated,7206,0,10,39.65762010824309,1.398999999999262,397.9372999999997,8688.0,378.6987150258509,0.0,10,17,58,80,100,190,260,290,370,400,400
