Type,Name,Request Count,Failure Count,Median Response Time,Average Response Time,Min Response Time,Max Response Time,Average Content Size,Requests/s,Failures/s,50%,66%,75%,80%,90%,95%,98%,99%,99.9%,99.99%,100%
GET,/,5505,0,300.0,285.6406990735708,2.353100000000552,801.4638999999999,8688.0,288.6496831855176,0.0,300,310,390,400,490,510,600,610,700,800,800
,Aggregated,5505,0,300.0,285.6406990735708,2.353100000000552,801.4638999999999,8688.0,288.6496831855176,0.0,300,310,390,400,490,510,600,610,700,800,800
