Type,Name,Request Count,Failure Count,Median Response Time,Average Response Time,Min Response Time,Max Response Time,Average Content Size,Requests/s,Failures/s,50%,66%,75%,80%,90%,95%,98%,99%,99.9%,99.99%,100%
GET,/,6247,0,8,34.229389514967146,1.3071000000017818,392.986800000001,8688.0,328.35911403977104,0.0,8,13,46,68,97,160,220,270,330,390,390
,Aggregated,6247,0,8,34.229389514967146,1.3071000000017818,392.986800000001,8688.0,328.35911403977104,0.0,8,13,46,68,97,160,220,270,330,390,390
