Type,Name,Request Count,Failure Count,Median Response Time,Average Response Time,Min Response Time,Max Response Time,Average Content Size,Requests/s,Failures/s,50%,66%,75%,80%,90%,95%,98%,99%,99.9%,99.99%,100%
GET,/,6591,0,8,31.32583997875898,1.1972000000000094,347.8892999999998,8688.0,345.81318886414954,0.0,8,12,27,60,94,140,200,230,310,350,350
,Aggregated,6591,0,8,31.32583997875898,1.1972000000000094,347.8892999999998,8688.0,345.81318886414954,0.0,8,12,27,60,94,140,200,230,310,350,350
