Type,Name,Request Count,Failure Count,Median Response Time,Average Response Time,Min Response Time,Max Response Time,Average Content Size,Requests/s,Failures/s,50%,66%,75%,80%,90%,95%,98%,99%,99.9%,99.99%,100%
GET,/,6600,0,10,55.05617674242401,1.2626000000004467,463.0791000000003,8688.0,346.30785786163904,0.0,10,75,89,94,170,200,300,340,390,460,460
,Aggregated,6600,0,10,55.05617674242401,1.2626000000004467,463.0791000000003,8688.0,346.30785786163904,0.0,10,75,89,94,170,200,300,340,390,460,460
