Type,Name,Request Count,Failure Count,Median Response Time,Average Response Time,Min Response Time,Max Response Time,Average Content Size,Requests/s,Failures/s,50%,66%,75%,80%,90%,95%,98%,99%,99.9%,99.99%,100%
GET,/,6975,0,94,112.85966240860174,1.542699999999897,606.5393000000015,8688.0,366.1543902657075,0.0,94,100,180,190,250,310,400,490,580,610,610
,Aggregated,6975,0,94,112.85966240860174,1.542699999999897,606.5393000000015,8688.0,366.1543902657075,0.0,94,100,180,190,250,310,400,490,580,610,610
