Type,Name,Request Count,Failure Count,Median Response Time,Average Response Time,Min Response Time,Max Response Time,Average Content Size,Requests/s,Failures/s,50%,66%,75%,80%,90%,95%,98%,99%,99.9%,99.99%,100%
GET,/,7774,0,12,39.071421404682205,1.3296999999994341,390.5389000000001,8688.0,407.3787031737939,0.0,12,26,63,78,99,180,210,270,320,390,390
,Aggregated,7774,0,12,39.071421404682205,1.3296999999994341,390.5389000000001,8688.0,407.3787031737939,0.0,12,26,63,78,99,180,210,270,320,390,390
