Type,Name,Request Count,Failure Count,Median Response Time,Average Response Time,Min Response Time,Max Response Time,Average Content Size,Requests/s,Failures/s,50%,66%,75%,80%,90%,95%,98%,99%,99.9%,99.99%,100%
GET,/,5448,0,8,32.25872712922177,1.4828999999991765,504.2779999999998,8688.0,286.3033872156275,0.0,8,14,25,56,88,120,260,300,420,500,500
,Aggregated,5448,0,8,32.25872712922177,1.4828999999991765,504.2779999999998,8688.0,286.3033872156275,0.0,8,14,25,56,88,120,260,300,420,500,500
