Type,Name,Request Count,Failure Count,Median Response Time,Average Response Time,Min Response Time,Max Response Time,Average Content Size,Requests/s,Failures/s,50%,66%,75%,80%,90%,95%,98%,99%,99.9%,99.99%,100%
GET,/,5960,0,8,29.523572399328863,1.4918000000001541,552.3747000000001,8688.0,314.35091624966026,0.0,8,12,17,49,90,110,190,270,550,550,550
,Aggregated,5960,0,8,29.523572399328863,1.4918000000001541,552.3747000000001,8688.0,314.35091624966026,0.0,8,12,17,49,90,110,190,270,550,550,550
