Type,Name,Request Count,Failure Count,Median Response Time,Average Response Time,Min Response Time,Max Response Time,Average Content Size,Requests/s,Failures/s,50%,66%,75%,80%,90%,95%,98%,99%,99.9%,99.99%,100%
GET,/,5527,0,10,31.25442609010309,1.457099999999656,393.1742999999996,8688.0,291.17939498707193,0.0,10,16,27,51,86,130,220,270,340,390,390
,Aggregated,5527,0,10,31.25442609010309,1.457099999999656,393.1742999999996,8688.0,291.17939498707193,0.0,10,16,27,51,86,130,220,270,340,390,390
