Type,Name,Request Count,Failure Count,Median Response Time,Average Response Time,Min Response Time,Max Response Time,Average Content Size,Requests/s,Failures/s,50%,66%,75%,80%,90%,95%,98%,99%,99.9%,99.99%,100%
GET,/,6997,0,13,34.20453188509363,1.3871999999999218,344.92370000000074,8688.0,368.16301830712337,0.0,13,20,48,63,94,130,180,220,290,340,340
,Aggregated,6997,0,13,34.20453188509363,1.3871999999999218,344.92370000000074,8688.0,368.16301830712337,0.0,13,20,48,63,94,130,180,220,290,340,340
