Type,Name,Request Count,Failure Count,Median Response Time,Average Response Time,Min Response Time,Max Response Time,Average Content Size,Requests/s,Failures/s,50%,66%,75%,80%,90%,95%,98%,99%,99.9%,99.99%,100%
GET,/,4874,0,8,33.158574025441176,1.6543000000002195,417.22020000000003,8688.0,255.60175022672533,0.0,8,12,25,60,96,170,210,300,410,420,420
,Aggregated,4874,0,8,33.158574025441176,1.6543000000002195,417.22020000000003,8688.0,255.60175022672533,0.0,8,12,25,60,96,170,210,300,410,420,420
