Type,Name,Request Count,Failure Count,Median Response Time,Average Response Time,Min Response Time,Max Response Time,Average Content Size,Requests/s,Failures/s,50%,66%,75%,80%,90%,95%,98%,99%,99.9%,99.99%,100%
GET,/,5179,0,9,26.896913207182855,1.3804999999997847,274.10360000000014,8688.0,273.73892326645336,0.0,9,13,20,46,85,100,170,190,270,270,270
,Aggregated,5179,0,9,26.896913207182855,1.3804999999997847,274.10360000000014,8688.0,273.73892326645336,0.0,9,13,20,46,85,100,170,190,270,270,270
