Type,Name,Request Count,Failure Count,Median Response Time,Average Response Time,Min Response Time,Max Response Time,Average Content Size,Requests/s,Failures/s,50%,66%,75%,80%,90%,95%,98%,99%,99.9%,99.99%,100%
GET,/,7994,0,81,78.29942234175637,1.5351999999992927,508.45019999999954,8688.0,418.05394926616646,0.0,81,93,100,110,190,220,300,330,400,510,510
,Aggregated,7994,0,81,78.29942234175637,1.5351999999992927,508.45019999999954,8688.0,418.05394926616646,0.0,81,93,100,110,190,220,300,330,400,510,510
