Type,Name,Request Count,Failure Count,Median Response Time,Average Response Time,Min Response Time,Max Response Time,Average Content Size,Requests/s,Failures/s,50%,66%,75%,80%,90%,95%,98%,99%,99.9%,99.99%,100%
GET,/,6817,0,9,33.563689746222764,1.425600000001026,468.81299999999993,8688.0,358.42617104690345,0.0,9,13,47,65,93,120,210,280,430,470,470
,Aggregated,6817,0,9,33.563689746222764,1.425600000001026,468.81299999999993,8688.0,358.42617104690345,0.0,9,13,47,65,93,120,210,280,430,470,470
