Type,Name,Request Count,Failure Count,Median Response Time,Average Response Time,Min Response Time,Max Response Time,Average Content Size,Requests/s,Failures/s,50%,66%,75%,80%,90%,95%,98%,99%,99.9%,99.99%,100%
GET,/,2728,0,4,23.117061913489717,1.1361000000000843,383.30620000000005,8688.0,145.28226511740718,0.0,4,6,8,12,84,97,220,250,350,380,380
,Aggregated,2728,0,4,23.117061913489717,1.1361000000000843,383.30620000000005,8688.0,145.28226511740718,0.0,4,6,8,12,84,97,220,250,350,380,380
