Type,Name,Request Count,Failure Count,Median Response Time,Average Response Time,Min Response Time,Max Response Time,Average Content Size,Requests/s,Failures/s,50%,66%,75%,80%,90%,95%,98%,99%,99.9%,99.99%,100%
GET,/,5230,0,9,27.18108973231363,1.313699999998974,363.04159999999985,8688.0,276.00176913226557,0.0,9,13,17,21,74,130,230,290,360,360,360
,Aggregated,5230,0,9,27.18108973231363,1.313699999998974,363.04159999999985,8688.0,276.00176913226557,0.0,9,13,17,21,74,130,230,290,360,360,360
