Type,Name,Request Count,Failure Count,Median Response Time,Average Response Time,Min Response Time,Max Response Time,Average Content Size,Requests/s,Failures/s,50%,66%,75%,80%,90%,95%,98%,99%,99.9%,99.99%,100%
GET,/,6843,0,76,87.93645808855786,1.3678999999999775,500.74910000000017,8688.0,358.7528295592523,0.0,76,99,110,190,210,290,300,380,490,500,500
,Aggregated,6843,0,76,87.93645808855786,1.3678999999999775,500.74910000000017,8688.0,358.7528295592523,0.0,76,99,110,190,210,290,300,380,490,500,500
