Type,Name,Request Count,Failure Count,Median Response Time,Average Response Time,Min Response Time,Max Response Time,Average Content Size,Requests/s,Failures/s,50%,66%,75%,80%,90%,95%,98%,99%,99.9%,99.99%,100%
GET,/,4499,0,7,30.708090042231404,1.3094999999996304,357.50780000000003,8688.0,236.17512383184817,0.0,7,12,22,60,91,140,200,290,350,360,360
,Aggregated,4499,0,7,30.708090042231404,1.3094999999996304,357.50780000000003,8688.0,236.17512383184817,0.0,7,12,22,60,91,140,200,290,350,360,360
