Type,Name,Request Count,Failure Count,Median Response Time,Average Response Time,Min Response Time,Max Response Time,Average Content Size,Requests/s,Failures/s,50%,66%,75%,80%,90%,95%,98%,99%,99.9%,99.99%,100%
GET,/,3435,0,6,32.45781505094613,1.315200000000516,466.14390000000003,8688.0,180.53227133552213,0.0,6,8,11,53,93,180,300,380,400,470,470
,Aggregated,3435,0,6,32.45781505094613,1.315200000000516,466.14390000000003,8688.0,180.53227133552213,0.0,6,8,11,53,93,180,300,380,400,470,470
