Type,Name,Request Count,Failure Count,Median Response Time,Average Response Time,Min Response Time,Max Response Time,Average Content Size,Requests/s,Failures/s,50%,66%,75%,80%,90%,95%,98%,99%,99.9%,99.99%,100%
GET,/,4635,0,5,28.330193139158524,1.3252000000001374,458.61259999999993,8688.0,244.3788105310898,0.0,5,7,10,39,88,140,250,310,390,460,460
,Aggregated,4635,0,5,28.330193139158524,1.3252000000001374,458.61259999999993,8688.0,244.3788105310898,0.0,5,7,10,39,88,140,250,310,390,460,460
