Type,Name,Request Count,Failure Count,Median Response Time,Average Response Time,Min Response Time,Max Response Time,Average Content Size,Requests/s,Failures/s,50%,66%,75%,80%,90%,95%,98%,99%,99.9%,99.99%,100%
GET,/,5264,0,9,29.78552667173236,1.42020000000187,322.9696999999998,8688.0,276.27908471590086,0.0,9,12,19,49,89,120,210,240,300,320,320
,Aggregated,5264,0,9,29.78552667173236,1.42020000000187,322.9696999999998,8688.0,276.27908471590086,0.0,9,12,19,49,89,120,210,240,300,320,320
