Type,Name,Request Count,Failure Count,Median Response Time,Average Response Time,Min Response Time,Max Response Time,Average Content Size,Requests/s,Failures/s,50%,66%,75%,80%,90%,95%,98%,99%,99.9%,99.99%,100%
GET,/,6834,0,67,68.04633211881757,1.3615999999991857,472.41120000000024,8688.0,358.3329356200236,0.0,67,89,95,98,150,240,300,360,470,470,470
,Aggregated,6834,0,67,68.04633211881757,1.3615999999991857,472.41120000000024,8688.0,358.3329356200236,0.0,67,89,95,98,150,240,300,360,470,470,470
