Type,Name,Request Count,Failure Count,Median Response Time,Average Response Time,Min Response Time,Max Response Time,Average Content Size,Requests/s,Failures/s,50%,66%,75%,80%,90%,95%,98%,99%,99.9%,99.99%,100%
GET,/,7786,0,14,43.160129334703434,1.4447999999998018,561.2820999999997,8688.0,407.9055183734377,0.0,14,25,63,79,100,190,260,300,540,560,560
,Aggregated,7786,0,14,43.160129334703434,1.4447999999998018,561.2820999999997,8688.0,407.9055183734377,0.0,14,25,63,79,100,190,260,300,540,560,560
