Type,Name,Request Count,Failure Count,Median Response Time,Average Response Time,Min Response Time,Max Response Time,Average Content Size,Requests/s,Failures/s,50%,66%,75%,80%,90%,95%,98%,99%,99.9%,99.99%,100%
GET,/,1857,0,4,38.72989246095849,1.320599999999672,631.794,8688.0,97.71967747280141,0.0,4,5,6,8,90,200,520,610,630,630,630
,Aggregated,1857,0,4,38.72989246095849,1.320599999999672,631.794,8688.0,97.71967747280141,0.0,4,5,6,8,90,200,520,610,630,630,630
