Type,Name,Request Count,Failure Count,Median Response Time,Average Response Time,Min Response Time,Max Response Time,Average Content Size,Requests/s,Failures/s,50%,66%,75%,80%,90%,95%,98%,99%,99.9%,99.99%,100%
GET,/,6731,0,7,47.609100638835045,1.2881999999994065,493.9286000000003,8688.0,353.3728502064698,0.0,7,46,81,89,130,200,300,380,470,490,490
,Aggregated,6731,0,7,47.609100638835045,1.2881999999994065,493.9286000000003,8688.0,353.3728502064698,0.0,7,46,81,89,130,200,300,380,470,490,490
