Type,Name,Request Count,Failure Count,Median Response Time,Average Response Time,Min Response Time,Max Response Time,Average Content Size,Requests/s,Failures/s,50%,66%,75%,80%,90%,95%,98%,99%,99.9%,99.99%,100%
GET,/,6813,0,10,31.806462233964584,1.4558999999998434,298.0981000000007,8688.0,358.1002657424966,0.0,10,16,40,65,89,130,190,240,280,300,300
,Aggregated,6813,0,10,31.806462233964584,1.4558999999998434,298.0981000000007,8688.0,358.1002657424966,0.0,10,16,40,65,89,130,190,240,280,300,300
