Type,Name,Request Count,Failure Count,Median Response Time,Average Response Time,Min Response Time,Max Response Time,Average Content Size,Requests/s,Failures/s,50%,66%,75%,80%,90%,95%,98%,99%,99.9%,99.99%,100%
GET,/,5658,0,6,32.13767536231901,1.369900000000257,384.46340000000004,8688.0,297.3267936580015,0.0,6,9,17,59,93,180,280,290,330,380,380
,Aggregated,5658,0,6,32.13767536231901,1.369900000000257,384.46340000000004,8688.0,297.3267936580015,0.0,6,9,17,59,93,180,280,290,330,380,380
