Type,Name,Request Count,Failure Count,Median Response Time,Average Response Time,Min Response Time,Max Response Time,Average Content Size,Requests/s,Failures/s,50%,66%,75%,80%,90%,95%,98%,99%,99.9%,99.99%,100%
GET,/,3106,0,5,27.90512066967156,1.2612000000000734,322.24640000000005,8688.0,163.26805381657556,0.0,5,7,9,21,87,200,220,290,310,320,320
,Aggregated,3106,0,5,27.90512066967156,1.2612000000000734,322.24640000000005,8688.0,163.26805381657556,0.0,5,7,9,21,87,200,220,290,310,320,320
