Type,Name,Request Count,Failure Count,Median Response Time,Average Response Time,Min Response Time,Max Response Time,Average Content Size,Requests/s,Failures/s,50%,66%,75%,80%,90%,95%,98%,99%,99.9%,99.99%,100%
GET,/,7737,0,12,40.42304996768792,1.5938999999995929,388.5786000000002,8688.0,405.4288109492726,0.0,12,42,73,83,99,150,200,260,360,390,390
,Aggregated,7737,0,12,40.42304996768792,1.5938999999995929,388.5786000000002,8688.0,405.4288109492726,0.0,12,42,73,83,99,150,200,260,360,390,390
