Type,Name,Request Count,Failure Count,Median Response Time,Average Response Time,Min Response Time,Max Response Time,Average Content Size,Requests/s,Failures/s,50%,66%,75%,80%,90%,95%,98%,99%,99.9%,99.99%,100%
GET,/,5969,0,9,32.54245878706661,1.4631999999998868,373.9063000000003,8688.0,313.06946340947115,0.0,9,13,34,61,91,160,200,280,370,370,370
,Aggregated,5969,0,9,32.54245878706661,1.4631999999998868,373.9063000000003,8688.0,313.06946340947115,0.0,9,13,34,61,91,160,200,280,370,370,370
