Type,Name,Request Count,Failure Count,Median Response Time,Average Response Time,Min Response Time,Max Response Time,Average Content Size,Requests/s,Failures/s,50%,66%,75%,80%,90%,95%,98%,99%,99.9%,99.99%,100%
GET,/,6617,0,23,65.23744881366162,1.3161999999997676,485.2640000000008,8688.0,347.37658055557455,0.0,23,86,93,98,190,220,300,370,410,490,490
,Aggregated,6617,0,23,65.23744881366162,1.3161999999997676,485.2640000000008,8688.0,347.37658055557455,0.0,23,86,93,98,190,220,300,370,410,490,490
