Type,Name,Request Count,Failure Count,Median Response Time,Average Response Time,Min Response Time,Max Response Time,Average Content Size,Requests/s,Failures/s,50%,66%,75%,80%,90%,95%,98%,99%,99.9%,99.99%,100%
GET,/,6772,0,11,55.94205416420546,1.2843999999994082,597.1929000000005,8688.0,355.18847935811385,0.0,11,76,87,93,130,200,290,410,500,600,600
,Aggregated,6772,0,11,55.94205416420546,1.2843999999994082,597.1929000000005,8688.0,355.18847935811385,0.0,11,76,87,93,130,200,290,410,500,600,600
