Type,Name,Request Count,Failure Count,Median Response Time,Average Response Time,Min Response Time,Max Response Time,Average Content Size,Requests/s,Failures/s,50%,66%,75%,80%,90%,95%,98%,99%,99.9%,99.99%,100%
GET,/,7953,0,14,51.8058636237898,1.4331999999974698,590.5653000000007,8688.0,418.06793379328286,0.0,14,60,81,88,140,200,290,350,510,590,590
,Aggregated,7953,0,14,51.8058636237898,1.4331999999974698,590.5653000000007,8688.0,418.06793379328286,0.0,14,60,81,88,140,200,290,350,510,590,590
