Type,Name,Request Count,Failure Count,Median Response Time,Average Response Time,Min Response Time,Max Response Time,Average Content Size,Requests/s,Failures/s,50%,66%,75%,80%,90%,95%,98%,99%,99.9%,99.99%,100%
GET,/,5512,0,8,32.630931059506565,1.3087000000009397,338.85500000000013,8688.0,289.02236556949197,0.0,8,14,41,67,95,140,210,240,330,340,340
,Aggregated,5512,0,8,32.630931059506565,1.3087000000009397,338.85500000000013,8688.0,289.02236556949197,0.0,8,14,41,67,95,140,210,240,330,340,340
