Type,Name,Request Count,Failure Count,Median Response Time,Average Response Time,Min Response Time,Max Response Time,Average Content Size,Requests/s,Failures/s,50%,66%,75%,80%,90%,95%,98%,99%,99.9%,99.99%,100%
GET,/,5799,0,7,39.23573862734954,1.3623000000002605,424.73530000000005,8688.0,304.91543948726184,0.0,7,14,67,83,100,190,290,300,390,420,420
,Aggregated,5799,0,7,39.23573862734954,1.3623000000002605,424.73530000000005,8688.0,304.91543948726184,0.0,7,14,67,83,100,190,290,300,390,420,420
