Type,Name,Request Count,Failure Count,Median Response Time,Average Response Time,Min Response Time,Max Response Time,Average Content Size,Requests/s,Failures/s,50%,66%,75%,80%,90%,95%,98%,99%,99.9%,99.99%,100%
GET,/,3870,0,5,25.331415219638256,1.221099999999531,457.3288999999998,8688.0,205.123777215368,0.0,5,8,14,18,84,110,200,290,370,460,460
,Aggregated,3870,0,5,25.331415219638256,1.221099999999531,457.3288999999998,8688.0,205.123777215368,0.0,5,8,14,18,84,110,200,290,370,460,460
