Type,Name,Request Count,Failure Count,Median Response Time,Average Response Time,Min Response Time,Max Response Time,Average Content Size,Requests/s,Failures/s,50%,66%,75%,80%,90%,95%,98%,99%,99.9%,99.99%,100%
GET,/,6868,0,10,38.39668864298201,1.3737000000002553,398.3990999999998,8688.0,359.85831357732945,0.0,10,17,56,74,99,180,260,290,380,400,400
,Aggregated,6868,0,10,38.39668864298201,1.3737000000002553,398.3990999999998,8688.0,359.85831357732945,0.0,10,17,56,74,99,180,260,290,380,400,400
