Type,Name,Request Count,Failure Count,Median Response Time,Average Response Time,Min Response Time,Max Response Time,Average Content Size,Requests/s,Failures/s,50%,66%,75%,80%,90%,95%,98%,99%,99.9%,99.99%,100%
GET,/,3919,0,7,53.13307522327128,1.2854000000004362,827.9905000000003,8688.0,205.7858893620173,0.0,7,11,73,87,110,290,470,560,780,830,830
,Aggregated,3919,0,7,53.13307522327128,1.2854000000004362,827.9905000000003,8688.0,205.7858893620173,0.0,7,11,73,87,110,290,470,560,780,830,830
