Type,Name,Request Count,Failure Count,Median Response Time,Average Response Time,Min Response Time,Max Response Time,Average Content Size,Requests/s,Failures/s,50%,66%,75%,80%,90%,95%,98%,99%,99.9%,99.99%,100%
GET,/,5639,0,9,29.457526618194745,1.5508000000004074,370.05920000000003,8688.0,296.3633135550458,0.0,9,13,21,54,88,110,200,240,340,370,370
,Aggregated,5639,0,9,29.457526618194745,1.5508000000004074,370.05920000000003,8688.0,296.3633135550458,0.0,9,13,21,54,88,110,200,240,340,370,370
