Type,Name,Request Count,Failure Count,Median Response Time,Average Response Time,Min Response Time,Max Response Time,Average Content Size,Requests/s,Failures/s,50%,66%,75%,80%,90%,95%,98%,99%,99.9%,99.99%,100%
GET,/,6856,0,11,36.80649708284711,1.6990999999997314,472.7300999999997,8688.0,359.64155023118883,0.0,11,21,50,70,97,140,220,280,370,470,470
,Aggregated,6856,0,11,36.80649708284711,1.6990999999997314,472.7300999999997,8688.0,359.64155023118883,0.0,11,21,50,70,97,140,220,280,370,470,470
