Type,Name,Request Count,Failure Count,Median Response Time,Average Response Time,Min Response Time,Max Response Time,Average Content Size,Requests/s,Failures/s,50%,66%,75%,80%,90%,95%,98%,99%,99.9%,99.99%,100%
GET,/,4632,0,63,76.0984324697754,1.2636000000014747,638.6413000000002,8688.0,243.5218042960229,0.0,64,93,98,100,190,300,400,470,540,640,640
,Aggregated,4632,0,63,76.0984324697754,1.2636000000014747,638.6413000000002,8688.0,243.5218042960229,0.0,64,93,98,100,190,300,400,470,540,640,640
