Type,Name,Request Count,Failure Count,Median Response Time,Average Response Time,Min Response Time,Max Response Time,Average Content Size,Requests/s,Failures/s,50%,66%,75%,80%,90%,95%,98%,99%,99.9%,99.99%,100%
GET,/,8526,0,16,48.027491860192306,1.312000000000424,409.8357000000004,8688.0,446.46433382713207,0.0,16,51,75,84,110,190,280,300,390,410,410
,Aggregated,8526,0,16,48.027491860192306,1.312000000000424,409.8357000000004,8688.0,446.46433382713207,0.0,16,51,75,84,110,190,280,300,390,410,410
