Type,Name,Request Count,Failure Count,Median Response Time,Average Response Time,Min Response Time,Max Response Time,Average Content Size,Requests/s,Failures/s,50%,66%,75%,80%,90%,95%,98%,99%,99.9%,99.99%,100%
GET,/,5646,0,7,39.238128427205226,1.3854000000002031,481.1371999999996,8688.0,296.38461553576644,0.0,7,13,71,83,97,170,290,360,450,480,480
,Aggregated,5646,0,7,39.238128427205226,1.3854000000002031,481.1371999999996,8688.0,296.38461553576644,0.0,7,13,71,83,97,170,290,360,450,480,480
