Type,Name,Request Count,Failure Count,Median Response Time,Average Response Time,Min Response Time,Max Response Time,Average Content Size,Requests/s,Failures/s,50%,66%,75%,80%,90%,95%,98%,99%,99.9%,99.99%,100%
GET,/,6440,0,7,30.374557810559132,1.1879999999990787,381.80919999999975,8688.0,338.53229434264057,0.0,7,12,18,50,91,140,260,300,350,380,380
,Aggregated,6440,0,7,30.374557810559132,1.1879999999990787,381.80919999999975,8688.0,338.53229434264057,0.0,7,12,18,50,91,140,260,300,350,380,380
