Type,Name,Request Count,Failure Count,Median Response Time,Average Response Time,Min Response Time,Max Response Time,Average Content Size,Requests/s,Failures/s,50%,66%,75%,80%,90%,95%,98%,99%,99.9%,99.99%,100%
GET,/,5128,0,7,24.403566049141986,1.2208999999998582,377.8117000000001,8688.0,272.49423769032063,0.0,7,10,15,24,79,100,190,240,360,380,380
,Aggregated,5128,0,7,24.403566049141986,1.2208999999998582,377.8117000000001,8688.0,272.49423769032063,0.0,7,10,15,24,79,100,190,240,360,380,380
