Type,Name,Request Count,Failure Count,Median Response Time,Average Response Time,Min Response Time,Max Response Time,Average Content Size,Requests/s,Failures/s,50%,66%,75%,80%,90%,95%,98%,99%,99.9%,99.99%,100%
GET,/,6535,0,10,77.19985833205823,1.1209000000000913,778.7813000000003,8688.0,343.1626462725485,0.0,10,86,97,100,200,350,500,590,700,780,780
,Aggregated,6535,0,10,77.19985833205823,1.1209000000000913,778.7813000000003,8688.0,343.1626462725485,0.0,10,86,97,100,200,350,500,590,700,780,780
