Type,Name,Request Count,Failure Count,Median Response Time,Average Response Time,Min Response Time,Max Response Time,Average Content Size,Requests/s,Failures/s,50%,66%,75%,80%,90%,95%,98%,99%,99.9%,99.99%,100%
GET,/,6313,0,8,31.90786728971958,1.2844999999988005,492.99530000000004,8688.0,331.8096018897476,0.0,8,13,42,61,91,110,210,320,400,490,490
,Aggregated,6313,0,8,31.90786728971958,1.2844999999988005,492.99530000000004,8688.0,331.8096018897476,0.0,8,13,42,61,91,110,210,320,400,490,490
