Type,Name,Request Count,Failure Count,Median Response Time,Average Response Time,Min Response Time,Max Response Time,Average Content Size,Requests/s,Failures/s,50%,66%,75%,80%,90%,95%,98%,99%,99.9%,99.99%,100%
GET,/,6846,0,7,34.17563588957065,1.1494000000000781,397.8280999999999,8688.0,360.2323624399939,0.0,7,12,17,50,110,190,230,290,350,400,400
,Aggregated,6846,0,7,34.17563588957065,1.1494000000000781,397.8280999999999,8688.0,360.2323624399939,0.0,7,12,17,50,110,190,230,290,350,400,400
