Type,Name,Request Count,Failure Count,Median Response Time,Average Response Time,Min Response Time,Max Response Time,Average Content Size,Requests/s,Failures/s,50%,66%,75%,80%,90%,95%,98%,99%,99.9%,99.99%,100%
GET,/,3409,0,4,29.75087846875909,1.2359999999995708,497.7654,8688.0,179.17054770588385,0.0,4,5,7,9,84,210,300,360,460,500,500
,Aggregated,3409,0,4,29.75087846875909,1.2359999999995708,497.7654,8688.0,179.17054770588385,0.0,4,5,7,9,84,210,300,360,460,500,500
