Type,Name,Request Count,Failure Count,Median Response Time,Average Response Time,Min Response Time,Max Response Time,Average Content Size,Requests/s,Failures/s,50%,66%,75%,80%,90%,95%,98%,99%,99.9%,99.99%,100%
GET,/,5912,0,8,28.92553543640051,1.2654000000003052,392.65090000000004,8688.0,312.4368656906639,0.0,8,14,24,51,86,110,190,240,300,390,390
,Aggregated,5912,0,8,28.92553543640051,1.2654000000003052,392.65090000000004,8688.0,312.4368656906639,0.0,8,14,24,51,86,110,190,240,300,390,390
