Type,Name,Request Count,Failure Count,Median Response Time,Average Response Time,Min Response Time,Max Response Time,Average Content Size,Requests/s,Failures/s,50%,66%,75%,80%,90%,95%,98%,99%,99.9%,99.99%,100%
GET,/,5156,0,5,31.44980853374708,1.2609000000001203,495.00319999999977,8688.0,270.7924197766507,0.0,5,7,15,48,95,170,300,330,480,500,500
,Aggregated,5156,0,5,31.44980853374708,1.2609000000001203,495.00319999999977,8688.0,270.7924197766507,0.0,5,7,15,48,95,170,300,330,480,500,500
