Type,Name,Request Count,Failure Count,Median Response Time,Average Response Time,Min Response Time,Max Response Time,Average Content Size,Requests/s,Failures/s,50%,66%,75%,80%,90%,95%,98%,99%,99.9%,99.99%,100%
GET,/,5650,0,6,36.39705522123874,1.1018999999983237,394.0206000000002,8688.0,296.252689662718,0.0,6,8,23,68,100,200,290,300,360,390,390
,Aggregated,5650,0,6,36.39705522123874,1.1018999999983237,394.0206000000002,8688.0,296.252689662718,0.0,6,8,23,68,100,200,290,300,360,390,390
