Type,Name,Request Count,Failure Count,Median Response Time,Average Response Time,Min Response Time,Max Response Time,Average Content Size,Requests/s,Failures/s,50%,66%,75%,80%,90%,95%,98%,99%,99.9%,99.99%,100%
GET,/,6782,0,7,32.46093118549084,1.2567000000007766,405.28569999999985,8688.0,356.46226580282786,0.0,7,11,38,59,96,190,200,260,400,410,410
,Aggregated,6782,0,7,32.46093118549084,1.2567000000007766,405.28569999999985,8688.0,356.46226580282786,0.0,7,11,38,59,96,190,200,260,400,410,410
