Type,Name,Request Count,Failure Count,Median Response Time,Average Response Time,Min Response Time,Max Response Time,Average Content Size,Requests/s,Failures/s,50%,66%,75%,80%,90%,95%,98%,99%,99.9%,99.99%,100%
GET,/,5779,0,6,31.949575705139267,1.2056999999998652,398.4996999999999,8688.0,303.22075459587325,0.0,6,10,24,58,96,190,210,290,370,400,400
,Aggregated,5779,0,6,31.949575705139267,1.2056999999998652,398.4996999999999,8688.0,303.22075459587325,0.0,6,10,24,58,96,190,210,290,370,400,400
