Type,Name,Request Count,Failure Count,Median Response Time,Average Response Time,Min Response Time,Max Response Time,Average Content Size,Requests/s,Failures/s,50%,66%,75%,80%,90%,95%,98%,99%,99.9%,99.99%,100%
GET,/,8852,0,21,64.08444669001352,1.2332000000014887,415.18859999999955,8688.0,463.74381422258415,0.0,21,86,94,99,190,210,290,300,400,420,420
,Aggregated,8852,0,21,64.08444669001352,1.2332000000014887,415.18859999999955,8688.0,463.74381422258415,0.0,21,86,94,99,190,210,290,300,400,420,420
