Type,Name,Request Count,Failure Count,Median Response Time,Average Response Time,Min Response Time,Max Response Time,Average Content Size,Requests/s,Failures/s,50%,66%,75%,80%,90%,95%,98%,99%,99.9%,99.99%,100%
GET,/,5169,0,97,117.2360668020894,1.1783000000011867,602.4905,8688.0,272.17761053916604,0.0,97,110,190,200,220,310,410,490,580,600,600
,Aggregated,5169,0,97,117.2360668020894,1.1783000000011867,602.4905,8688.0,272.17761053916604,0.0,97,110,190,200,220,310,410,490,580,600,600
