Type,Name,Request Count,Failure Count,Median Response Time,Average Response Time,Min Response Time,Max Response Time,Average Content Size,Requests/s,Failures/s,50%,66%,75%,80%,90%,95%,98%,99%,99.9%,99.99%,100%
GET,/,5961,0,9,33.55396049320594,1.2737999999998806,340.144,8688.0,312.5696602861803,0.0,9,17,46,67,91,130,230,280,300,340,340
,Aggregated,5961,0,9,33.55396049320594,1.2737999999998806,340.144,8688.0,312.5696602861803,0.0,9,17,46,67,91,130,230,280,300,340,340
