Type,Name,Request Count,Failure Count,Median Response Time,Average Response Time,Min Response Time,Max Response Time,Average Content Size,Requests/s,Failures/s,50%,66%,75%,80%,90%,95%,98%,99%,99.9%,99.99%,100%
GET,/,5514,0,5,33.37823692419283,1.1839999999985196,391.7035000000002,8688.0,289.18804130010847,0.0,5,8,12,50,95,200,290,300,380,390,390
,Aggregated,5514,0,5,33.37823692419283,1.1839999999985196,391.7035000000002,8688.0,289.18804130010847,0.0,5,8,12,50,95,200,290,300,380,390,390
