Type,Name,Request Count,Failure Count,Median Response Time,Average Response Time,Min Response Time,Max Response Time,Average Content Size,Requests/s,Failures/s,50%,66%,75%,80%,90%,95%,98%,99%,99.9%,99.99%,100%
GET,/,6448,0,9,33.44072262717124,1.2688000000000699,562.3059000000002,8688.0,339.53460993258614,0.0,9,18,42,60,88,140,200,280,550,560,560
,Aggregated,6448,0,9,33.44072262717124,1.2688000000000699,562.3059000000002,8688.0,339.53460993258614,0.0,9,18,42,60,88,140,200,280,550,560,560
