Type,Name,Request Count,Failure Count,Median Response Time,Average Response Time,Min Response Time,Max Response Time,Average Content Size,Requests/s,Failures/s,50%,66%,75%,80%,90%,95%,98%,99%,99.9%,99.99%,100%
GET,/,3016,0,5,26.242231001326246,1.0799999999999699,353.0582,8688.0,159.62942492667028,0.0,5,6,9,42,88,120,210,250,340,350,350
,Aggregated,3016,0,5,26.242231001326246,1.0799999999999699,353.0582,8688.0,159.62942492667028,0.0,5,6,9,42,88,120,210,250,340,350,350
