Type,Name,Request Count,Failure Count,Median Response Time,Average Response Time,Min Response Time,Max Response Time,Average Content Size,Requests/s,Failures/s,50%,66%,75%,80%,90%,95%,98%,99%,99.9%,99.99%,100%
GET,/,4983,0,6,33.865346678707425,1.2215999999991567,400.84849999999994,8688.0,261.77824986998274,0.0,6,11,19,56,98,190,270,300,400,400,400
,Aggregated,4983,0,6,33.865346678707425,1.2215999999991567,400.84849999999994,8688.0,261.77824986998274,0.0,6,11,19,56,98,190,270,300,400,400,400
