Type,Name,Request Count,Failure Count,Median Response Time,Average Response Time,Min Response Time,Max Response Time,Average Content Size,Requests/s,Failures/s,50%,66%,75%,80%,90%,95%,98%,99%,99.9%,99.99%,100%
GET,/,7891,0,9,41.48522230389032,1.2609000000001203,368.6778999999998,8688.0,413.2913345867797,0.0,9,15,66,83,110,200,280,290,360,370,370
,Aggregated,7891,0,9,41.48522230389032,1.2609000000001203,368.6778999999998,8688.0,413.2913345867797,0.0,9,15,66,83,110,200,280,290,360,370,370
