Type,Name,Request Count,Failure Count,Median Response Time,Average Response Time,Min Response Time,Max Response Time,Average Content Size,Requests/s,Failures/s,50%,66%,75%,80%,90%,95%,98%,99%,99.9%,99.99%,100%
GET,/,6766,0,8,54.093497502217176,1.2641999999996045,480.46349999999995,8688.0,355.5870519808349,0.0,8,66,85,95,180,220,310,380,400,480,480
,Aggregated,6766,0,8,54.093497502217176,1.2641999999996045,480.46349999999995,8688.0,355.5870519808349,0.0,8,66,85,95,180,220,310,380,400,480,480
