Type,Name,Request Count,Failure Count,Median Response Time,Average Response Time,Min Response Time,Max Response Time,Average Content Size,Requests/s,Failures/s,50%,66%,75%,80%,90%,95%,98%,99%,99.9%,99.99%,100%
GET,/,5624,0,7,25.399090042674313,1.2208999999998582,378.0223999999999,8688.0,296.5352138529896,0.0,7,9,13,31,88,110,190,210,290,380,380
,Aggregated,5624,0,7,25.399090042674313,1.2208999999998582,378.0223999999999,8688.0,296.5352138529896,0.0,7,9,13,31,88,110,190,210,290,380,380
