Type,Name,Request Count,Failure Count,Median Response Time,Average Response Time,Min Response Time,Max Response Time,Average Content Size,Requests/s,Failures/s,50%,66%,75%,80%,90%,95%,98%,99%,99.9%,99.99%,100%
GET,/,5128,0,92,93.6085731279252,1.2360999999998512,496.1045,8688.0,269.68013796117674,0.0,92,99,100,180,210,300,330,390,410,500,500
,Aggregated,5128,0,92,93.6085731279252,1.2360999999998512,496.1045,8688.0,269.68013796117674,0.0,92,99,100,180,210,300,330,390,410,500,500
