Type,Name,Request Count,Failure Count,Median Response Time,Average Response Time,Min Response Time,Max Response Time,Average Content Size,Requests/s,Failures/s,50%,66%,75%,80%,90%,95%,98%,99%,99.9%,99.99%,100%
GET,/,4774,0,80,89.3682510054461,1.1558999999996544,602.3411000000003,8688.0,250.62952183533,0.0,80,97,100,190,250,300,400,440,560,600,600
,Aggregated,4774,0,80,89.3682510054461,1.1558999999996544,602.3411000000003,8688.0,250.62952183533,0.0,80,97,100,190,250,300,400,440,560,600,600
