Type,Name,Request Count,Failure Count,Median Response Time,Average Response Time,Min Response Time,Max Response Time,Average Content Size,Requests/s,Failures/s,50%,66%,75%,80%,90%,95%,98%,99%,99.9%,99.99%,100%
GET,/,6812,0,6,31.37393267762772,1.2367000000015338,445.09389999999985,8688.0,357.26571014928084,0.0,6,10,17,56,96,170,240,290,390,450,450
,Aggregated,6812,0,6,31.37393267762772,1.2367000000015338,445.09389999999985,8688.0,357.26571014928084,0.0,6,10,17,56,96,170,240,290,390,450,450
