Type,Name,Request Count,Failure Count,Median Response Time,Average Response Time,Min Response Time,Max Response Time,Average Content Size,Requests/s,Failures/s,50%,66%,75%,80%,90%,95%,98%,99%,99.9%,99.99%,100%
GET,/,7137,0,7,34.550655289337186,1.174999999999926,532.3666000000005,8688.0,374.55310717976,0.0,7,10,25,54,94,160,300,400,490,530,530
,Aggregated,7137,0,7,34.550655289337186,1.174999999999926,532.3666000000005,8688.0,374.55310717976,0.0,7,10,25,54,94,160,300,400,490,530,530
