Type,Name,Request Count,Failure Count,Median Response Time,Average Response Time,Min Response Time,Max Response Time,Average Content Size,Requests/s,Failures/s,50%,66%,75%,80%,90%,95%,98%,99%,99.9%,99.99%,100%
GET,/,4873,0,6,29.252357131130783,1.1795000000027756,385.17930000000035,8688.0,257.1290469860732,0.0,6,9,14,51,87,140,220,290,380,390,390
,Aggregated,4873,0,6,29.252357131130783,1.1795000000027756,385.17930000000035,8688.0,257.1290469860732,0.0,6,9,14,51,87,140,220,290,380,390,390
