Type,Name,Request Count,Failure Count,Median Response Time,Average Response Time,Min Response Time,Max Response Time,Average Content Size,Requests/s,Failures/s,50%,66%,75%,80%,90%,95%,98%,99%,99.9%,99.99%,100%
GET,/,6488,0,7,31.082263039457565,1.3012000000003354,353.92730000000006,8688.0,340.79301995477977,0.0,7,11,34,64,96,130,200,230,330,350,350
,Aggregated,6488,0,7,31.082263039457565,1.3012000000003354,353.92730000000006,8688.0,340.79301995477977,0.0,7,11,34,64,96,130,200,230,330,350,350
