Type,Name,Request Count,Failure Count,Median Response Time,Average Response Time,Min Response Time,Max Response Time,Average Content Size,Requests/s,Failures/s,50%,66%,75%,80%,90%,95%,98%,99%,99.9%,99.99%,100%
GET,/,7970,0,9,44.077502685068694,1.2414000000013914,445.8758999999999,8688.0,417.87634565900896,0.0,9,27,74,86,120,200,240,280,310,450,450
,Aggregated,7970,0,9,44.077502685068694,1.2414000000013914,445.8758999999999,8688.0,417.87634565900896,0.0,9,27,74,86,120,200,240,280,310,450,450
