Type,Name,Request Count,Failure Count,Median Response Time,Average Response Time,Min Response Time,Max Response Time,Average Content Size,Requests/s,Failures/s,50%,66%,75%,80%,90%,95%,98%,99%,99.9%,99.99%,100%
GET,/,3955,0,6,24.104859595448843,1.1746000000005807,347.02829999999983,8688.0,210.3217375793228,0.0,6,8,11,14,80,110,200,230,320,350,350
,Aggregated,3955,0,6,24.104859595448843,1.1746000000005807,347.02829999999983,8688.0,210.3217375793228,0.0,6,8,11,14,80,110,200,230,320,350,350
