Type,Name,Request Count,Failure Count,Median Response Time,Average Response Time,Min Response Time,Max Response Time,Average Content Size,Requests/s,Failures/s,50%,66%,75%,80%,90%,95%,98%,99%,99.9%,99.99%,100%
GET,/,6312,0,8,29.319123906844144,1.2883999999999673,366.1268,8688.0,332.7612591888804,0.0,8,12,33,60,89,110,190,210,280,370,370
,Aggregated,6312,0,8,29.319123906844144,1.2883999999999673,366.1268,8688.0,332.7612591888804,0.0,8,12,33,60,89,110,190,210,280,370,370
