Type,Name,Request Count,Failure Count,Median Response Time,Average Response Time,Min Response Time,Max Response Time,Average Content Size,Requests/s,Failures/s,50%,66%,75%,80%,90%,95%,98%,99%,99.9%,99.99%,100%
GET,/,6678,0,8,31.76881838873925,1.2466999999993789,503.4845999999997,8688.0,350.614980428844,0.0,8,12,21,50,88,160,210,300,470,500,500
,Aggregated,6678,0,8,31.76881838873925,1.2466999999993789,503.4845999999997,8688.0,350.614980428844,0.0,8,12,21,50,88,160,210,300,470,500,500
