Type,Name,Request Count,Failure Count,Median Response Time,Average Response Time,Min Response Time,Max Response Time,Average Content Size,Requests/s,Failures/s,50%,66%,75%,80%,90%,95%,98%,99%,99.9%,99.99%,100%
GET,/,7558,0,8,39.386273551204035,1.2767000000000195,480.5048999999997,8688.0,396.88506504201183,0.0,8,16,72,87,100,180,200,280,370,480,480
,Aggregated,7558,0,8,39.386273551204035,1.2767000000000195,480.5048999999997,8688.0,396.88506504201183,0.0,8,16,72,87,100,180,200,280,370,480,480
