Type,Name,Request Count,Failure Count,Median Response Time,Average Response Time,Min Response Time,Max Response Time,Average Content Size,Requests/s,Failures/s,50%,66%,75%,80%,90%,95%,98%,99%,99.9%,99.99%,100%
GET,/,5043,0,7,27.320046936347307,1.2896000000015562,377.78120000000024,8688.0,267.54392896272094,0.0,7,14,24,49,82,100,190,210,370,380,380
,Aggregated,5043,0,7,27.320046936347307,1.2896000000015562,377.78120000000024,8688.0,267.54392896272094,0.0,7,14,24,49,82,100,190,210,370,380,380
