Type,Name,Request Count,Failure Count,Median Response Time,Average Response Time,Min Response Time,Max Response Time,Average Content Size,Requests/s,Failures/s,50%,66%,75%,80%,90%,95%,98%,99%,99.9%,99.99%,100%
GET,/,6955,0,6,33.641563508267545,1.286100000001511,553.2778999999999,8688.0,365.84110126665814,0.0,6,9,23,61,97,190,270,290,460,550,550
,Aggregated,6955,0,6,33.641563508267545,1.286100000001511,553.2778999999999,8688.0,365.84110126665814,0.0,6,9,23,61,97,190,270,290,460,550,550
