Type,Name,Request Count,Failure Count,Median Response Time,Average Response Time,Min Response Time,Max Response Time,Average Content Size,Requests/s,Failures/s,50%,66%,75%,80%,90%,95%,98%,99%,99.9%,99.99%,100%
GET,/,5118,0,6,31.84608899960927,1.256800000000169,363.8395000000001,8688.0,269.0678442933638,0.0,6,9,45,72,95,160,200,260,340,360,360
,Aggregated,5118,0,6,31.84608899960927,1.256800000000169,363.8395000000001,8688.0,269.0678442933638,0.0,6,9,45,72,95,160,200,260,340,360,360
