Type,Name,Request Count,Failure Count,Median Response Time,Average Response Time,Min Response Time,Max Response Time,Average Content Size,Requests/s,Failures/s,50%,66%,75%,80%,90%,95%,98%,99%,99.9%,99.99%,100%
GET,/,6030,0,5,34.728697479270444,1.134100000001581,557.7866,8688.0,316.4940844251916,0.0,5,11,49,71,96,180,260,300,460,560,560
,Aggregated,6030,0,5,34.728697479270444,1.134100000001581,557.7866,8688.0,316.4940844251916,0.0,5,11,49,71,96,180,260,300,460,560,560
