Type,Name,Request Count,Failure Count,Median Response Time,Average Response Time,Min Response Time,Max Response Time,Average Content Size,Requests/s,Failures/s,50%,66%,75%,80%,90%,95%,98%,99%,99.9%,99.99%,100%
GET,/,4784,0,6,30.120176693143748,1.1887000000001535,430.62330000000014,8688.0,251.86756700858587,0.0,6,9,14,43,89,170,290,310,400,430,430
,Aggregated,4784,0,6,30.120176693143748,1.1887000000001535,430.62330000000014,8688.0,251.86756700858587,0.0,6,9,14,43,89,170,290,310,400,430,430
