Type,Name,Request Count,Failure Count,Median Response Time,Average Response Time,Min Response Time,Max Response Time,Average Content Size,Requests/s,Failures/s,50%,66%,75%,80%,90%,95%,98%,99%,99.9%,99.99%,100%
GET,/,4533,0,6,27.7892010809619,1.1966999999994954,323.0367999999997,8688.0,238.58383030925594,0.0,6,8,12,38,94,170,200,230,280,320,320
,Aggregated,4533,0,6,27.7892010809619,1.1966999999994954,323.0367999999997,8688.0,238.58383030925594,0.0,6,8,12,38,94,170,200,230,280,320,320
