Type,Name,Request Count,Failure Count,Median Response Time,Average Response Time,Min Response Time,Max Response Time,Average Content Size,Requests/s,Failures/s,50%,66%,75%,80%,90%,95%,98%,99%,99.9%,99.99%,100%
GET,/,5864,0,7,30.045598482264722,1.2780000000001124,383.83699999999976,8688.0,308.94223943958144,0.0,7,13,26,61,88,110,200,280,330,380,380
,Aggregated,5864,0,7,30.045598482264722,1.2780000000001124,383.83699999999976,8688.0,308.94223943958144,0.0,7,13,26,61,88,110,200,280,330,380,380
