Type,Name,Request Count,Failure Count,Median Response Time,Average Response Time,Min Response Time,Max Response Time,Average Content Size,Requests/s,Failures/s,50%,66%,75%,80%,90%,95%,98%,99%,99.9%,99.99%,100%
GET,/,6065,0,6,48.833866710634894,1.2473999999995655,507.93040000000025,8688.0,318.328202836344,0.0,6,41,83,91,110,220,330,400,490,510,510
,Aggregated,6065,0,6,48.833866710634894,1.2473999999995655,507.93040000000025,8688.0,318.328202836344,0.0,6,41,83,91,110,220,330,400,490,510,510
