Type,Name,Request Count,Failure Count,Median Response Time,Average Response Time,Min Response Time,Max Response Time,Average Content Size,Requests/s,Failures/s,50%,66%,75%,80%,90%,95%,98%,99%,99.9%,99.99%,100%
GET,/,8080,0,9,40.038572908416064,1.2242999999987347,396.5445999999995,8688.0,423.52634000753324,0.0,9,16,61,77,110,190,280,290,360,400,400
,Aggregated,8080,0,9,40.038572908416064,1.2242999999987347,396.5445999999995,8688.0,423.52634000753324,0.0,9,16,61,77,110,190,280,290,360,400,400
