Type,Name,Request Count,Failure Count,Median Response Time,Average Response Time,Min Response Time,Max Response Time,Average Content Size,Requests/s,Failures/s,50%,66%,75%,80%,90%,95%,98%,99%,99.9%,99.99%,100%
GET,/,4890,0,6,28.448975766871136,1.160300000000447,452.83209999999974,8688.0,258.05845378543944,0.0,6,9,13,48,86,110,210,290,380,450,450
,Aggregated,4890,0,6,28.448975766871136,1.160300000000447,452.83209999999974,8688.0,258.05845378543944,0.0,6,9,13,48,86,110,210,290,380,450,450
