Type,Name,Request Count,Failure Count,Median Response Time,Average Response Time,Min Response Time,Max Response Time,Average Content Size,Requests/s,Failures/s,50%,66%,75%,80%,90%,95%,98%,99%,99.9%,99.99%,100%
GET,/,8285,0,9,49.31075374773709,1.3202000000003267,458.1100999999999,8688.0,434.2616432935974,0.0,9,54,79,87,150,200,290,330,410,460,460
,Aggregated,8285,0,9,49.31075374773709,1.3202000000003267,458.1100999999999,8688.0,434.2616432935974,0.0,9,54,79,87,150,200,290,330,410,460,460
