Type,Name,Request Count,Failure Count,Median Response Time,Average Response Time,Min Response Time,Max Response Time,Average Content Size,Requests/s,Failures/s,50%,66%,75%,80%,90%,95%,98%,99%,99.9%,99.99%,100%
GET,/,7270,0,11,31.39494602475927,1.2847999999987536,493.50689999999986,8688.0,382.3741430997882,0.0,11,18,30,57,87,110,200,270,380,490,490
,Aggregated,7270,0,11,31.39494602475927,1.2847999999987536,493.50689999999986,8688.0,382.3741430997882,0.0,11,18,30,57,87,110,200,270,380,490,490
