Type,Name,Request Count,Failure Count,Median Response Time,Average Response Time,Min Response Time,Max Response Time,Average Content Size,Requests/s,Failures/s,50%,66%,75%,80%,90%,95%,98%,99%,99.9%,99.99%,100%
GET,/,5457,0,5,33.924858933479946,1.27639999999829,514.523,8688.0,287.0441387961093,0.0,5,8,14,60,98,190,240,390,440,510,510
,Aggregated,5457,0,5,33.924858933479946,1.27639999999829,514.523,8688.0,287.0441387961093,0.0,5,8,14,60,98,190,240,390,440,510,510
