Type,Name,Request Count,Failure Count,Median Response Time,Average Response Time,Min Response Time,Max Response Time,Average Content Size,Requests/s,Failures/s,50%,66%,75%,80%,90%,95%,98%,99%,99.9%,99.99%,100%
GET,/,7203,0,7,34.15586204359294,1.2922999999993579,393.4167000000004,8688.0,378.5093984343982,0.0,7,12,35,63,99,180,230,280,390,390,390
,Aggregated,7203,0,7,34.15586204359294,1.2922999999993579,393.4167000000004,8688.0,378.5093984343982,0.0,7,12,35,63,99,180,230,280,390,390,390
