Type,Name,Request Count,Failure Count,Median Response Time,Average Response Time,Min Response Time,Max Response Time,Average Content Size,Requests/s,Failures/s,50%,66%,75%,80%,90%,95%,98%,99%,99.9%,99.99%,100%
GET,/,8486,0,8,48.50373265378276,1.1997999999984188,495.4597999999999,8688.0,445.89540072912,0.0,8,49,82,93,120,210,290,300,400,500,500
,Aggregated,8486,0,8,48.50373265378276,1.1997999999984188,495.4597999999999,8688.0,445.89540072912,0.0,8,49,82,93,120,210,290,300,400,500,500
