Type,Name,Request Count,Failure Count,Median Response Time,Average Response Time,Min Response Time,Max Response Time,Average Content Size,Requests/s,Failures/s,50%,66%,75%,80%,90%,95%,98%,99%,99.9%,99.99%,100%
GET,/,2764,0,5,23.57762185238782,1.138900000000831,343.37970000000007,8688.0,146.81163732831064,0.0,5,6,8,10,78,99,200,280,340,340,340
,Aggregated,2764,0,5,23.57762185238782,1.138900000000831,343.37970000000007,8688.0,146.81163732831064,0.0,5,6,8,10,78,99,200,280,340,340,340
