Type,Name,Request Count,Failure Count,Median Response Time,Average Response Time,Min Response Time,Max Response Time,Average Content Size,Requests/s,Failures/s,50%,66%,75%,80%,90%,95%,98%,99%,99.9%,99.99%,100%
GET,/,3493,0,5,39.97081294016618,1.1499000000014803,533.5623999999997,8688.0,183.63977648515512,0.0,5,6,36,69,100,220,390,390,490,530,530
,Aggregated,3493,0,5,39.97081294016618,1.1499000000014803,533.5623999999997,8688.0,183.63977648515512,0.0,5,6,36,69,100,220,390,390,490,530,530
