Type,Name,Request Count,Failure Count,Median Response Time,Average Response Time,Min Response Time,Max Response Time,Average Content Size,Requests/s,Failures/s,50%,66%,75%,80%,90%,95%,98%,99%,99.9%,99.99%,100%
GET,/,4635,0,7,22.573433247033474,1.302700000000101,385.86350000000016,8688.0,246.98151944040387,0.0,7,11,15,20,73,90,150,250,340,390,390
,Aggregated,4635,0,7,22.573433247033474,1.302700000000101,385.86350000000016,8688.0,246.98151944040387,0.0,7,11,15,20,73,90,150,250,340,390,390
