Type,Name,Request Count,Failure Count,Median Response Time,Average Response Time,Min Response Time,Max Response Time,Average Content Size,Requests/s,Failures/s,50%,66%,75%,80%,90%,95%,98%,99%,99.9%,99.99%,100%
GET,/,7858,0,10,48.80470361415111,1.268299999999556,452.08959999999985,8688.0,411.9810713039567,0.0,10,68,87,92,110,190,240,300,380,450,450
,Aggregated,7858,0,10,48.80470361415111,1.268299999999556,452.08959999999985,8688.0,411.9810713039567,0.0,10,68,87,92,110,190,240,300,380,450,450
