Type,Name,Request Count,Failure Count,Median Response Time,Average Response Time,Min Response Time,Max Response Time,Average Content Size,Requests/s,Failures/s,50%,66%,75%,80%,90%,95%,98%,99%,99.9%,99.99%,100%
GET,/,2296,0,5,21.588349085365923,1.0738000000003467,330.5395,8688.0,122.75960953046625,0.0,5,6,8,10,69,94,260,320,320,330,330
,Aggregated,2296,0,5,21.588349085365923,1.0738000000003467,330.5395,8688.0,122.75960953046625,0.0,5,6,8,10,69,94,260,320,320,330,330
