Type,Name,Request Count,Failure Count,Median Response Time,Average Response Time,Min Response Time,Max Response Time,Average Content Size,Requests/s,Failures/s,50%,66%,75%,80%,90%,95%,98%,99%,99.9%,99.99%,100%
GET,/,5053,0,8,46.30830130615456,1.2340999999977953,494.72930000000036,8688.0,265.63025915829405,0.0,8,45,82,91,110,200,250,300,470,490,490
,Aggregated,5053,0,8,46.30830130615456,1.2340999999977953,494.72930000000036,8688.0,265.63025915829405,0.0,8,45,82,91,110,200,250,300,470,490,490
