Type,Name,Request Count,Failure Count,Median Response Time,Average Response Time,Min Response Time,Max Response Time,Average Content Size,Requests/s,Failures/s,50%,66%,75%,80%,90%,95%,98%,99%,99.9%,99.99%,100%
GET,/,4788,0,7,26.479645467836267,1.2864999999999682,487.2595999999998,8688.0,253.93201022524357,0.0,7,10,15,25,79,100,210,320,430,490,490
,Aggregated,4788,0,7,26.479645467836267,1.2864999999999682,487.2595999999998,8688.0,253.93201022524357,0.0,7,10,15,25,79,100,210,320,430,490,490
