Type,Name,Request Count,Failure Count,Median Response Time,Average Response Time,Min Response Time,Max Response Time,Average Content Size,Requests/s,Failures/s,50%,66%,75%,80%,90%,95%,98%,99%,99.9%,99.99%,100%
GET,/,3802,0,5,28.38935105207789,1.2452000000005015,479.8922999999999,8688.0,200.95474643657795,0.0,5,10,14,35,93,130,230,290,410,480,480
,Aggregated,3802,0,5,28.38935105207789,1.2452000000005015,479.8922999999999,8688.0,200.95474643657795,0.0,5,10,14,35,93,130,230,290,410,480,480
