Type,Name,Request Count,Failure Count,Median Response Time,Average Response Time,Min Response Time,Max Response Time,Average Content Size,Requests/s,Failures/s,50%,66%,75%,80%,90%,95%,98%,99%,99.9%,99.99%,100%
GET,/,5995,0,7,44.34330293577985,1.2480999999997522,429.64470000000034,8688.0,315.5080880712524,0.0,7,27,77,87,100,210,290,300,370,430,430
,Aggregated,5995,0,7,44.34330293577985,1.2480999999997522,429.64470000000034,8688.0,315.5080880712524,0.0,7,27,77,87,100,210,290,300,370,430,430
