Type,Name,Request Count,Failure Count,Median Response Time,Average Response Time,Min Response Time,Max Response Time,Average Content Size,Requests/s,Failures/s,50%,66%,75%,80%,90%,95%,98%,99%,99.9%,99.99%,100%
GET,/,7340,0,7,38.841369782016365,1.270900000001518,405.53440000000006,8688.0,386.09744506689333,0.0,7,14,61,78,100,190,250,290,380,410,410
,Aggregated,7340,0,7,38.841369782016365,1.270900000001518,405.53440000000006,8688.0,386.09744506689333,0.0,7,14,61,78,100,190,250,290,380,410,410
