Type,Name,Request Count,Failure Count,Median Response Time,Average Response Time,Min Response Time,Max Response Time,Average Content Size,Requests/s,Failures/s,50%,66%,75%,80%,90%,95%,98%,99%,99.9%,99.99%,100%
GET,/,7457,0,7,37.8081185731528,1.2641999999996045,494.14919999999984,8688.0,391.2470252107694,0.0,7,12,46,69,100,200,290,300,420,490,490
,Aggregated,7457,0,7,37.8081185731528,1.2641999999996045,494.14919999999984,8688.0,391.2470252107694,0.0,7,12,46,69,100,200,290,300,420,490,490
