Type,Name,Request Count,Failure Count,Median Response Time,Average Response Time,Min Response Time,Max Response Time,Average Content Size,Requests/s,Failures/s,50%,66%,75%,80%,90%,95%,98%,99%,99.9%,99.99%,100%
GET,/,5179,0,6,23.527198049816576,1.2434999999992868,314.24070000000006,8688.0,275.2988699874012,0.0,6,8,10,15,85,100,190,200,290,310,310
,Aggregated,5179,0,6,23.527198049816576,1.2434999999992868,314.24070000000006,8688.0,275.2988699874012,0.0,6,8,10,15,85,100,190,200,290,310,310
