Type,Name,Request Count,Failure Count,Median Response Time,Average Response Time,Min Response Time,Max Response Time,Average Content Size,Requests/s,Failures/s,50%,66%,75%,80%,90%,95%,98%,99%,99.9%,99.99%,100%
GET,/,7224,0,7,39.54123664174992,1.1913999999997316,581.4509,8688.0,378.72635035836987,0.0,7,13,49,71,100,200,280,330,490,580,580
,Aggregated,7224,0,7,39.54123664174992,1.1913999999997316,581.4509,8688.0,378.72635035836987,0.0,7,13,49,71,100,200,280,330,490,580,580
