Type,Name,Request Count,Failure Count,Median Response Time,Average Response Time,Min Response Time,Max Response Time,Average Content Size,Requests/s,Failures/s,50%,66%,75%,80%,90%,95%,98%,99%,99.9%,99.99%,100%
GET,/,6608,0,8,32.27690279963677,1.3028000000012696,378.34920000000017,8688.0,347.39620849266856,0.0,8,15,46,64,94,120,200,260,310,380,380
,Aggregated,6608,0,8,32.27690279963677,1.3028000000012696,378.34920000000017,8688.0,347.39620849266856,0.0,8,15,46,64,94,120,200,260,310,380,380
