Type,Name,Request Count,Failure Count,Median Response Time,Average Response Time,Min Response Time,Max Response Time,Average Content Size,Requests/s,Failures/s,50%,66%,75%,80%,90%,95%,98%,99%,99.9%,99.99%,100%
GET,/,2620,0,4,23.400056984732924,1.1095000000000965,365.51580000000007,8688.0,138.4678792667284,0.0,4,6,7,17,87,97,180,270,360,370,370
,Aggregated,2620,0,4,23.400056984732924,1.1095000000000965,365.51580000000007,8688.0,138.4678792667284,0.0,4,6,7,17,87,97,180,270,360,370,370
