Type,Name,Request Count,Failure Count,Median Response Time,Average Response Time,Min Response Time,Max Response Time,Average Content Size,Requests/s,Failures/s,50%,66%,75%,80%,90%,95%,98%,99%,99.9%,99.99%,100%
GET,/,6884,0,8,58.05756112725156,1.2319999999998998,590.3400999999997,8688.0,361.4675141122876,0.0,8,79,91,95,160,240,370,410,500,590,590
,Aggregated,6884,0,8,58.05756112725156,1.2319999999998998,590.3400999999997,8688.0,361.4675141122876,0.0,8,79,91,95,160,240,370,410,500,590,590
