Type,Name,Request Count,Failure Count,Median Response Time,Average Response Time,Min Response Time,Max Response Time,Average Content Size,Requests/s,Failures/s,50%,66%,75%,80%,90%,95%,98%,99%,99.9%,99.99%,100%
GET,/,5441,0,6,33.02682944311706,1.2118999999994884,445.46670000000034,8688.0,285.7093001917406,0.0,6,9,29,67,99,160,240,290,380,450,450
,Aggregated,5441,0,6,33.02682944311706,1.2118999999994884,445.46670000000034,8688.0,285.7093001917406,0.0,6,9,29,67,99,160,240,290,380,450,450
