Type,Name,Request Count,Failure Count,Median Response Time,Average Response Time,Min Response Time,Max Response Time,Average Content Size,Requests/s,Failures/s,50%,66%,75%,80%,90%,95%,98%,99%,99.9%,99.99%,100%
GET,/,5608,0,6,26.95601866975757,1.2329000000015355,357.2719999999996,8688.0,296.9694912359391,0.0,6,10,17,48,88,110,190,240,350,360,360
,Aggregated,5608,0,6,26.95601866975757,1.2329000000015355,357.2719999999996,8688.0,296.9694912359391,0.0,6,10,17,48,88,110,190,240,350,360,360
