Type,Name,Request Count,Failure Count,Median Response Time,Average Response Time,Min Response Time,Max Response Time,Average Content Size,Requests/s,Failures/s,50%,66%,75%,80%,90%,95%,98%,99%,99.9%,99.99%,100%
GET,/,2504,0,90,87.91151234025557,1.1991000000008967,589.9779999999998,8688.0,131.67953223483465,0.0,91,95,98,99,200,300,490,490,590,590,590
,Aggregated,2504,0,90,87.91151234025557,1.1991000000008967,589.9779999999998,8688.0,131.67953223483465,0.0,91,95,98,99,200,300,490,490,590,590,590
