Type,Name,Request Count,Failure Count,Median Response Time,Average Response Time,Min Response Time,Max Response Time,Average Content Size,Requests/s,Failures/s,50%,66%,75%,80%,90%,95%,98%,99%,99.9%,99.99%,100%
GET,/,6256,0,6,29.79680414002562,1.2935999999985626,384.6518000000003,8688.0,328.14405472232806,0.0,6,9,15,49,90,170,220,250,340,380,380
,Aggregated,6256,0,6,29.79680414002562,1.2935999999985626,384.6518000000003,8688.0,328.14405472232806,0.0,6,9,15,49,90,170,220,250,340,380,380
