Type,Name,Request Count,Failure Count,Median Response Time,Average Response Time,Min Response Time,Max Response Time,Average Content Size,Requests/s,Failures/s,50%,66%,75%,80%,90%,95%,98%,99%,99.9%,99.99%,100%
GET,/,3391,0,5,30.45995815393684,1.2310000000006482,514.2177999999999,8688.0,178.2184477146535,0.0,5,7,10,12,94,200,300,410,510,510,510
,Aggregated,3391,0,5,30.45995815393684,1.2310000000006482,514.2177999999999,8688.0,178.2184477146535,0.0,5,7,10,12,94,200,300,410,510,510,510
