Type,Name,Request Count,Failure Count,Median Response Time,Average Response Time,Min Response Time,Max Response Time,Average Content Size,Requests/s,Failures/s,50%,66%,75%,80%,90%,95%,98%,99%,99.9%,99.99%,100%
GET,/,8464,0,10,37.274475283553905,1.3000999999999152,411.2417000000006,8688.0,444.03833956031525,0.0,10,17,51,70,100,180,230,280,320,410,410
,Aggregated,8464,0,10,37.274475283553905,1.3000999999999152,411.2417000000006,8688.0,444.03833956031525,0.0,10,17,51,70,100,180,230,280,320,410,410
