Type,Name,Request Count,Failure Count,Median Response Time,Average Response Time,Min Response Time,Max Response Time,Average Content Size,Requests/s,Failures/s,50%,66%,75%,80%,90%,95%,98%,99%,99.9%,99.99%,100%
GET,/,5492,0,8,38.555808375819474,1.27469999999974,338.47050000000013,8688.0,288.70240702758355,0.0,8,14,63,82,110,190,200,250,330,340,340
,Aggregated,5492,0,8,38.555808375819474,1.27469999999974,338.47050000000013,8688.0,288.70240702758355,0.0,8,14,63,82,110,190,200,250,330,340,340
