Type,Name,Request Count,Failure Count,Median Response Time,Average Response Time,Min Response Time,Max Response Time,Average Content Size,Requests/s,Failures/s,50%,66%,75%,80%,90%,95%,98%,99%,99.9%,99.99%,100%
GET,/,6982,0,6,35.724437367516344,1.3235999999992032,634.0242999999997,8688.0,366.49256010090767,0.0,6,11,19,62,100,190,290,320,500,630,630
,Aggregated,6982,0,6,35.724437367516344,1.3235999999992032,634.0242999999997,8688.0,366.49256010090767,0.0,6,11,19,62,100,190,290,320,500,630,630
