Type,Name,Request Count,Failure Count,Median Response Time,Average Response Time,Min Response Time,Max Response Time,Average Content Size,Requests/s,Failures/s,50%,66%,75%,80%,90%,95%,98%,99%,99.9%,99.99%,100%
GET,/,2402,0,87,87.4483835970025,1.3054999999999595,741.6235,8688.0,126.6274655779844,0.0,87,94,98,100,200,390,540,640,740,740,740
,Aggregated,2402,0,87,87.4483835970025,1.3054999999999595,741.6235,8688.0,126.6274655779844,0.0,87,94,98,100,200,390,540,640,740,740,740
