Type,Name,Request Count,Failure Count,Median Response Time,Average Response Time,Min Response Time,Max Response Time,Average Content Size,Requests/s,Failures/s,50%,66%,75%,80%,90%,95%,98%,99%,99.9%,99.99%,100%
GET,/,6229,0,8,29.767097383207545,1.235499999999945,336.6133000000002,8688.0,328.4003486888765,0.0,8,14,37,63,88,110,190,220,290,340,340
,Aggregated,6229,0,8,29.767097383207545,1.235499999999945,336.6133000000002,8688.0,328.4003486888765,0.0,8,14,37,63,88,110,190,220,290,340,340
