Type,Name,Request Count,Failure Count,Median Response Time,Average Response Time,Min Response Time,Max Response Time,Average Content Size,Requests/s,Failures/s,50%,66%,75%,80%,90%,95%,98%,99%,99.9%,99.99%,100%
GET,/,6316,0,6,41.22775750474985,1.1654000000014264,427.8811,8688.0,331.8183924235671,0.0,6,11,69,86,100,200,290,300,390,430,430
,Aggregated,6316,0,6,41.22775750474985,1.1654000000014264,427.8811,8688.0,331.8183924235671,0.0,6,11,69,86,100,200,290,300,390,430,430
