Type,Name,Request Count,Failure Count,Median Response Time,Average Response Time,Min Response Time,Max Response Time,Average Content Size,Requests/s,Failures/s,50%,66%,75%,80%,90%,95%,98%,99%,99.9%,99.99%,100%
GET,/,2422,0,4,19.58216816680431,1.1624999999995111,339.3807,8688.0,129.46785413156948,0.0,4,5,6,7,74,97,180,240,330,340,340
,Aggregated,2422,0,4,19.58216816680431,1.1624999999995111,339.3807,8688.0,129.46785413156948,0.0,4,5,6,7,74,97,180,240,330,340,340
