Type,Name,Request Count,Failure Count,Median Response Time,Average Response Time,Min Response Time,Max Response Time,Average Content Size,Requests/s,Failures/s,50%,66%,75%,80%,90%,95%,98%,99%,99.9%,99.99%,100%
GET,/,7201,0,80,80.38058998750186,1.2396999999992886,579.7032999999998,8688.0,378.5397963068937,0.0,80,96,100,120,200,230,290,300,460,580,580
,Aggregated,7201,0,80,80.38058998750186,1.2396999999992886,579.7032999999998,8688.0,378.5397963068937,0.0,80,96,100,120,200,230,290,300,460,580,580
