Type,Name,Request Count,Failure Count,Median Response Time,Average Response Time,Min Response Time,Max Response Time,Average Content Size,Requests/s,Failures/s,50%,66%,75%,80%,90%,95%,98%,99%,99.9%,99.99%,100%
GET,/,7051,0,7,34.031099276698164,1.2979000000008512,411.1622000000006,8688.0,369.74138906790347,0.0,7,11,38,65,99,190,240,290,400,410,410
,Aggregated,7051,0,7,34.031099276698164,1.2979000000008512,411.1622000000006,8688.0,369.74138906790347,0.0,7,11,38,65,99,190,240,290,400,410,410
