Type,Name,Request Count,Failure Count,Median Response Time,Average Response Time,Min Response Time,Max Response Time,Average Content Size,Requests/s,Failures/s,50%,66%,75%,80%,90%,95%,98%,99%,99.9%,99.99%,100%
GET,/,6819,0,9,57.22878520310892,1.2124999999993946,495.1552999999995,8688.0,357.8854093096413,0.0,9,79,90,94,170,270,300,380,470,500,500
,Aggregated,6819,0,9,57.22878520310892,1.2124999999993946,495.1552999999995,8688.0,357.8854093096413,0.0,9,79,90,94,170,270,300,380,470,500,500
