Type,Name,Request Count,Failure Count,Median Response Time,Average Response Time,Min Response Time,Max Response Time,Average Content Size,Requests/s,Failures/s,50%,66%,75%,80%,90%,95%,98%,99%,99.9%,99.99%,100%
GET,/,4123,0,5,48.77317521222424,1.18619999999936,675.1843000000002,8688.0,216.95862931538787,0.0,5,9,78,89,110,270,400,500,640,680,680
,Aggregated,4123,0,5,48.77317521222424,1.18619999999936,675.1843000000002,8688.0,216.95862931538787,0.0,5,9,78,89,110,270,400,500,640,680,680
