Type,Name,Request Count,Failure Count,Median Response Time,Average Response Time,Min Response Time,Max Response Time,Average Content Size,Requests/s,Failures/s,50%,66%,75%,80%,90%,95%,98%,99%,99.9%,99.99%,100%
GET,/,7107,0,52,65.14783794850148,1.2229000000001378,695.4823000000001,8688.0,373.36129842861794,0.0,52,88,93,96,130,200,290,470,580,700,700
,Aggregated,7107,0,52,65.14783794850148,1.2229000000001378,695.4823000000001,8688.0,373.36129842861794,0.0,52,88,93,96,130,200,290,470,580,700,700
