Type,Name,Request Count,Failure Count,Median Response Time,Average Response Time,Min Response Time,Max Response Time,Average Content Size,Requests/s,Failures/s,50%,66%,75%,80%,90%,95%,98%,99%,99.9%,99.99%,100%
GET,/,6994,0,8,34.161275321704224,1.2783000000009537,369.4067000000003,8688.0,367.02527769592456,0.0,8,12,46,69,99,190,200,240,280,370,370
,Aggregated,6994,0,8,34.161275321704224,1.2783000000009537,369.4067000000003,8688.0,367.02527769592456,0.0,8,12,46,69,99,190,200,240,280,370,370
