Type,Name,Request Count,Failure Count,Median Response Time,Average Response Time,Min Response Time,Max Response Time,Average Content Size,Requests/s,Failures/s,50%,66%,75%,80%,90%,95%,98%,99%,99.9%,99.99%,100%
GET,/,2962,0,5,25.00704983119515,1.18619999999936,345.39279999999997,8688.0,156.6385301886459,0.0,5,6,8,14,90,110,200,250,340,350,350
,Aggregated,2962,0,5,25.00704983119515,1.18619999999936,345.39279999999997,8688.0,156.6385301886459,0.0,5,6,8,14,90,110,200,250,340,350,350
