Type,Name,Request Count,Failure Count,Median Response Time,Average Response Time,Min Response Time,Max Response Time,Average Content Size,Requests/s,Failures/s,50%,66%,75%,80%,90%,95%,98%,99%,99.9%,99.99%,100%
GET,/,7556,0,9,46.03298260984621,1.201300000001737,500.80169999999845,8688.0,397.6878085501566,0.0,9,40,80,88,110,200,280,300,390,500,500
,Aggregated,7556,0,9,46.03298260984621,1.201300000001737,500.80169999999845,8688.0,397.6878085501566,0.0,9,40,80,88,110,200,280,300,390,500,500
