Type,Name,Request Count,Failure Count,Median Response Time,Average Response Time,Min Response Time,Max Response Time,Average Content Size,Requests/s,Failures/s,50%,66%,75%,80%,90%,95%,98%,99%,99.9%,99.99%,100%
GET,/,6616,0,7,50.568960081620276,1.2067999999993972,605.7037000000003,8688.0,347.54323984966584,0.0,7,57,84,90,100,210,340,390,520,610,610
,Aggregated,6616,0,7,50.568960081620276,1.2067999999993972,605.7037000000003,8688.0,347.54323984966584,0.0,7,57,84,90,100,210,340,390,520,610,610
