Type,Name,Request Count,Failure Count,Median Response Time,Average Response Time,Min Response Time,Max Response Time,Average Content Size,Requests/s,Failures/s,50%,66%,75%,80%,90%,95%,98%,99%,99.9%,99.99%,100%
GET,/,6795,0,7,34.07987153789562,1.2312999999970486,351.8338000000001,8688.0,357.2284832235964,0.0,7,12,39,66,98,180,260,290,340,350,350
,Aggregated,6795,0,7,34.07987153789562,1.2312999999970486,351.8338000000001,8688.0,357.2284832235964,0.0,7,12,39,66,98,180,260,290,340,350,350
