Type,Name,Request Count,Failure Count,Median Response Time,Average Response Time,Min Response Time,Max Response Time,Average Content Size,Requests/s,Failures/s,50%,66%,75%,80%,90%,95%,98%,99%,99.9%,99.99%,100%
GET,/,4671,0,6,54.44087597944766,1.226700000000136,475.2203000000002,8688.0,245.81389389698654,0.0,6,80,90,94,180,230,300,330,430,480,480
,Aggregated,4671,0,6,54.44087597944766,1.226700000000136,475.2203000000002,8688.0,245.81389389698654,0.0,6,80,90,94,180,230,300,330,430,480,480
