Type,Name,Request Count,Failure Count,Median Response Time,Average Response Time,Min Response Time,Max Response Time,Average Content Size,Requests/s,Failures/s,50%,66%,75%,80%,90%,95%,98%,99%,99.9%,99.99%,100%
GET,/,6641,0,6,31.79720618882701,1.2591000000004016,463.1790999999996,8688.0,348.80388022404895,0.0,6,9,25,59,96,170,200,290,400,460,460
,Aggregated,6641,0,6,31.79720618882701,1.2591000000004016,463.1790999999996,8688.0,348.80388022404895,0.0,6,9,25,59,96,170,200,290,400,460,460
