Type,Name,Request Count,Failure Count,Median Response Time,Average Response Time,Min Response Time,Max Response Time,Average Content Size,Requests/s,Failures/s,50%,66%,75%,80%,90%,95%,98%,99%,99.9%,99.99%,100%
GET,/,7231,0,7,34.362597303277674,1.2448999999996602,474.74599999999964,8688.0,379.04684079226746,0.0,7,10,23,54,100,190,280,300,400,470,470
,Aggregated,7231,0,7,34.362597303277674,1.2448999999996602,474.74599999999964,8688.0,379.04684079226746,0.0,7,10,23,54,100,190,280,300,400,470,470
