Type,Name,Request Count,Failure Count,Median Response Time,Average Response Time,Min Response Time,Max Response Time,Average Content Size,Requests/s,Failures/s,50%,66%,75%,80%,90%,95%,98%,99%,99.9%,99.99%,100%
GET,/,4286,0,5,40.95879920671938,1.1566999999992333,582.1841999999999,8688.0,225.36569604864076,0.0,5,7,49,77,94,220,400,420,520,580,580
,Aggregated,4286,0,5,40.95879920671938,1.1566999999992333,582.1841999999999,8688.0,225.36569604864076,0.0,5,7,49,77,94,220,400,420,520,580,580
