Type,Name,Request Count,Failure Count,Median Response Time,Average Response Time,Min Response Time,Max Response Time,Average Content Size,Requests/s,Failures/s,50%,66%,75%,80%,90%,95%,98%,99%,99.9%,99.99%,100%
GET,/,7510,0,19,58.46646174434094,1.2048000000000059,376.57039999999984,8688.0,394.31453318360695,0.0,19,86,93,97,180,200,220,280,350,380,380
,Aggregated,7510,0,19,58.46646174434094,1.2048000000000059,376.57039999999984,8688.0,394.31453318360695,0.0,19,86,93,97,180,200,220,280,350,380,380
