Type,Name,Request Count,Failure Count,Median Response Time,Average Response Time,Min Response Time,Max Response Time,Average Content Size,Requests/s,Failures/s,50%,66%,75%,80%,90%,95%,98%,99%,99.9%,99.99%,100%
GET,/,5247,0,7,27.417662359443586,1.2061999999986028,344.5828999999998,8688.0,276.70530347597605,0.0,7,11,20,49,89,110,190,230,340,340,340
,Aggregated,5247,0,7,27.417662359443586,1.2061999999986028,344.5828999999998,8688.0,276.70530347597605,0.0,7,11,20,49,89,110,190,230,340,340,340
