Type,Name,Request Count,Failure Count,Median Response Time,Average Response Time,Min Response Time,Max Response Time,Average Content Size,Requests/s,Failures/s,50%,66%,75%,80%,90%,95%,98%,99%,99.9%,99.99%,100%
GET,/,4882,0,5,29.070057804178568,1.2043000000012682,393.0284999999998,8688.0,256.9751807129214,0.0,5,8,12,50,94,120,250,290,380,390,390
,Aggregated,4882,0,5,29.070057804178568,1.2043000000012682,393.0284999999998,8688.0,256.9751807129214,0.0,5,8,12,50,94,120,250,290,380,390,390
