Type,Name,Request Count,Failure Count,Median Response Time,Average Response Time,Min Response Time,Max Response Time,Average Content Size,Requests/s,Failures/s,50%,66%,75%,80%,90%,95%,98%,99%,99.9%,99.99%,100%
GET,/,5825,0,10,41.01390633476394,1.2658000000005387,475.7245999999995,8688.0,306.128346779402,0.0,10,20,68,83,100,180,220,280,430,480,480
,Aggregated,5825,0,10,41.01390633476394,1.2658000000005387,475.7245999999995,8688.0,306.128346779402,0.0,10,20,68,83,100,180,220,280,430,480,480
