Type,Name,Request Count,Failure Count,Median Response Time,Average Response Time,Min Response Time,Max Response Time,Average Content Size,Requests/s,Failures/s,50%,66%,75%,80%,90%,95%,98%,99%,99.9%,99.99%,100%
GET,/,7420,0,8,35.45929654986536,1.1993000000014575,394.9726,8688.0,389.2422503901273,0.0,8,15,51,69,95,180,230,290,360,390,390
,Aggregated,7420,0,8,35.45929654986536,1.1993000000014575,394.9726,8688.0,389.2422503901273,0.0,8,15,51,69,95,180,230,290,360,390,390
