Type,Name,Request Count,Failure Count,Median Response Time,Average Response Time,Min Response Time,Max Response Time,Average Content Size,Requests/s,Failures/s,50%,66%,75%,80%,90%,95%,98%,99%,99.9%,99.99%,100%
GET,/,5705,0,5,29.988942874671295,1.2245999999986878,464.50879999999995,8688.0,299.3188166183138,0.0,5,7,10,48,93,160,240,300,440,460,460
,Aggregated,5705,0,5,29.988942874671295,1.2245999999986878,464.50879999999995,8688.0,299.3188166183138,0.0,5,7,10,48,93,160,240,300,440,460,460
