Type,Name,Request Count,Failure Count,Median Response Time,Average Response Time,Min Response Time,Max Response Time,Average Content Size,Requests/s,Failures/s,50%,66%,75%,80%,90%,95%,98%,99%,99.9%,99.99%,100%
GET,/,4870,0,4,30.9958843326488,1.1450000000010618,577.8474,8688.0,255.71225589827924,0.0,4,7,10,47,92,130,300,410,510,580,580
,Aggregated,4870,0,4,30.9958843326488,1.1450000000010618,577.8474,8688.0,255.71225589827924,0.0,4,7,10,47,92,130,300,410,510,580,580
