Type,Name,Request Count,Failure Count,Median Response Time,Average Response Time,Min Response Time,Max Response Time,Average Content Size,Requests/s,Failures/s,50%,66%,75%,80%,90%,95%,98%,99%,99.9%,99.99%,100%
GET,/,5174,0,6,30.78068480865865,1.1989000000003358,468.4176,8688.0,271.71260366406176,0.0,6,9,16,53,90,190,200,280,440,470,470
,Aggregated,5174,0,6,30.78068480865865,1.1989000000003358,468.4176,8688.0,271.71260366406176,0.0,6,9,16,53,90,190,200,280,440,470,470
