Type,Name,Request Count,Failure Count,Median Response Time,Average Response Time,Min Response Time,Max Response Time,Average Content Size,Requests/s,Failures/s,50%,66%,75%,80%,90%,95%,98%,99%,99.9%,99.99%,100%
GET,/,3870,0,6,26.65313958656338,1.0881000000004803,358.9929000000001,8688.0,205.03349329365503,0.0,6,10,15,46,85,99,190,250,350,360,360
,Aggregated,3870,0,6,26.65313958656338,1.0881000000004803,358.9929000000001,8688.0,205.03349329365503,0.0,6,10,15,46,85,99,190,250,350,360,360
