Type,Name,Request Count,Failure Count,Median Response Time,Average Response Time,Min Response Time,Max Response Time,Average Content Size,Requests/s,Failures/s,50%,66%,75%,80%,90%,95%,98%,99%,99.9%,99.99%,100%
GET,/,2566,0,4,22.847772876071783,1.2270000000000891,317.6051,8688.0,136.35951316290112,0.0,4,6,9,12,77,99,200,250,310,320,320
,Aggregated,2566,0,4,22.847772876071783,1.2270000000000891,317.6051,8688.0,136.35951316290112,0.0,4,6,9,12,77,99,200,250,310,320,320
