Type,Name,Request Count,Failure Count,Median Response Time,Average Response Time,Min Response Time,Max Response Time,Average Content Size,Requests/s,Failures/s,50%,66%,75%,80%,90%,95%,98%,99%,99.9%,99.99%,100%
GET,/,7505,0,8,35.65358089273823,1.288500000001136,565.7939000000001,8688.0,394.53618154144425,0.0,8,14,49,70,95,170,250,290,390,570,570
,Aggregated,7505,0,8,35.65358089273823,1.288500000001136,565.7939000000001,8688.0,394.53618154144425,0.0,8,14,49,70,95,170,250,290,390,570,570
