Type,Name,Request Count,Failure Count,Median Response Time,Average Response Time,Min Response Time,Max Response Time,Average Content Size,Requests/s,Failures/s,50%,66%,75%,80%,90%,95%,98%,99%,99.9%,99.99%,100%
GET,/,3466,0,6,23.19955574148875,1.2296000000020513,319.70560000000023,8688.0,184.283289857562,0.0,6,10,12,14,77,100,210,220,310,320,320
,Aggregated,3466,0,6,23.19955574148875,1.2296000000020513,319.70560000000023,8688.0,184.283289857562,0.0,6,10,12,14,77,100,210,220,310,320,320
