Type,Name,Request Count,Failure Count,Median Response Time,Average Response Time,Min Response Time,Max Response Time,Average Content Size,Requests/s,Failures/s,50%,66%,75%,80%,90%,95%,98%,99%,99.9%,99.99%,100%
GET,/,5840,0,6,35.43751914383563,1.2318999999987312,392.39669999999995,8688.0,306.8168329687399,0.0,6,11,41,66,99,190,270,290,390,390,390
,Aggregated,5840,0,6,35.43751914383563,1.2318999999987312,392.39669999999995,8688.0,306.8168329687399,0.0,6,11,41,66,99,190,270,290,390,390,390
