Type,Name,Request Count,Failure Count,Median Response Time,Average Response Time,Min Response Time,Max Response Time,Average Content Size,Requests/s,Failures/s,50%,66%,75%,80%,90%,95%,98%,99%,99.9%,99.99%,100%
GET,/,7172,0,8,36.61522879252656,1.2572000000004024,580.1300999999999,8688.0,376.36213482334375,0.0,8,12,43,65,99,170,260,360,490,580,580
,Aggregated,7172,0,8,36.61522879252656,1.2572000000004024,580.1300999999999,8688.0,376.36213482334375,0.0,8,12,43,65,99,170,260,360,490,580,580
