Type,Name,Request Count,Failure Count,Median Response Time,Average Response Time,Min Response Time,Max Response Time,Average Content Size,Requests/s,Failures/s,50%,66%,75%,80%,90%,95%,98%,99%,99.9%,99.99%,100%
GET,/,7019,0,76,75.4647359595382,1.3467000000009222,424.8132,8688.0,368.38136113041315,0.0,76,92,98,100,190,240,300,330,390,420,420
,Aggregated,7019,0,76,75.4647359595382,1.3467000000009222,424.8132,8688.0,368.38136113041315,0.0,76,92,98,100,190,240,300,330,390,420,420
