Type,Name,Request Count,Failure Count,Median Response Time,Average Response Time,Min Response Time,Max Response Time,Average Content Size,Requests/s,Failures/s,50%,66%,75%,80%,90%,95%,98%,99%,99.9%,99.99%,100%
GET,/,2782,0,5,23.981874083393198,1.1620000000007735,454.8852999999999,8688.0,147.98749384926046,0.0,5,6,8,27,77,91,240,360,450,450,450
,Aggregated,2782,0,5,23.981874083393198,1.1620000000007735,454.8852999999999,8688.0,147.98749384926046,0.0,5,6,8,27,77,91,240,360,450,450,450
