Type,Name,Request Count,Failure Count,Median Response Time,Average Response Time,Min Response Time,Max Response Time,Average Content Size,Requests/s,Failures/s,50%,66%,75%,80%,90%,95%,98%,99%,99.9%,99.99%,100%
GET,/,8110,0,11,45.18656069050542,1.4050000000001006,421.96120000000013,8688.0,424.82156904977325,0.0,11,38,71,82,120,190,240,290,380,420,420
,Aggregated,8110,0,11,45.18656069050542,1.4050000000001006,421.96120000000013,8688.0,424.82156904977325,0.0,11,38,71,82,120,190,240,290,380,420,420
