Type,Name,Request Count,Failure Count,Median Response Time,Average Response Time,Min Response Time,Max Response Time,Average Content Size,Requests/s,Failures/s,50%,66%,75%,80%,90%,95%,98%,99%,99.9%,99.99%,100%
GET,/,5842,0,6,33.33345547757621,1.2263000000007906,461.3299999999998,8688.0,307.233939901318,0.0,6,10,29,57,93,180,260,290,440,460,460
,Aggregated,5842,0,6,33.33345547757621,1.2263000000007906,461.3299999999998,8688.0,307.233939901318,0.0,6,10,29,57,93,180,260,290,440,460,460
