Type,Name,Request Count,Failure Count,Median Response Time,Average Response Time,Min Response Time,Max Response Time,Average Content Size,Requests/s,Failures/s,50%,66%,75%,80%,90%,95%,98%,99%,99.9%,99.99%,100%
GET,/,5784,0,10,29.14610228215773,1.3389000000003648,316.93799999999993,8688.0,304.98168365307095,0.0,10,14,23,45,86,120,200,230,290,320,320
,Aggregated,5784,0,10,29.14610228215773,1.3389000000003648,316.93799999999993,8688.0,304.98168365307095,0.0,10,14,23,45,86,120,200,230,290,320,320
