Type,Name,Request Count,Failure Count,Median Response Time,Average Response Time,Min Response Time,Max Response Time,Average Content Size,Requests/s,Failures/s,50%,66%,75%,80%,90%,95%,98%,99%,99.9%,99.99%,100%
GET,/,7008,0,8,37.87506043093623,1.215200000000749,388.3998000000002,8688.0,367.4402429317023,0.0,8,13,48,68,110,190,250,280,350,390,390
,Aggregated,7008,0,8,37.87506043093623,1.215200000000749,388.3998000000002,8688.0,367.4402429317023,0.0,8,13,48,68,110,190,250,280,350,390,390
