Type,Name,Request Count,Failure Count,Median Response Time,Average Response Time,Min Response Time,Max Response Time,Average Content Size,Requests/s,Failures/s,50%,66%,75%,80%,90%,95%,98%,99%,99.9%,99.99%,100%
GET,/,2710,0,5,24.790996752767544,1.2603999999996063,350.2365999999999,8688.0,142.67416898584372,0.0,5,6,8,26,84,97,250,330,350,350,350
,Aggregated,2710,0,5,24.790996752767544,1.2603999999996063,350.2365999999999,8688.0,142.67416898584372,0.0,5,6,8,26,84,97,250,330,350,350,350
