Type,Name,Request Count,Failure Count,Median Response Time,Average Response Time,Min Response Time,Max Response Time,Average Content Size,Requests/s,Failures/s,50%,66%,75%,80%,90%,95%,98%,99%,99.9%,99.99%,100%
GET,/,7145,0,11,44.875482715185456,1.384099999999222,332.68870000000027,8688.0,375.5944015391294,0.0,11,42,79,88,130,190,220,250,320,330,330
,Aggregated,7145,0,11,44.875482715185456,1.384099999999222,332.68870000000027,8688.0,375.5944015391294,0.0,11,42,79,88,130,190,220,250,320,330,330
