Type,Name,Request Count,Failure Count,Median Response Time,Average Response Time,Min Response Time,Max Response Time,Average Content Size,Requests/s,Failures/s,50%,66%,75%,80%,90%,95%,98%,99%,99.9%,99.99%,100%
GET,/,6463,0,7,33.863637846201435,1.2482000000000326,463.36290000000037,8688.0,339.86191141933847,0.0,7,10,33,57,94,180,290,300,400,460,460
,Aggregated,6463,0,7,33.863637846201435,1.2482000000000326,463.36290000000037,8688.0,339.86191141933847,0.0,7,10,33,57,94,180,290,300,400,460,460
