Type,Name,Request Count,Failure Count,Median Response Time,Average Response Time,Min Response Time,Max Response Time,Average Content Size,Requests/s,Failures/s,50%,66%,75%,80%,90%,95%,98%,99%,99.9%,99.99%,100%
GET,/,7469,0,10,36.34061818181821,1.2667999999997903,404.5753000000003,8688.0,391.38451605233075,0.0,10,17,46,64,98,190,260,290,370,400,400
,Aggregated,7469,0,10,36.34061818181821,1.2667999999997903,404.5753000000003,8688.0,391.38451605233075,0.0,10,17,46,64,98,190,260,290,370,400,400
