Type,Name,Request Count,Failure Count,Median Response Time,Average Response Time,Min Response Time,Max Response Time,Average Content Size,Requests/s,Failures/s,50%,66%,75%,80%,90%,95%,98%,99%,99.9%,99.99%,100%
GET,/,6451,0,83,82.12622298868389,1.2001999999995405,576.155,8688.0,339.2139258382538,0.0,83,95,100,110,190,210,300,350,490,580,580
,Aggregated,6451,0,83,82.12622298868389,1.2001999999995405,576.155,8688.0,339.2139258382538,0.0,83,95,100,110,190,210,300,350,490,580,580
