Type,Name,Request Count,Failure Count,Median Response Time,Average Response Time,Min Response Time,Max Response Time,Average Content Size,Requests/s,Failures/s,50%,66%,75%,80%,90%,95%,98%,99%,99.9%,99.99%,100%
GET,/,4916,0,13,60.19824513832386,1.1551000000000755,454.345,8688.0,259.01229777145926,0.0,13,88,94,97,110,200,290,340,440,450,450
,Aggregated,4916,0,13,60.19824513832386,1.1551000000000755,454.345,8688.0,259.01229777145926,0.0,13,88,94,97,110,200,290,340,440,450,450
