Type,Name,Request Count,Failure Count,Median Response Time,Average Response Time,Min Response Time,Max Response Time,Average Content Size,Requests/s,Failures/s,50%,66%,75%,80%,90%,95%,98%,99%,99.9%,99.99%,100%
GET,/,5395,0,8,34.66073219647823,1.2052999999996317,336.8734,8688.0,283.1876896872141,0.0,8,12,43,68,99,190,210,280,320,340,340
,Aggregated,5395,0,8,34.66073219647823,1.2052999999996317,336.8734,8688.0,283.1876896872141,0.0,8,12,43,68,99,190,210,280,320,340,340
