Type,Name,Request Count,Failure Count,Median Response Time,Average Response Time,Min Response Time,Max Response Time,Average Content Size,Requests/s,Failures/s,50%,66%,75%,80%,90%,95%,98%,99%,99.9%,99.99%,100%
GET,/,8037,0,15,54.67895543113108,1.2725000000024522,467.1340000000002,8688.0,421.46136447393104,0.0,15,70,85,91,170,200,280,290,380,470,470
,Aggregated,8037,0,15,54.67895543113108,1.2725000000024522,467.1340000000002,8688.0,421.46136447393104,0.0,15,70,85,91,170,200,280,290,380,470,470
