Type,Name,Request Count,Failure Count,Median Response Time,Average Response Time,Min Response Time,Max Response Time,Average Content Size,Requests/s,Failures/s,50%,66%,75%,80%,90%,95%,98%,99%,99.9%,99.99%,100%
GET,/,6569,0,10,38.19606038970916,1.2581999999987659,366.22019999999986,8688.0,345.02854705880026,0.0,10,16,58,76,100,180,200,260,310,370,370
,Aggregated,6569,0,10,38.19606038970916,1.2581999999987659,366.22019999999986,8688.0,345.02854705880026,0.0,10,16,58,76,100,180,200,260,310,370,370
