Type,Name,Request Count,Failure Count,Median Response Time,Average Response Time,Min Response Time,Max Response Time,Average Content Size,Requests/s,Failures/s,50%,66%,75%,80%,90%,95%,98%,99%,99.9%,99.99%,100%
GET,/,7508,0,94,105.82721539690996,1.49440000000034,604.1440000000007,8688.0,393.43021228339535,0.0,94,100,120,190,200,290,370,400,510,600,600
,Aggregated,7508,0,94,105.82721539690996,1.49440000000034,604.1440000000007,8688.0,393.43021228339535,0.0,94,100,120,190,200,290,370,400,510,600,600
