Type,Name,Request Count,Failure Count,Median Response Time,Average Response Time,Min Response Time,Max Response Time,Average Content Size,Requests/s,Failures/s,50%,66%,75%,80%,90%,95%,98%,99%,99.9%,99.99%,100%
GET,/,5908,0,7,43.50221909275574,1.2538000000006377,397.9784000000004,8688.0,311.15763038778323,0.0,7,20,73,86,110,200,270,290,320,400,400
,Aggregated,5908,0,7,43.50221909275574,1.2538000000006377,397.9784000000004,8688.0,311.15763038778323,0.0,7,20,73,86,110,200,270,290,320,400,400
