Type,Name,Request Count,Failure Count,Median Response Time,Average Response Time,Min Response Time,Max Response Time,Average Content Size,Requests/s,Failures/s,50%,66%,75%,80%,90%,95%,98%,99%,99.9%,99.99%,100%
GET,/,2458,0,5,20.69649849471117,1.2182000000002802,296.9485000000001,8688.0,131.36561189613715,0.0,5,6,8,9,66,100,190,210,290,300,300
,Aggregated,2458,0,5,20.69649849471117,1.2182000000002802,296.9485000000001,8688.0,131.36561189613715,0.0,5,6,8,9,66,100,190,210,290,300,300
