Type,Name,Request Count,Failure Count,Median Response Time,Average Response Time,Min Response Time,Max Response Time,Average Content Size,Requests/s,Failures/s,50%,66%,75%,80%,90%,95%,98%,99%,99.9%,99.99%,100%
GET,/,3550,0,4,34.15213746478876,1.1402999999994279,562.4561000000003,8688.0,186.61295743286547,0.0,4,5,7,15,91,240,360,400,560,560,560
,Aggregated,3550,0,4,34.15213746478876,1.1402999999994279,562.4561000000003,8688.0,186.61295743286547,0.0,4,5,7,15,91,240,360,400,560,560,560
