Type,Name,Request Count,Failure Count,Median Response Time,Average Response Time,Min Response Time,Max Response Time,Average Content Size,Requests/s,Failures/s,50%,66%,75%,80%,90%,95%,98%,99%,99.9%,99.99%,100%
GET,/,6802,0,11,57.736729800059074,1.2737999999998806,581.7706000000005,8688.0,357.150539353895,0.0,11,77,90,94,140,210,300,390,500,580,580
,Aggregated,6802,0,11,57.736729800059074,1.2737999999998806,581.7706000000005,8688.0,357.150539353895,0.0,11,77,90,94,140,210,300,390,500,580,580
