Type,Name,Request Count,Failure Count,Median Response Time,Average Response Time,Min Response Time,Max Response Time,Average Content Size,Requests/s,Failures/s,50%,66%,75%,80%,90%,95%,98%,99%,99.9%,99.99%,100%
GET,/,7918,0,12,46.10011477645865,1.3143000000006566,351.36650000000014,8688.0,417.259192477014,0.0,12,58,83,90,110,190,210,250,300,350,350
,Aggregated,7918,0,12,46.10011477645865,1.3143000000006566,351.36650000000014,8688.0,417.259192477014,0.0,12,58,83,90,110,190,210,250,300,350,350
