Type,Name,Request Count,Failure Count,Median Response Time,Average Response Time,Min Response Time,Max Response Time,Average Content Size,Requests/s,Failures/s,50%,66%,75%,80%,90%,95%,98%,99%,99.9%,99.99%,100%
GET,/,5487,0,7,30.263493074539937,1.1732999999995997,452.2474000000001,8688.0,288.44817206813167,0.0,7,10,14,51,90,160,200,270,370,450,450
,Aggregated,5487,0,7,30.263493074539937,1.1732999999995997,452.2474000000001,8688.0,288.44817206813167,0.0,7,10,14,51,90,160,200,270,370,450,450
