Type,Name,Request Count,Failure Count,Median Response Time,Average Response Time,Min Response Time,Max Response Time,Average Content Size,Requests/s,Failures/s,50%,66%,75%,80%,90%,95%,98%,99%,99.9%,99.99%,100%
GET,/,2908,0,5,24.853916987620362,1.1545999999995615,305.9517000000001,8688.0,153.6609255492905,0.0,5,7,10,33,86,100,200,210,300,310,310
,Aggregated,2908,0,5,24.853916987620362,1.1545999999995615,305.9517000000001,8688.0,153.6609255492905,0.0,5,7,10,33,86,100,200,210,300,310,310
