Type,Name,Request Count,Failure Count,Median Response Time,Average Response Time,Min Response Time,Max Response Time,Average Content Size,Requests/s,Failures/s,50%,66%,75%,80%,90%,95%,98%,99%,99.9%,99.99%,100%
GET,/,6087,0,8,30.87001675702313,1.307200000001174,500.1416000000001,8688.0,319.3995066275383,0.0,8,12,18,41,93,130,260,330,400,500,500
,Aggregated,6087,0,8,30.87001675702313,1.307200000001174,500.1416000000001,8688.0,319.3995066275383,0.0,8,12,18,41,93,130,260,330,400,500,500
