Type,Name,Request Count,Failure Count,Median Response Time,Average Response Time,Min Response Time,Max Response Time,Average Content Size,Requests/s,Failures/s,50%,66%,75%,80%,90%,95%,98%,99%,99.9%,99.99%,100%
GET,/,6088,0,10,32.31660888633385,1.2105000000000032,337.77180000000004,8688.0,320.7724977835414,0.0,10,18,48,61,89,130,190,230,330,340,340
,Aggregated,6088,0,10,32.31660888633385,1.2105000000000032,337.77180000000004,8688.0,320.7724977835414,0.0,10,18,48,61,89,130,190,230,330,340,340
