Type,Name,Request Count,Failure Count,Median Response Time,Average Response Time,Min Response Time,Max Response Time,Average Content Size,Requests/s,Failures/s,50%,66%,75%,80%,90%,95%,98%,99%,99.9%,99.99%,100%
GET,/,7643,0,12,49.14836486981562,1.1985000000009904,392.4906999999997,8688.0,400.3438810665518,0.0,12,63,82,90,110,190,270,290,390,390,390
,Aggregated,7643,0,12,49.14836486981562,1.1985000000009904,392.4906999999997,8688.0,400.3438810665518,0.0,12,63,82,90,110,190,270,290,390,390,390
