Type,Name,Request Count,Failure Count,Median Response Time,Average Response Time,Min Response Time,Max Response Time,Average Content Size,Requests/s,Failures/s,50%,66%,75%,80%,90%,95%,98%,99%,99.9%,99.99%,100%
GET,/,5145,0,8,27.256875121477144,1.2620000000005405,388.1621000000002,8688.0,272.58781882758416,0.0,8,10,14,21,87,150,220,270,380,390,390
,Aggregated,5145,0,8,27.256875121477144,1.2620000000005405,388.1621000000002,8688.0,272.58781882758416,0.0,8,10,14,21,87,150,220,270,380,390,390
