Type,Name,Request Count,Failure Count,Median Response Time,Average Response Time,Min Response Time,Max Response Time,Average Content Size,Requests/s,Failures/s,50%,66%,75%,80%,90%,95%,98%,99%,99.9%,99.99%,100%
GET,/,4991,0,7,26.62267204968947,1.1692999999972642,386.41769999999997,8688.0,262.71344164907435,0.0,7,11,14,20,85,130,210,280,340,390,390
,Aggregated,4991,0,7,26.62267204968947,1.1692999999972642,386.41769999999997,8688.0,262.71344164907435,0.0,7,11,14,20,85,130,210,280,340,390,390
