Type,Name,Request Count,Failure Count,Median Response Time,Average Response Time,Min Response Time,Max Response Time,Average Content Size,Requests/s,Failures/s,50%,66%,75%,80%,90%,95%,98%,99%,99.9%,99.99%,100%
GET,/,3268,0,5,27.676493268053793,1.1679999999998358,447.6335,8688.0,172.1655552365766,0.0,5,7,9,36,84,98,260,350,370,450,450
,Aggregated,3268,0,5,27.676493268053793,1.1679999999998358,447.6335,8688.0,172.1655552365766,0.0,5,7,9,36,84,98,260,350,370,450,450
