Type,Name,Request Count,Failure Count,Median Response Time,Average Response Time,Min Response Time,Max Response Time,Average Content Size,Requests/s,Failures/s,50%,66%,75%,80%,90%,95%,98%,99%,99.9%,99.99%,100%
GET,/,6888,0,8,28.925939648664343,1.2563000000014313,422.9851,8688.0,363.18920220625154,0.0,8,12,22,47,88,130,200,250,330,420,420
,Aggregated,6888,0,8,28.925939648664343,1.2563000000014313,422.9851,8688.0,363.18920220625154,0.0,8,12,22,47,88,130,200,250,330,420,420
