Type,Name,Request Count,Failure Count,Median Response Time,Average Response Time,Min Response Time,Max Response Time,Average Content Size,Requests/s,Failures/s,50%,66%,75%,80%,90%,95%,98%,99%,99.9%,99.99%,100%
GET,/,4142,0,8,25.423980613230366,1.237699999999009,451.68540000000013,8688.0,219.0633503236986,0.0,8,11,14,19,66,110,240,300,380,450,450
,Aggregated,4142,0,8,25.423980613230366,1.237699999999009,451.68540000000013,8688.0,219.0633503236986,0.0,8,11,14,19,66,110,240,300,380,450,450
