Type,Name,Request Count,Failure Count,Median Response Time,Average Response Time,Min Response Time,Max Response Time,Average Content Size,Requests/s,Failures/s,50%,66%,75%,80%,90%,95%,98%,99%,99.9%,99.99%,100%
GET,/,3466,0,7,23.000577784189254,1.167599999998714,427.94229999999976,8688.0,185.0121752555985,0.0,7,9,10,16,71,94,200,290,390,430,430
,Aggregated,3466,0,7,23.000577784189254,1.167599999998714,427.94229999999976,8688.0,185.0121752555985,0.0,7,9,10,16,71,94,200,290,390,430,430
