Type,Name,Request Count,Failure Count,Median Response Time,Average Response Time,Min Response Time,Max Response Time,Average Content Size,Requests/s,Failures/s,50%,66%,75%,80%,90%,95%,98%,99%,99.9%,99.99%,100%
GET,/,6485,0,10,32.539958550501396,1.246600000001763,366.70910000000003,8688.0,341.40702352991974,0.0,10,17,50,66,87,100,200,270,340,370,370
,Aggregated,6485,0,10,32.539958550501396,1.246600000001763,366.70910000000003,8688.0,341.40702352991974,0.0,10,17,50,66,87,100,200,270,340,370,370
