Type,Name,Request Count,Failure Count,Median Response Time,Average Response Time,Min Response Time,Max Response Time,Average Content Size,Requests/s,Failures/s,50%,66%,75%,80%,90%,95%,98%,99%,99.9%,99.99%,100%
GET,/,4422,0,6,46.630935798281286,1.117600000000607,501.0377999999998,8688.0,233.4060573331941,0.0,6,49,84,91,100,210,300,310,400,500,500
,Aggregated,4422,0,6,46.630935798281286,1.117600000000607,501.0377999999998,8688.0,233.4060573331941,0.0,6,49,84,91,100,210,300,310,400,500,500
