Type,Name,Request Count,Failure Count,Median Response Time,Average Response Time,Min Response Time,Max Response Time,Average Content Size,Requests/s,Failures/s,50%,66%,75%,80%,90%,95%,98%,99%,99.9%,99.99%,100%
GET,/,5946,0,8,29.621060494450145,1.2427999999999884,402.44269999999995,8688.0,313.0887207619051,0.0,8,11,24,49,90,140,210,240,340,400,400
,Aggregated,5946,0,8,29.621060494450145,1.2427999999999884,402.44269999999995,8688.0,313.0887207619051,0.0,8,11,24,49,90,140,210,240,340,400,400
