Type,Name,Request Count,Failure Count,Median Response Time,Average Response Time,Min Response Time,Max Response Time,Average Content Size,Requests/s,Failures/s,50%,66%,75%,80%,90%,95%,98%,99%,99.9%,99.99%,100%
GET,/,4074,0,9,22.933971624938607,1.3866999999994079,358.7237999999999,8688.0,217.1765167285745,0.0,9,12,16,23,68,93,170,210,360,360,360
,Aggregated,4074,0,9,22.933971624938607,1.3866999999994079,358.7237999999999,8688.0,217.1765167285745,0.0,9,12,16,23,68,93,170,210,360,360,360
