Type,Name,Request Count,Failure Count,Median Response Time,Average Response Time,Min Response Time,Max Response Time,Average Content Size,Requests/s,Failures/s,50%,66%,75%,80%,90%,95%,98%,99%,99.9%,99.99%,100%
GET,/,4326,0,4,33.453200069348064,1.2162999999993929,483.1751999999998,8688.0,227.35012825640456,0.0,4,6,9,44,93,200,310,360,410,480,480
,Aggregated,4326,0,4,33.453200069348064,1.2162999999993929,483.1751999999998,8688.0,227.35012825640456,0.0,4,6,9,44,93,200,310,360,410,480,480
