Type,Name,Request Count,Failure Count,Median Response Time,Average Response Time,Min Response Time,Max Response Time,Average Content Size,Requests/s,Failures/s,50%,66%,75%,80%,90%,95%,98%,99%,99.9%,99.99%,100%
GET,/,7440,0,10,40.197196814516154,1.2525000000005448,440.1710999999997,8688.0,391.2859485313433,0.0,10,19,59,75,110,190,240,280,350,440,440
,Aggregated,7440,0,10,40.197196814516154,1.2525000000005448,440.1710999999997,8688.0,391.2859485313433,0.0,10,19,59,75,110,190,240,280,350,440,440
