Type,Name,Request Count,Failure Count,Median Response Time,Average Response Time,Min Response Time,Max Response Time,Average Content Size,Requests/s,Failures/s,50%,66%,75%,80%,90%,95%,98%,99%,99.9%,99.99%,100%
GET,/,6632,0,8,27.759915832327962,1.4755000000015173,318.5257999999998,8688.0,349.0044140740576,0.0,8,12,16,34,91,140,190,220,270,320,320
,Aggregated,6632,0,8,27.759915832327962,1.4755000000015173,318.5257999999998,8688.0,349.0044140740576,0.0,8,12,16,34,91,140,190,220,270,320,320
