Type,Name,Request Count,Failure Count,Median Response Time,Average Response Time,Min Response Time,Max Response Time,Average Content Size,Requests/s,Failures/s,50%,66%,75%,80%,90%,95%,98%,99%,99.9%,99.99%,100%
GET,/,4154,0,5,33.22270546461239,1.1857999999982383,508.1544,8688.0,218.2515766117496,0.0,5,7,10,32,93,200,300,400,500,510,510
,Aggregated,4154,0,5,33.22270546461239,1.1857999999982383,508.1544,8688.0,218.2515766117496,0.0,5,7,10,32,93,200,300,400,500,510,510
