Type,Name,Request Count,Failure Count,Median Response Time,Average Response Time,Min Response Time,Max Response Time,Average Content Size,Requests/s,Failures/s,50%,66%,75%,80%,90%,95%,98%,99%,99.9%,99.99%,100%
GET,/,5238,0,6,34.89587615502097,1.1999999999989797,486.5012000000002,8688.0,275.1835940420021,0.0,6,8,14,53,97,190,300,380,460,490,490
,Aggregated,5238,0,6,34.89587615502097,1.1999999999989797,486.5012000000002,8688.0,275.1835940420021,0.0,6,8,14,53,97,190,300,380,460,490,490
