Type,Name,Request Count,Failure Count,Median Response Time,Average Response Time,Min Response Time,Max Response Time,Average Content Size,Requests/s,Failures/s,50%,66%,75%,80%,90%,95%,98%,99%,99.9%,99.99%,100%
GET,/,5179,0,7,24.701165418034375,1.2398000000004572,333.5024999999998,8688.0,274.4441202000612,0.0,7,9,12,28,82,110,180,240,310,330,330
,Aggregated,5179,0,7,24.701165418034375,1.2398000000004572,333.5024999999998,8688.0,274.4441202000612,0.0,7,9,12,28,82,110,180,240,310,330,330
