Type,Name,Request Count,Failure Count,Median Response Time,Average Response Time,Min Response Time,Max Response Time,Average Content Size,Requests/s,Failures/s,50%,66%,75%,80%,90%,95%,98%,99%,99.9%,99.99%,100%
GET,/,2512,0,5,23.412355095541354,1.1195000000014943,338.5647000000001,8688.0,133.24893019530447,0.0,5,8,11,27,78,94,210,230,340,340,340
,Aggregated,2512,0,5,23.412355095541354,1.1195000000014943,338.5647000000001,8688.0,133.24893019530447,0.0,5,8,11,27,78,94,210,230,340,340,340
