Type,Name,Request Count,Failure Count,Median Response Time,Average Response Time,Min Response Time,Max Response Time,Average Content Size,Requests/s,Failures/s,50%,66%,75%,80%,90%,95%,98%,99%,99.9%,99.99%,100%
GET,/,5525,0,7,33.61879923981905,1.2161000000006084,471.3626,8688.0,290.56415202157586,0.0,7,11,38,63,91,160,260,360,460,470,470
,Aggregated,5525,0,7,33.61879923981905,1.2161000000006084,471.3626,8688.0,290.56415202157586,0.0,7,11,38,63,91,160,260,360,460,470,470
