Type,Name,Request Count,Failure Count,Median Response Time,Average Response Time,Min Response Time,Max Response Time,Average Content Size,Requests/s,Failures/s,50%,66%,75%,80%,90%,95%,98%,99%,99.9%,99.99%,100%
GET,/,4747,0,7,29.492248051400914,1.172300000000348,326.82849999999996,8688.0,249.3555458047185,0.0,7,10,15,44,96,140,210,290,320,330,330
,Aggregated,4747,0,7,29.492248051400914,1.172300000000348,326.82849999999996,8688.0,249.3555458047185,0.0,7,10,15,44,96,140,210,290,320,330,330
