Type,Name,Request Count,Failure Count,Median Response Time,Average Response Time,Min Response Time,Max Response Time,Average Content Size,Requests/s,Failures/s,50%,66%,75%,80%,90%,95%,98%,99%,99.9%,99.99%,100%
GET,/,2836,0,5,24.888537059238455,1.1259000000016783,304.9442,8688.0,149.7153203992972,0.0,5,6,8,12,87,120,200,290,300,300,300
,Aggregated,2836,0,5,24.888537059238455,1.1259000000016783,304.9442,8688.0,149.7153203992972,0.0,5,6,8,12,87,120,200,290,300,300,300
