Type,Name,Request Count,Failure Count,Median Response Time,Average Response Time,Min Response Time,Max Response Time,Average Content Size,Requests/s,Failures/s,50%,66%,75%,80%,90%,95%,98%,99%,99.9%,99.99%,100%
GET,/,3592,0,6,23.52523457683743,1.2206999999992973,359.9338000000003,8688.0,190.7678232633538,0.0,6,8,10,14,77,140,200,260,340,360,360
,Aggregated,3592,0,6,23.52523457683743,1.2206999999992973,359.9338000000003,8688.0,190.7678232633538,0.0,6,8,10,14,77,140,200,260,340,360,360
