Type,Name,Request Count,Failure Count,Median Response Time,Average Response Time,Min Response Time,Max Response Time,Average Content Size,Requests/s,Failures/s,50%,66%,75%,80%,90%,95%,98%,99%,99.9%,99.99%,100%
GET,/,5797,0,8,36.02583312057948,1.2146000000008428,419.3075000000004,8688.0,304.9894279302401,0.0,8,12,44,64,97,190,260,290,330,420,420
,Aggregated,5797,0,8,36.02583312057948,1.2146000000008428,419.3075000000004,8688.0,304.9894279302401,0.0,8,12,44,64,97,190,260,290,330,420,420
