Type,Name,Request Count,Failure Count,Median Response Time,Average Response Time,Min Response Time,Max Response Time,Average Content Size,Requests/s,Failures/s,50%,66%,75%,80%,90%,95%,98%,99%,99.9%,99.99%,100%
GET,/,6232,0,10,29.205732509627612,1.3418000000005037,426.4850999999998,8688.0,328.59812680140993,0.0,10,17,30,51,87,110,170,220,340,430,430
,Aggregated,6232,0,10,29.205732509627612,1.3418000000005037,426.4850999999998,8688.0,328.59812680140993,0.0,10,17,30,51,87,110,170,220,340,430,430
