Type,Name,Request Count,Failure Count,Median Response Time,Average Response Time,Min Response Time,Max Response Time,Average Content Size,Requests/s,Failures/s,50%,66%,75%,80%,90%,95%,98%,99%,99.9%,99.99%,100%
GET,/,3583,0,4,31.946105693552862,1.2056000000022493,320.30249999999995,8688.0,188.3799838660639,0.0,4,5,7,30,96,210,290,300,310,320,320
,Aggregated,3583,0,4,31.946105693552862,1.2056000000022493,320.30249999999995,8688.0,188.3799838660639,0.0,4,5,7,30,96,210,290,300,310,320,320
