Type,Name,Request Count,Failure Count,Median Response Time,Average Response Time,Min Response Time,Max Response Time,Average Content Size,Requests/s,Failures/s,50%,66%,75%,80%,90%,95%,98%,99%,99.9%,99.99%,100%
GET,/,3394,0,6,23.38540698291107,1.2463999999994257,368.9198,8688.0,179.85502172958826,0.0,6,9,11,12,82,100,190,260,350,370,370
,Aggregated,3394,0,6,23.38540698291107,1.2463999999994257,368.9198,8688.0,179.85502172958826,0.0,6,9,11,12,82,100,190,260,350,370,370
