Type,Name,Request Count,Failure Count,Median Response Time,Average Response Time,Min Response Time,Max Response Time,Average Content Size,Requests/s,Failures/s,50%,66%,75%,80%,90%,95%,98%,99%,99.9%,99.99%,100%
GET,/,5812,0,7,33.61067456985558,1.142999999999006,470.63999999999993,8688.0,304.95042183088856,0.0,7,11,30,61,97,190,220,290,390,470,470
,Aggregated,5812,0,7,33.61067456985558,1.142999999999006,470.63999999999993,8688.0,304.95042183088856,0.0,7,11,30,61,97,190,220,290,390,470,470
