Type,Name,Request Count,Failure Count,Median Response Time,Average Response Time,Min Response Time,Max Response Time,Average Content Size,Requests/s,Failures/s,50%,66%,75%,80%,90%,95%,98%,99%,99.9%,99.99%,100%
GET,/,6170,0,8,31.297205348460356,1.3265000000011185,603.1405000000003,8688.0,324.29517323560304,0.0,8,13,25,49,92,140,210,290,580,600,600
,Aggregated,6170,0,8,31.297205348460356,1.3265000000011185,603.1405000000003,8688.0,324.29517323560304,0.0,8,13,25,49,92,140,210,290,580,600,600
