Type,Name,Request Count,Failure Count,Median Response Time,Average Response Time,Min Response Time,Max Response Time,Average Content Size,Requests/s,Failures/s,50%,66%,75%,80%,90%,95%,98%,99%,99.9%,99.99%,100%
GET,/,7727,0,11,38.21212584444177,1.28059999999941,481.3729000000002,8688.0,405.25492671330574,0.0,11,21,48,67,100,180,240,290,390,480,480
,Aggregated,7727,0,11,38.21212584444177,1.28059999999941,481.3729000000002,8688.0,405.25492671330574,0.0,11,21,48,67,100,180,240,290,390,480,480
