Type,Name,Request Count,Failure Count,Median Response Time,Average Response Time,Min Response Time,Max Response Time,Average Content Size,Requests/s,Failures/s,50%,66%,75%,80%,90%,95%,98%,99%,99.9%,99.99%,100%
GET,/,6760,0,12,39.571149289940855,1.3033000000000072,373.8049000000001,8688.0,355.44979453648114,0.0,12,21,58,81,110,180,200,250,290,370,370
,Aggregated,6760,0,12,39.571149289940855,1.3033000000000072,373.8049000000001,8688.0,355.44979453648114,0.0,12,21,58,81,110,180,200,250,290,370,370
