Type,Name,Request Count,Failure Count,Median Response Time,Average Response Time,Min Response Time,Max Response Time,Average Content Size,Requests/s,Failures/s,50%,66%,75%,80%,90%,95%,98%,99%,99.9%,99.99%,100%
GET,/,6264,0,10,25.93207391443166,1.3970000000007587,385.0830000000003,8688.0,331.24585715742455,0.0,10,15,25,41,78,95,160,190,380,390,390
,Aggregated,6264,0,10,25.93207391443166,1.3970000000007587,385.0830000000003,8688.0,331.24585715742455,0.0,10,15,25,41,78,95,160,190,380,390,390
