Type,Name,Request Count,Failure Count,Median Response Time,Average Response Time,Min Response Time,Max Response Time,Average Content Size,Requests/s,Failures/s,50%,66%,75%,80%,90%,95%,98%,99%,99.9%,99.99%,100%
GET,/,7274,0,87,87.76710758867205,1.3865000000006233,463.1281999999999,8688.0,382.20133160151994,0.0,87,96,100,110,200,280,300,360,390,460,460
,Aggregated,7274,0,87,87.76710758867205,1.3865000000006233,463.1281999999999,8688.0,382.20133160151994,0.0,87,96,100,110,200,280,300,360,390,460,460
