Type,Name,Request Count,Failure Count,Median Response Time,Average Response Time,Min Response Time,Max Response Time,Average Content Size,Requests/s,Failures/s,50%,66%,75%,80%,90%,95%,98%,99%,99.9%,99.99%,100%
GET,/,6001,0,9,42.65734537577075,1.3669999999983418,495.64820000000066,8688.0,315.0916077044987,0.0,9,17,60,84,110,200,300,330,410,500,500
,Aggregated,6001,0,9,42.65734537577075,1.3669999999983418,495.64820000000066,8688.0,315.0916077044987,0.0,9,17,60,84,110,200,300,330,410,500,500
