Type,Name,Request Count,Failure Count,Median Response Time,Average Response Time,Min Response Time,Max Response Time,Average Content Size,Requests/s,Failures/s,50%,66%,75%,80%,90%,95%,98%,99%,99.9%,99.99%,100%
GET,/,7089,0,8,38.06547817745792,1.2676999999996497,440.58110000000016,8688.0,372.8379009707755,0.0,8,14,45,66,110,190,260,300,390,440,440
,Aggregated,7089,0,8,38.06547817745792,1.2676999999996497,440.58110000000016,8688.0,372.8379009707755,0.0,8,14,45,66,110,190,260,300,390,440,440
