Type,Name,Request Count,Failure Count,Median Response Time,Average Response Time,Min Response Time,Max Response Time,Average Content Size,Requests/s,Failures/s,50%,66%,75%,80%,90%,95%,98%,99%,99.9%,99.99%,100%
GET,/,6094,0,10,30.184101230718696,1.3241999999991094,373.45719999999983,8688.0,320.275633768588,0.0,10,14,25,50,87,110,200,270,290,370,370
,Aggregated,6094,0,10,30.184101230718696,1.3241999999991094,373.45719999999983,8688.0,320.275633768588,0.0,10,14,25,50,87,110,200,270,290,370,370
