Type,Name,Request Count,Failure Count,Median Response Time,Average Response Time,Min Response Time,Max Response Time,Average Content Size,Requests/s,Failures/s,50%,66%,75%,80%,90%,95%,98%,99%,99.9%,99.99%,100%
GET,/,3904,0,5,22.476765650614812,1.2236000000012126,335.3991000000001,8688.0,207.69129251016793,0.0,5,6,9,11,69,140,210,230,320,340,340
,Aggregated,3904,0,5,22.476765650614812,1.2236000000012126,335.3991000000001,8688.0,207.69129251016793,0.0,5,6,9,11,69,140,210,230,320,340,340
