Type,Name,Request Count,Failure Count,Median Response Time,Average Response Time,Min Response Time,Max Response Time,Average Content Size,Requests/s,Failures/s,50%,66%,75%,80%,90%,95%,98%,99%,99.9%,99.99%,100%
GET,/,3106,0,4,25.59277675466846,1.1319000000007406,446.2531000000001,8688.0,163.32998817680945,0.0,4,6,7,37,90,110,200,340,440,450,450
,Aggregated,3106,0,4,25.59277675466846,1.1319000000007406,446.2531000000001,8688.0,163.32998817680945,0.0,4,6,7,37,90,110,200,340,440,450,450
