Type,Name,Request Count,Failure Count,Median Response Time,Average Response Time,Min Response Time,Max Response Time,Average Content Size,Requests/s,Failures/s,50%,66%,75%,80%,90%,95%,98%,99%,99.9%,99.99%,100%
GET,/,2710,0,4,23.25577649446497,1.2388999999988215,310.16390000000007,8688.0,143.96579544407464,0.0,4,6,7,11,90,100,210,220,300,310,310
,Aggregated,2710,0,4,23.25577649446497,1.2388999999988215,310.16390000000007,8688.0,143.96579544407464,0.0,4,6,7,11,90,100,210,220,300,310,310
