Type,Name,Request Count,Failure Count,Median Response Time,Average Response Time,Min Response Time,Max Response Time,Average Content Size,Requests/s,Failures/s,50%,66%,75%,80%,90%,95%,98%,99%,99.9%,99.99%,100%
GET,/,4499,0,8,27.866274372082707,1.2030000000002872,366.1670999999997,8688.0,236.9757879909286,0.0,8,12,18,47,80,110,190,270,360,370,370
,Aggregated,4499,0,8,27.866274372082707,1.2030000000002872,366.1670999999997,8688.0,236.9757879909286,0.0,8,12,18,47,80,110,190,270,360,370,370
