Type,Name,Request Count,Failure Count,Median Response Time,Average Response Time,Min Response Time,Max Response Time,Average Content Size,Requests/s,Failures/s,50%,66%,75%,80%,90%,95%,98%,99%,99.9%,99.99%,100%
GET,/,6488,0,10,31.63670878545007,1.2078999999989293,419.00579999999985,8688.0,340.8589883020697,0.0,10,17,27,53,90,130,210,240,320,420,420
,Aggregated,6488,0,10,31.63670878545007,1.2078999999989293,419.00579999999985,8688.0,340.8589883020697,0.0,10,17,27,53,90,130,210,240,320,420,420
