Type,Name,Request Count,Failure Count,Median Response Time,Average Response Time,Min Response Time,Max Response Time,Average Content Size,Requests/s,Failures/s,50%,66%,75%,80%,90%,95%,98%,99%,99.9%,99.99%,100%
GET,/,8760,0,67,74.99590683789951,1.2881000000000142,490.6284999999997,8688.0,459.1623698160486,0.0,67,91,98,100,190,250,310,380,420,490,490
,Aggregated,8760,0,67,74.99590683789951,1.2881000000000142,490.6284999999997,8688.0,459.1623698160486,0.0,67,91,98,100,190,250,310,380,420,490,490
