Type,Name,Request Count,Failure Count,Median Response Time,Average Response Time,Min Response Time,Max Response Time,Average Content Size,Requests/s,Failures/s,50%,66%,75%,80%,90%,95%,98%,99%,99.9%,99.99%,100%
GET,/,7342,0,11,39.98869854263152,1.2596000000009155,535.5371999999999,8688.0,385.3763524914067,0.0,11,19,53,74,110,190,230,270,440,540,540
,Aggregated,7342,0,11,39.98869854263152,1.2596000000009155,535.5371999999999,8688.0,385.3763524914067,0.0,11,19,53,74,110,190,230,270,440,540,540
