Type,Name,Request Count,Failure Count,Median Response Time,Average Response Time,Min Response Time,Max Response Time,Average Content Size,Requests/s,Failures/s,50%,66%,75%,80%,90%,95%,98%,99%,99.9%,99.99%,100%
GET,/,7020,0,8,34.57257153846152,1.1635999999999314,378.1384999999995,8688.0,368.4056690503501,0.0,8,12,43,65,95,180,250,280,300,380,380
,Aggregated,7020,0,8,34.57257153846152,1.1635999999999314,378.1384999999995,8688.0,368.4056690503501,0.0,8,12,43,65,95,180,250,280,300,380,380
