Type,Name,Request Count,Failure Count,Median Response Time,Average Response Time,Min Response Time,Max Response Time,Average Content Size,Requests/s,Failures/s,50%,66%,75%,80%,90%,95%,98%,99%,99.9%,99.99%,100%
GET,/,7903,0,12,43.80778744780447,1.2508999999987225,371.43250000000006,8688.0,413.9376418128513,0.0,12,30,68,82,110,190,240,280,360,370,370
,Aggregated,7903,0,12,43.80778744780447,1.2508999999987225,371.43250000000006,8688.0,413.9376418128513,0.0,12,30,68,82,110,190,240,280,360,370,370
