Type,Name,Request Count,Failure Count,Median Response Time,Average Response Time,Min Response Time,Max Response Time,Average Content Size,Requests/s,Failures/s,50%,66%,75%,80%,90%,95%,98%,99%,99.9%,99.99%,100%
GET,/,4883,0,52,69.05893956584084,1.2048999999993981,450.11550000000034,8688.0,256.2726091299943,0.0,52,90,95,98,200,290,330,350,420,450,450
,Aggregated,4883,0,52,69.05893956584084,1.2048999999993981,450.11550000000034,8688.0,256.2726091299943,0.0,52,90,95,98,200,290,330,350,420,450,450
