Type,Name,Request Count,Failure Count,Median Response Time,Average Response Time,Min Response Time,Max Response Time,Average Content Size,Requests/s,Failures/s,50%,66%,75%,80%,90%,95%,98%,99%,99.9%,99.99%,100%
GET,/,5400,0,8,27.436344925925965,1.251700000000966,322.45230000000015,8688.0,285.0313331656311,0.0,8,12,15,27,81,150,200,220,300,320,320
,Aggregated,5400,0,8,27.436344925925965,1.251700000000966,322.45230000000015,8688.0,285.0313331656311,0.0,8,12,15,27,81,150,200,220,300,320,320
