Type,Name,Request Count,Failure Count,Median Response Time,Average Response Time,Min Response Time,Max Response Time,Average Content Size,Requests/s,Failures/s,50%,66%,75%,80%,90%,95%,98%,99%,99.9%,99.99%,100%
GET,/,7485,0,10,39.53738590514359,1.2480999999997522,525.7700000000006,8688.0,392.40223718418014,0.0,10,22,65,75,97,180,260,290,480,530,530
,Aggregated,7485,0,10,39.53738590514359,1.2480999999997522,525.7700000000006,8688.0,392.40223718418014,0.0,10,22,65,75,97,180,260,290,480,530,530
