Type,Name,Request Count,Failure Count,Median Response Time,Average Response Time,Min Response Time,Max Response Time,Average Content Size,Requests/s,Failures/s,50%,66%,75%,80%,90%,95%,98%,99%,99.9%,99.99%,100%
GET,/,6640,0,8,32.255264006024056,1.169300000000817,421.50409999999994,8688.0,348.62905738092053,0.0,8,13,34,57,98,160,200,240,330,420,420
,Aggregated,6640,0,8,32.255264006024056,1.169300000000817,421.50409999999994,8688.0,348.62905738092053,0.0,8,13,34,57,98,160,200,240,330,420,420
