Type,Name,Request Count,Failure Count,Median Response Time,Average Response Time,Min Response Time,Max Response Time,Average Content Size,Requests/s,Failures/s,50%,66%,75%,80%,90%,95%,98%,99%,99.9%,99.99%,100%
GET,/,4410,0,6,30.010562970521423,1.224300000000511,499.85010000000017,8688.0,232.23250006899096,0.0,6,8,14,40,98,180,220,290,330,500,500
,Aggregated,4410,0,6,30.010562970521423,1.224300000000511,499.85010000000017,8688.0,232.23250006899096,0.0,6,8,14,40,98,180,220,290,330,500,500
