Type,Name,Request Count,Failure Count,Median Response Time,Average Response Time,Min Response Time,Max Response Time,Average Content Size,Requests/s,Failures/s,50%,66%,75%,80%,90%,95%,98%,99%,99.9%,99.99%,100%
GET,/,3853,0,7,30.248713236439176,1.3052000000008945,379.50909999999993,8688.0,202.9073834421738,0.0,7,10,13,23,87,190,270,310,370,380,380
,Aggregated,3853,0,7,30.248713236439176,1.3052000000008945,379.50909999999993,8688.0,202.9073834421738,0.0,7,10,13,23,87,190,270,310,370,380,380
