Type,Name,Request Count,Failure Count,Median Response Time,Average Response Time,Min Response Time,Max Response Time,Average Content Size,Requests/s,Failures/s,50%,66%,75%,80%,90%,95%,98%,99%,99.9%,99.99%,100%
GET,/,7247,0,10,34.71118796743464,1.2569999999998416,399.64569999999975,8688.0,381.20864918796775,0.0,10,15,34,58,96,180,240,270,380,400,400
,Aggregated,7247,0,10,34.71118796743464,1.2569999999998416,399.64569999999975,8688.0,381.20864918796775,0.0,10,15,34,58,96,180,240,270,380,400,400
