Type,Name,Request Count,Failure Count,Median Response Time,Average Response Time,Min Response Time,Max Response Time,Average Content Size,Requests/s,Failures/s,50%,66%,75%,80%,90%,95%,98%,99%,99.9%,99.99%,100%
GET,/,7855,0,10,43.17992849140687,1.255700000001525,390.4746000000001,8688.0,411.80939916284075,0.0,10,37,70,82,120,190,220,270,330,390,390
,Aggregated,7855,0,10,43.17992849140687,1.255700000001525,390.4746000000001,8688.0,411.80939916284075,0.0,10,37,70,82,120,190,220,270,330,390,390
