Type,Name,Request Count,Failure Count,Median Response Time,Average Response Time,Min Response Time,Max Response Time,Average Content Size,Requests/s,Failures/s,50%,66%,75%,80%,90%,95%,98%,99%,99.9%,99.99%,100%
GET,/,6782,0,8,31.636368386906444,1.2448999999996602,358.5056999999998,8688.0,356.8216575213913,0.0,8,12,32,56,94,160,200,260,350,360,360
,Aggregated,6782,0,8,31.636368386906444,1.2448999999996602,358.5056999999998,8688.0,356.8216575213913,0.0,8,12,32,56,94,160,200,260,350,360,360
