Type,Name,Request Count,Failure Count,Median Response Time,Average Response Time,Min Response Time,Max Response Time,Average Content Size,Requests/s,Failures/s,50%,66%,75%,80%,90%,95%,98%,99%,99.9%,99.99%,100%
GET,/,6793,0,66,74.48119880759631,1.3351999999997588,548.3188000000006,8688.0,357.39542470649064,0.0,66,89,96,100,190,270,330,400,490,550,550
,Aggregated,6793,0,66,74.48119880759631,1.3351999999997588,548.3188000000006,8688.0,357.39542470649064,0.0,66,89,96,100,190,270,330,400,490,550,550
