Type,Name,Request Count,Failure Count,Median Response Time,Average Response Time,Min Response Time,Max Response Time,Average Content Size,Requests/s,Failures/s,50%,66%,75%,80%,90%,95%,98%,99%,99.9%,99.99%,100%
GET,/,3142,0,8,23.323400477402924,1.2578000000011968,293.6595999999998,8688.0,166.9299976306675,0.0,8,11,13,17,76,99,190,200,270,290,290
,Aggregated,3142,0,8,23.323400477402924,1.2578000000011968,293.6595999999998,8688.0,166.9299976306675,0.0,8,11,13,17,76,99,190,200,270,290,290
