Type,Name,Request Count,Failure Count,Median Response Time,Average Response Time,Min Response Time,Max Response Time,Average Content Size,Requests/s,Failures/s,50%,66%,75%,80%,90%,95%,98%,99%,99.9%,99.99%,100%
GET,/,3870,0,5,23.387264547803653,1.2056999999998652,465.79820000000007,8688.0,205.27492047314377,0.0,5,6,8,9,69,160,260,300,430,470,470
,Aggregated,3870,0,5,23.387264547803653,1.2056999999998652,465.79820000000007,8688.0,205.27492047314377,0.0,5,6,8,9,69,160,260,300,430,470,470
