Type,Name,Request Count,Failure Count,Median Response Time,Average Response Time,Min Response Time,Max Response Time,Average Content Size,Requests/s,Failures/s,50%,66%,75%,80%,90%,95%,98%,99%,99.9%,99.99%,100%
GET,/,4895,0,8,40.29512204290095,1.2726000000000681,361.96669999999995,8688.0,257.2960296547289,0.0,8,19,66,82,100,190,240,280,360,360,360
,Aggregated,4895,0,8,40.29512204290095,1.2726000000000681,361.96669999999995,8688.0,257.2960296547289,0.0,8,19,66,82,100,190,240,280,360,360,360
