Type,Name,Request Count,Failure Count,Median Response Time,Average Response Time,Min Response Time,Max Response Time,Average Content Size,Requests/s,Failures/s,50%,66%,75%,80%,90%,95%,98%,99%,99.9%,99.99%,100%
GET,/,6456,0,9,30.478721545848913,1.2593999999985783,357.1523000000001,8688.0,339.8625068844042,0.0,9,13,33,56,89,140,190,240,330,360,360
,Aggregated,6456,0,9,30.478721545848913,1.2593999999985783,357.1523000000001,8688.0,339.8625068844042,0.0,9,13,33,56,89,140,190,240,330,360,360
