Type,Name,Request Count,Failure Count,Median Response Time,Average Response Time,Min Response Time,Max Response Time,Average Content Size,Requests/s,Failures/s,50%,66%,75%,80%,90%,95%,98%,99%,99.9%,99.99%,100%
GET,/,4788,0,7,23.767765371762778,1.2865000000026328,446.5912999999997,8688.0,253.67596527644224,0.0,7,9,12,19,71,100,200,250,350,450,450
,Aggregated,4788,0,7,23.767765371762778,1.2865000000026328,446.5912999999997,8688.0,253.67596527644224,0.0,7,9,12,19,71,100,200,250,350,450,450
