Type,Name,Request Count,Failure Count,Median Response Time,Average Response Time,Min Response Time,Max Response Time,Average Content Size,Requests/s,Failures/s,50%,66%,75%,80%,90%,95%,98%,99%,99.9%,99.99%,100%
GET,/,8299,0,20,61.38354796963489,1.612599999999631,710.0048999999995,8688.0,434.54258578721283,0.0,20,69,86,95,180,240,310,380,620,710,710
,Aggregated,8299,0,20,61.38354796963489,1.612599999999631,710.0048999999995,8688.0,434.54258578721283,0.0,20,69,86,95,180,240,310,380,620,710,710
