Type,Name,Request Count,Failure Count,Median Response Time,Average Response Time,Min Response Time,Max Response Time,Average Content Size,Requests/s,Failures/s,50%,66%,75%,80%,90%,95%,98%,99%,99.9%,99.99%,100%
GET,/,7375,0,10,39.580110210169416,1.2328999999997592,736.0316000000005,8688.0,388.15064721153846,0.0,10,17,60,74,97,180,250,290,500,740,740
,Aggregated,7375,0,10,39.580110210169416,1.2328999999997592,736.0316000000005,8688.0,388.15064721153846,0.0,10,17,60,74,97,180,250,290,500,740,740
