Type,Name,Request Count,Failure Count,Median Response Time,Average Response Time,Min Response Time,Max Response Time,Average Content Size,Requests/s,Failures/s,50%,66%,75%,80%,90%,95%,98%,99%,99.9%,99.99%,100%
GET,/,6069,0,7,42.09958938869665,1.234999999999431,484.6276999999999,8688.0,319.02073836557713,0.0,7,13,70,81,100,190,290,380,470,480,480
,Aggregated,6069,0,7,42.09958938869665,1.234999999999431,484.6276999999999,8688.0,319.02073836557713,0.0,7,13,70,81,100,190,290,380,470,480,480
