Type,Name,Request Count,Failure Count,Median Response Time,Average Response Time,Min Response Time,Max Response Time,Average Content Size,Requests/s,Failures/s,50%,66%,75%,80%,90%,95%,98%,99%,99.9%,99.99%,100%
GET,/,5877,0,7,35.393613169984604,1.145100000000454,437.6967000000001,8688.0,309.02938235280624,0.0,7,10,22,54,99,190,300,340,430,440,440
,Aggregated,5877,0,7,35.393613169984604,1.145100000000454,437.6967000000001,8688.0,309.02938235280624,0.0,7,10,22,54,99,190,300,340,430,440,440
