Type,Name,Request Count,Failure Count,Median Response Time,Average Response Time,Min Response Time,Max Response Time,Average Content Size,Requests/s,Failures/s,50%,66%,75%,80%,90%,95%,98%,99%,99.9%,99.99%,100%
GET,/,4799,0,8,39.09468712231708,1.3071000000000055,355.62999999999965,8688.0,252.62100660820607,0.0,8,20,66,79,100,190,230,300,340,360,360
,Aggregated,4799,0,8,39.09468712231708,1.3071000000000055,355.62999999999965,8688.0,252.62100660820607,0.0,8,20,66,79,100,190,230,300,340,360,360
