Type,Name,Request Count,Failure Count,Median Response Time,Average Response Time,Min Response Time,Max Response Time,Average Content Size,Requests/s,Failures/s,50%,66%,75%,80%,90%,95%,98%,99%,99.9%,99.99%,100%
GET,/,6343,0,9,31.32477012454674,1.219799999999438,426.0606,8688.0,333.13754071029945,0.0,9,12,19,50,92,140,260,290,420,430,430
,Aggregated,6343,0,9,31.32477012454674,1.219799999999438,426.0606,8688.0,333.13754071029945,0.0,9,12,19,50,92,140,260,290,420,430,430
