Type,Name,Request Count,Failure Count,Median Response Time,Average Response Time,Min Response Time,Max Response Time,Average Content Size,Requests/s,Failures/s,50%,66%,75%,80%,90%,95%,98%,99%,99.9%,99.99%,100%
GET,/,8350,0,59,75.08801366467011,1.2027999999997263,529.6908,8688.0,437.00020520859493,0.0,59,91,100,110,190,270,300,390,490,530,530
,Aggregated,8350,0,59,75.08801366467011,1.2027999999997263,529.6908,8688.0,437.00020520859493,0.0,59,91,100,110,190,270,300,390,490,530,530
