Type,Name,Request Count,Failure Count,Median Response Time,Average Response Time,Min Response Time,Max Response Time,Average Content Size,Requests/s,Failures/s,50%,66%,75%,80%,90%,95%,98%,99%,99.9%,99.99%,100%
GET,/,5839,0,63,109.6109665011131,1.3579999999997483,1364.2765000000027,8688.0,306.4197901422389,0.0,63,93,100,160,290,490,810,900,1200,1400,1400
,Aggregated,5839,0,63,109.6109665011131,1.3579999999997483,1364.2765000000027,8688.0,306.4197901422389,0.0,63,93,100,160,290,490,810,900,1200,1400,1400
