Type,Name,Request Count,Failure Count,Median Response Time,Average Response Time,Min Response Time,Max Response Time,Average Content Size,Requests/s,Failures/s,50%,66%,75%,80%,90%,95%,98%,99%,99.9%,99.99%,100%
GET,/,7885,0,7,41.01911411540903,1.2091999999999103,344.9540000000004,8688.0,413.257274468485,0.0,7,35,75,84,110,190,230,260,310,340,340
,Aggregated,7885,0,7,41.01911411540903,1.2091999999999103,344.9540000000004,8688.0,413.257274468485,0.0,7,35,75,84,110,190,230,260,310,340,340
