Type,Name,Request Count,Failure Count,Median Response Time,Average Response Time,Min Response Time,Max Response Time,Average Content Size,Requests/s,Failures/s,50%,66%,75%,80%,90%,95%,98%,99%,99.9%,99.99%,100%
GET,/,9967,0,72,68.08252740042138,1.3350999999985902,438.0992999999993,8688.0,521.7408295479694,0.0,72,90,98,100,170,200,230,290,340,440,440
,Aggregated,9967,0,72,68.08252740042138,1.3350999999985902,438.0992999999993,8688.0,521.7408295479694,0.0,72,90,98,100,170,200,230,290,340,440,440
