Type,Name,Request Count,Failure Count,Median Response Time,Average Response Time,Min Response Time,Max Response Time,Average Content Size,Requests/s,Failures/s,50%,66%,75%,80%,90%,95%,98%,99%,99.9%,99.99%,100%
GET,/,9533,0,13,42.203445179901784,1.2731999999999744,355.6628000000002,8688.0,499.5153302483146,0.0,13,44,68,80,99,180,240,270,350,360,360
,Aggregated,9533,0,13,42.203445179901784,1.2731999999999744,355.6628000000002,8688.0,499.5153302483146,0.0,13,44,68,80,99,180,240,270,350,360,360
