Type,Name,Request Count,Failure Count,Median Response Time,Average Response Time,Min Response Time,Max Response Time,Average Content Size,Requests/s,Failures/s,50%,66%,75%,80%,90%,95%,98%,99%,99.9%,99.99%,100%
GET,/,9216,0,13,49.71993161892386,1.2575000000012437,330.9337000000001,8688.0,483.3046046620126,0.0,13,63,83,94,130,190,210,270,320,330,330
,Aggregated,9216,0,13,49.71993161892386,1.2575000000012437,330.9337000000001,8688.0,483.3046046620126,0.0,13,63,83,94,130,190,210,270,320,330,330
