Type,Name,Request Count,Failure Count,Median Response Time,Average Response Time,Min Response Time,Max Response Time,Average Content Size,Requests/s,Failures/s,50%,66%,75%,80%,90%,95%,98%,99%,99.9%,99.99%,100%
GET,/,8650,0,10,47.73627501734091,1.1957000000002438,418.0501999999997,8688.0,454.4527456811323,0.0,10,55,78,87,140,190,260,280,340,420,420
,Aggregated,8650,0,10,47.73627501734091,1.1957000000002438,418.0501999999997,8688.0,454.4527456811323,0.0,10,55,78,87,140,190,260,280,340,420,420
