Type,Name,Request Count,Failure Count,Median Response Time,Average Response Time,Min Response Time,Max Response Time,Average Content Size,Requests/s,Failures/s,50%,66%,75%,80%,90%,95%,98%,99%,99.9%,99.99%,100%
GET,/,7830,0,210.0,220.30304146871015,1.5153999999997225,592.9684999999996,8688.0,410.9262831933637,0.0,210,290,300,300,380,400,470,480,570,590,590
,Aggregated,7830,0,210.0,220.30304146871015,1.5153999999997225,592.9684999999996,8688.0,410.9262831933637,0.0,210,290,300,300,380,400,470,480,570,590,590
