Type,Name,Request Count,Failure Count,Median Response Time,Average Response Time,Min Response Time,Max Response Time,Average Content Size,Requests/s,Failures/s,50%,66%,75%,80%,90%,95%,98%,99%,99.9%,99.99%,100%
GET,/,7434,0,12,32.831846072101285,1.1841000000014645,420.8179000000003,8688.0,392.0467123742693,0.0,12,18,31,50,86,160,210,270,400,420,420
,Aggregated,7434,0,12,32.831846072101285,1.1841000000014645,420.8179000000003,8688.0,392.0467123742693,0.0,12,18,31,50,86,160,210,270,400,420,420
