Type,Name,Request Count,Failure Count,Median Response Time,Average Response Time,Min Response Time,Max Response Time,Average Content Size,Requests/s,Failures/s,50%,66%,75%,80%,90%,95%,98%,99%,99.9%,99.99%,100%
GET,/,9973,0,18,53.51339026371194,1.2629000000003998,371.8171000000003,8688.0,522.4095936205318,0.0,18,74,86,90,110,190,260,280,340,370,370
,Aggregated,9973,0,18,53.51339026371194,1.2629000000003998,371.8171000000003,8688.0,522.4095936205318,0.0,18,74,86,90,110,190,260,280,340,370,370
