Type,Name,Request Count,Failure Count,Median Response Time,Average Response Time,Min Response Time,Max Response Time,Average Content Size,Requests/s,Failures/s,50%,66%,75%,80%,90%,95%,98%,99%,99.9%,99.99%,100%
GET,/,9485,0,20,54.70212156035839,1.2568999999995611,370.63800000000003,8688.0,497.41273362694494,0.0,20,78,88,93,120,190,210,270,340,370,370
,Aggregated,9485,0,20,54.70212156035839,1.2568999999995611,370.63800000000003,8688.0,497.41273362694494,0.0,20,78,88,93,120,190,210,270,340,370,370
