Type,Name,Request Count,Failure Count,Median Response Time,Average Response Time,Min Response Time,Max Response Time,Average Content Size,Requests/s,Failures/s,50%,66%,75%,80%,90%,95%,98%,99%,99.9%,99.99%,100%
GET,/,8013,0,10,43.761005565955365,1.2814000000034298,379.5406000000003,8688.0,419.6231815822237,0.0,10,35,75,83,110,200,250,290,300,380,380
,Aggregated,8013,0,10,43.761005565955365,1.2814000000034298,379.5406000000003,8688.0,419.6231815822237,0.0,10,35,75,83,110,200,250,290,300,380,380
