Type,Name,Request Count,Failure Count,Median Response Time,Average Response Time,Min Response Time,Max Response Time,Average Content Size,Requests/s,Failures/s,50%,66%,75%,80%,90%,95%,98%,99%,99.9%,99.99%,100%
GET,/,7501,0,13,52.5647578056261,1.2068000000020618,401.03849999999983,8688.0,394.1922380194104,0.0,13,76,88,94,110,190,280,300,380,400,400
,Aggregated,7501,0,13,52.5647578056261,1.2068000000020618,401.03849999999983,8688.0,394.1922380194104,0.0,13,76,88,94,110,190,280,300,380,400,400
