Type,Name,Request Count,Failure Count,Median Response Time,Average Response Time,Min Response Time,Max Response Time,Average Content Size,Requests/s,Failures/s,50%,66%,75%,80%,90%,95%,98%,99%,99.9%,99.99%,100%
GET,/,9961,0,42,61.41457538399735,1.256599999999608,362.8458999999999,8688.0,522.101062996703,0.0,42,83,92,99,170,200,230,270,350,360,360
,Aggregated,9961,0,42,61.41457538399735,1.256599999999608,362.8458999999999,8688.0,522.101062996703,0.0,42,83,92,99,170,200,230,270,350,360,360
