Type,Name,Request Count,Failure Count,Median Response Time,Average Response Time,Min Response Time,Max Response Time,Average Content Size,Requests/s,Failures/s,50%,66%,75%,80%,90%,95%,98%,99%,99.9%,99.99%,100%
GET,/,8798,0,11,39.69797281200263,1.1428999999996137,342.5545000000003,8688.0,461.9250067048405,0.0,11,28,70,79,100,180,200,260,320,340,340
,Aggregated,8798,0,11,39.69797281200263,1.1428999999996137,342.5545000000003,8688.0,461.9250067048405,0.0,11,28,70,79,100,180,200,260,320,340,340
