Type,Name,Request Count,Failure Count,Median Response Time,Average Response Time,Min Response Time,Max Response Time,Average Content Size,Requests/s,Failures/s,50%,66%,75%,80%,90%,95%,98%,99%,99.9%,99.99%,100%
GET,/,9611,0,13,48.614440755384365,1.255799999999141,422.1625000000002,8688.0,503.5746858112244,0.0,13,58,80,88,140,190,210,250,330,420,420
,Aggregated,9611,0,13,48.614440755384365,1.255799999999141,422.1625000000002,8688.0,503.5746858112244,0.0,13,58,80,88,140,190,210,250,330,420,420
