Type,Name,Request Count,Failure Count,Median Response Time,Average Response Time,Min Response Time,Max Response Time,Average Content Size,Requests/s,Failures/s,50%,66%,75%,80%,90%,95%,98%,99%,99.9%,99.99%,100%
GET,/,7730,0,15,66.85374861578258,1.2087000000011727,399.2008999999994,8688.0,406.1146620255333,0.0,15,86,95,100,200,270,300,310,390,400,400
,Aggregated,7730,0,15,66.85374861578258,1.2087000000011727,399.2008999999994,8688.0,406.1146620255333,0.0,15,86,95,100,200,270,300,310,390,400,400
