Type,Name,Request Count,Failure Count,Median Response Time,Average Response Time,Min Response Time,Max Response Time,Average Content Size,Requests/s,Failures/s,50%,66%,75%,80%,90%,95%,98%,99%,99.9%,99.99%,100%
GET,/,9496,0,13,42.21439970513914,1.2294000000032668,404.96020000000055,8688.0,497.67278467159593,0.0,13,26,60,71,110,190,270,280,340,400,400
,Aggregated,9496,0,13,42.21439970513914,1.2294000000032668,404.96020000000055,8688.0,497.67278467159593,0.0,13,26,60,71,110,190,270,280,340,400,400
