Type,Name,Request Count,Failure Count,Median Response Time,Average Response Time,Min Response Time,Max Response Time,Average Content Size,Requests/s,Failures/s,50%,66%,75%,80%,90%,95%,98%,99%,99.9%,99.99%,100%
GET,/,8897,0,21,60.174405473755016,1.2647000000001185,434.9065999999997,8688.0,466.068875692436,0.0,21,75,86,92,160,210,310,350,400,430,430
,Aggregated,8897,0,21,60.174405473755016,1.2647000000001185,434.9065999999997,8688.0,466.068875692436,0.0,21,75,86,92,160,210,310,350,400,430,430
