Type,Name,Request Count,Failure Count,Median Response Time,Average Response Time,Min Response Time,Max Response Time,Average Content Size,Requests/s,Failures/s,50%,66%,75%,80%,90%,95%,98%,99%,99.9%,99.99%,100%
GET,/,7691,0,17,181.5143348329213,1.262499999999278,2409.5275,8688.0,403.16790869443935,0.0,17,75,92,100,250,1800,2100,2100,2400,2400,2400
,Aggregated,7691,0,17,181.5143348329213,1.262499999999278,2409.5275,8688.0,403.16790869443935,0.0,17,75,92,100,250,1800,2100,2100,2400,2400,2400
