Type,Name,Request Count,Failure Count,Median Response Time,Average Response Time,Min Response Time,Max Response Time,Average Content Size,Requests/s,Failures/s,50%,66%,75%,80%,90%,95%,98%,99%,99.9%,99.99%,100%
GET,/,9261,0,52,65.83242950005402,1.3480000000001269,481.55519999999984,8688.0,485.135699839275,0.0,52,82,94,100,180,200,280,330,410,480,480
,Aggregated,9261,0,52,65.83242950005402,1.3480000000001269,481.55519999999984,8688.0,485.135699839275,0.0,52,82,94,100,180,200,280,330,410,480,480
