Type,Name,Request Count,Failure Count,Median Response Time,Average Response Time,Min Response Time,Max Response Time,Average Content Size,Requests/s,Failures/s,50%,66%,75%,80%,90%,95%,98%,99%,99.9%,99.99%,100%
GET,/,10323,0,95,104.72967333139562,1.6891999999995022,449.25909999999993,8688.0,540.1099771177581,0.0,95,100,120,180,200,230,290,300,410,450,450
,Aggregated,10323,0,95,104.72967333139562,1.6891999999995022,449.25909999999993,8688.0,540.1099771177581,0.0,95,100,120,180,200,230,290,300,410,450,450
