Type,Name,Request Count,Failure Count,Median Response Time,Average Response Time,Min Response Time,Max Response Time,Average Content Size,Requests/s,Failures/s,50%,66%,75%,80%,90%,95%,98%,99%,99.9%,99.99%,100%
GET,/,9162,0,12,49.34527332460154,1.1726999999996934,300.81179999999995,8688.0,480.44457464712997,0.0,12,68,86,94,110,190,210,260,290,300,300
,Aggregated,9162,0,12,49.34527332460154,1.1726999999996934,300.81179999999995,8688.0,480.44457464712997,0.0,12,68,86,94,110,190,210,260,290,300,300
