Type,Name,Request Count,Failure Count,Median Response Time,Average Response Time,Min Response Time,Max Response Time,Average Content Size,Requests/s,Failures/s,50%,66%,75%,80%,90%,95%,98%,99%,99.9%,99.99%,100%
GET,/,9323,0,10,39.42655513246797,1.2160000000029925,385.92469999999946,8688.0,488.3692545762321,0.0,10,25,65,78,100,180,200,240,330,390,390
,Aggregated,9323,0,10,39.42655513246797,1.2160000000029925,385.92469999999946,8688.0,488.3692545762321,0.0,10,25,65,78,100,180,200,240,330,390,390
