Type,Name,Request Count,Failure Count,Median Response Time,Average Response Time,Min Response Time,Max Response Time,Average Content Size,Requests/s,Failures/s,50%,66%,75%,80%,90%,95%,98%,99%,99.9%,99.99%,100%
GET,/,8687,0,12,47.7454491884424,1.2554999999991878,448.24030000000016,8688.0,455.43107008028073,0.0,12,53,80,87,110,200,270,310,390,450,450
,Aggregated,8687,0,12,47.7454491884424,1.2554999999991878,448.24030000000016,8688.0,455.43107008028073,0.0,12,53,80,87,110,200,270,310,390,450,450
