Type,Name,Request Count,Failure Count,Median Response Time,Average Response Time,Min Response Time,Max Response Time,Average Content Size,Requests/s,Failures/s,50%,66%,75%,80%,90%,95%,98%,99%,99.9%,99.99%,100%
GET,/,8066,0,10,37.262164306967364,1.1706999999994139,383.46129999999954,8688.0,423.14290984212505,0.0,10,15,61,79,99,170,200,280,370,380,380
,Aggregated,8066,0,10,37.262164306967364,1.1706999999994139,383.46129999999954,8688.0,423.14290984212505,0.0,10,15,61,79,99,170,200,280,370,380,380
