Type,Name,Request Count,Failure Count,Median Response Time,Average Response Time,Min Response Time,Max Response Time,Average Content Size,Requests/s,Failures/s,50%,66%,75%,80%,90%,95%,98%,99%,99.9%,99.99%,100%
GET,/,8539,0,15,46.45420003513298,1.2772999999999257,352.4092999999997,8688.0,447.59785515926336,0.0,15,54,75,83,110,190,220,280,300,350,350
,Aggregated,8539,0,15,46.45420003513298,1.2772999999999257,352.4092999999997,8688.0,447.59785515926336,0.0,15,54,75,83,110,190,220,280,300,350,350
