Type,Name,Request Count,Failure Count,Median Response Time,Average Response Time,Min Response Time,Max Response Time,Average Content Size,Requests/s,Failures/s,50%,66%,75%,80%,90%,95%,98%,99%,99.9%,99.99%,100%
GET,/,7457,0,8,39.59526505297057,1.1478000000000321,344.1308000000003,8688.0,392.3534108027345,0.0,8,15,66,78,100,200,240,270,290,340,340
,Aggregated,7457,0,8,39.59526505297057,1.1478000000000321,344.1308000000003,8688.0,392.3534108027345,0.0,8,15,66,78,100,200,240,270,290,340,340
