Type,Name,Request Count,Failure Count,Median Response Time,Average Response Time,Min Response Time,Max Response Time,Average Content Size,Requests/s,Failures/s,50%,66%,75%,80%,90%,95%,98%,99%,99.9%,99.99%,100%
GET,/,7735,0,18,32.09606943762137,1.2807000000005786,308.3423999999999,8688.0,407.8021138399071,0.0,18,29,42,54,75,100,170,200,240,310,310
,Aggregated,7735,0,18,32.09606943762137,1.2807000000005786,308.3423999999999,8688.0,407.8021138399071,0.0,18,29,42,54,75,100,170,200,240,310,310
