Type,Name,Request Count,Failure Count,Median Response Time,Average Response Time,Min Response Time,Max Response Time,Average Content Size,Requests/s,Failures/s,50%,66%,75%,80%,90%,95%,98%,99%,99.9%,99.99%,100%
GET,/,10375,0,87,84.40733541204816,1.4220999999992046,485.4544000000001,8688.0,544.528941133884,0.0,87,96,100,110,190,200,280,300,390,400,490
,Aggregated,10375,0,87,84.40733541204816,1.4220999999992046,485.4544000000001,8688.0,544.528941133884,0.0,87,96,100,110,190,200,280,300,390,400,490
