Type,Name,Request Count,Failure Count,Median Response Time,Average Response Time,Min Response Time,Max Response Time,Average Content Size,Requests/s,Failures/s,50%,66%,75%,80%,90%,95%,98%,99%,99.9%,99.99%,100%
GET,/,8374,0,11,46.861387747790914,1.2002000000013169,372.6338,8688.0,438.7987318387318,0.0,11,38,75,90,160,200,250,270,330,370,370
,Aggregated,8374,0,11,46.861387747790914,1.2002000000013169,372.6338,8688.0,438.7987318387318,0.0,11,38,75,90,160,200,250,270,330,370,370
