Type,Name,Request Count,Failure Count,Median Response Time,Average Response Time,Min Response Time,Max Response Time,Average Content Size,Requests/s,Failures/s,50%,66%,75%,80%,90%,95%,98%,99%,99.9%,99.99%,100%
GET,/,8458,0,11,40.29826602033588,1.2521999999997036,313.94510000000065,8688.0,443.2656503644731,0.0,11,21,58,81,110,190,210,260,310,310,310
,Aggregated,8458,0,11,40.29826602033588,1.2521999999997036,313.94510000000065,8688.0,443.2656503644731,0.0,11,21,58,81,110,190,210,260,310,310,310
