Type,Name,Request Count,Failure Count,Median Response Time,Average Response Time,Min Response Time,Max Response Time,Average Content Size,Requests/s,Failures/s,50%,66%,75%,80%,90%,95%,98%,99%,99.9%,99.99%,100%
GET,/,9214,0,21,58.564181777729374,1.234999999999431,395.76730000000015,8688.0,482.984926034901,0.0,21,80,90,95,160,190,290,300,370,400,400
,Aggregated,9214,0,21,58.564181777729374,1.234999999999431,395.76730000000015,8688.0,482.984926034901,0.0,21,80,90,95,160,190,290,300,370,400,400
