Type,Name,Request Count,Failure Count,Median Response Time,Average Response Time,Min Response Time,Max Response Time,Average Content Size,Requests/s,Failures/s,50%,66%,75%,80%,90%,95%,98%,99%,99.9%,99.99%,100%
GET,/,9588,0,13,42.364543992490596,1.2270000000000891,433.43989999999974,8688.0,502.1426853363499,0.0,13,33,64,78,110,180,220,280,370,430,430
,Aggregated,9588,0,13,42.364543992490596,1.2270000000000891,433.43989999999974,8688.0,502.1426853363499,0.0,13,33,64,78,110,180,220,280,370,430,430
