Type,Name,Request Count,Failure Count,Median Response Time,Average Response Time,Min Response Time,Max Response Time,Average Content Size,Requests/s,Failures/s,50%,66%,75%,80%,90%,95%,98%,99%,99.9%,99.99%,100%
GET,/,7903,0,18,64.34340640263183,1.2224000000014001,458.33369999999985,8688.0,415.368211367578,0.0,18,85,92,98,190,250,290,300,390,460,460
,Aggregated,7903,0,18,64.34340640263183,1.2224000000014001,458.33369999999985,8688.0,415.368211367578,0.0,18,85,92,98,190,250,290,300,390,460,460
