Type,Name,Request Count,Failure Count,Median Response Time,Average Response Time,Min Response Time,Max Response Time,Average Content Size,Requests/s,Failures/s,50%,66%,75%,80%,90%,95%,98%,99%,99.9%,99.99%,100%
GET,/,9362,0,72,71.13641746421689,1.2927999999998718,312.10570000000007,8688.0,490.5677793561292,0.0,72,93,100,110,190,200,220,280,290,310,310
,Aggregated,9362,0,72,71.13641746421689,1.2927999999998718,312.10570000000007,8688.0,490.5677793561292,0.0,72,93,100,110,190,200,220,280,290,310,310
