Type,Name,Request Count,Failure Count,Median Response Time,Average Response Time,Min Response Time,Max Response Time,Average Content Size,Requests/s,Failures/s,50%,66%,75%,80%,90%,95%,98%,99%,99.9%,99.99%,100%
GET,/,8587,0,10,39.591248899499284,1.1957000000002438,369.4835000000003,8688.0,450.12336729854843,0.0,10,19,58,79,110,190,210,270,360,370,370
,Aggregated,8587,0,10,39.591248899499284,1.1957000000002438,369.4835000000003,8688.0,450.12336729854843,0.0,10,19,58,79,110,190,210,270,360,370,370
