Type,Name,Request Count,Failure Count,Median Response Time,Average Response Time,Min Response Time,Max Response Time,Average Content Size,Requests/s,Failures/s,50%,66%,75%,80%,90%,95%,98%,99%,99.9%,99.99%,100%
GET,/,8403,0,12,52.42681414970837,1.197699999998747,397.875,8688.0,441.55756252940944,0.0,12,66,85,93,180,200,230,270,320,400,400
,Aggregated,8403,0,12,52.42681414970837,1.197699999998747,397.875,8688.0,441.55756252940944,0.0,12,66,85,93,180,200,230,270,320,400,400
