Type,Name,Request Count,Failure Count,Median Response Time,Average Response Time,Min Response Time,Max Response Time,Average Content Size,Requests/s,Failures/s,50%,66%,75%,80%,90%,95%,98%,99%,99.9%,99.99%,100%
GET,/,9423,0,18,51.47952286957445,1.203799999998978,369.5393,8688.0,493.82872371732833,0.0,18,67,81,86,110,200,270,290,360,370,370
,Aggregated,9423,0,18,51.47952286957445,1.203799999998978,369.5393,8688.0,493.82872371732833,0.0,18,67,81,86,110,200,270,290,360,370,370
