Type,Name,Request Count,Failure Count,Median Response Time,Average Response Time,Min Response Time,Max Response Time,Average Content Size,Requests/s,Failures/s,50%,66%,75%,80%,90%,95%,98%,99%,99.9%,99.99%,100%
GET,/,8194,0,13,44.512093190139126,1.266900000000959,303.59000000000026,8688.0,429.44503301321504,0.0,13,47,73,84,120,180,210,230,270,300,300
,Aggregated,8194,0,13,44.512093190139126,1.266900000000959,303.59000000000026,8688.0,429.44503301321504,0.0,13,47,73,84,120,180,210,230,270,300,300
