Type,Name,Request Count,Failure Count,Median Response Time,Average Response Time,Min Response Time,Max Response Time,Average Content Size,Requests/s,Failures/s,50%,66%,75%,80%,90%,95%,98%,99%,99.9%,99.99%,100%
GET,/,8903,0,13,48.2975195889031,1.1803000000014663,433.0835999999998,8688.0,466.69387175201115,0.0,13,61,81,87,110,190,250,270,370,430,430
,Aggregated,8903,0,13,48.2975195889031,1.1803000000014663,433.0835999999998,8688.0,466.69387175201115,0.0,13,61,81,87,110,190,250,270,370,430,430
