Type,Name,Request Count,Failure Count,Median Response Time,Average Response Time,Min Response Time,Max Response Time,Average Content Size,Requests/s,Failures/s,50%,66%,75%,80%,90%,95%,98%,99%,99.9%,99.99%,100%
GET,/,8811,0,14,49.945558381568546,1.272300000000115,380.90800000000024,8688.0,462.79677987422264,0.0,14,67,83,91,120,200,240,290,320,380,380
,Aggregated,8811,0,14,49.945558381568546,1.272300000000115,380.90800000000024,8688.0,462.79677987422264,0.0,14,67,83,91,120,200,240,290,320,380,380
