Type,Name,Request Count,Failure Count,Median Response Time,Average Response Time,Min Response Time,Max Response Time,Average Content Size,Requests/s,Failures/s,50%,66%,75%,80%,90%,95%,98%,99%,99.9%,99.99%,100%
GET,/,9170,0,15,50.77268547437296,1.2178999999967743,403.8180999999996,8688.0,480.42042824652356,0.0,15,71,84,89,110,190,260,300,380,400,400
,Aggregated,9170,0,15,50.77268547437296,1.2178999999967743,403.8180999999996,8688.0,480.42042824652356,0.0,15,71,84,89,110,190,260,300,380,400,400
