Type,Name,Request Count,Failure Count,Median Response Time,Average Response Time,Min Response Time,Max Response Time,Average Content Size,Requests/s,Failures/s,50%,66%,75%,80%,90%,95%,98%,99%,99.9%,99.99%,100%
GET,/,9640,0,11,45.36180440871384,1.247499999999846,374.9549999999999,8688.0,505.2272915441962,0.0,11,54,76,85,110,190,210,270,290,370,370
,Aggregated,9640,0,11,45.36180440871384,1.247499999999846,374.9549999999999,8688.0,505.2272915441962,0.0,11,54,76,85,110,190,210,270,290,370,370
