Type,Name,Request Count,Failure Count,Median Response Time,Average Response Time,Min Response Time,Max Response Time,Average Content Size,Requests/s,Failures/s,50%,66%,75%,80%,90%,95%,98%,99%,99.9%,99.99%,100%
GET,/,8485,0,210.0,231.00201591042998,6.200399999999995,693.2361000000001,8688.0,444.2374073989701,0.0,210,280,310,370,410,480,500,560,600,690,690
,Aggregated,8485,0,210.0,231.00201591042998,6.200399999999995,693.2361000000001,8688.0,444.2374073989701,0.0,210,280,310,370,410,480,500,560,600,690,690
