Type,Name,Request Count,Failure Count,Median Response Time,Average Response Time,Min Response Time,Max Response Time,Average Content Size,Requests/s,Failures/s,50%,66%,75%,80%,90%,95%,98%,99%,99.9%,99.99%,100%
GET,/,9312,0,14,49.14829689647779,1.265800000002315,489.90820000000036,8688.0,489.15938784764256,0.0,14,58,79,88,110,190,270,290,490,490,490
,Aggregated,9312,0,14,49.14829689647779,1.265800000002315,489.90820000000036,8688.0,489.15938784764256,0.0,14,58,79,88,110,190,270,290,490,490,490
