Type,Name,Request Count,Failure Count,Median Response Time,Average Response Time,Min Response Time,Max Response Time,Average Content Size,Requests/s,Failures/s,50%,66%,75%,80%,90%,95%,98%,99%,99.9%,99.99%,100%
GET,/,9999,0,17,50.21069332933296,1.301699999999073,306.5201999999996,8688.0,524.7399118477747,0.0,17,76,86,92,100,170,200,220,300,310,310
,Aggregated,9999,0,17,50.21069332933296,1.301699999999073,306.5201999999996,8688.0,524.7399118477747,0.0,17,76,86,92,100,170,200,220,300,310,310
