Type,Name,Request Count,Failure Count,Median Response Time,Average Response Time,Min Response Time,Max Response Time,Average Content Size,Requests/s,Failures/s,50%,66%,75%,80%,90%,95%,98%,99%,99.9%,99.99%,100%
GET,/,8735,0,9,45.7489794161418,1.1985000000009904,354.81449999999984,8688.0,457.655134801375,0.0,9,55,80,88,110,190,240,280,350,350,350
,Aggregated,8735,0,9,45.7489794161418,1.1985000000009904,354.81449999999984,8688.0,457.655134801375,0.0,9,55,80,88,110,190,240,280,350,350,350
