Type,Name,Request Count,Failure Count,Median Response Time,Average Response Time,Min Response Time,Max Response Time,Average Content Size,Requests/s,Failures/s,50%,66%,75%,80%,90%,95%,98%,99%,99.9%,99.99%,100%
GET,/,9447,0,19,53.317192008044856,1.2954000000000576,487.2801999999998,8688.0,494.51450498540777,0.0,19,69,86,92,110,180,270,300,390,490,490
,Aggregated,9447,0,19,53.317192008044856,1.2954000000000576,487.2801999999998,8688.0,494.51450498540777,0.0,19,69,86,92,110,180,270,300,390,490,490
