Type,Name,Request Count,Failure Count,Median Response Time,Average Response Time,Min Response Time,Max Response Time,Average Content Size,Requests/s,Failures/s,50%,66%,75%,80%,90%,95%,98%,99%,99.9%,99.99%,100%
GET,/,10330,0,89,90.97515269119118,1.3380000000005055,476.82799999999935,8688.0,541.2223590474607,0.0,89,100,110,170,200,210,270,280,350,430,480
,Aggregated,10330,0,89,90.97515269119118,1.3380000000005055,476.82799999999935,8688.0,541.2223590474607,0.0,89,100,110,170,200,210,270,280,350,430,480
