Type,Name,Request Count,Failure Count,Median Response Time,Average Response Time,Min Response Time,Max Response Time,Average Content Size,Requests/s,Failures/s,50%,66%,75%,80%,90%,95%,98%,99%,99.9%,99.99%,100%
GET,/,9916,0,16,48.58323198870523,1.2809999999987554,476.49159999999927,8688.0,520.3909651929522,0.0,16,54,75,83,110,200,250,290,340,480,480
,Aggregated,9916,0,16,48.58323198870523,1.2809999999987554,476.49159999999927,8688.0,520.3909651929522,0.0,16,54,75,83,110,200,250,290,340,480,480
