Type,Name,Request Count,Failure Count,Median Response Time,Average Response Time,Min Response Time,Max Response Time,Average Content Size,Requests/s,Failures/s,50%,66%,75%,80%,90%,95%,98%,99%,99.9%,99.99%,100%
GET,/,9034,0,56,67.34100908789055,1.2721999999989464,385.4027999999996,8688.0,473.087840647386,0.0,56,88,96,100,190,210,280,300,360,390,390
,Aggregated,9034,0,56,67.34100908789055,1.2721999999989464,385.4027999999996,8688.0,473.087840647386,0.0,56,88,96,100,190,210,280,300,360,390,390
