Type,Name,Request Count,Failure Count,Median Response Time,Average Response Time,Min Response Time,Max Response Time,Average Content Size,Requests/s,Failures/s,50%,66%,75%,80%,90%,95%,98%,99%,99.9%,99.99%,100%
GET,/,7834,0,9,41.077511258616276,1.224000000000558,369.31780000000015,8688.0,410.6657579360029,0.0,9,19,68,81,110,190,220,260,340,370,370
,Aggregated,7834,0,9,41.077511258616276,1.224000000000558,369.31780000000015,8688.0,410.6657579360029,0.0,9,19,68,81,110,190,220,260,340,370,370
