Type,Name,Request Count,Failure Count,Median Response Time,Average Response Time,Min Response Time,Max Response Time,Average Content Size,Requests/s,Failures/s,50%,66%,75%,80%,90%,95%,98%,99%,99.9%,99.99%,100%
GET,/,7172,0,7,34.78872384272167,1.1588000000006815,441.6375000000001,8688.0,376.8893650101895,0.0,7,11,43,64,95,200,240,280,320,440,440
,Aggregated,7172,0,7,34.78872384272167,1.1588000000006815,441.6375000000001,8688.0,376.8893650101895,0.0,7,11,43,64,95,200,240,280,320,440,440
