Type,Name,Request Count,Failure Count,Median Response Time,Average Response Time,Min Response Time,Max Response Time,Average Content Size,Requests/s,Failures/s,50%,66%,75%,80%,90%,95%,98%,99%,99.9%,99.99%,100%
GET,/,9193,0,12,41.17015820733203,1.1820999999994086,340.2617999999995,8688.0,481.60877517328123,0.0,12,28,57,73,100,190,260,280,300,340,340
,Aggregated,9193,0,12,41.17015820733203,1.1820999999994086,340.2617999999995,8688.0,481.60877517328123,0.0,12,28,57,73,100,190,260,280,300,340,340
