Type,Name,Request Count,Failure Count,Median Response Time,Average Response Time,Min Response Time,Max Response Time,Average Content Size,Requests/s,Failures/s,50%,66%,75%,80%,90%,95%,98%,99%,99.9%,99.99%,100%
GET,/,7395,0,8,42.95561112914151,1.2122999999988338,397.6500999999999,8688.0,389.114878160724,0.0,8,26,74,84,100,200,290,300,380,400,400
,Aggregated,7395,0,8,42.95561112914151,1.2122999999988338,397.6500999999999,8688.0,389.114878160724,0.0,8,26,74,84,100,200,290,300,380,400,400
