Type,Name,Request Count,Failure Count,Median Response Time,Average Response Time,Min Response Time,Max Response Time,Average Content Size,Requests/s,Failures/s,50%,66%,75%,80%,90%,95%,98%,99%,99.9%,99.99%,100%
GET,/,9927,0,29,57.87821931097004,1.2448000000020443,384.5013000000001,8688.0,520.3901782259732,0.0,29,77,88,96,130,190,230,290,330,380,380
,Aggregated,9927,0,29,57.87821931097004,1.2448000000020443,384.5013000000001,8688.0,520.3901782259732,0.0,29,77,88,96,130,190,230,290,330,380,380
