Type,Name,Request Count,Failure Count,Median Response Time,Average Response Time,Min Response Time,Max Response Time,Average Content Size,Requests/s,Failures/s,50%,66%,75%,80%,90%,95%,98%,99%,99.9%,99.99%,100%
GET,/,9583,0,12,43.426326160910065,1.2266000000007438,527.2684999999999,8688.0,501.5579778478768,0.0,12,29,61,73,110,190,290,300,460,530,530
,Aggregated,9583,0,12,43.426326160910065,1.2266000000007438,527.2684999999999,8688.0,501.5579778478768,0.0,12,29,61,73,110,190,290,300,460,530,530
