Type,Name,Request Count,Failure Count,Median Response Time,Average Response Time,Min Response Time,Max Response Time,Average Content Size,Requests/s,Failures/s,50%,66%,75%,80%,90%,95%,98%,99%,99.9%,99.99%,100%
GET,/,7157,0,300.0,304.4860487075591,1.5370000000007877,786.3202999999999,8688.0,375.62736319875296,0.0,300,380,390,400,490,510,590,600,700,790,790
,Aggregated,7157,0,300.0,304.4860487075591,1.5370000000007877,786.3202999999999,8688.0,375.62736319875296,0.0,300,380,390,400,490,510,590,600,700,790,790
