Type,Name,Request Count,Failure Count,Median Response Time,Average Response Time,Min Response Time,Max Response Time,Average Content Size,Requests/s,Failures/s,50%,66%,75%,80%,90%,95%,98%,99%,99.9%,99.99%,100%
GET,/,8194,0,290.0,291.86129395899457,13.95780000000002,780.0171000000003,8688.0,430.18197797012783,0.0,290,320,380,400,480,500,550,580,610,780,780
,Aggregated,8194,0,290.0,291.86129395899457,13.95780000000002,780.0171000000003,8688.0,430.18197797012783,0.0,290,320,380,400,480,500,550,580,610,780,780
