Type,Name,Request Count,Failure Count,Median Response Time,Average Response Time,Min Response Time,Max Response Time,Average Content Size,Requests/s,Failures/s,50%,66%,75%,80%,90%,95%,98%,99%,99.9%,99.99%,100%
GET,/,8306,0,11,49.422494750782654,1.2297999999999476,432.02660000000037,8688.0,435.1937940702577,0.0,11,54,81,89,120,200,290,300,390,430,430
,Aggregated,8306,0,11,49.422494750782654,1.2297999999999476,432.02660000000037,8688.0,435.1937940702577,0.0,11,54,81,89,120,200,290,300,390,430,430
