Type,Name,Request Count,Failure Count,Median Response Time,Average Response Time,Min Response Time,Max Response Time,Average Content Size,Requests/s,Failures/s,50%,66%,75%,80%,90%,95%,98%,99%,99.9%,99.99%,100%
GET,/,8597,0,17,55.49030715365842,1.2711000000003025,386.5509,8688.0,450.76893997898,0.0,17,76,90,100,180,190,210,260,320,390,390
,Aggregated,8597,0,17,55.49030715365842,1.2711000000003025,386.5509,8688.0,450.76893997898,0.0,17,76,90,100,180,190,210,260,320,390,390
