Type,Name,Request Count,Failure Count,Median Response Time,Average Response Time,Min Response Time,Max Response Time,Average Content Size,Requests/s,Failures/s,50%,66%,75%,80%,90%,95%,98%,99%,99.9%,99.99%,100%
GET,/,9093,0,14,42.55290270537764,1.2083999999994433,315.3220999999999,8688.0,476.35037188528577,0.0,14,39,68,80,110,180,200,240,310,320,320
,Aggregated,9093,0,14,42.55290270537764,1.2083999999994433,315.3220999999999,8688.0,476.35037188528577,0.0,14,39,68,80,110,180,200,240,310,320,320
