Type,Name,Request Count,Failure Count,Median Response Time,Average Response Time,Min Response Time,Max Response Time,Average Content Size,Requests/s,Failures/s,50%,66%,75%,80%,90%,95%,98%,99%,99.9%,99.99%,100%
GET,/,8812,0,18,58.34211487743974,1.2071000000002385,457.8945000000001,8688.0,462.92590868459297,0.0,18,80,91,96,170,200,260,290,380,460,460
,Aggregated,8812,0,18,58.34211487743974,1.2071000000002385,457.8945000000001,8688.0,462.92590868459297,0.0,18,80,91,96,170,200,260,290,380,460,460
