Type,Name,Request Count,Failure Count,Median Response Time,Average Response Time,Min Response Time,Max Response Time,Average Content Size,Requests/s,Failures/s,50%,66%,75%,80%,90%,95%,98%,99%,99.9%,99.99%,100%
GET,/,8243,0,9,41.8236813660077,1.2664999999998372,394.96909999999997,8688.0,432.36899631857324,0.0,9,21,56,76,120,190,260,290,320,390,390
,Aggregated,8243,0,9,41.8236813660077,1.2664999999998372,394.96909999999997,8688.0,432.36899631857324,0.0,9,21,56,76,120,190,260,290,320,390,390
