Type,Name,Request Count,Failure Count,Median Response Time,Average Response Time,Min Response Time,Max Response Time,Average Content Size,Requests/s,Failures/s,50%,66%,75%,80%,90%,95%,98%,99%,99.9%,99.99%,100%
GET,/,8227,0,9,46.46325643612487,1.2412000000008305,469.7743000000001,8688.0,431.08901831684943,0.0,9,43,75,83,120,200,290,310,390,470,470
,Aggregated,8227,0,9,46.46325643612487,1.2412000000008305,469.7743000000001,8688.0,431.08901831684943,0.0,9,43,75,83,120,200,290,310,390,470,470
