Type,Name,Request Count,Failure Count,Median Response Time,Average Response Time,Min Response Time,Max Response Time,Average Content Size,Requests/s,Failures/s,50%,66%,75%,80%,90%,95%,98%,99%,99.9%,99.99%,100%
GET,/,7726,0,17,56.76444851151951,1.262199999999325,345.53570000000013,8688.0,404.9399139720547,0.0,17,70,82,95,170,200,270,290,340,350,350
,Aggregated,7726,0,17,56.76444851151951,1.262199999999325,345.53570000000013,8688.0,404.9399139720547,0.0,17,70,82,95,170,200,270,290,340,350,350
