Type,Name,Request Count,Failure Count,Median Response Time,Average Response Time,Min Response Time,Max Response Time,Average Content Size,Requests/s,Failures/s,50%,66%,75%,80%,90%,95%,98%,99%,99.9%,99.99%,100%
GET,/,9146,0,43,60.74103866171014,1.2820000000015597,373.96030000000025,8688.0,479.40786764644685,0.0,43,84,91,96,170,200,240,280,330,370,370
,Aggregated,9146,0,43,60.74103866171014,1.2820000000015597,373.96030000000025,8688.0,479.40786764644685,0.0,43,84,91,96,170,200,240,280,330,370,370
