Type,Name,Request Count,Failure Count,Median Response Time,Average Response Time,Min Response Time,Max Response Time,Average Content Size,Requests/s,Failures/s,50%,66%,75%,80%,90%,95%,98%,99%,99.9%,99.99%,100%
GET,/,10216,0,86,77.82726543656982,1.3503999999997518,344.2556000000003,8688.0,535.2701616414588,0.0,86,95,100,110,180,200,220,280,330,340,340
,Aggregated,10216,0,86,77.82726543656982,1.3503999999997518,344.2556000000003,8688.0,535.2701616414588,0.0,86,95,100,110,180,200,220,280,330,340,340
