Type,Name,Request Count,Failure Count,Median Response Time,Average Response Time,Min Response Time,Max Response Time,Average Content Size,Requests/s,Failures/s,50%,66%,75%,80%,90%,95%,98%,99%,99.9%,99.99%,100%
GET,/,9919,0,24,61.23509975804024,1.326699999999903,405.0433,8688.0,519.6741304187125,0.0,24,82,91,97,180,210,280,290,310,410,410
,Aggregated,9919,0,24,61.23509975804024,1.326699999999903,405.0433,8688.0,519.6741304187125,0.0,24,82,91,97,180,210,280,290,310,410,410
