Type,Name,Request Count,Failure Count,Median Response Time,Average Response Time,Min Response Time,Max Response Time,Average Content Size,Requests/s,Failures/s,50%,66%,75%,80%,90%,95%,98%,99%,99.9%,99.99%,100%
GET,/,8261,0,10,42.82141095509003,1.2737000000004883,314.4724999999999,8688.0,432.8432162725681,0.0,10,18,58,75,180,200,210,260,300,310,310
,Aggregated,8261,0,10,42.82141095509003,1.2737000000004883,314.4724999999999,8688.0,432.8432162725681,0.0,10,18,58,75,180,200,210,260,300,310,310
