Type,Name,Request Count,Failure Count,Median Response Time,Average Response Time,Min Response Time,Max Response Time,Average Content Size,Requests/s,Failures/s,50%,66%,75%,80%,90%,95%,98%,99%,99.9%,99.99%,100%
GET,/,9243,0,29,59.57523879692767,1.2743000000003946,346.15209999999985,8688.0,484.7190997816911,0.0,29,82,90,96,150,200,240,290,330,350,350
,Aggregated,9243,0,29,59.57523879692767,1.2743000000003946,346.15209999999985,8688.0,484.7190997816911,0.0,29,82,90,96,150,200,240,290,330,350,350
