Type,Name,Request Count,Failure Count,Median Response Time,Average Response Time,Min Response Time,Max Response Time,Average Content Size,Requests/s,Failures/s,50%,66%,75%,80%,90%,95%,98%,99%,99.9%,99.99%,100%
GET,/,9653,0,92,91.38481206878747,1.2705000000003963,345.5256999999996,8688.0,505.8322874228048,0.0,92,100,110,120,200,210,260,290,330,350,350
,Aggregated,9653,0,92,91.38481206878747,1.2705000000003963,345.5256999999996,8688.0,505.8322874228048,0.0,92,100,110,120,200,210,260,290,330,350,350
