Type,Name,Request Count,Failure Count,Median Response Time,Average Response Time,Min Response Time,Max Response Time,Average Content Size,Requests/s,Failures/s,50%,66%,75%,80%,90%,95%,98%,99%,99.9%,99.99%,100%
GET,/,7621,0,8,42.78726383676699,1.2481999999991444,605.9051000000002,8688.0,399.33619164055017,0.0,8,20,66,78,100,190,300,380,600,610,610
,Aggregated,7621,0,8,42.78726383676699,1.2481999999991444,605.9051000000002,8688.0,399.33619164055017,0.0,8,20,66,78,100,190,300,380,600,610,610
