Type,Name,Request Count,Failure Count,Median Response Time,Average Response Time,Min Response Time,Max Response Time,Average Content Size,Requests/s,Failures/s,50%,66%,75%,80%,90%,95%,98%,99%,99.9%,99.99%,100%
GET,/,7065,0,10,49.828585279547106,1.2408999999999892,368.6891999999999,8688.0,371.44780791605336,0.0,10,59,80,89,170,200,270,300,350,370,370
,Aggregated,7065,0,10,49.828585279547106,1.2408999999999892,368.6891999999999,8688.0,371.44780791605336,0.0,10,59,80,89,170,200,270,300,350,370,370
