Type,Name,Request Count,Failure Count,Median Response Time,Average Response Time,Min Response Time,Max Response Time,Average Content Size,Requests/s,Failures/s,50%,66%,75%,80%,90%,95%,98%,99%,99.9%,99.99%,100%
GET,/,7819,0,8,40.12285265379196,1.199700000000803,377.2102000000004,8688.0,409.75432849281935,0.0,8,22,70,81,110,190,200,230,290,380,380
,Aggregated,7819,0,8,40.12285265379196,1.199700000000803,377.2102000000004,8688.0,409.75432849281935,0.0,8,22,70,81,110,190,200,230,290,380,380
