Type,Name,Request Count,Failure Count,Median Response Time,Average Response Time,Min Response Time,Max Response Time,Average Content Size,Requests/s,Failures/s,50%,66%,75%,80%,90%,95%,98%,99%,99.9%,99.99%,100%
GET,/,8033,0,61,68.74699218224838,1.3018000000002417,451.3132000000004,8688.0,422.044475073037,0.0,61,89,97,100,190,210,290,310,440,450,450
,Aggregated,8033,0,61,68.74699218224838,1.3018000000002417,451.3132000000004,8688.0,422.044475073037,0.0,61,89,97,100,190,210,290,310,440,450,450
