Type,Name,Request Count,Failure Count,Median Response Time,Average Response Time,Min Response Time,Max Response Time,Average Content Size,Requests/s,Failures/s,50%,66%,75%,80%,90%,95%,98%,99%,99.9%,99.99%,100%
GET,/,9216,0,14,39.439313129340114,1.256800000000169,371.6678,8688.0,483.62771850142656,0.0,14,27,55,72,100,170,210,260,290,370,370
,Aggregated,9216,0,14,39.439313129340114,1.256800000000169,371.6678,8688.0,483.62771850142656,0.0,14,27,55,72,100,170,210,260,290,370,370
