Type,Name,Request Count,Failure Count,Median Response Time,Average Response Time,Min Response Time,Max Response Time,Average Content Size,Requests/s,Failures/s,50%,66%,75%,80%,90%,95%,98%,99%,99.9%,99.99%,100%
GET,/,8868,0,89,260.7913527627441,1.2940999999990765,9875.137000000002,8688.0,464.69857577687907,0.0,89,110,180,190,310,2200,2400,2400,2600,9900,9900
,Aggregated,8868,0,89,260.7913527627441,1.2940999999990765,9875.137000000002,8688.0,464.69857577687907,0.0,89,110,180,190,310,2200,2400,2400,2600,9900,9900
