Type,Name,Request Count,Failure Count,Median Response Time,Average Response Time,Min Response Time,Max Response Time,Average Content Size,Requests/s,Failures/s,50%,66%,75%,80%,90%,95%,98%,99%,99.9%,99.99%,100%
GET,/,9111,0,83,84.45531108550138,1.240099999998634,503.5495000000001,8688.0,477.16629633941665,0.0,83,95,100,110,190,250,330,400,440,500,500
,Aggregated,9111,0,83,84.45531108550138,1.240099999998634,503.5495000000001,8688.0,477.16629633941665,0.0,83,95,100,110,190,250,330,400,440,500,500
