Type,Name,Request Count,Failure Count,Median Response Time,Average Response Time,Min Response Time,Max Response Time,Average Content Size,Requests/s,Failures/s,50%,66%,75%,80%,90%,95%,98%,99%,99.9%,99.99%,100%
GET,/,9564,0,62,64.68990870974474,1.2682000000001636,395.4943999999996,8688.0,501.034741384399,0.0,62,85,92,100,180,200,230,270,300,400,400
,Aggregated,9564,0,62,64.68990870974474,1.2682000000001636,395.4943999999996,8688.0,501.034741384399,0.0,62,85,92,100,180,200,230,270,300,400,400
