Type,Name,Request Count,Failure Count,Median Response Time,Average Response Time,Min Response Time,Max Response Time,Average Content Size,Requests/s,Failures/s,50%,66%,75%,80%,90%,95%,98%,99%,99.9%,99.99%,100%
GET,/,7008,0,8,39.095167237443,1.1847000000013708,445.76320000000004,8688.0,367.95394730072434,0.0,8,12,44,70,110,200,260,300,440,450,450
,Aggregated,7008,0,8,39.095167237443,1.1847000000013708,445.76320000000004,8688.0,367.95394730072434,0.0,8,12,44,70,110,200,260,300,440,450,450
