Type,Name,Request Count,Failure Count,Median Response Time,Average Response Time,Min Response Time,Max Response Time,Average Content Size,Requests/s,Failures/s,50%,66%,75%,80%,90%,95%,98%,99%,99.9%,99.99%,100%
GET,/,8134,0,24,58.1217759404966,1.2889999999998736,390.9169000000001,8688.0,426.7355416740131,0.0,24,86,93,97,130,200,210,280,370,390,390
,Aggregated,8134,0,24,58.1217759404966,1.2889999999998736,390.9169000000001,8688.0,426.7355416740131,0.0,24,86,93,97,130,200,210,280,370,390,390
