Type,Name,Request Count,Failure Count,Median Response Time,Average Response Time,Min Response Time,Max Response Time,Average Content Size,Requests/s,Failures/s,50%,66%,75%,80%,90%,95%,98%,99%,99.9%,99.99%,100%
GET,/,8824,0,85,77.78486469854977,1.3228999999981284,394.67759999999964,8688.0,462.88854755228886,0.0,85,93,99,110,190,200,270,290,380,390,390
,Aggregated,8824,0,85,77.78486469854977,1.3228999999981284,394.67759999999964,8688.0,462.88854755228886,0.0,85,93,99,110,190,200,270,290,380,390,390
