Type,Name,Request Count,Failure Count,Median Response Time,Average Response Time,Min Response Time,Max Response Time,Average Content Size,Requests/s,Failures/s,50%,66%,75%,80%,90%,95%,98%,99%,99.9%,99.99%,100%
GET,/,9039,0,14,41.854965792676055,1.277199999998757,392.4031000000001,8688.0,473.3266126471369,0.0,14,35,66,75,100,190,210,260,350,390,390
,Aggregated,9039,0,14,41.854965792676055,1.277199999998757,392.4031000000001,8688.0,473.3266126471369,0.0,14,35,66,75,100,190,210,260,350,390,390
