Type,Name,Request Count,Failure Count,Median Response Time,Average Response Time,Min Response Time,Max Response Time,Average Content Size,Requests/s,Failures/s,50%,66%,75%,80%,90%,95%,98%,99%,99.9%,99.99%,100%
GET,/,9322,0,14,54.34427746191806,1.30560000000024,396.0778000000005,8688.0,488.09838091880255,0.0,14,68,83,91,160,200,280,310,380,400,400
,Aggregated,9322,0,14,54.34427746191806,1.30560000000024,396.0778000000005,8688.0,488.09838091880255,0.0,14,68,83,91,160,200,280,310,380,400,400
