Type,Name,Request Count,Failure Count,Median Response Time,Average Response Time,Min Response Time,Max Response Time,Average Content Size,Requests/s,Failures/s,50%,66%,75%,80%,90%,95%,98%,99%,99.9%,99.99%,100%
GET,/,8620,0,11,46.97266856148515,1.223500000000044,468.8154999999998,8688.0,452.9840647648091,0.0,11,29,69,81,150,200,290,300,450,470,470
,Aggregated,8620,0,11,46.97266856148515,1.223500000000044,468.8154999999998,8688.0,452.9840647648091,0.0,11,29,69,81,150,200,290,300,450,470,470
