Type,Name,Request Count,Failure Count,Median Response Time,Average Response Time,Min Response Time,Max Response Time,Average Content Size,Requests/s,Failures/s,50%,66%,75%,80%,90%,95%,98%,99%,99.9%,99.99%,100%
GET,/,9703,0,15,47.40564082242591,1.2429999999987729,350.82470000000046,8688.0,508.5606454220168,0.0,15,56,76,87,100,190,270,280,340,350,350
,Aggregated,9703,0,15,47.40564082242591,1.2429999999987729,350.82470000000046,8688.0,508.5606454220168,0.0,15,56,76,87,100,190,270,280,340,350,350
