Type,Name,Request Count,Failure Count,Median Response Time,Average Response Time,Min Response Time,Max Response Time,Average Content Size,Requests/s,Failures/s,50%,66%,75%,80%,90%,95%,98%,99%,99.9%,99.99%,100%
GET,/,9617,0,32,58.16385883331603,1.248300000000313,394.90010000000007,8688.0,503.78680534545333,0.0,32,82,90,94,110,200,280,290,350,390,390
,Aggregated,9617,0,32,58.16385883331603,1.248300000000313,394.90010000000007,8688.0,503.78680534545333,0.0,32,82,90,94,110,200,280,290,350,390,390
