Type,Name,Request Count,Failure Count,Median Response Time,Average Response Time,Min Response Time,Max Response Time,Average Content Size,Requests/s,Failures/s,50%,66%,75%,80%,90%,95%,98%,99%,99.9%,99.99%,100%
GET,/,8772,0,17,51.214131475147965,1.2156999999994866,344.47269999999986,8688.0,460.2288997293135,0.0,17,67,81,89,120,190,220,240,340,340,340
,Aggregated,8772,0,17,51.214131475147965,1.2156999999994866,344.47269999999986,8688.0,460.2288997293135,0.0,17,67,81,89,120,190,220,240,340,340,340
