Type,Name,Request Count,Failure Count,Median Response Time,Average Response Time,Min Response Time,Max Response Time,Average Content Size,Requests/s,Failures/s,50%,66%,75%,80%,90%,95%,98%,99%,99.9%,99.99%,100%
GET,/,9503,0,18,56.69505299379157,1.2644000000001654,542.1889000000002,8688.0,497.9884531712849,0.0,18,74,85,92,120,200,290,390,480,540,540
,Aggregated,9503,0,18,56.69505299379157,1.2644000000001654,542.1889000000002,8688.0,497.9884531712849,0.0,18,74,85,92,120,200,290,390,480,540,540
