Type,Name,Request Count,Failure Count,Median Response Time,Average Response Time,Min Response Time,Max Response Time,Average Content Size,Requests/s,Failures/s,50%,66%,75%,80%,90%,95%,98%,99%,99.9%,99.99%,100%
GET,/,9311,0,57,61.355828396520245,1.245699999998351,388.7328000000001,8688.0,487.62093869176124,0.0,57,85,94,98,120,190,220,280,370,390,390
,Aggregated,9311,0,57,61.355828396520245,1.245699999998351,388.7328000000001,8688.0,487.62093869176124,0.0,57,85,94,98,120,190,220,280,370,390,390
