Type,Name,Request Count,Failure Count,Median Response Time,Average Response Time,Min Response Time,Max Response Time,Average Content Size,Requests/s,Failures/s,50%,66%,75%,80%,90%,95%,98%,99%,99.9%,99.99%,100%
GET,/,9099,0,17,51.664285383009,1.273699999998712,375.70080000000064,8688.0,477.3836108722808,0.0,17,72,84,90,110,190,270,290,350,380,380
,Aggregated,9099,0,17,51.664285383009,1.273699999998712,375.70080000000064,8688.0,477.3836108722808,0.0,17,72,84,90,110,190,270,290,350,380,380
