Type,Name,Request Count,Failure Count,Median Response Time,Average Response Time,Min Response Time,Max Response Time,Average Content Size,Requests/s,Failures/s,50%,66%,75%,80%,90%,95%,98%,99%,99.9%,99.99%,100%
GET,/,8066,0,13,55.13293635011165,1.2401999999980262,595.0183999999998,8688.0,422.7397087445292,0.0,13,59,77,85,170,240,310,380,480,600,600
,Aggregated,8066,0,13,55.13293635011165,1.2401999999980262,595.0183999999998,8688.0,422.7397087445292,0.0,13,59,77,85,170,240,310,380,480,600,600
