Type,Name,Request Count,Failure Count,Median Response Time,Average Response Time,Min Response Time,Max Response Time,Average Content Size,Requests/s,Failures/s,50%,66%,75%,80%,90%,95%,98%,99%,99.9%,99.99%,100%
GET,/,6762,0,9,37.48618586217082,1.2281999999999016,380.2511000000002,8688.0,354.78757407778403,0.0,9,14,44,57,100,190,260,300,370,380,380
,Aggregated,6762,0,9,37.48618586217082,1.2281999999999016,380.2511000000002,8688.0,354.78757407778403,0.0,9,14,44,57,100,190,260,300,370,380,380
