Type,Name,Request Count,Failure Count,Median Response Time,Average Response Time,Min Response Time,Max Response Time,Average Content Size,Requests/s,Failures/s,50%,66%,75%,80%,90%,95%,98%,99%,99.9%,99.99%,100%
GET,/,7822,0,11,51.60399865763229,1.1574999999997004,312.4306999999997,8688.0,411.2728333210984,0.0,11,80,89,93,120,190,210,280,300,310,310
,Aggregated,7822,0,11,51.60399865763229,1.1574999999997004,312.4306999999997,8688.0,411.2728333210984,0.0,11,80,89,93,120,190,210,280,300,310,310
