Type,Name,Request Count,Failure Count,Median Response Time,Average Response Time,Min Response Time,Max Response Time,Average Content Size,Requests/s,Failures/s,50%,66%,75%,80%,90%,95%,98%,99%,99.9%,99.99%,100%
GET,/,9206,0,10,43.85275733217481,1.2528000000013861,439.0296999999999,8688.0,482.27755691798205,0.0,10,35,70,82,110,190,260,290,430,440,440
,Aggregated,9206,0,10,43.85275733217481,1.2528000000013861,439.0296999999999,8688.0,482.27755691798205,0.0,10,35,70,82,110,190,260,290,430,440,440
