Type,Name,Request Count,Failure Count,Median Response Time,Average Response Time,Min Response Time,Max Response Time,Average Content Size,Requests/s,Failures/s,50%,66%,75%,80%,90%,95%,98%,99%,99.9%,99.99%,100%
GET,/,6810,0,10,40.40406052863427,1.2542999999993754,344.7794000000002,8688.0,359.20109977630926,0.0,10,20,55,68,130,190,240,280,300,340,340
,Aggregated,6810,0,10,40.40406052863427,1.2542999999993754,344.7794000000002,8688.0,359.20109977630926,0.0,10,20,55,68,130,190,240,280,300,340,340
