Type,Name,Request Count,Failure Count,Median Response Time,Average Response Time,Min Response Time,Max Response Time,Average Content Size,Requests/s,Failures/s,50%,66%,75%,80%,90%,95%,98%,99%,99.9%,99.99%,100%
GET,/,10216,0,65,61.88241911707121,1.3071000000000055,384.93420000000003,8688.0,535.1153314335571,0.0,65,85,90,95,120,190,220,280,330,380,380
,Aggregated,10216,0,65,61.88241911707121,1.3071000000000055,384.93420000000003,8688.0,535.1153314335571,0.0,65,85,90,95,120,190,220,280,330,380,380
