Type,Name,Request Count,Failure Count,Median Response Time,Average Response Time,Min Response Time,Max Response Time,Average Content Size,Requests/s,Failures/s,50%,66%,75%,80%,90%,95%,98%,99%,99.9%,99.99%,100%
GET,/,10353,0,56,60.68250376702406,1.3562999999994219,389.7526000000004,8688.0,542.8223107424495,0.0,56,83,91,96,110,190,230,290,330,390,390
,Aggregated,10353,0,56,60.68250376702406,1.3562999999994219,389.7526000000004,8688.0,542.8223107424495,0.0,56,83,91,96,110,190,230,290,330,390,390
