Type,Name,Request Count,Failure Count,Median Response Time,Average Response Time,Min Response Time,Max Response Time,Average Content Size,Requests/s,Failures/s,50%,66%,75%,80%,90%,95%,98%,99%,99.9%,99.99%,100%
GET,/,6801,0,490.0,467.23500802823065,19.18609999999976,1006.2006999999991,8688.0,357.47520573916063,0.0,490,500,560,590,630,700,780,800,910,1000,1000
,Aggregated,6801,0,490.0,467.23500802823065,19.18609999999976,1006.2006999999991,8688.0,357.47520573916063,0.0,490,500,560,590,630,700,780,800,910,1000,1000
