Type,Name,Request Count,Failure Count,Median Response Time,Average Response Time,Min Response Time,Max Response Time,Average Content Size,Requests/s,Failures/s,50%,66%,75%,80%,90%,95%,98%,99%,99.9%,99.99%,100%
GET,/,4408,0,57,1192.7408580989115,1.3718000000011443,13162.0717,8688.0,230.80174597723064,0.0,58,90,100,130,7100,9500,9600,13000,13000,13000,13000
,Aggregated,4408,0,57,1192.7408580989115,1.3718000000011443,13162.0717,8688.0,230.80174597723064,0.0,58,90,100,130,7100,9500,9600,13000,13000,13000,13000
