Type,Name,Request Count,Failure Count,Median Response Time,Average Response Time,Min Response Time,Max Response Time,Average Content Size,Requests/s,Failures/s,50%,66%,75%,80%,90%,95%,98%,99%,99.9%,99.99%,100%
GET,/,9293,0,19,58.61028483804989,1.3034999999987917,335.68640000000016,8688.0,488.7783673258614,0.0,19,73,92,99,180,200,240,270,300,340,340
,Aggregated,9293,0,19,58.61028483804989,1.3034999999987917,335.68640000000016,8688.0,488.7783673258614,0.0,19,73,92,99,180,200,240,270,300,340,340
