Type,Name,Request Count,Failure Count,Median Response Time,Average Response Time,Min Response Time,Max Response Time,Average Content Size,Requests/s,Failures/s,50%,66%,75%,80%,90%,95%,98%,99%,99.9%,99.99%,100%
GET,/,6194,0,490.0,482.8936440749112,29.643700000000273,1094.8649999999986,8688.0,325.5373909985591,0.0,490,510,590,590,690,750,800,890,1000,1100,1100
,Aggregated,6194,0,490.0,482.8936440749112,29.643700000000273,1094.8649999999986,8688.0,325.5373909985591,0.0,490,510,590,590,690,750,800,890,1000,1100,1100
