Type,Name,Request Count,Failure Count,Median Response Time,Average Response Time,Min Response Time,Max Response Time,Average Content Size,Requests/s,Failures/s,50%,66%,75%,80%,90%,95%,98%,99%,99.9%,99.99%,100%
GET,/,7342,0,9,38.3088323481343,1.2551999999992347,373.60109999999924,8688.0,385.06233809764706,0.0,9,19,56,70,100,190,210,270,300,370,370
,Aggregated,7342,0,9,38.3088323481343,1.2551999999992347,373.60109999999924,8688.0,385.06233809764706,0.0,9,19,56,70,100,190,210,270,300,370,370
