Type,Name,Request Count,Failure Count,Median Response Time,Average Response Time,Min Response Time,Max Response Time,Average Content Size,Requests/s,Failures/s,50%,66%,75%,80%,90%,95%,98%,99%,99.9%,99.99%,100%
GET,/,7270,0,9,37.99803907840433,1.2217999999997176,395.2800999999999,8688.0,381.9490130732209,0.0,9,16,60,76,100,190,210,270,300,400,400
,Aggregated,7270,0,9,37.99803907840433,1.2217999999997176,395.2800999999999,8688.0,381.9490130732209,0.0,9,16,60,76,100,190,210,270,300,400,400
