Type,Name,Request Count,Failure Count,Median Response Time,Average Response Time,Min Response Time,Max Response Time,Average Content Size,Requests/s,Failures/s,50%,66%,75%,80%,90%,95%,98%,99%,99.9%,99.99%,100%
GET,/,9470,0,11,45.80400974656809,1.2194000000000926,407.1823999999999,8688.0,496.30338716188743,0.0,12,48,78,87,120,190,220,280,330,410,410
,Aggregated,9470,0,11,45.80400974656809,1.2194000000000926,407.1823999999999,8688.0,496.30338716188743,0.0,12,48,78,87,120,190,220,280,330,410,410
