Type,Name,Request Count,Failure Count,Median Response Time,Average Response Time,Min Response Time,Max Response Time,Average Content Size,Requests/s,Failures/s,50%,66%,75%,80%,90%,95%,98%,99%,99.9%,99.99%,100%
GET,/,9396,0,84,75.6075939442317,1.272300000000115,413.03170000000034,8688.0,492.892323540647,0.0,84,94,99,100,180,200,270,290,410,410,410
,Aggregated,9396,0,84,75.6075939442317,1.272300000000115,413.03170000000034,8688.0,492.892323540647,0.0,84,94,99,100,180,200,270,290,410,410,410
