Type,Name,Request Count,Failure Count,Median Response Time,Average Response Time,Min Response Time,Max Response Time,Average Content Size,Requests/s,Failures/s,50%,66%,75%,80%,90%,95%,98%,99%,99.9%,99.99%,100%
GET,/,9513,0,42,60.14855725848833,1.2767999999994117,367.2363000000001,8688.0,499.25978874998435,0.0,42,84,91,96,140,190,260,290,320,370,370
,Aggregated,9513,0,42,60.14855725848833,1.2767999999994117,367.2363000000001,8688.0,499.25978874998435,0.0,42,84,91,96,140,190,260,290,320,370,370
