Type,Name,Request Count,Failure Count,Median Response Time,Average Response Time,Min Response Time,Max Response Time,Average Content Size,Requests/s,Failures/s,50%,66%,75%,80%,90%,95%,98%,99%,99.9%,99.99%,100%
GET,/,7494,0,10,46.63681976247679,1.1457000000003603,399.29089999999957,8688.0,394.3904087491917,0.0,10,55,79,87,100,190,290,290,380,400,400
,Aggregated,7494,0,10,46.63681976247679,1.1457000000003603,399.29089999999957,8688.0,394.3904087491917,0.0,10,55,79,87,100,190,290,290,380,400,400
