Type,Name,Request Count,Failure Count,Median Response Time,Average Response Time,Min Response Time,Max Response Time,Average Content Size,Requests/s,Failures/s,50%,66%,75%,80%,90%,95%,98%,99%,99.9%,99.99%,100%
GET,/,9372,0,12,45.03454469696989,1.2116999999989275,356.4921999999999,8688.0,491.35647951466615,0.0,12,50,75,84,110,190,240,270,310,360,360
,Aggregated,9372,0,12,45.03454469696989,1.2116999999989275,356.4921999999999,8688.0,491.35647951466615,0.0,12,50,75,84,110,190,240,270,310,360,360
