Type,Name,Request Count,Failure Count,Median Response Time,Average Response Time,Min Response Time,Max Response Time,Average Content Size,Requests/s,Failures/s,50%,66%,75%,80%,90%,95%,98%,99%,99.9%,99.99%,100%
GET,/,8606,0,15,55.85771109690916,1.1270999999997144,390.70230000000004,8688.0,451.4669083450082,0.0,15,72,87,96,170,200,280,280,310,390,390
,Aggregated,8606,0,15,55.85771109690916,1.1270999999997144,390.70230000000004,8688.0,451.4669083450082,0.0,15,72,87,96,170,200,280,280,310,390,390
