Type,Name,Request Count,Failure Count,Median Response Time,Average Response Time,Min Response Time,Max Response Time,Average Content Size,Requests/s,Failures/s,50%,66%,75%,80%,90%,95%,98%,99%,99.9%,99.99%,100%
GET,/,9433,0,16,50.90545171207442,1.2406000000009243,364.7951000000003,8688.0,493.6022454790551,0.0,16,70,84,89,120,190,230,270,300,360,360
,Aggregated,9433,0,16,50.90545171207442,1.2406000000009243,364.7951000000003,8688.0,493.6022454790551,0.0,16,70,84,89,120,190,230,270,300,360,360
