Type,Name,Request Count,Failure Count,Median Response Time,Average Response Time,Min Response Time,Max Response Time,Average Content Size,Requests/s,Failures/s,50%,66%,75%,80%,90%,95%,98%,99%,99.9%,99.99%,100%
GET,/,7308,0,18,55.362632525998826,1.2614000000006342,428.5988000000005,8688.0,383.38235473564794,0.0,18,64,78,85,140,230,300,350,390,430,430
,Aggregated,7308,0,18,55.362632525998826,1.2614000000006342,428.5988000000005,8688.0,383.38235473564794,0.0,18,64,78,85,140,230,300,350,390,430,430
