Type,Name,Request Count,Failure Count,Median Response Time,Average Response Time,Min Response Time,Max Response Time,Average Content Size,Requests/s,Failures/s,50%,66%,75%,80%,90%,95%,98%,99%,99.9%,99.99%,100%
GET,/,8616,0,12,38.612879688950805,1.2734999999999275,377.95500000000004,8688.0,451.76572582964417,0.0,12,20,49,64,110,190,250,280,330,380,380
,Aggregated,8616,0,12,38.612879688950805,1.2734999999999275,377.95500000000004,8688.0,451.76572582964417,0.0,12,20,49,64,110,190,250,280,330,380,380
