Type,Name,Request Count,Failure Count,Median Response Time,Average Response Time,Min Response Time,Max Response Time,Average Content Size,Requests/s,Failures/s,50%,66%,75%,80%,90%,95%,98%,99%,99.9%,99.99%,100%
GET,/,8231,0,100.0,127.32474162313206,1.3508999999984894,433.8141000000002,8688.0,431.2415566404733,0.0,100,170,190,200,250,290,310,350,390,430,430
,Aggregated,8231,0,100.0,127.32474162313206,1.3508999999984894,433.8141000000002,8688.0,431.2415566404733,0.0,100,170,190,200,250,290,310,350,390,430,430
