Type,Name,Request Count,Failure Count,Median Response Time,Average Response Time,Min Response Time,Max Response Time,Average Content Size,Requests/s,Failures/s,50%,66%,75%,80%,90%,95%,98%,99%,99.9%,99.99%,100%
GET,/,7745,0,16,54.70309891542935,1.2860000000003424,475.0974000000001,8688.0,406.3802473652931,0.0,16,64,80,87,130,210,300,350,400,480,480
,Aggregated,7745,0,16,54.70309891542935,1.2860000000003424,475.0974000000001,8688.0,406.3802473652931,0.0,16,64,80,87,130,210,300,350,400,480,480
