Type,Name,Request Count,Failure Count,Median Response Time,Average Response Time,Min Response Time,Max Response Time,Average Content Size,Requests/s,Failures/s,50%,66%,75%,80%,90%,95%,98%,99%,99.9%,99.99%,100%
GET,/,9238,0,18,44.49517486468965,1.3985999999999166,373.2334000000002,8688.0,485.3663402487539,0.0,18,47,64,74,100,170,230,280,370,370,370
,Aggregated,9238,0,18,44.49517486468965,1.3985999999999166,373.2334000000002,8688.0,485.3663402487539,0.0,18,47,64,74,100,170,230,280,370,370,370
