Type,Name,Request Count,Failure Count,Median Response Time,Average Response Time,Min Response Time,Max Response Time,Average Content Size,Requests/s,Failures/s,50%,66%,75%,80%,90%,95%,98%,99%,99.9%,99.99%,100%
GET,/,9267,0,14,37.02493477932447,1.2431999999993337,345.2237,8688.0,485.0232555910811,0.0,14,26,54,67,98,150,190,220,320,350,350
,Aggregated,9267,0,14,37.02493477932447,1.2431999999993337,345.2237,8688.0,485.0232555910811,0.0,14,26,54,67,98,150,190,220,320,350,350
