Type,Name,Request Count,Failure Count,Median Response Time,Average Response Time,Min Response Time,Max Response Time,Average Content Size,Requests/s,Failures/s,50%,66%,75%,80%,90%,95%,98%,99%,99.9%,99.99%,100%
GET,/,9078,0,83,90.92807566644643,2.038499999999388,491.7984999999998,8688.0,477.0115712842928,0.0,83,98,110,140,190,220,290,310,470,490,490
,Aggregated,9078,0,83,90.92807566644643,2.038499999999388,491.7984999999998,8688.0,477.0115712842928,0.0,83,98,110,140,190,220,290,310,470,490,490
