Type,Name,Request Count,Failure Count,Median Response Time,Average Response Time,Min Response Time,Max Response Time,Average Content Size,Requests/s,Failures/s,50%,66%,75%,80%,90%,95%,98%,99%,99.9%,99.99%,100%
GET,/,9561,0,54,66.18882366907206,1.2221000000032234,382.95050000000066,8688.0,500.82251900045657,0.0,54,81,95,100,170,200,220,280,330,380,380
,Aggregated,9561,0,54,66.18882366907206,1.2221000000032234,382.95050000000066,8688.0,500.82251900045657,0.0,54,81,95,100,170,200,220,280,330,380,380
