Type,Name,Request Count,Failure Count,Median Response Time,Average Response Time,Min Response Time,Max Response Time,Average Content Size,Requests/s,Failures/s,50%,66%,75%,80%,90%,95%,98%,99%,99.9%,99.99%,100%
GET,/,7022,0,84,81.33285185132426,1.3250000000013529,384.9528999999996,8688.0,368.14518571628207,0.0,84,94,100,110,180,190,280,350,370,380,380
,Aggregated,7022,0,84,81.33285185132426,1.3250000000013529,384.9528999999996,8688.0,368.14518571628207,0.0,84,94,100,110,180,190,280,350,370,380,380
