Type,Name,Request Count,Failure Count,Median Response Time,Average Response Time,Min Response Time,Max Response Time,Average Content Size,Requests/s,Failures/s,50%,66%,75%,80%,90%,95%,98%,99%,99.9%,99.99%,100%
GET,/,8507,0,85,95.632091242506,1.6094000000013153,593.8500000000007,8688.0,445.9136392862316,0.0,85,97,110,140,200,240,310,370,480,590,590
,Aggregated,8507,0,85,95.632091242506,1.6094000000013153,593.8500000000007,8688.0,445.9136392862316,0.0,85,97,110,140,200,240,310,370,480,590,590
