Type,Name,Request Count,Failure Count,Median Response Time,Average Response Time,Min Response Time,Max Response Time,Average Content Size,Requests/s,Failures/s,50%,66%,75%,80%,90%,95%,98%,99%,99.9%,99.99%,100%
GET,/,8699,0,76,76.82233090010342,1.379000000000019,464.47079999999994,8688.0,456.38449069899394,0.0,76,90,100,110,180,200,270,280,400,460,460
,Aggregated,8699,0,76,76.82233090010342,1.379000000000019,464.47079999999994,8688.0,456.38449069899394,0.0,76,90,100,110,180,200,270,280,400,460,460
