Type,Name,Request Count,Failure Count,Median Response Time,Average Response Time,Min Response Time,Max Response Time,Average Content Size,Requests/s,Failures/s,50%,66%,75%,80%,90%,95%,98%,99%,99.9%,99.99%,100%
GET,/,9687,0,83,93.79541328584693,1.5149000000000967,444.5107999999998,8688.0,507.0313727778533,0.0,83,98,110,150,200,260,300,330,420,440,440
,Aggregated,9687,0,83,93.79541328584693,1.5149000000000967,444.5107999999998,8688.0,507.0313727778533,0.0,83,98,110,150,200,260,300,330,420,440,440
