Type,Name,Request Count,Failure Count,Median Response Time,Average Response Time,Min Response Time,Max Response Time,Average Content Size,Requests/s,Failures/s,50%,66%,75%,80%,90%,95%,98%,99%,99.9%,99.99%,100%
GET,/,9213,0,30,59.945709356344665,1.2803999999988491,349.06020000000024,8688.0,482.4334247172348,0.0,30,74,92,100,170,190,230,250,320,350,350
,Aggregated,9213,0,30,59.945709356344665,1.2803999999988491,349.06020000000024,8688.0,482.4334247172348,0.0,30,74,92,100,170,190,230,250,320,350,350
