Type,Name,Request Count,Failure Count,Median Response Time,Average Response Time,Min Response Time,Max Response Time,Average Content Size,Requests/s,Failures/s,50%,66%,75%,80%,90%,95%,98%,99%,99.9%,99.99%,100%
GET,/,9475,0,72,73.1030183218996,1.532000000000977,329.89029999999974,8688.0,496.1974444046967,0.0,72,88,97,110,170,200,230,240,310,330,330
,Aggregated,9475,0,72,73.1030183218996,1.532000000000977,329.89029999999974,8688.0,496.1974444046967,0.0,72,88,97,110,170,200,230,240,310,330,330
