Type,Name,Request Count,Failure Count,Median Response Time,Average Response Time,Min Response Time,Max Response Time,Average Content Size,Requests/s,Failures/s,50%,66%,75%,80%,90%,95%,98%,99%,99.9%,99.99%,100%
GET,/,9039,0,17,45.16201895121148,1.3068999999994446,371.7649999999999,8688.0,472.8368191560684,0.0,17,38,63,76,120,180,260,280,360,370,370
,Aggregated,9039,0,17,45.16201895121148,1.3068999999994446,371.7649999999999,8688.0,472.8368191560684,0.0,17,38,63,76,120,180,260,280,360,370,370
