Type,Name,Request Count,Failure Count,Median Response Time,Average Response Time,Min Response Time,Max Response Time,Average Content Size,Requests/s,Failures/s,50%,66%,75%,80%,90%,95%,98%,99%,99.9%,99.99%,100%
GET,/,7609,0,11,35.12772006834014,1.174699999999973,336.9127000000001,8688.0,400.4758048909547,0.0,11,17,43,58,100,170,210,230,280,340,340
,Aggregated,7609,0,11,35.12772006834014,1.174699999999973,336.9127000000001,8688.0,400.4758048909547,0.0,11,17,43,58,100,170,210,230,280,340,340
