Type,Name,Request Count,Failure Count,Median Response Time,Average Response Time,Min Response Time,Max Response Time,Average Content Size,Requests/s,Failures/s,50%,66%,75%,80%,90%,95%,98%,99%,99.9%,99.99%,100%
GET,/,8419,0,44,65.8342338163676,1.273300000001143,327.76389999999986,8688.0,441.1436927181864,0.0,44,82,97,110,190,210,250,270,300,330,330
,Aggregated,8419,0,44,65.8342338163676,1.273300000001143,327.76389999999986,8688.0,441.1436927181864,0.0,44,82,97,110,190,210,250,270,300,330,330
