Type,Name,Request Count,Failure Count,Median Response Time,Average Response Time,Min Response Time,Max Response Time,Average Content Size,Requests/s,Failures/s,50%,66%,75%,80%,90%,95%,98%,99%,99.9%,99.99%,100%
GET,/,7750,0,18,51.24301867096752,1.3345999999998526,402.5327999999999,8688.0,406.35595228975455,0.0,18,71,81,88,110,180,230,350,400,400,400
,Aggregated,7750,0,18,51.24301867096752,1.3345999999998526,402.5327999999999,8688.0,406.35595228975455,0.0,18,71,81,88,110,180,230,350,400,400,400
