Type,Name,Request Count,Failure Count,Median Response Time,Average Response Time,Min Response Time,Max Response Time,Average Content Size,Requests/s,Failures/s,50%,66%,75%,80%,90%,95%,98%,99%,99.9%,99.99%,100%
GET,/,8748,0,13,41.696717215363414,1.2030000000002872,319.7036000000004,8688.0,458.8151490371987,0.0,13,30,59,72,120,190,220,240,300,320,320
,Aggregated,8748,0,13,41.696717215363414,1.2030000000002872,319.7036000000004,8688.0,458.8151490371987,0.0,13,30,59,72,120,190,220,240,300,320,320
