Type,Name,Request Count,Failure Count,Median Response Time,Average Response Time,Min Response Time,Max Response Time,Average Content Size,Requests/s,Failures/s,50%,66%,75%,80%,90%,95%,98%,99%,99.9%,99.99%,100%
GET,/,8861,0,17,53.81816440582287,1.274999999999693,500.23450000000037,8688.0,465.09188928289217,0.0,17,60,76,85,150,200,290,310,450,500,500
,Aggregated,8861,0,17,53.81816440582287,1.274999999999693,500.23450000000037,8688.0,465.09188928289217,0.0,17,60,76,85,150,200,290,310,450,500,500
