Type,Name,Request Count,Failure Count,Median Response Time,Average Response Time,Min Response Time,Max Response Time,Average Content Size,Requests/s,Failures/s,50%,66%,75%,80%,90%,95%,98%,99%,99.9%,99.99%,100%
GET,/,6937,0,81,79.20261533804242,1.2480999999997522,458.1723000000002,8688.0,364.59924143364196,0.0,81,97,110,120,180,190,250,300,430,460,460
,Aggregated,6937,0,81,79.20261533804242,1.2480999999997522,458.1723000000002,8688.0,364.59924143364196,0.0,81,97,110,120,180,190,250,300,430,460,460
