Type,Name,Request Count,Failure Count,Median Response Time,Average Response Time,Min Response Time,Max Response Time,Average Content Size,Requests/s,Failures/s,50%,66%,75%,80%,90%,95%,98%,99%,99.9%,99.99%,100%
GET,/,9414,0,20,42.96637405991057,1.250199999999424,284.06280000000004,8688.0,494.3588179487563,0.0,20,46,69,80,100,140,180,250,270,280,280
,Aggregated,9414,0,20,42.96637405991057,1.250199999999424,284.06280000000004,8688.0,494.3588179487563,0.0,20,46,69,80,100,140,180,250,270,280,280
