Type,Name,Request Count,Failure Count,Median Response Time,Average Response Time,Min Response Time,Max Response Time,Average Content Size,Requests/s,Failures/s,50%,66%,75%,80%,90%,95%,98%,99%,99.9%,99.99%,100%
GET,/,9747,0,75,81.06209500359053,1.2957000000000107,369.1048000000006,8688.0,510.6929037814145,0.0,75,90,99,110,180,200,270,290,350,370,370
,Aggregated,9747,0,75,81.06209500359053,1.2957000000000107,369.1048000000006,8688.0,510.6929037814145,0.0,75,90,99,110,180,200,270,290,350,370,370
