Type,Name,Request Count,Failure Count,Median Response Time,Average Response Time,Min Response Time,Max Response Time,Average Content Size,Requests/s,Failures/s,50%,66%,75%,80%,90%,95%,98%,99%,99.9%,99.99%,100%
GET,/,10466,0,72,76.0529580737625,1.5694999999986692,464.59830000000045,8688.0,549.295977350643,0.0,72,87,97,100,170,200,280,290,400,460,460
,Aggregated,10466,0,72,76.0529580737625,1.5694999999986692,464.59830000000045,8688.0,549.295977350643,0.0,72,87,97,100,170,200,280,290,400,460,460
