Type,Name,Request Count,Failure Count,Median Response Time,Average Response Time,Min Response Time,Max Response Time,Average Content Size,Requests/s,Failures/s,50%,66%,75%,80%,90%,95%,98%,99%,99.9%,99.99%,100%
GET,/,9459,0,83,85.85091970610021,1.5785000000008154,334.0444000000007,8688.0,498.3728426888174,0.0,83,100,110,130,180,200,240,270,310,330,330
,Aggregated,9459,0,83,85.85091970610021,1.5785000000008154,334.0444000000007,8688.0,498.3728426888174,0.0,83,100,110,130,180,200,240,270,310,330,330
