Type,Name,Request Count,Failure Count,Median Response Time,Average Response Time,Min Response Time,Max Response Time,Average Content Size,Requests/s,Failures/s,50%,66%,75%,80%,90%,95%,98%,99%,99.9%,99.99%,100%
GET,/,8644,0,64,73.6978218301714,1.4073000000003333,355.85109999999975,8688.0,454.22275421536403,0.0,64,88,99,120,190,200,280,290,340,360,360
,Aggregated,8644,0,64,73.6978218301714,1.4073000000003333,355.85109999999975,8688.0,454.22275421536403,0.0,64,88,99,120,190,200,280,290,340,360,360
