Type,Name,Request Count,Failure Count,Median Response Time,Average Response Time,Min Response Time,Max Response Time,Average Content Size,Requests/s,Failures/s,50%,66%,75%,80%,90%,95%,98%,99%,99.9%,99.99%,100%
GET,/,9561,0,21,41.56799218700973,1.3337999999993855,355.3839000000001,8688.0,501.1677143824942,0.0,21,34,56,69,98,160,200,260,310,360,360
,Aggregated,9561,0,21,41.56799218700973,1.3337999999993855,355.3839000000001,8688.0,501.1677143824942,0.0,21,34,56,69,98,160,200,260,310,360,360
