Type,Name,Request Count,Failure Count,Median Response Time,Average Response Time,Min Response Time,Max Response Time,Average Content Size,Requests/s,Failures/s,50%,66%,75%,80%,90%,95%,98%,99%,99.9%,99.99%,100%
GET,/,8702,0,14,46.40782563778424,1.3199000000003736,470.1990999999994,8688.0,455.8810897215276,0.0,14,48,67,77,140,190,240,260,460,470,470
,Aggregated,8702,0,14,46.40782563778424,1.3199000000003736,470.1990999999994,8688.0,455.8810897215276,0.0,14,48,67,77,140,190,240,260,460,470,470
