Type,Name,Request Count,Failure Count,Median Response Time,Average Response Time,Min Response Time,Max Response Time,Average Content Size,Requests/s,Failures/s,50%,66%,75%,80%,90%,95%,98%,99%,99.9%,99.99%,100%
GET,/,8733,0,14,45.79534328409449,1.3062999999995384,344.16199999999986,8688.0,457.4007025134822,0.0,14,43,66,80,120,190,250,260,320,340,340
,Aggregated,8733,0,14,45.79534328409449,1.3062999999995384,344.16199999999986,8688.0,457.4007025134822,0.0,14,43,66,80,120,190,250,260,320,340,340
