Type,Name,Request Count,Failure Count,Median Response Time,Average Response Time,Min Response Time,Max Response Time,Average Content Size,Requests/s,Failures/s,50%,66%,75%,80%,90%,95%,98%,99%,99.9%,99.99%,100%
GET,/,8460,0,15,47.324480886524796,1.2361999999992435,363.3913,8688.0,443.4288700343004,0.0,15,54,70,79,110,190,260,270,350,360,360
,Aggregated,8460,0,15,47.324480886524796,1.2361999999992435,363.3913,8688.0,443.4288700343004,0.0,15,54,70,79,110,190,260,270,350,360,360
