Type,Name,Request Count,Failure Count,Median Response Time,Average Response Time,Min Response Time,Max Response Time,Average Content Size,Requests/s,Failures/s,50%,66%,75%,80%,90%,95%,98%,99%,99.9%,99.99%,100%
GET,/,6594,0,14,52.43015553533484,1.2440999999974167,390.95769999999953,8688.0,346.6075102929266,0.0,14,50,81,94,170,200,290,300,370,390,390
,Aggregated,6594,0,14,52.43015553533484,1.2440999999974167,390.95769999999953,8688.0,346.6075102929266,0.0,14,50,81,94,170,200,290,300,370,390,390
