Type,Name,Request Count,Failure Count,Median Response Time,Average Response Time,Min Response Time,Max Response Time,Average Content Size,Requests/s,Failures/s,50%,66%,75%,80%,90%,95%,98%,99%,99.9%,99.99%,100%
GET,/,7798,0,13,48.34193461143863,1.1739000000012823,483.7765000000003,8688.0,408.93119385674675,0.0,13,63,82,90,110,180,220,290,470,480,480
,Aggregated,7798,0,13,48.34193461143863,1.1739000000012823,483.7765000000003,8688.0,408.93119385674675,0.0,13,63,82,90,110,180,220,290,470,480,480
