Type,Name,Request Count,Failure Count,Median Response Time,Average Response Time,Min Response Time,Max Response Time,Average Content Size,Requests/s,Failures/s,50%,66%,75%,80%,90%,95%,98%,99%,99.9%,99.99%,100%
GET,/,9925,0,49,59.61899432745598,1.2279999999993407,327.1879000000002,8688.0,520.0309571599013,0.0,49,78,86,92,140,190,210,240,280,330,330
,Aggregated,9925,0,49,59.61899432745598,1.2279999999993407,327.1879000000002,8688.0,520.0309571599013,0.0,49,78,86,92,140,190,210,240,280,330,330
