Type,Name,Request Count,Failure Count,Median Response Time,Average Response Time,Min Response Time,Max Response Time,Average Content Size,Requests/s,Failures/s,50%,66%,75%,80%,90%,95%,98%,99%,99.9%,99.99%,100%
GET,/,7902,0,19,33.88602930903567,1.330199999999948,403.18500000000057,8688.0,414.7096895928951,0.0,19,31,46,55,80,110,150,180,330,400,400
,Aggregated,7902,0,19,33.88602930903567,1.330199999999948,403.18500000000057,8688.0,414.7096895928951,0.0,19,31,46,55,80,110,150,180,330,400,400
