Type,Name,Request Count,Failure Count,Median Response Time,Average Response Time,Min Response Time,Max Response Time,Average Content Size,Requests/s,Failures/s,50%,66%,75%,80%,90%,95%,98%,99%,99.9%,99.99%,100%
GET,/,7525,0,56,63.350731760797665,1.5257000000001852,415.2635,8688.0,394.54077551512773,0.0,56,80,88,93,120,220,290,320,390,420,420
,Aggregated,7525,0,56,63.350731760797665,1.5257000000001852,415.2635,8688.0,394.54077551512773,0.0,56,80,88,93,120,220,290,320,390,420,420
