Type,Name,Request Count,Failure Count,Median Response Time,Average Response Time,Min Response Time,Max Response Time,Average Content Size,Requests/s,Failures/s,50%,66%,75%,80%,90%,95%,98%,99%,99.9%,99.99%,100%
GET,/,9146,0,93,102.942621769079,1.7836000000004404,395.2923999999989,8688.0,479.12087776814235,0.0,93,110,130,170,200,220,270,290,310,400,400
,Aggregated,9146,0,93,102.942621769079,1.7836000000004404,395.2923999999989,8688.0,479.12087776814235,0.0,93,110,130,170,200,220,270,290,310,400,400
