Type,Name,Request Count,Failure Count,Median Response Time,Average Response Time,Min Response Time,Max Response Time,Average Content Size,Requests/s,Failures/s,50%,66%,75%,80%,90%,95%,98%,99%,99.9%,99.99%,100%
GET,/,9140,0,66,77.19806943107226,1.4460999999990065,585.9274000000001,8688.0,480.81534854954475,0.0,66,83,95,110,190,260,370,400,470,590,590
,Aggregated,9140,0,66,77.19806943107226,1.4460999999990065,585.9274000000001,8688.0,480.81534854954475,0.0,66,83,95,110,190,260,370,400,470,590,590
