Type,Name,Request Count,Failure Count,Median Response Time,Average Response Time,Min Response Time,Max Response Time,Average Content Size,Requests/s,Failures/s,50%,66%,75%,80%,90%,95%,98%,99%,99.9%,99.99%,100%
GET,/,8290,0,16,56.53956846803364,1.2727999999988526,437.81650000000025,8688.0,435.348811119999,0.0,16,66,84,93,170,200,290,300,370,440,440
,Aggregated,8290,0,16,56.53956846803364,1.2727999999988526,437.81650000000025,8688.0,435.348811119999,0.0,16,66,84,93,170,200,290,300,370,440,440
