Type,Name,Request Count,Failure Count,Median Response Time,Average Response Time,Min Response Time,Max Response Time,Average Content Size,Requests/s,Failures/s,50%,66%,75%,80%,90%,95%,98%,99%,99.9%,99.99%,100%
GET,/,7696,0,27,61.07443201663188,1.2536000000000769,499.2022999999994,8688.0,403.50752435740316,0.0,27,72,83,92,120,210,360,380,410,500,500
,Aggregated,7696,0,27,61.07443201663188,1.2536000000000769,499.2022999999994,8688.0,403.50752435740316,0.0,27,72,83,92,120,210,360,380,410,500,500
