Type,Name,Request Count,Failure Count,Median Response Time,Average Response Time,Min Response Time,Max Response Time,Average Content Size,Requests/s,Failures/s,50%,66%,75%,80%,90%,95%,98%,99%,99.9%,99.99%,100%
GET,/,9428,0,62,68.16293775986419,1.5178000000002356,370.2934000000004,8688.0,494.31557638220994,0.0,62,85,94,100,180,200,270,280,310,370,370
,Aggregated,9428,0,62,68.16293775986419,1.5178000000002356,370.2934000000004,8688.0,494.31557638220994,0.0,62,85,94,100,180,200,270,280,310,370,370
