Type,Name,Request Count,Failure Count,Median Response Time,Average Response Time,Min Response Time,Max Response Time,Average Content Size,Requests/s,Failures/s,50%,66%,75%,80%,90%,95%,98%,99%,99.9%,99.99%,100%
GET,/,9610,0,88,95.14007643080122,1.4194999999990188,475.0930000000002,8688.0,503.5725841256666,0.0,88,99,110,120,190,220,290,300,350,480,480
,Aggregated,9610,0,88,95.14007643080122,1.4194999999990188,475.0930000000002,8688.0,503.5725841256666,0.0,88,99,110,120,190,220,290,300,350,480,480
