Type,Name,Request Count,Failure Count,Median Response Time,Average Response Time,Min Response Time,Max Response Time,Average Content Size,Requests/s,Failures/s,50%,66%,75%,80%,90%,95%,98%,99%,99.9%,99.99%,100%
GET,/,8977,0,76,78.49242427314256,1.5327000000020519,374.0765000000001,8688.0,470.59220767222337,0.0,76,95,100,110,180,200,250,270,310,370,370
,Aggregated,8977,0,76,78.49242427314256,1.5327000000020519,374.0765000000001,8688.0,470.59220767222337,0.0,76,95,100,110,180,200,250,270,310,370,370
