Type,Name,Request Count,Failure Count,Median Response Time,Average Response Time,Min Response Time,Max Response Time,Average Content Size,Requests/s,Failures/s,50%,66%,75%,80%,90%,95%,98%,99%,99.9%,99.99%,100%
GET,/,7389,0,12,44.41005597509817,1.2298000000008358,562.9231999999993,8688.0,388.30750365736264,0.0,12,35,62,70,96,180,310,370,480,560,560
,Aggregated,7389,0,12,44.41005597509817,1.2298000000008358,562.9231999999993,8688.0,388.30750365736264,0.0,12,35,62,70,96,180,310,370,480,560,560
