Type,Name,Request Count,Failure Count,Median Response Time,Average Response Time,Min Response Time,Max Response Time,Average Content Size,Requests/s,Failures/s,50%,66%,75%,80%,90%,95%,98%,99%,99.9%,99.99%,100%
GET,/,9278,0,70,71.3220479305885,1.2948000000001514,359.8014999999997,8688.0,486.9211693199399,0.0,70,89,99,110,170,190,210,250,290,360,360
,Aggregated,9278,0,70,71.3220479305885,1.2948000000001514,359.8014999999997,8688.0,486.9211693199399,0.0,70,89,99,110,170,190,210,250,290,360,360
