Type,Name,Request Count,Failure Count,Median Response Time,Average Response Time,Min Response Time,Max Response Time,Average Content Size,Requests/s,Failures/s,50%,66%,75%,80%,90%,95%,98%,99%,99.9%,99.99%,100%
GET,/,7168,0,12,39.968144977678534,1.1773000000001588,312.40190000000024,8688.0,375.8809242172778,0.0,12,21,60,79,120,170,200,230,290,310,310
,Aggregated,7168,0,12,39.968144977678534,1.1773000000001588,312.40190000000024,8688.0,375.8809242172778,0.0,12,21,60,79,120,170,200,230,290,310,310
