Type,Name,Request Count,Failure Count,Median Response Time,Average Response Time,Min Response Time,Max Response Time,Average Content Size,Requests/s,Failures/s,50%,66%,75%,80%,90%,95%,98%,99%,99.9%,99.99%,100%
GET,/,7070,0,12,52.66429267326736,1.1822999999999695,578.8810999999994,8688.0,371.04221296230673,0.0,12,46,75,85,160,220,310,400,480,580,580
,Aggregated,7070,0,12,52.66429267326736,1.1822999999999695,578.8810999999994,8688.0,371.04221296230673,0.0,12,46,75,85,160,220,310,400,480,580,580
