Type,Name,Request Count,Failure Count,Median Response Time,Average Response Time,Min Response Time,Max Response Time,Average Content Size,Requests/s,Failures/s,50%,66%,75%,80%,90%,95%,98%,99%,99.9%,99.99%,100%
GET,/,9278,0,14,44.07619330674712,1.1572999999991396,503.6782000000004,8688.0,486.95586917945917,0.0,14,41,65,76,110,180,220,270,370,500,500
,Aggregated,9278,0,14,44.07619330674712,1.1572999999991396,503.6782000000004,8688.0,486.95586917945917,0.0,14,41,65,76,110,180,220,270,370,500,500
