Type,Name,Request Count,Failure Count,Median Response Time,Average Response Time,Min Response Time,Max Response Time,Average Content Size,Requests/s,Failures/s,50%,66%,75%,80%,90%,95%,98%,99%,99.9%,99.99%,100%
GET,/,8563,0,14,49.576133130912176,1.3661000000002588,313.44290000000007,8688.0,451.0685979888065,0.0,14,57,74,82,140,200,240,270,290,310,310
,Aggregated,8563,0,14,49.576133130912176,1.3661000000002588,313.44290000000007,8688.0,451.0685979888065,0.0,14,57,74,82,140,200,240,270,290,310,310
