Type,Name,Request Count,Failure Count,Median Response Time,Average Response Time,Min Response Time,Max Response Time,Average Content Size,Requests/s,Failures/s,50%,66%,75%,80%,90%,95%,98%,99%,99.9%,99.99%,100%
GET,/,7302,0,13,48.45696936455788,1.1718999999992263,330.7763000000001,8688.0,383.0446469621788,0.0,13,47,70,82,150,210,250,280,310,330,330
,Aggregated,7302,0,13,48.45696936455788,1.1718999999992263,330.7763000000001,8688.0,383.0446469621788,0.0,13,47,70,82,150,210,250,280,310,330,330
