Type,Name,Request Count,Failure Count,Median Response Time,Average Response Time,Min Response Time,Max Response Time,Average Content Size,Requests/s,Failures/s,50%,66%,75%,80%,90%,95%,98%,99%,99.9%,99.99%,100%
GET,/,8245,0,17,29.9979212856276,1.418700000000328,374.174,8688.0,434.7005635036743,0.0,17,27,36,44,68,99,150,190,250,370,370
,Aggregated,8245,0,17,29.9979212856276,1.418700000000328,374.174,8688.0,434.7005635036743,0.0,17,27,36,44,68,99,150,190,250,370,370
