Type,Name,Request Count,Failure Count,Median Response Time,Average Response Time,Min Response Time,Max Response Time,Average Content Size,Requests/s,Failures/s,50%,66%,75%,80%,90%,95%,98%,99%,99.9%,99.99%,100%
GET,/,8399,0,17,37.00684229074875,1.2676999999996497,316.6856000000005,8688.0,441.66652421270766,0.0,17,30,44,57,92,150,200,230,280,320,320
,Aggregated,8399,0,17,37.00684229074875,1.2676999999996497,316.6856000000005,8688.0,441.66652421270766,0.0,17,30,44,57,92,150,200,230,280,320,320
