Type,Name,Request Count,Failure Count,Median Response Time,Average Response Time,Min Response Time,Max Response Time,Average Content Size,Requests/s,Failures/s,50%,66%,75%,80%,90%,95%,98%,99%,99.9%,99.99%,100%
GET,/,6941,0,64,64.98271998271133,1.452000000000453,370.4979000000002,8688.0,363.781304746513,0.0,64,84,92,99,160,190,270,290,300,370,370
,Aggregated,6941,0,64,64.98271998271133,1.452000000000453,370.4979000000002,8688.0,363.781304746513,0.0,64,84,92,99,160,190,270,290,300,370,370
