Type,Name,Request Count,Failure Count,Median Response Time,Average Response Time,Min Response Time,Max Response Time,Average Content Size,Requests/s,Failures/s,50%,66%,75%,80%,90%,95%,98%,99%,99.9%,99.99%,100%
GET,/,8372,0,15,55.7183922240802,1.4161999999995345,526.6310000000001,8688.0,438.6054638983597,0.0,15,62,78,88,160,210,320,360,480,530,530
,Aggregated,8372,0,15,55.7183922240802,1.4161999999995345,526.6310000000001,8688.0,438.6054638983597,0.0,15,62,78,88,160,210,320,360,480,530,530
