Type,Name,Request Count,Failure Count,Median Response Time,Average Response Time,Min Response Time,Max Response Time,Average Content Size,Requests/s,Failures/s,50%,66%,75%,80%,90%,95%,98%,99%,99.9%,99.99%,100%
GET,/,8658,0,81,85.08328030723023,1.4172999999999547,395.30300000000017,8688.0,454.1764455812038,0.0,81,93,100,120,190,210,250,290,350,400,400
,Aggregated,8658,0,81,85.08328030723023,1.4172999999999547,395.30300000000017,8688.0,454.1764455812038,0.0,81,93,100,120,190,210,250,290,350,400,400
