Type,Name,Request Count,Failure Count,Median Response Time,Average Response Time,Min Response Time,Max Response Time,Average Content Size,Requests/s,Failures/s,50%,66%,75%,80%,90%,95%,98%,99%,99.9%,99.99%,100%
GET,/,7083,0,12,42.81558427220101,1.3468999999997067,386.19400000000013,8688.0,372.2161829255174,0.0,12,40,68,82,110,180,220,280,370,390,390
,Aggregated,7083,0,12,42.81558427220101,1.3468999999997067,386.19400000000013,8688.0,372.2161829255174,0.0,12,40,68,82,110,180,220,280,370,390,390
