Type,Name,Request Count,Failure Count,Median Response Time,Average Response Time,Min Response Time,Max Response Time,Average Content Size,Requests/s,Failures/s,50%,66%,75%,80%,90%,95%,98%,99%,99.9%,99.99%,100%
GET,/,9589,0,18,38.5995190635104,1.2542999999993754,281.5127000000004,8688.0,502.80365697471007,0.0,18,35,57,68,98,140,170,230,280,280,280
,Aggregated,9589,0,18,38.5995190635104,1.2542999999993754,281.5127000000004,8688.0,502.80365697471007,0.0,18,35,57,68,98,140,170,230,280,280,280
