Type,Name,Request Count,Failure Count,Median Response Time,Average Response Time,Min Response Time,Max Response Time,Average Content Size,Requests/s,Failures/s,50%,66%,75%,80%,90%,95%,98%,99%,99.9%,99.99%,100%
GET,/,9939,0,63,75.39601980078506,1.5105999999995845,439.9519999999999,8688.0,520.8963432308983,0.0,63,87,110,120,180,220,280,300,350,440,440
,Aggregated,9939,0,63,75.39601980078506,1.5105999999995845,439.9519999999999,8688.0,520.8963432308983,0.0,63,87,110,120,180,220,280,300,350,440,440
