Type,Name,Request Count,Failure Count,Median Response Time,Average Response Time,Min Response Time,Max Response Time,Average Content Size,Requests/s,Failures/s,50%,66%,75%,80%,90%,95%,98%,99%,99.9%,99.99%,100%
GET,/,9937,0,63,66.73853290731604,1.4642999999985307,316.1562,8688.0,521.6947708993625,0.0,63,84,93,99,150,190,210,230,310,320,320
,Aggregated,9937,0,63,66.73853290731604,1.4642999999985307,316.1562,8688.0,521.6947708993625,0.0,63,84,93,99,150,190,210,230,310,320,320
