Type,Name,Request Count,Failure Count,Median Response Time,Average Response Time,Min Response Time,Max Response Time,Average Content Size,Requests/s,Failures/s,50%,66%,75%,80%,90%,95%,98%,99%,99.9%,99.99%,100%
GET,/,7879,0,9,35.87004685873842,1.2573999999982988,329.95740000000006,8688.0,413.5531271934123,0.0,9,12,34,57,120,190,230,250,300,330,330
,Aggregated,7879,0,9,35.87004685873842,1.2573999999982988,329.95740000000006,8688.0,413.5531271934123,0.0,9,12,34,57,120,190,230,250,300,330,330
