Type,Name,Request Count,Failure Count,Median Response Time,Average Response Time,Min Response Time,Max Response Time,Average Content Size,Requests/s,Failures/s,50%,66%,75%,80%,90%,95%,98%,99%,99.9%,99.99%,100%
GET,/,9312,0,87,94.64254924828177,1.9922999999995028,402.5293999999997,8688.0,490.1415509067128,0.0,87,99,110,130,190,230,290,310,390,400,400
,Aggregated,9312,0,87,94.64254924828177,1.9922999999995028,402.5293999999997,8688.0,490.1415509067128,0.0,87,99,110,130,190,230,290,310,390,400,400
