Type,Name,Request Count,Failure Count,Median Response Time,Average Response Time,Min Response Time,Max Response Time,Average Content Size,Requests/s,Failures/s,50%,66%,75%,80%,90%,95%,98%,99%,99.9%,99.99%,100%
GET,/,8559,0,16,50.38875813763309,1.3234000000004187,395.4342999999998,8688.0,449.6215493417629,0.0,16,63,77,86,120,190,270,280,310,400,400
,Aggregated,8559,0,16,50.38875813763309,1.3234000000004187,395.4342999999998,8688.0,449.6215493417629,0.0,16,63,77,86,120,190,270,280,310,400,400
