Type,Name,Request Count,Failure Count,Median Response Time,Average Response Time,Min Response Time,Max Response Time,Average Content Size,Requests/s,Failures/s,50%,66%,75%,80%,90%,95%,98%,99%,99.9%,99.99%,100%
GET,/,8372,0,22,61.022363485427505,1.2365999999985888,511.0258999999999,8688.0,438.81035009054386,0.0,22,70,82,88,170,250,350,390,460,510,510
,Aggregated,8372,0,22,61.022363485427505,1.2365999999985888,511.0258999999999,8688.0,438.81035009054386,0.0,22,70,82,88,170,250,350,390,460,510,510
