Type,Name,Request Count,Failure Count,Median Response Time,Average Response Time,Min Response Time,Max Response Time,Average Content Size,Requests/s,Failures/s,50%,66%,75%,80%,90%,95%,98%,99%,99.9%,99.99%,100%
GET,/,9614,0,30,59.84871957561896,1.2401000000004103,494.5658000000002,8688.0,503.51489440681945,0.0,30,70,82,88,140,220,280,320,400,490,490
,Aggregated,9614,0,30,59.84871957561896,1.2401000000004103,494.5658000000002,8688.0,503.51489440681945,0.0,30,70,82,88,140,220,280,320,400,490,490
