Type,Name,Request Count,Failure Count,Median Response Time,Average Response Time,Min Response Time,Max Response Time,Average Content Size,Requests/s,Failures/s,50%,66%,75%,80%,90%,95%,98%,99%,99.9%,99.99%,100%
GET,/,6803,0,84,100.07708200793799,1.2249999999998096,722.1027000000003,8688.0,356.8434656283177,0.0,84,100,120,170,200,280,330,610,710,720,720
,Aggregated,6803,0,84,100.07708200793799,1.2249999999998096,722.1027000000003,8688.0,356.8434656283177,0.0,84,100,120,170,200,280,330,610,710,720,720
