Type,Name,Request Count,Failure Count,Median Response Time,Average Response Time,Min Response Time,Max Response Time,Average Content Size,Requests/s,Failures/s,50%,66%,75%,80%,90%,95%,98%,99%,99.9%,99.99%,100%
GET,/,9697,0,83,86.97371702588406,1.4774000000006282,333.06319999999977,8688.0,508.28223335643037,0.0,83,98,110,120,180,200,270,280,300,330,330
,Aggregated,9697,0,83,86.97371702588406,1.4774000000006282,333.06319999999977,8688.0,508.28223335643037,0.0,83,98,110,120,180,200,270,280,300,330,330
