Type,Name,Request Count,Failure Count,Median Response Time,Average Response Time,Min Response Time,Max Response Time,Average Content Size,Requests/s,Failures/s,50%,66%,75%,80%,90%,95%,98%,99%,99.9%,99.99%,100%
GET,/,8695,0,14,41.188415698677744,1.3298999999982186,347.9416999999998,8688.0,455.99510283944636,0.0,14,26,58,72,110,180,200,280,340,350,350
,Aggregated,8695,0,14,41.188415698677744,1.3298999999982186,347.9416999999998,8688.0,455.99510283944636,0.0,14,26,58,72,110,180,200,280,340,350,350
