Type,Name,Request Count,Failure Count,Median Response Time,Average Response Time,Min Response Time,Max Response Time,Average Content Size,Requests/s,Failures/s,50%,66%,75%,80%,90%,95%,98%,99%,99.9%,99.99%,100%
GET,/,7672,0,17,35.76494976538073,1.2844000000011846,291.01070000000016,8688.0,402.2740564320288,0.0,18,31,54,65,91,110,160,200,290,290,290
,Aggregated,7672,0,17,35.76494976538073,1.2844000000011846,291.01070000000016,8688.0,402.2740564320288,0.0,18,31,54,65,91,110,160,200,290,290,290
