Type,Name,Request Count,Failure Count,Median Response Time,Average Response Time,Min Response Time,Max Response Time,Average Content Size,Requests/s,Failures/s,50%,66%,75%,80%,90%,95%,98%,99%,99.9%,99.99%,100%
GET,/,7728,0,25,57.87853100414054,1.2459000000006881,390.71300000000076,8688.0,406.4034650787664,0.0,25,81,90,96,120,190,270,290,380,390,390
,Aggregated,7728,0,25,57.87853100414054,1.2459000000006881,390.71300000000076,8688.0,406.4034650787664,0.0,25,81,90,96,120,190,270,290,380,390,390
