Type,Name,Request Count,Failure Count,Median Response Time,Average Response Time,Min Response Time,Max Response Time,Average Content Size,Requests/s,Failures/s,50%,66%,75%,80%,90%,95%,98%,99%,99.9%,99.99%,100%
GET,/,7157,0,9,31.726315816683123,1.1777000000012805,384.2181,8688.0,375.75832097532475,0.0,9,13,33,55,94,150,210,240,290,380,380
,Aggregated,7157,0,9,31.726315816683123,1.1777000000012805,384.2181,8688.0,375.75832097532475,0.0,9,13,33,55,94,150,210,240,290,380,380
