Type,Name,Request Count,Failure Count,Median Response Time,Average Response Time,Min Response Time,Max Response Time,Average Content Size,Requests/s,Failures/s,50%,66%,75%,80%,90%,95%,98%,99%,99.9%,99.99%,100%
GET,/,8832,0,80,86.1049050837862,1.670199999999511,409.18109999999785,8688.0,462.9602709248107,0.0,80,92,100,110,190,260,290,300,380,410,410
,Aggregated,8832,0,80,86.1049050837862,1.670199999999511,409.18109999999785,8688.0,462.9602709248107,0.0,80,92,100,110,190,260,290,300,380,410,410
