Type,Name,Request Count,Failure Count,Median Response Time,Average Response Time,Min Response Time,Max Response Time,Average Content Size,Requests/s,Failures/s,50%,66%,75%,80%,90%,95%,98%,99%,99.9%,99.99%,100%
GET,/,9257,0,27,53.95745101004657,1.5040999999982319,330.04049999999995,8688.0,485.25435366578785,0.0,27,71,82,89,110,190,210,280,300,330,330
,Aggregated,9257,0,27,53.95745101004657,1.5040999999982319,330.04049999999995,8688.0,485.25435366578785,0.0,27,71,82,89,110,190,210,280,300,330,330
