Type,Name,Request Count,Failure Count,Median Response Time,Average Response Time,Min Response Time,Max Response Time,Average Content Size,Requests/s,Failures/s,50%,66%,75%,80%,90%,95%,98%,99%,99.9%,99.99%,100%
GET,/,8221,0,13,39.19978552487525,1.3508999999984894,389.44309999999984,8688.0,430.891322989121,0.0,13,22,51,68,110,180,210,250,340,390,390
,Aggregated,8221,0,13,39.19978552487525,1.3508999999984894,389.44309999999984,8688.0,430.891322989121,0.0,13,22,51,68,110,180,210,250,340,390,390
