Type,Name,Request Count,Failure Count,Median Response Time,Average Response Time,Min Response Time,Max Response Time,Average Content Size,Requests/s,Failures/s,50%,66%,75%,80%,90%,95%,98%,99%,99.9%,99.99%,100%
GET,/,9866,0,27,55.758769136428135,1.2481000000015285,490.44579999999985,8688.0,517.351376498237,0.0,27,67,81,89,120,180,280,370,400,490,490
,Aggregated,9866,0,27,55.758769136428135,1.2481000000015285,490.44579999999985,8688.0,517.351376498237,0.0,27,67,81,89,120,180,280,370,400,490,490
