Type,Name,Request Count,Failure Count,Median Response Time,Average Response Time,Min Response Time,Max Response Time,Average Content Size,Requests/s,Failures/s,50%,66%,75%,80%,90%,95%,98%,99%,99.9%,99.99%,100%
GET,/,9152,0,73,85.0252400021855,1.470400000000538,422.5317999999998,8688.0,478.9341596305538,0.0,73,90,110,140,200,260,290,320,380,420,420
,Aggregated,9152,0,73,85.0252400021855,1.470400000000538,422.5317999999998,8688.0,478.9341596305538,0.0,73,90,110,140,200,260,290,320,380,420,420
