Type,Name,Request Count,Failure Count,Median Response Time,Average Response Time,Min Response Time,Max Response Time,Average Content Size,Requests/s,Failures/s,50%,66%,75%,80%,90%,95%,98%,99%,99.9%,99.99%,100%
GET,/,8524,0,13,44.26117430783667,1.27469999999974,459.73560000000015,8688.0,446.9325328806035,0.0,13,29,62,77,130,190,220,270,440,460,460
,Aggregated,8524,0,13,44.26117430783667,1.27469999999974,459.73560000000015,8688.0,446.9325328806035,0.0,13,29,62,77,130,190,220,270,440,460,460
