Type,Name,Request Count,Failure Count,Median Response Time,Average Response Time,Min Response Time,Max Response Time,Average Content Size,Requests/s,Failures/s,50%,66%,75%,80%,90%,95%,98%,99%,99.9%,99.99%,100%
GET,/,8826,0,14,49.36806642873342,1.2708000000003494,303.9848000000003,8688.0,462.471182369328,0.0,14,50,73,86,160,200,240,260,300,300,300
,Aggregated,8826,0,14,49.36806642873342,1.2708000000003494,303.9848000000003,8688.0,462.471182369328,0.0,14,50,73,86,160,200,240,260,300,300,300
