Type,Name,Request Count,Failure Count,Median Response Time,Average Response Time,Min Response Time,Max Response Time,Average Content Size,Requests/s,Failures/s,50%,66%,75%,80%,90%,95%,98%,99%,99.9%,99.99%,100%
GET,/,8248,0,90,104.76599816925345,1.7013999999981877,414.0826999999998,8688.0,432.39075185311066,0.0,91,100,140,180,210,280,310,340,400,410,410
,Aggregated,8248,0,90,104.76599816925345,1.7013999999981877,414.0826999999998,8688.0,432.39075185311066,0.0,91,100,140,180,210,280,310,340,400,410,410
