Type,Name,Request Count,Failure Count,Median Response Time,Average Response Time,Min Response Time,Max Response Time,Average Content Size,Requests/s,Failures/s,50%,66%,75%,80%,90%,95%,98%,99%,99.9%,99.99%,100%
GET,/,7545,0,83,89.70505403578514,1.2972999999991686,443.9476,8688.0,395.6351753837943,0.0,83,100,110,170,200,270,300,330,390,440,440
,Aggregated,7545,0,83,89.70505403578514,1.2972999999991686,443.9476,8688.0,395.6351753837943,0.0,83,100,110,170,200,270,300,330,390,440,440
