Type,Name,Request Count,Failure Count,Median Response Time,Average Response Time,Min Response Time,Max Response Time,Average Content Size,Requests/s,Failures/s,50%,66%,75%,80%,90%,95%,98%,99%,99.9%,99.99%,100%
GET,/,8151,0,46,62.04314556496124,1.4634000000004477,427.61810000000014,8688.0,427.66340588865467,0.0,46,79,89,94,180,200,280,290,400,430,430
,Aggregated,8151,0,46,62.04314556496124,1.4634000000004477,427.61810000000014,8688.0,427.66340588865467,0.0,46,79,89,94,180,200,280,290,400,430,430
