Type,Name,Request Count,Failure Count,Median Response Time,Average Response Time,Min Response Time,Max Response Time,Average Content Size,Requests/s,Failures/s,50%,66%,75%,80%,90%,95%,98%,99%,99.9%,99.99%,100%
GET,/,9887,0,24,52.77315458683146,1.2938999999985157,344.63690000000025,8688.0,517.0788502695341,0.0,24,60,76,85,120,200,260,280,310,340,340
,Aggregated,9887,0,24,52.77315458683146,1.2938999999985157,344.63690000000025,8688.0,517.0788502695341,0.0,24,60,76,85,120,200,260,280,310,340,340
