Type,Name,Request Count,Failure Count,Median Response Time,Average Response Time,Min Response Time,Max Response Time,Average Content Size,Requests/s,Failures/s,50%,66%,75%,80%,90%,95%,98%,99%,99.9%,99.99%,100%
GET,/,10049,0,22,41.69198088367005,1.466699999999932,318.77140000000014,8688.0,527.1413644305079,0.0,22,39,59,72,97,140,190,220,260,320,320
,Aggregated,10049,0,22,41.69198088367005,1.466699999999932,318.77140000000014,8688.0,527.1413644305079,0.0,22,39,59,72,97,140,190,220,260,320,320
