Type,Name,Request Count,Failure Count,Median Response Time,Average Response Time,Min Response Time,Max Response Time,Average Content Size,Requests/s,Failures/s,50%,66%,75%,80%,90%,95%,98%,99%,99.9%,99.99%,100%
GET,/,9811,0,21,48.14218398736102,1.2968999999998232,395.3616999999996,8688.0,514.830205475099,0.0,21,57,75,84,110,190,220,230,280,400,400
,Aggregated,9811,0,21,48.14218398736102,1.2968999999998232,395.3616999999996,8688.0,514.830205475099,0.0,21,57,75,84,110,190,220,230,280,400,400
