Type,Name,Request Count,Failure Count,Median Response Time,Average Response Time,Min Response Time,Max Response Time,Average Content Size,Requests/s,Failures/s,50%,66%,75%,80%,90%,95%,98%,99%,99.9%,99.99%,100%
GET,/,8436,0,91,117.53142977714543,1.6842000000005797,693.8075999999995,8688.0,441.7134287459296,0.0,92,110,180,190,230,300,410,480,500,690,690
,Aggregated,8436,0,91,117.53142977714543,1.6842000000005797,693.8075999999995,8688.0,441.7134287459296,0.0,92,110,180,190,230,300,410,480,500,690,690
