Type,Name,Request Count,Failure Count,Median Response Time,Average Response Time,Min Response Time,Max Response Time,Average Content Size,Requests/s,Failures/s,50%,66%,75%,80%,90%,95%,98%,99%,99.9%,99.99%,100%
GET,/,7965,0,13,40.96934335216582,1.210199999999162,370.4084999999999,8688.0,418.30626689879614,0.0,13,25,60,72,100,180,260,280,360,370,370
,Aggregated,7965,0,13,40.96934335216582,1.210199999999162,370.4084999999999,8688.0,418.30626689879614,0.0,13,25,60,72,100,180,260,280,360,370,370
