Type,Name,Request Count,Failure Count,Median Response Time,Average Response Time,Min Response Time,Max Response Time,Average Content Size,Requests/s,Failures/s,50%,66%,75%,80%,90%,95%,98%,99%,99.9%,99.99%,100%
GET,/,8448,0,80,79.75015569365566,1.52220000000014,392.0174999999997,8688.0,443.48144666135573,0.0,80,91,98,100,180,200,280,300,320,390,390
,Aggregated,8448,0,80,79.75015569365566,1.52220000000014,392.0174999999997,8688.0,443.48144666135573,0.0,80,91,98,100,180,200,280,300,320,390,390
