Type,Name,Request Count,Failure Count,Median Response Time,Average Response Time,Min Response Time,Max Response Time,Average Content Size,Requests/s,Failures/s,50%,66%,75%,80%,90%,95%,98%,99%,99.9%,99.99%,100%
GET,/,8784,0,94,110.79001054189487,1.5926000000003881,412.26040000000097,8688.0,460.2879914157988,0.0,94,120,180,180,200,270,300,300,380,410,410
,Aggregated,8784,0,94,110.79001054189487,1.5926000000003881,412.26040000000097,8688.0,460.2879914157988,0.0,94,120,180,180,200,270,300,300,380,410,410
