Type,Name,Request Count,Failure Count,Median Response Time,Average Response Time,Min Response Time,Max Response Time,Average Content Size,Requests/s,Failures/s,50%,66%,75%,80%,90%,95%,98%,99%,99.9%,99.99%,100%
GET,/,9004,0,79,80.16563465126612,1.387499999999875,399.96139999999957,8688.0,471.64991320835355,0.0,79,91,100,110,180,210,260,280,320,400,400
,Aggregated,9004,0,79,80.16563465126612,1.387499999999875,399.96139999999957,8688.0,471.64991320835355,0.0,79,91,100,110,180,210,260,280,320,400,400
