Type,Name,Request Count,Failure Count,Median Response Time,Average Response Time,Min Response Time,Max Response Time,Average Content Size,Requests/s,Failures/s,50%,66%,75%,80%,90%,95%,98%,99%,99.9%,99.99%,100%
GET,/,7533,0,99,117.59890375680321,1.3202000000003267,468.89290000000017,8688.0,395.5554095640236,0.0,99,110,170,180,210,300,370,380,420,470,470
,Aggregated,7533,0,99,117.59890375680321,1.3202000000003267,468.89290000000017,8688.0,395.5554095640236,0.0,99,110,170,180,210,300,370,380,420,470,470
