Type,Name,Request Count,Failure Count,Median Response Time,Average Response Time,Min Response Time,Max Response Time,Average Content Size,Requests/s,Failures/s,50%,66%,75%,80%,90%,95%,98%,99%,99.9%,99.99%,100%
GET,/,8607,0,82,81.9954935052865,1.4831999999991297,307.2096999999996,8688.0,451.68052599991273,0.0,82,95,110,110,180,200,210,230,290,310,310
,Aggregated,8607,0,82,81.9954935052865,1.4831999999991297,307.2096999999996,8688.0,451.68052599991273,0.0,82,95,110,110,180,200,210,230,290,310,310
