Type,Name,Request Count,Failure Count,Median Response Time,Average Response Time,Min Response Time,Max Response Time,Average Content Size,Requests/s,Failures/s,50%,66%,75%,80%,90%,95%,98%,99%,99.9%,99.99%,100%
GET,/,7387,0,11,39.17973783674023,1.2188000000001864,352.56149999999974,8688.0,387.19483884906197,0.0,11,18,54,71,110,180,250,270,290,350,350
,Aggregated,7387,0,11,39.17973783674023,1.2188000000001864,352.56149999999974,8688.0,387.19483884906197,0.0,11,18,54,71,110,180,250,270,290,350,350
