Type,Name,Request Count,Failure Count,Median Response Time,Average Response Time,Min Response Time,Max Response Time,Average Content Size,Requests/s,Failures/s,50%,66%,75%,80%,90%,95%,98%,99%,99.9%,99.99%,100%
GET,/,8697,0,13,46.140104127859956,1.144299999999987,301.2345999999999,8688.0,455.96095695465027,0.0,13,54,75,85,130,190,230,250,270,300,300
,Aggregated,8697,0,13,46.140104127859956,1.144299999999987,301.2345999999999,8688.0,455.96095695465027,0.0,13,54,75,85,130,190,230,250,270,300,300
