Type,Name,Request Count,Failure Count,Median Response Time,Average Response Time,Min Response Time,Max Response Time,Average Content Size,Requests/s,Failures/s,50%,66%,75%,80%,90%,95%,98%,99%,99.9%,99.99%,100%
GET,/,9456,0,17,44.128290894669966,1.463299999999279,301.3296999999997,8688.0,495.8393050802898,0.0,17,46,68,78,110,180,200,210,280,300,300
,Aggregated,9456,0,17,44.128290894669966,1.463299999999279,301.3296999999997,8688.0,495.8393050802898,0.0,17,46,68,78,110,180,200,210,280,300,300
