Type,Name,Request Count,Failure Count,Median Response Time,Average Response Time,Min Response Time,Max Response Time,Average Content Size,Requests/s,Failures/s,50%,66%,75%,80%,90%,95%,98%,99%,99.9%,99.99%,100%
GET,/,9386,0,21,43.73948746004675,1.358100000000917,357.33950000000016,8688.0,492.6923017302929,0.0,21,45,66,76,100,160,210,270,300,360,360
,Aggregated,9386,0,21,43.73948746004675,1.358100000000917,357.33950000000016,8688.0,492.6923017302929,0.0,21,45,66,76,100,160,210,270,300,360,360
