Type,Name,Request Count,Failure Count,Median Response Time,Average Response Time,Min Response Time,Max Response Time,Average Content Size,Requests/s,Failures/s,50%,66%,75%,80%,90%,95%,98%,99%,99.9%,99.99%,100%
GET,/,7923,0,10,39.57766657831626,1.2805000000000177,395.1456999999996,8688.0,415.57245256981236,0.0,10,19,57,78,110,170,230,270,360,400,400
,Aggregated,7923,0,10,39.57766657831626,1.2805000000000177,395.1456999999996,8688.0,415.57245256981236,0.0,10,19,57,78,110,170,230,270,360,400,400
