Type,Name,Request Count,Failure Count,Median Response Time,Average Response Time,Min Response Time,Max Response Time,Average Content Size,Requests/s,Failures/s,50%,66%,75%,80%,90%,95%,98%,99%,99.9%,99.99%,100%
GET,/,9363,0,12,41.48941288048721,1.3608999999998872,410.2041999999999,8688.0,490.5415704065616,0.0,12,19,52,72,120,190,240,300,370,410,410
,Aggregated,9363,0,12,41.48941288048721,1.3608999999998872,410.2041999999999,8688.0,490.5415704065616,0.0,12,19,52,72,120,190,240,300,370,410,410
