Type,Name,Request Count,Failure Count,Median Response Time,Average Response Time,Min Response Time,Max Response Time,Average Content Size,Requests/s,Failures/s,50%,66%,75%,80%,90%,95%,98%,99%,99.9%,99.99%,100%
GET,/,4409,0,6,47.55205758675434,1.1600999999998862,409.8682,8688.0,231.89105928624394,0.0,6,30,84,92,120,210,300,310,400,410,410
,Aggregated,4409,0,6,47.55205758675434,1.1600999999998862,409.8682,8688.0,231.89105928624394,0.0,6,30,84,92,120,210,300,310,400,410,410
