Type,Name,Request Count,Failure Count,Median Response Time,Average Response Time,Min Response Time,Max Response Time,Average Content Size,Requests/s,Failures/s,50%,66%,75%,80%,90%,95%,98%,99%,99.9%,99.99%,100%
GET,/,5911,0,7,36.10766778886811,1.21120000000019,483.29909999999995,8688.0,310.83579103200026,0.0,7,13,52,77,97,190,210,280,300,480,480
,Aggregated,5911,0,7,36.10766778886811,1.21120000000019,483.29909999999995,8688.0,310.83579103200026,0.0,7,13,52,77,97,190,210,280,300,480,480
