Type,Name,Request Count,Failure Count,Median Response Time,Average Response Time,Min Response Time,Max Response Time,Average Content Size,Requests/s,Failures/s,50%,66%,75%,80%,90%,95%,98%,99%,99.9%,99.99%,100%
GET,/,6280,0,8,30.457479792993727,1.2231999999983145,485.0715000000001,8688.0,330.09620616612096,0.0,8,14,27,51,87,110,200,310,400,490,490
,Aggregated,6280,0,8,30.457479792993727,1.2231999999983145,485.0715000000001,8688.0,330.09620616612096,0.0,8,14,27,51,87,110,200,310,400,490,490
