Type,Name,Request Count,Failure Count,Median Response Time,Average Response Time,Min Response Time,Max Response Time,Average Content Size,Requests/s,Failures/s,50%,66%,75%,80%,90%,95%,98%,99%,99.9%,99.99%,100%
GET,/,6104,0,7,27.382104603538703,1.2396999999992886,387.73340000000013,8688.0,322.52218862868693,0.0,7,11,19,48,87,100,190,240,380,390,390
,Aggregated,6104,0,7,27.382104603538703,1.2396999999992886,387.73340000000013,8688.0,322.52218862868693,0.0,7,11,19,48,87,100,190,240,380,390,390
