Type,Name,Request Count,Failure Count,Median Response Time,Average Response Time,Min Response Time,Max Response Time,Average Content Size,Requests/s,Failures/s,50%,66%,75%,80%,90%,95%,98%,99%,99.9%,99.99%,100%
GET,/,6792,0,10,33.04431584216722,1.189399999999452,307.41180000000014,8688.0,356.4991779149686,0.0,10,16,41,61,96,140,210,260,290,310,310
,Aggregated,6792,0,10,33.04431584216722,1.189399999999452,307.41180000000014,8688.0,356.4991779149686,0.0,10,16,41,61,96,140,210,260,290,310,310
