Type,Name,Request Count,Failure Count,Median Response Time,Average Response Time,Min Response Time,Max Response Time,Average Content Size,Requests/s,Failures/s,50%,66%,75%,80%,90%,95%,98%,99%,99.9%,99.99%,100%
GET,/,3064,0,6,39.15465182767615,1.2151000000013568,557.573099999999,8688.0,161.0457681302638,0.0,6,10,47,79,120,200,260,310,450,560,560
,Aggregated,3064,0,6,39.15465182767615,1.2151000000013568,557.573099999999,8688.0,161.0457681302638,0.0,6,10,47,79,120,200,260,310,450,560,560
