Type,Name,Request Count,Failure Count,Median Response Time,Average Response Time,Min Response Time,Max Response Time,Average Content Size,Requests/s,Failures/s,50%,66%,75%,80%,90%,95%,98%,99%,99.9%,99.99%,100%
GET,/,7667,0,99,141.48451092995958,1.3910000000016964,600.1969000000003,8688.0,402.0356388009245,0.0,99,190,200,230,300,390,470,490,590,600,600
,Aggregated,7667,0,99,141.48451092995958,1.3910000000016964,600.1969000000003,8688.0,402.0356388009245,0.0,99,190,200,230,300,390,470,490,590,600,600
