Type,Name,Request Count,Failure Count,Median Response Time,Average Response Time,Min Response Time,Max Response Time,Average Content Size,Requests/s,Failures/s,50%,66%,75%,80%,90%,95%,98%,99%,99.9%,99.99%,100%
GET,/,6914,0,57,67.35825561180214,1.2143000000008897,482.6052000000001,8688.0,364.1172505190533,0.0,57,91,96,100,180,220,300,340,400,480,480
,Aggregated,6914,0,57,67.35825561180214,1.2143000000008897,482.6052000000001,8688.0,364.1172505190533,0.0,57,91,96,100,180,220,300,340,400,480,480
