Type,Name,Request Count,Failure Count,Median Response Time,Average Response Time,Min Response Time,Max Response Time,Average Content Size,Requests/s,Failures/s,50%,66%,75%,80%,90%,95%,98%,99%,99.9%,99.99%,100%
GET,/,6007,0,6,35.3511816880306,1.1837000000003428,397.1510999999994,8688.0,315.3504627982983,0.0,6,9,29,61,100,200,280,300,330,400,400
,Aggregated,6007,0,6,35.3511816880306,1.1837000000003428,397.1510999999994,8688.0,315.3504627982983,0.0,6,9,29,61,100,200,280,300,330,400,400
