Type,Name,Request Count,Failure Count,Median Response Time,Average Response Time,Min Response Time,Max Response Time,Average Content Size,Requests/s,Failures/s,50%,66%,75%,80%,90%,95%,98%,99%,99.9%,99.99%,100%
GET,/,8066,0,10,44.56268709397464,1.282100000000952,458.15839999999986,8688.0,423.95323890441966,0.0,10,40,75,84,100,200,270,290,380,460,460
,Aggregated,8066,0,10,44.56268709397464,1.282100000000952,458.15839999999986,8688.0,423.95323890441966,0.0,10,40,75,84,100,200,270,290,380,460,460
