Type,Name,Request Count,Failure Count,Median Response Time,Average Response Time,Min Response Time,Max Response Time,Average Content Size,Requests/s,Failures/s,50%,66%,75%,80%,90%,95%,98%,99%,99.9%,99.99%,100%
GET,/,7026,0,68,66.81238213777392,1.2617000000005874,442.94239999999974,8688.0,369.9029393114726,0.0,68,89,96,100,180,200,270,300,360,440,440
,Aggregated,7026,0,68,66.81238213777392,1.2617000000005874,442.94239999999974,8688.0,369.9029393114726,0.0,68,89,96,100,180,200,270,300,360,440,440
