Type,Name,Request Count,Failure Count,Median Response Time,Average Response Time,Min Response Time,Max Response Time,Average Content Size,Requests/s,Failures/s,50%,66%,75%,80%,90%,95%,98%,99%,99.9%,99.99%,100%
GET,/,2620,0,4,23.99586358778631,1.1673000000005374,378.8431999999999,8688.0,138.4659827333907,0.0,4,6,8,9,73,200,280,290,370,380,380
,Aggregated,2620,0,4,23.99586358778631,1.1673000000005374,378.8431999999999,8688.0,138.4659827333907,0.0,4,6,8,9,73,200,280,290,370,380,380
