Type,Name,Request Count,Failure Count,Median Response Time,Average Response Time,Min Response Time,Max Response Time,Average Content Size,Requests/s,Failures/s,50%,66%,75%,80%,90%,95%,98%,99%,99.9%,99.99%,100%
GET,/,5409,0,7,34.74970086892233,1.230400000000742,471.90730000000025,8688.0,284.2209076030472,0.0,7,11,35,66,94,180,270,310,460,470,470
,Aggregated,5409,0,7,34.74970086892233,1.230400000000742,471.90730000000025,8688.0,284.2209076030472,0.0,7,11,35,66,94,180,270,310,460,470,470
