Type,Name,Request Count,Failure Count,Median Response Time,Average Response Time,Min Response Time,Max Response Time,Average Content Size,Requests/s,Failures/s,50%,66%,75%,80%,90%,95%,98%,99%,99.9%,99.99%,100%
GET,/,7022,0,8,36.868543377955056,1.2433999999998946,404.83639999999974,8688.0,368.20912812353544,0.0,8,15,48,72,97,190,220,290,390,400,400
,Aggregated,7022,0,8,36.868543377955056,1.2433999999998946,404.83639999999974,8688.0,368.20912812353544,0.0,8,15,48,72,97,190,220,290,390,400,400
