Type,Name,Request Count,Failure Count,Median Response Time,Average Response Time,Min Response Time,Max Response Time,Average Content Size,Requests/s,Failures/s,50%,66%,75%,80%,90%,95%,98%,99%,99.9%,99.99%,100%
GET,/,5756,0,8,29.248386900625515,1.2747999999991322,447.9034,8688.0,301.6548691380459,0.0,8,12,18,36,90,150,200,260,450,450,450
,Aggregated,5756,0,8,29.248386900625515,1.2747999999991322,447.9034,8688.0,301.6548691380459,0.0,8,12,18,36,90,150,200,260,450,450,450
