Type,Name,Request Count,Failure Count,Median Response Time,Average Response Time,Min Response Time,Max Response Time,Average Content Size,Requests/s,Failures/s,50%,66%,75%,80%,90%,95%,98%,99%,99.9%,99.99%,100%
GET,/,3584,0,5,33.255355078124964,1.1552000000012441,374.0354000000003,8688.0,188.49188187840736,0.0,5,9,35,74,96,190,210,280,300,370,370
,Aggregated,3584,0,5,33.255355078124964,1.1552000000012441,374.0354000000003,8688.0,188.49188187840736,0.0,5,9,35,74,96,190,210,280,300,370,370
