Type,Name,Request Count,Failure Count,Median Response Time,Average Response Time,Min Response Time,Max Response Time,Average Content Size,Requests/s,Failures/s,50%,66%,75%,80%,90%,95%,98%,99%,99.9%,99.99%,100%
GET,/,6921,0,9,34.756224230602456,1.2542999999993754,388.0604000000001,8688.0,362.83477083863556,0.0,9,14,46,66,98,170,240,270,340,390,390
,Aggregated,6921,0,9,34.756224230602456,1.2542999999993754,388.0604000000001,8688.0,362.83477083863556,0.0,9,14,46,66,98,170,240,270,340,390,390
