Type,Name,Request Count,Failure Count,Median Response Time,Average Response Time,Min Response Time,Max Response Time,Average Content Size,Requests/s,Failures/s,50%,66%,75%,80%,90%,95%,98%,99%,99.9%,99.99%,100%
GET,/,6296,0,8,43.57208784942811,1.235799999999898,492.6729000000001,8688.0,330.74908861361956,0.0,8,23,70,83,100,200,300,370,460,490,490
,Aggregated,6296,0,8,43.57208784942811,1.235799999999898,492.6729000000001,8688.0,330.74908861361956,0.0,8,23,70,83,100,200,300,370,460,490,490
