Type,Name,Request Count,Failure Count,Median Response Time,Average Response Time,Min Response Time,Max Response Time,Average Content Size,Requests/s,Failures/s,50%,66%,75%,80%,90%,95%,98%,99%,99.9%,99.99%,100%
GET,/,5163,0,7,31.935569746271604,1.2175000000009817,365.90239999999994,8688.0,271.7151674305846,0.0,7,10,15,51,94,190,260,300,350,370,370
,Aggregated,5163,0,7,31.935569746271604,1.2175000000009817,365.90239999999994,8688.0,271.7151674305846,0.0,7,10,15,51,94,190,260,300,350,370,370
