Type,Name,Request Count,Failure Count,Median Response Time,Average Response Time,Min Response Time,Max Response Time,Average Content Size,Requests/s,Failures/s,50%,66%,75%,80%,90%,95%,98%,99%,99.9%,99.99%,100%
GET,/,6685,0,9,49.55462363500378,1.2074000000001917,468.68880000000024,8688.0,350.7541227046379,0.0,9,58,83,91,150,200,280,300,390,470,470
,Aggregated,6685,0,9,49.55462363500378,1.2074000000001917,468.68880000000024,8688.0,350.7541227046379,0.0,9,58,83,91,150,200,280,300,390,470,470
