Type,Name,Request Count,Failure Count,Median Response Time,Average Response Time,Min Response Time,Max Response Time,Average Content Size,Requests/s,Failures/s,50%,66%,75%,80%,90%,95%,98%,99%,99.9%,99.99%,100%
GET,/,4652,0,6,23.225711586414512,1.268299999999556,362.15470000000005,8688.0,247.69444416622264,0.0,6,11,16,31,74,93,170,200,270,360,360
,Aggregated,4652,0,6,23.225711586414512,1.268299999999556,362.15470000000005,8688.0,247.69444416622264,0.0,6,11,16,31,74,93,170,200,270,360,360
