Type,Name,Request Count,Failure Count,Median Response Time,Average Response Time,Min Response Time,Max Response Time,Average Content Size,Requests/s,Failures/s,50%,66%,75%,80%,90%,95%,98%,99%,99.9%,99.99%,100%
GET,/,8071,0,11,38.18746154132101,1.301000000001551,423.36619999999937,8688.0,423.34289930285576,0.0,11,23,61,76,98,150,210,270,320,420,420
,Aggregated,8071,0,11,38.18746154132101,1.301000000001551,423.36619999999937,8688.0,423.34289930285576,0.0,11,23,61,76,98,150,210,270,320,420,420
