Type,Name,Request Count,Failure Count,Median Response Time,Average Response Time,Min Response Time,Max Response Time,Average Content Size,Requests/s,Failures/s,50%,66%,75%,80%,90%,95%,98%,99%,99.9%,99.99%,100%
GET,/,6408,0,8,28.880303511235933,1.3003999999998683,469.5458000000001,8688.0,336.9194730231511,0.0,8,12,17,49,87,130,190,250,460,470,470
,Aggregated,6408,0,8,28.880303511235933,1.3003999999998683,469.5458000000001,8688.0,336.9194730231511,0.0,8,12,17,49,87,130,190,250,460,470,470
