Type,Name,Request Count,Failure Count,Median Response Time,Average Response Time,Min Response Time,Max Response Time,Average Content Size,Requests/s,Failures/s,50%,66%,75%,80%,90%,95%,98%,99%,99.9%,99.99%,100%
GET,/,7741,0,100.0,132.7360257977001,1.4061000000005208,599.6597000000002,8688.0,406.2209510878711,0.0,100,170,190,200,280,300,390,400,500,600,600
,Aggregated,7741,0,100.0,132.7360257977001,1.4061000000005208,599.6597000000002,8688.0,406.2209510878711,0.0,100,170,190,200,280,300,390,400,500,600,600
