Type,Name,Request Count,Failure Count,Median Response Time,Average Response Time,Min Response Time,Max Response Time,Average Content Size,Requests/s,Failures/s,50%,66%,75%,80%,90%,95%,98%,99%,99.9%,99.99%,100%
GET,/,5215,0,57,247.4028888015335,1.3416999999975587,2612.5569000000005,8688.0,274.452121825786,0.0,57,95,180,260,700,1800,2000,2300,2500,2600,2600
,Aggregated,5215,0,57,247.4028888015335,1.3416999999975587,2612.5569000000005,8688.0,274.452121825786,0.0,57,95,180,260,700,1800,2000,2300,2500,2600,2600
