Type,Name,Request Count,Failure Count,Median Response Time,Average Response Time,Min Response Time,Max Response Time,Average Content Size,Requests/s,Failures/s,50%,66%,75%,80%,90%,95%,98%,99%,99.9%,99.99%,100%
GET,/,6056,0,6,26.144489597093745,1.2366999999997574,460.93589999999995,8688.0,319.5841241908691,0.0,6,9,11,28,78,120,220,280,460,460,460
,Aggregated,6056,0,6,26.144489597093745,1.2366999999997574,460.93589999999995,8688.0,319.5841241908691,0.0,6,9,11,28,78,120,220,280,460,460,460
