Type,Name,Request Count,Failure Count,Median Response Time,Average Response Time,Min Response Time,Max Response Time,Average Content Size,Requests/s,Failures/s,50%,66%,75%,80%,90%,95%,98%,99%,99.9%,99.99%,100%
GET,/,6815,0,22,193.6761751283936,1.454700000000031,2785.074999999999,8688.0,363.3803396239574,0.0,22,75,93,100,240,1900,2200,2200,2600,2800,2800
,Aggregated,6815,0,22,193.6761751283936,1.454700000000031,2785.074999999999,8688.0,363.3803396239574,0.0,22,75,93,100,240,1900,2200,2200,2600,2800,2800
