Type,Name,Request Count,Failure Count,Median Response Time,Average Response Time,Min Response Time,Max Response Time,Average Content Size,Requests/s,Failures/s,50%,66%,75%,80%,90%,95%,98%,99%,99.9%,99.99%,100%
GET,/,7413,0,94,104.98432476730068,1.30080000000099,500.33090000000027,8688.0,388.7563541866198,0.0,94,100,130,190,210,290,330,400,490,500,500
,Aggregated,7413,0,94,104.98432476730068,1.30080000000099,500.33090000000027,8688.0,388.7563541866198,0.0,94,100,130,190,210,290,330,400,490,500,500
