Type,Name,Request Count,Failure Count,Median Response Time,Average Response Time,Min Response Time,Max Response Time,Average Content Size,Requests/s,Failures/s,50%,66%,75%,80%,90%,95%,98%,99%,99.9%,99.99%,100%
GET,/,6819,0,62,68.97388095028589,1.2450000000008288,471.7665000000002,8688.0,358.4619292355707,0.0,62,91,97,100,190,210,300,300,400,470,470
,Aggregated,6819,0,62,68.97388095028589,1.2450000000008288,471.7665000000002,8688.0,358.4619292355707,0.0,62,91,97,100,190,210,300,300,400,470,470
