Type,Name,Request Count,Failure Count,Median Response Time,Average Response Time,Min Response Time,Max Response Time,Average Content Size,Requests/s,Failures/s,50%,66%,75%,80%,90%,95%,98%,99%,99.9%,99.99%,100%
GET,/,4890,0,7,30.599418404908093,1.1805000000002508,340.53049999999985,8688.0,256.36234111866827,0.0,7,9,13,41,93,180,250,300,330,340,340
,Aggregated,4890,0,7,30.599418404908093,1.1805000000002508,340.53049999999985,8688.0,256.36234111866827,0.0,7,9,13,41,93,180,250,300,330,340,340
