Type,Name,Request Count,Failure Count,Median Response Time,Average Response Time,Min Response Time,Max Response Time,Average Content Size,Requests/s,Failures/s,50%,66%,75%,80%,90%,95%,98%,99%,99.9%,99.99%,100%
GET,/,5945,0,10,35.29489216148031,1.2508000000011066,356.9705000000001,8688.0,313.0382857964685,0.0,10,19,60,74,96,140,200,230,330,360,360
,Aggregated,5945,0,10,35.29489216148031,1.2508000000011066,356.9705000000001,8688.0,313.0382857964685,0.0,10,19,60,74,96,140,200,230,330,360,360
