Type,Name,Request Count,Failure Count,Median Response Time,Average Response Time,Min Response Time,Max Response Time,Average Content Size,Requests/s,Failures/s,50%,66%,75%,80%,90%,95%,98%,99%,99.9%,99.99%,100%
GET,/,6794,0,8,32.04434163968192,1.1808999999995962,366.3612999999999,8688.0,357.38729266945285,0.0,8,13,30,58,95,170,200,240,290,370,370
,Aggregated,6794,0,8,32.04434163968192,1.1808999999995962,366.3612999999999,8688.0,357.38729266945285,0.0,8,13,30,58,95,170,200,240,290,370,370
