Type,Name,Request Count,Failure Count,Median Response Time,Average Response Time,Min Response Time,Max Response Time,Average Content Size,Requests/s,Failures/s,50%,66%,75%,80%,90%,95%,98%,99%,99.9%,99.99%,100%
GET,/,6520,0,8,28.977828911042955,1.31319999999846,362.47229999999985,8688.0,342.92815219581024,0.0,8,12,39,60,91,100,170,190,340,360,360
,Aggregated,6520,0,8,28.977828911042955,1.31319999999846,362.47229999999985,8688.0,342.92815219581024,0.0,8,12,39,60,91,100,170,190,340,360,360
