Type,Name,Request Count,Failure Count,Median Response Time,Average Response Time,Min Response Time,Max Response Time,Average Content Size,Requests/s,Failures/s,50%,66%,75%,80%,90%,95%,98%,99%,99.9%,99.99%,100%
GET,/,3390,0,5,27.737220648967522,1.218400000000841,452.78969999999987,8688.0,178.2533698066796,0.0,5,8,12,16,83,170,270,300,360,450,450
,Aggregated,3390,0,5,27.737220648967522,1.218400000000841,452.78969999999987,8688.0,178.2533698066796,0.0,5,8,12,16,83,170,270,300,360,450,450
