Type,Name,Request Count,Failure Count,Median Response Time,Average Response Time,Min Response Time,Max Response Time,Average Content Size,Requests/s,Failures/s,50%,66%,75%,80%,90%,95%,98%,99%,99.9%,99.99%,100%
GET,/,4581,0,6,37.98408803754637,1.1790000000004852,647.1658999999996,8688.0,240.8047398591958,0.0,6,8,21,60,100,200,300,390,560,650,650
,Aggregated,4581,0,6,37.98408803754637,1.1790000000004852,647.1658999999996,8688.0,240.8047398591958,0.0,6,8,21,60,100,200,300,390,560,650,650
