Type,Name,Request Count,Failure Count,Median Response Time,Average Response Time,Min Response Time,Max Response Time,Average Content Size,Requests/s,Failures/s,50%,66%,75%,80%,90%,95%,98%,99%,99.9%,99.99%,100%
GET,/,4074,0,6,24.464462395679863,1.0905999999994975,356.8332000000001,8688.0,216.01943887341065,0.0,6,8,10,14,72,140,230,260,340,360,360
,Aggregated,4074,0,6,24.464462395679863,1.0905999999994975,356.8332000000001,8688.0,216.01943887341065,0.0,6,8,10,14,72,140,230,260,340,360,360
