Type,Name,Request Count,Failure Count,Median Response Time,Average Response Time,Min Response Time,Max Response Time,Average Content Size,Requests/s,Failures/s,50%,66%,75%,80%,90%,95%,98%,99%,99.9%,99.99%,100%
GET,/,2857,0,430.0,487.15070959047955,3.2317000000006146,1389.2156999999993,8688.0,150.0647298748798,0.0,430,510,600,610,780,1000,1100,1100,1300,1400,1400
,Aggregated,2857,0,430.0,487.15070959047955,3.2317000000006146,1389.2156999999993,8688.0,150.0647298748798,0.0,430,510,600,610,780,1000,1100,1100,1300,1400,1400
