Type,Name,Request Count,Failure Count,Median Response Time,Average Response Time,Min Response Time,Max Response Time,Average Content Size,Requests/s,Failures/s,50%,66%,75%,80%,90%,95%,98%,99%,99.9%,99.99%,100%
GET,/,3955,0,6,23.576407130214903,1.2431999999993337,398.68480000000005,8688.0,209.986815689599,0.0,6,9,13,17,70,96,190,300,390,400,400
,Aggregated,3955,0,6,23.576407130214903,1.2431999999993337,398.68480000000005,8688.0,209.986815689599,0.0,6,9,13,17,70,96,190,300,390,400,400
