Type,Name,Request Count,Failure Count,Median Response Time,Average Response Time,Min Response Time,Max Response Time,Average Content Size,Requests/s,Failures/s,50%,66%,75%,80%,90%,95%,98%,99%,99.9%,99.99%,100%
GET,/,5059,0,6,27.760520557422563,1.269600000000537,528.012,8688.0,265.71255267170864,0.0,6,8,12,15,79,130,300,420,500,530,530
,Aggregated,5059,0,6,27.760520557422563,1.269600000000537,528.012,8688.0,265.71255267170864,0.0,6,8,12,15,79,130,300,420,500,530,530
