Type,Name,Request Count,Failure Count,Median Response Time,Average Response Time,Min Response Time,Max Response Time,Average Content Size,Requests/s,Failures/s,50%,66%,75%,80%,90%,95%,98%,99%,99.9%,99.99%,100%
GET,/,6661,0,10,55.03105125356584,1.2164999999999537,495.4844000000005,8688.0,349.0371346058391,0.0,10,65,91,95,150,250,300,380,450,500,500
,Aggregated,6661,0,10,55.03105125356584,1.2164999999999537,495.4844000000005,8688.0,349.0371346058391,0.0,10,65,91,95,150,250,300,380,450,500,500
