Type,Name,Request Count,Failure Count,Median Response Time,Average Response Time,Min Response Time,Max Response Time,Average Content Size,Requests/s,Failures/s,50%,66%,75%,80%,90%,95%,98%,99%,99.9%,99.99%,100%
GET,/,6859,0,12,58.13795960052496,1.290400000000247,456.4262000000001,8688.0,359.9983829515866,0.0,12,77,88,93,170,250,300,360,390,460,460
,Aggregated,6859,0,12,58.13795960052496,1.290400000000247,456.4262000000001,8688.0,359.9983829515866,0.0,12,77,88,93,170,250,300,360,390,460,460
