Type,Name,Request Count,Failure Count,Median Response Time,Average Response Time,Min Response Time,Max Response Time,Average Content Size,Requests/s,Failures/s,50%,66%,75%,80%,90%,95%,98%,99%,99.9%,99.99%,100%
GET,/,3653,0,5,36.18025351765673,1.144299999999987,658.3983,8688.0,192.13486269337878,0.0,5,7,10,33,94,250,380,460,560,660,660
,Aggregated,3653,0,5,36.18025351765673,1.144299999999987,658.3983,8688.0,192.13486269337878,0.0,5,7,10,33,94,250,380,460,560,660,660
