Type,Name,Request Count,Failure Count,Median Response Time,Average Response Time,Min Response Time,Max Response Time,Average Content Size,Requests/s,Failures/s,50%,66%,75%,80%,90%,95%,98%,99%,99.9%,99.99%,100%
GET,/,2836,0,4,21.88231473906906,1.130799999998544,389.3322000000001,8688.0,150.9952521666148,0.0,4,6,7,9,69,100,200,290,380,390,390
,Aggregated,2836,0,4,21.88231473906906,1.130799999998544,389.3322000000001,8688.0,150.9952521666148,0.0,4,6,7,9,69,100,200,290,380,390,390
