Type,Name,Request Count,Failure Count,Median Response Time,Average Response Time,Min Response Time,Max Response Time,Average Content Size,Requests/s,Failures/s,50%,66%,75%,80%,90%,95%,98%,99%,99.9%,99.99%,100%
GET,/,6215,0,8,31.30189916331461,1.2863000000002955,294.12939999999963,8688.0,326.664343756924,0.0,8,13,43,65,96,120,190,200,290,290,290
,Aggregated,6215,0,8,31.30189916331461,1.2863000000002955,294.12939999999963,8688.0,326.664343756924,0.0,8,13,43,65,96,120,190,200,290,290,290
