Type,Name,Request Count,Failure Count,Median Response Time,Average Response Time,Min Response Time,Max Response Time,Average Content Size,Requests/s,Failures/s,50%,66%,75%,80%,90%,95%,98%,99%,99.9%,99.99%,100%
GET,/,2908,0,5,25.848095288858328,1.2347000000012542,335.92719999999997,8688.0,153.23322894148916,0.0,5,7,11,50,91,99,190,240,330,340,340
,Aggregated,2908,0,5,25.848095288858328,1.2347000000012542,335.92719999999997,8688.0,153.23322894148916,0.0,5,7,11,50,91,99,190,240,330,340,340
