Type,Name,Request Count,Failure Count,Median Response Time,Average Response Time,Min Response Time,Max Response Time,Average Content Size,Requests/s,Failures/s,50%,66%,75%,80%,90%,95%,98%,99%,99.9%,99.99%,100%
GET,/,3565,0,4,33.78034120617118,1.203400000001409,418.50260000000003,8688.0,187.6048642710667,0.0,4,6,8,49,100,200,290,310,410,420,420
,Aggregated,3565,0,4,33.78034120617118,1.203400000001409,418.50260000000003,8688.0,187.6048642710667,0.0,4,6,8,49,100,200,290,310,410,420,420
