Type,Name,Request Count,Failure Count,Median Response Time,Average Response Time,Min Response Time,Max Response Time,Average Content Size,Requests/s,Failures/s,50%,66%,75%,80%,90%,95%,98%,99%,99.9%,99.99%,100%
GET,/,4319,0,5,35.68383185922665,1.1396999999995217,489.4178,8688.0,226.76684893605642,0.0,5,8,17,62,91,190,300,390,480,490,490
,Aggregated,4319,0,5,35.68383185922665,1.1396999999995217,489.4178,8688.0,226.76684893605642,0.0,5,8,17,62,91,190,300,390,480,490,490
