Type,Name,Request Count,Failure Count,Median Response Time,Average Response Time,Min Response Time,Max Response Time,Average Content Size,Requests/s,Failures/s,50%,66%,75%,80%,90%,95%,98%,99%,99.9%,99.99%,100%
GET,/,4855,0,6,30.50526280123594,1.2006000000006622,332.7909999999998,8688.0,255.3246781873487,0.0,6,9,21,60,95,130,210,290,330,330,330
,Aggregated,4855,0,6,30.50526280123594,1.2006000000006622,332.7909999999998,8688.0,255.3246781873487,0.0,6,9,21,60,95,130,210,290,330,330,330
