Type,Name,Request Count,Failure Count,Median Response Time,Average Response Time,Min Response Time,Max Response Time,Average Content Size,Requests/s,Failures/s,50%,66%,75%,80%,90%,95%,98%,99%,99.9%,99.99%,100%
GET,/,6835,0,9,38.918136927578786,1.231500000000274,497.6859,8688.0,358.65078316682764,0.0,9,15,42,65,100,200,280,320,490,500,500
,Aggregated,6835,0,9,38.918136927578786,1.231500000000274,497.6859,8688.0,358.65078316682764,0.0,9,15,42,65,100,200,280,320,490,500,500
