Type,Name,Request Count,Failure Count,Median Response Time,Average Response Time,Min Response Time,Max Response Time,Average Content Size,Requests/s,Failures/s,50%,66%,75%,80%,90%,95%,98%,99%,99.9%,99.99%,100%
GET,/,6161,0,8,40.527509657523055,1.267299999998528,410.1722999999997,8688.0,324.04179458496185,0.0,8,17,71,82,99,180,270,290,370,410,410
,Aggregated,6161,0,8,40.527509657523055,1.267299999998528,410.1722999999997,8688.0,324.04179458496185,0.0,8,17,71,82,99,180,270,290,370,410,410
