Type,Name,Request Count,Failure Count,Median Response Time,Average Response Time,Min Response Time,Max Response Time,Average Content Size,Requests/s,Failures/s,50%,66%,75%,80%,90%,95%,98%,99%,99.9%,99.99%,100%
GET,/,5528,0,6,24.817924819102675,1.2526999999984412,378.58729999999997,8688.0,292.4205200065693,0.0,6,9,13,34,82,100,190,260,340,380,380
,Aggregated,5528,0,6,24.817924819102675,1.2526999999984412,378.58729999999997,8688.0,292.4205200065693,0.0,6,9,13,34,82,100,190,260,340,380,380
