Type,Name,Request Count,Failure Count,Median Response Time,Average Response Time,Min Response Time,Max Response Time,Average Content Size,Requests/s,Failures/s,50%,66%,75%,80%,90%,95%,98%,99%,99.9%,99.99%,100%
GET,/,3887,0,6,27.326795935168484,1.2075999999989762,498.1746,8688.0,204.8045177225005,0.0,6,8,11,17,85,100,290,310,470,500,500
,Aggregated,3887,0,6,27.326795935168484,1.2075999999989762,498.1746,8688.0,204.8045177225005,0.0,6,8,11,17,85,100,290,310,470,500,500
