Type,Name,Request Count,Failure Count,Median Response Time,Average Response Time,Min Response Time,Max Response Time,Average Content Size,Requests/s,Failures/s,50%,66%,75%,80%,90%,95%,98%,99%,99.9%,99.99%,100%
GET,/,6639,0,9,36.2485230155144,1.2314999999993859,516.6007000000002,8688.0,349.0009163942552,0.0,9,18,46,67,95,170,270,300,410,520,520
,Aggregated,6639,0,9,36.2485230155144,1.2314999999993859,516.6007000000002,8688.0,349.0009163942552,0.0,9,18,46,67,95,170,270,300,410,520,520
