Type,Name,Request Count,Failure Count,Median Response Time,Average Response Time,Min Response Time,Max Response Time,Average Content Size,Requests/s,Failures/s,50%,66%,75%,80%,90%,95%,98%,99%,99.9%,99.99%,100%
GET,/,5143,0,6,29.189620941084804,1.2342000000007403,454.09860000000003,8688.0,270.31730087429634,0.0,6,10,13,37,90,170,270,300,400,450,450
,Aggregated,5143,0,6,29.189620941084804,1.2342000000007403,454.09860000000003,8688.0,270.31730087429634,0.0,6,10,13,37,90,170,270,300,400,450,450
