Type,Name,Request Count,Failure Count,Median Response Time,Average Response Time,Min Response Time,Max Response Time,Average Content Size,Requests/s,Failures/s,50%,66%,75%,80%,90%,95%,98%,99%,99.9%,99.99%,100%
GET,/,8112,0,12,47.3514947115385,1.3167000000002815,335.89579999999944,8688.0,424.7145357396292,0.0,12,61,82,90,120,190,200,220,290,340,340
,Aggregated,8112,0,12,47.3514947115385,1.3167000000002815,335.89579999999944,8688.0,424.7145357396292,0.0,12,61,82,90,120,190,200,220,290,340,340
