Type,Name,Request Count,Failure Count,Median Response Time,Average Response Time,Min Response Time,Max Response Time,Average Content Size,Requests/s,Failures/s,50%,66%,75%,80%,90%,95%,98%,99%,99.9%,99.99%,100%
GET,/,5999,0,7,34.16956284380719,1.2240999999999502,440.8595000000002,8688.0,315.14917653384384,0.0,7,10,34,58,97,190,280,300,390,440,440
,Aggregated,5999,0,7,34.16956284380719,1.2240999999999502,440.8595000000002,8688.0,315.14917653384384,0.0,7,10,34,58,97,190,280,300,390,440,440
