Type,Name,Request Count,Failure Count,Median Response Time,Average Response Time,Min Response Time,Max Response Time,Average Content Size,Requests/s,Failures/s,50%,66%,75%,80%,90%,95%,98%,99%,99.9%,99.99%,100%
GET,/,4778,0,6,52.664798409376104,1.1904999999998722,507.82250000000005,8688.0,250.60994980444045,0.0,6,65,88,93,190,210,300,390,500,510,510
,Aggregated,4778,0,6,52.664798409376104,1.1904999999998722,507.82250000000005,8688.0,250.60994980444045,0.0,6,65,88,93,190,210,300,390,500,510,510
