Type,Name,Request Count,Failure Count,Median Response Time,Average Response Time,Min Response Time,Max Response Time,Average Content Size,Requests/s,Failures/s,50%,66%,75%,80%,90%,95%,98%,99%,99.9%,99.99%,100%
GET,/,5389,0,6,35.07930836889944,1.1454999999997995,538.8852000000002,8688.0,283.34396403359654,0.0,6,8,11,40,99,230,300,340,470,540,540
,Aggregated,5389,0,6,35.07930836889944,1.1454999999997995,538.8852000000002,8688.0,283.34396403359654,0.0,6,8,11,40,99,230,300,340,470,540,540
