Type,Name,Request Count,Failure Count,Median Response Time,Average Response Time,Min Response Time,Max Response Time,Average Content Size,Requests/s,Failures/s,50%,66%,75%,80%,90%,95%,98%,99%,99.9%,99.99%,100%
GET,/,5650,0,8,38.66325235398224,1.2441000000009694,416.8588,8688.0,297.6353045964976,0.0,8,14,54,72,100,200,290,300,350,420,420
,Aggregated,5650,0,8,38.66325235398224,1.2441000000009694,416.8588,8688.0,297.6353045964976,0.0,8,14,54,72,100,200,290,300,350,420,420
