Type,Name,Request Count,Failure Count,Median Response Time,Average Response Time,Min Response Time,Max Response Time,Average Content Size,Requests/s,Failures/s,50%,66%,75%,80%,90%,95%,98%,99%,99.9%,99.99%,100%
GET,/,5961,0,7,34.10138849186388,1.2615000000018028,616.0744999999998,8688.0,312.67982031679975,0.0,7,11,18,56,94,170,290,390,550,620,620
,Aggregated,5961,0,7,34.10138849186388,1.2615000000018028,616.0744999999998,8688.0,312.67982031679975,0.0,7,11,18,56,94,170,290,390,550,620,620
