Type,Name,Request Count,Failure Count,Median Response Time,Average Response Time,Min Response Time,Max Response Time,Average Content Size,Requests/s,Failures/s,50%,66%,75%,80%,90%,95%,98%,99%,99.9%,99.99%,100%
GET,/,5210,0,6,54.90257257197699,1.210100000001546,836.2048,8688.0,274.5346070417963,0.0,6,10,56,84,190,300,500,540,710,840,840
,Aggregated,5210,0,6,54.90257257197699,1.210100000001546,836.2048,8688.0,274.5346070417963,0.0,6,10,56,84,190,300,500,540,710,840,840
