Type,Name,Request Count,Failure Count,Median Response Time,Average Response Time,Min Response Time,Max Response Time,Average Content Size,Requests/s,Failures/s,50%,66%,75%,80%,90%,95%,98%,99%,99.9%,99.99%,100%
GET,/,5039,0,5,31.52450912879532,1.1684000000009576,388.79609999999997,8688.0,265.83106740911364,0.0,5,7,10,45,93,200,290,290,370,390,390
,Aggregated,5039,0,5,31.52450912879532,1.1684000000009576,388.79609999999997,8688.0,265.83106740911364,0.0,5,7,10,45,93,200,290,290,370,390,390
