Type,Name,Request Count,Failure Count,Median Response Time,Average Response Time,Min Response Time,Max Response Time,Average Content Size,Requests/s,Failures/s,50%,66%,75%,80%,90%,95%,98%,99%,99.9%,99.99%,100%
GET,/,5205,0,7,33.18825283381356,1.2264999999977988,367.88880000000023,8688.0,273.5991955403612,0.0,7,10,34,64,94,180,250,280,360,370,370
,Aggregated,5205,0,7,33.18825283381356,1.2264999999977988,367.88880000000023,8688.0,273.5991955403612,0.0,7,10,34,64,94,180,250,280,360,370,370
