Type,Name,Request Count,Failure Count,Median Response Time,Average Response Time,Min Response Time,Max Response Time,Average Content Size,Requests/s,Failures/s,50%,66%,75%,80%,90%,95%,98%,99%,99.9%,99.99%,100%
GET,/,6007,0,6,34.30481686365884,1.1663000000012858,495.3625000000006,8688.0,315.6544907151527,0.0,6,10,25,58,99,190,290,300,380,500,500
,Aggregated,6007,0,6,34.30481686365884,1.1663000000012858,495.3625000000006,8688.0,315.6544907151527,0.0,6,10,25,58,99,190,290,300,380,500,500
