Type,Name,Request Count,Failure Count,Median Response Time,Average Response Time,Min Response Time,Max Response Time,Average Content Size,Requests/s,Failures/s,50%,66%,75%,80%,90%,95%,98%,99%,99.9%,99.99%,100%
GET,/,6901,0,7,32.951280002898265,1.2447000000008757,501.3632000000001,8688.0,362.0414026065402,0.0,7,10,23,52,97,140,280,310,400,500,500
,Aggregated,6901,0,7,32.951280002898265,1.2447000000008757,501.3632000000001,8688.0,362.0414026065402,0.0,7,10,23,52,97,140,280,310,400,500,500
