Type,Name,Request Count,Failure Count,Median Response Time,Average Response Time,Min Response Time,Max Response Time,Average Content Size,Requests/s,Failures/s,50%,66%,75%,80%,90%,95%,98%,99%,99.9%,99.99%,100%
GET,/,6865,0,7,32.20826090313194,1.2785000000015145,399.6496999999999,8688.0,360.6282037037879,0.0,7,11,31,59,99,150,220,240,390,400,400
,Aggregated,6865,0,7,32.20826090313194,1.2785000000015145,399.6496999999999,8688.0,360.6282037037879,0.0,7,11,31,59,99,150,220,240,390,400,400
