Type,Name,Request Count,Failure Count,Median Response Time,Average Response Time,Min Response Time,Max Response Time,Average Content Size,Requests/s,Failures/s,50%,66%,75%,80%,90%,95%,98%,99%,99.9%,99.99%,100%
GET,/,3178,0,4,28.497657048458137,1.2204000000002324,415.9193000000001,8688.0,167.5349709678489,0.0,4,7,9,12,89,170,290,330,410,420,420
,Aggregated,3178,0,4,28.497657048458137,1.2204000000002324,415.9193000000001,8688.0,167.5349709678489,0.0,4,7,9,12,89,170,290,330,410,420,420
