Type,Name,Request Count,Failure Count,Median Response Time,Average Response Time,Min Response Time,Max Response Time,Average Content Size,Requests/s,Failures/s,50%,66%,75%,80%,90%,95%,98%,99%,99.9%,99.99%,100%
GET,/,4992,0,6,29.94935134214749,1.2257999999985003,339.12949999999984,8688.0,261.9169803616982,0.0,6,9,13,50,100,180,200,230,320,340,340
,Aggregated,4992,0,6,29.94935134214749,1.2257999999985003,339.12949999999984,8688.0,261.9169803616982,0.0,6,9,13,50,100,180,200,230,320,340,340
