Type,Name,Request Count,Failure Count,Median Response Time,Average Response Time,Min Response Time,Max Response Time,Average Content Size,Requests/s,Failures/s,50%,66%,75%,80%,90%,95%,98%,99%,99.9%,99.99%,100%
GET,/,4803,0,91,89.23531896731225,1.1302999999998065,497.9804999999997,8688.0,252.1549774306171,0.0,91,100,110,190,200,290,350,390,490,500,500
,Aggregated,4803,0,91,89.23531896731225,1.1302999999998065,497.9804999999997,8688.0,252.1549774306171,0.0,91,100,110,190,200,290,350,390,490,500,500
