Type,Name,Request Count,Failure Count,Median Response Time,Average Response Time,Min Response Time,Max Response Time,Average Content Size,Requests/s,Failures/s,50%,66%,75%,80%,90%,95%,98%,99%,99.9%,99.99%,100%
GET,/,6250,0,11,52.459474080000085,1.1886000000007613,493.8929999999999,8688.0,328.2921129555599,0.0,11,73,90,94,120,200,290,310,470,490,490
,Aggregated,6250,0,11,52.459474080000085,1.1886000000007613,493.8929999999999,8688.0,328.2921129555599,0.0,11,73,90,94,120,200,290,310,470,490,490
