Type,Name,Request Count,Failure Count,Median Response Time,Average Response Time,Min Response Time,Max Response Time,Average Content Size,Requests/s,Failures/s,50%,66%,75%,80%,90%,95%,98%,99%,99.9%,99.99%,100%
GET,/,5613,0,5,30.861471744165407,1.2211000000021954,472.01650000000006,8688.0,294.99377095088096,0.0,5,8,14,55,93,170,260,290,450,470,470
,Aggregated,5613,0,5,30.861471744165407,1.2211000000021954,472.01650000000006,8688.0,294.99377095088096,0.0,5,8,14,55,93,170,260,290,450,470,470
