Type,Name,Request Count,Failure Count,Median Response Time,Average Response Time,Min Response Time,Max Response Time,Average Content Size,Requests/s,Failures/s,50%,66%,75%,80%,90%,95%,98%,99%,99.9%,99.99%,100%
GET,/,6604,0,10,52.40728217746807,1.1745000000011885,551.7715000000001,8688.0,346.2913839589253,0.0,10,72,88,93,110,190,270,360,460,550,550
,Aggregated,6604,0,10,52.40728217746807,1.1745000000011885,551.7715000000001,8688.0,346.2913839589253,0.0,10,72,88,93,110,190,270,360,460,550,550
