Type,Name,Request Count,Failure Count,Median Response Time,Average Response Time,Min Response Time,Max Response Time,Average Content Size,Requests/s,Failures/s,50%,66%,75%,80%,90%,95%,98%,99%,99.9%,99.99%,100%
GET,/,2980,0,5,17.933763657718174,1.1883000000008082,248.11929999999992,8688.0,159.65921724711444,0.0,5,7,9,11,62,81,140,160,240,250,250
,Aggregated,2980,0,5,17.933763657718174,1.1883000000008082,248.11929999999992,8688.0,159.65921724711444,0.0,5,7,9,11,62,81,140,160,240,250,250
