Type,Name,Request Count,Failure Count,Median Response Time,Average Response Time,Min Response Time,Max Response Time,Average Content Size,Requests/s,Failures/s,50%,66%,75%,80%,90%,95%,98%,99%,99.9%,99.99%,100%
GET,/,6095,0,6,40.93311268252674,1.1775000000007196,395.53100000000006,8688.0,320.40498019436853,0.0,6,12,56,81,130,200,280,300,370,400,400
,Aggregated,6095,0,6,40.93311268252674,1.1775000000007196,395.53100000000006,8688.0,320.40498019436853,0.0,6,12,56,81,130,200,280,300,370,400,400
