Type,Name,Request Count,Failure Count,Median Response Time,Average Response Time,Min Response Time,Max Response Time,Average Content Size,Requests/s,Failures/s,50%,66%,75%,80%,90%,95%,98%,99%,99.9%,99.99%,100%
GET,/,2710,0,5,21.89647254612547,1.163500000000539,343.6473,8688.0,144.36711047507723,0.0,5,7,9,13,82,94,230,250,260,340,340
,Aggregated,2710,0,5,21.89647254612547,1.163500000000539,343.6473,8688.0,144.36711047507723,0.0,5,7,9,13,82,94,230,250,260,340,340
