Type,Name,Request Count,Failure Count,Median Response Time,Average Response Time,Min Response Time,Max Response Time,Average Content Size,Requests/s,Failures/s,50%,66%,75%,80%,90%,95%,98%,99%,99.9%,99.99%,100%
GET,/,6312,0,9,30.22229679974642,1.1501000000002648,355.2428000000001,8688.0,331.41098238952276,0.0,9,15,45,61,91,100,180,200,290,360,360
,Aggregated,6312,0,9,30.22229679974642,1.1501000000002648,355.2428000000001,8688.0,331.41098238952276,0.0,9,15,45,61,91,100,180,200,290,360,360
