Type,Name,Request Count,Failure Count,Median Response Time,Average Response Time,Min Response Time,Max Response Time,Average Content Size,Requests/s,Failures/s,50%,66%,75%,80%,90%,95%,98%,99%,99.9%,99.99%,100%
GET,/,5188,0,6,32.48699032382422,1.160500000001008,402.7267000000001,8688.0,272.34247228833993,0.0,6,9,13,49,99,190,250,310,400,400,400
,Aggregated,5188,0,6,32.48699032382422,1.160500000001008,402.7267000000001,8688.0,272.34247228833993,0.0,6,9,13,49,99,190,250,310,400,400,400
