Type,Name,Request Count,Failure Count,Median Response Time,Average Response Time,Min Response Time,Max Response Time,Average Content Size,Requests/s,Failures/s,50%,66%,75%,80%,90%,95%,98%,99%,99.9%,99.99%,100%
GET,/,7274,0,13,35.528537297222975,1.3071999999993977,316.4190000000002,8688.0,381.28182705142564,0.0,13,25,54,68,94,130,190,220,320,320,320
,Aggregated,7274,0,13,35.528537297222975,1.3071999999993977,316.4190000000002,8688.0,381.28182705142564,0.0,13,25,54,68,94,130,190,220,320,320,320
