Type,Name,Request Count,Failure Count,Median Response Time,Average Response Time,Min Response Time,Max Response Time,Average Content Size,Requests/s,Failures/s,50%,66%,75%,80%,90%,95%,98%,99%,99.9%,99.99%,100%
GET,/,6332,0,6,30.71550323752364,1.1884999999995927,405.9618999999999,8688.0,333.13235755383516,0.0,6,9,14,46,95,180,280,310,380,410,410
,Aggregated,6332,0,6,30.71550323752364,1.1884999999995927,405.9618999999999,8688.0,333.13235755383516,0.0,6,9,14,46,95,180,280,310,380,410,410
