Type,Name,Request Count,Failure Count,Median Response Time,Average Response Time,Min Response Time,Max Response Time,Average Content Size,Requests/s,Failures/s,50%,66%,75%,80%,90%,95%,98%,99%,99.9%,99.99%,100%
GET,/,5912,0,7,26.018114614343727,1.2182999999996724,304.43830000000014,8688.0,311.134160988398,0.0,7,10,14,32,85,110,190,220,300,300,300
,Aggregated,5912,0,7,26.018114614343727,1.2182999999996724,304.43830000000014,8688.0,311.134160988398,0.0,7,10,14,32,85,110,190,220,300,300,300
