Type,Name,Request Count,Failure Count,Median Response Time,Average Response Time,Min Response Time,Max Response Time,Average Content Size,Requests/s,Failures/s,50%,66%,75%,80%,90%,95%,98%,99%,99.9%,99.99%,100%
GET,/,4499,0,7,26.883358990886894,1.200000000000756,426.27250000000004,8688.0,237.1020760903944,0.0,7,11,14,37,76,110,250,300,350,430,430
,Aggregated,4499,0,7,26.883358990886894,1.200000000000756,426.27250000000004,8688.0,237.1020760903944,0.0,7,11,14,37,76,110,250,300,350,430,430
