Type,Name,Request Count,Failure Count,Median Response Time,Average Response Time,Min Response Time,Max Response Time,Average Content Size,Requests/s,Failures/s,50%,66%,75%,80%,90%,95%,98%,99%,99.9%,99.99%,100%
GET,/,3870,0,6,24.02744441860464,1.2479000000009677,359.4509000000001,8688.0,205.39000233139535,0.0,6,9,11,13,70,150,230,290,350,360,360
,Aggregated,3870,0,6,24.02744441860464,1.2479000000009677,359.4509000000001,8688.0,205.39000233139535,0.0,6,9,11,13,70,150,230,290,350,360,360
