Type,Name,Request Count,Failure Count,Median Response Time,Average Response Time,Min Response Time,Max Response Time,Average Content Size,Requests/s,Failures/s,50%,66%,75%,80%,90%,95%,98%,99%,99.9%,99.99%,100%
GET,/,5624,0,9,28.095340487197824,1.2085000000006119,333.14239999999984,8688.0,296.1216676582052,0.0,9,14,25,53,84,100,180,200,290,330,330
,Aggregated,5624,0,9,28.095340487197824,1.2085000000006119,333.14239999999984,8688.0,296.1216676582052,0.0,9,14,25,53,84,100,180,200,290,330,330
