Type,Name,Request Count,Failure Count,Median Response Time,Average Response Time,Min Response Time,Max Response Time,Average Content Size,Requests/s,Failures/s,50%,66%,75%,80%,90%,95%,98%,99%,99.9%,99.99%,100%
GET,/,6374,0,13,42.64970999372444,1.2740999999998337,372.71969999999976,8688.0,370.04554097682467,0.0,13,42,69,81,100,180,210,280,350,370,370
,Aggregated,6374,0,13,42.64970999372444,1.2740999999998337,372.71969999999976,8688.0,370.04554097682467,0.0,13,42,69,81,100,180,210,280,350,370,370
