Type,Name,Request Count,Failure Count,Median Response Time,Average Response Time,Min Response Time,Max Response Time,Average Content Size,Requests/s,Failures/s,50%,66%,75%,80%,90%,95%,98%,99%,99.9%,99.99%,100%
GET,/,6857,0,110.0,178.538053186525,1.228399999998686,891.0818999999997,8688.0,359.66789902311433,0.0,110,230,300,310,400,500,580,610,790,890,890
,Aggregated,6857,0,110.0,178.538053186525,1.228399999998686,891.0818999999997,8688.0,359.66789902311433,0.0,110,230,300,310,400,500,580,610,790,890,890
