Type,Name,Request Count,Failure Count,Median Response Time,Average Response Time,Min Response Time,Max Response Time,Average Content Size,Requests/s,Failures/s,50%,66%,75%,80%,90%,95%,98%,99%,99.9%,99.99%,100%
GET,/,6749,0,7,35.63402736701745,1.2044000000006605,450.47499999999997,8688.0,354.35309896878005,0.0,7,10,42,68,100,190,280,290,380,450,450
,Aggregated,6749,0,7,35.63402736701745,1.2044000000006605,450.47499999999997,8688.0,354.35309896878005,0.0,7,10,42,68,100,190,280,290,380,450,450
