Type,Name,Request Count,Failure Count,Median Response Time,Average Response Time,Min Response Time,Max Response Time,Average Content Size,Requests/s,Failures/s,50%,66%,75%,80%,90%,95%,98%,99%,99.9%,99.99%,100%
GET,/,3142,0,4,26.97385006365369,1.165900000000164,519.1391000000001,8688.0,165.65257259445553,0.0,4,5,6,8,82,160,310,350,510,520,520
,Aggregated,3142,0,4,26.97385006365369,1.165900000000164,519.1391000000001,8688.0,165.65257259445553,0.0,4,5,6,8,82,160,310,350,510,520,520
