Type,Name,Request Count,Failure Count,Median Response Time,Average Response Time,Min Response Time,Max Response Time,Average Content Size,Requests/s,Failures/s,50%,66%,75%,80%,90%,95%,98%,99%,99.9%,99.99%,100%
GET,/,3386,0,5,35.24871961015956,1.1542999999996084,420.17239999999975,8688.0,178.19028163194787,0.0,5,8,10,51,95,220,320,330,400,420,420
,Aggregated,3386,0,5,35.24871961015956,1.1542999999996084,420.17239999999975,8688.0,178.19028163194787,0.0,5,8,10,51,95,220,320,330,400,420,420
