Type,Name,Request Count,Failure Count,Median Response Time,Average Response Time,Min Response Time,Max Response Time,Average Content Size,Requests/s,Failures/s,50%,66%,75%,80%,90%,95%,98%,99%,99.9%,99.99%,100%
GET,/,6645,0,10,57.09267996990216,1.229900000000228,391.72469999999925,8688.0,349.3582906502681,0.0,10,78,90,96,180,200,290,300,390,390,390
,Aggregated,6645,0,10,57.09267996990216,1.229900000000228,391.72469999999925,8688.0,349.3582906502681,0.0,10,78,90,96,180,200,290,300,390,390,390
