Type,Name,Request Count,Failure Count,Median Response Time,Average Response Time,Min Response Time,Max Response Time,Average Content Size,Requests/s,Failures/s,50%,66%,75%,80%,90%,95%,98%,99%,99.9%,99.99%,100%
GET,/,7634,0,20,120.10872670945741,1.3138000000001426,1548.5512000000003,8688.0,401.05156330529854,0.0,20,79,96,110,290,780,990,1100,1300,1500,1500
,Aggregated,7634,0,20,120.10872670945741,1.3138000000001426,1548.5512000000003,8688.0,401.05156330529854,0.0,20,79,96,110,290,780,990,1100,1300,1500,1500
