Type,Name,Request Count,Failure Count,Median Response Time,Average Response Time,Min Response Time,Max Response Time,Average Content Size,Requests/s,Failures/s,50%,66%,75%,80%,90%,95%,98%,99%,99.9%,99.99%,100%
GET,/,5757,0,7,34.02462153899589,1.2256000000014922,514.8862999999997,8688.0,302.54351077803847,0.0,7,11,42,63,94,180,260,300,470,510,510
,Aggregated,5757,0,7,34.02462153899589,1.2256000000014922,514.8862999999997,8688.0,302.54351077803847,0.0,7,11,42,63,94,180,260,300,470,510,510
