Type,Name,Request Count,Failure Count,Median Response Time,Average Response Time,Min Response Time,Max Response Time,Average Content Size,Requests/s,Failures/s,50%,66%,75%,80%,90%,95%,98%,99%,99.9%,99.99%,100%
GET,/,7278,0,8,34.78969043693319,1.3045999999974356,396.6783000000005,8688.0,382.11037577597415,0.0,8,13,38,64,94,170,270,290,390,400,400
,Aggregated,7278,0,8,34.78969043693319,1.3045999999974356,396.6783000000005,8688.0,382.11037577597415,0.0,8,13,38,64,94,170,270,290,390,400,400
