Type,Name,Request Count,Failure Count,Median Response Time,Average Response Time,Min Response Time,Max Response Time,Average Content Size,Requests/s,Failures/s,50%,66%,75%,80%,90%,95%,98%,99%,99.9%,99.99%,100%
GET,/,3106,0,5,27.87650428203473,1.2292000000009295,324.7922000000001,8688.0,163.77532084291104,0.0,5,6,7,9,94,200,290,310,320,320,320
,Aggregated,3106,0,5,27.87650428203473,1.2292000000009295,324.7922000000001,8688.0,163.77532084291104,0.0,5,6,7,9,94,200,290,310,320,320,320
