Type,Name,Request Count,Failure Count,Median Response Time,Average Response Time,Min Response Time,Max Response Time,Average Content Size,Requests/s,Failures/s,50%,66%,75%,80%,90%,95%,98%,99%,99.9%,99.99%,100%
GET,/,6240,0,400.0,430.54577525640934,9.709200000001417,1100.9587999999999,8688.0,326.8752530328978,0.0,400,500,600,600,700,710,800,800,990,1100,1100
,Aggregated,6240,0,400.0,430.54577525640934,9.709200000001417,1100.9587999999999,8688.0,326.8752530328978,0.0,400,500,600,600,700,710,800,800,990,1100,1100
