Type,Name,Request Count,Failure Count,Median Response Time,Average Response Time,Min Response Time,Max Response Time,Average Content Size,Requests/s,Failures/s,50%,66%,75%,80%,90%,95%,98%,99%,99.9%,99.99%,100%
GET,/,6856,0,9,35.474501939906695,1.321100000000186,373.32739999999995,8688.0,359.4867724463585,0.0,9,16,51,70,95,170,250,280,300,370,370
,Aggregated,6856,0,9,35.474501939906695,1.321100000000186,373.32739999999995,8688.0,359.4867724463585,0.0,9,16,51,70,95,170,250,280,300,370,370
