Type,Name,Request Count,Failure Count,Median Response Time,Average Response Time,Min Response Time,Max Response Time,Average Content Size,Requests/s,Failures/s,50%,66%,75%,80%,90%,95%,98%,99%,99.9%,99.99%,100%
GET,/,4584,0,5,44.446353359511384,1.1754000000001597,395.60120000000023,8688.0,240.81928848982074,0.0,5,8,80,88,180,200,290,300,380,400,400
,Aggregated,4584,0,5,44.446353359511384,1.1754000000001597,395.60120000000023,8688.0,240.81928848982074,0.0,5,8,80,88,180,200,290,300,380,400,400
