Type,Name,Request Count,Failure Count,Median Response Time,Average Response Time,Min Response Time,Max Response Time,Average Content Size,Requests/s,Failures/s,50%,66%,75%,80%,90%,95%,98%,99%,99.9%,99.99%,100%
GET,/,6011,0,7,38.09610445849289,1.1814999999995024,505.90579999999983,8688.0,315.1536571311706,0.0,7,11,46,70,100,200,250,330,480,510,510
,Aggregated,6011,0,7,38.09610445849289,1.1814999999995024,505.90579999999983,8688.0,315.1536571311706,0.0,7,11,46,70,100,200,250,330,480,510,510
