Type,Name,Request Count,Failure Count,Median Response Time,Average Response Time,Min Response Time,Max Response Time,Average Content Size,Requests/s,Failures/s,50%,66%,75%,80%,90%,95%,98%,99%,99.9%,99.99%,100%
GET,/,6004,0,8,32.07458574283817,1.3035999999999603,471.1551000000003,8688.0,315.88539351434855,0.0,8,13,23,52,88,130,270,340,400,470,470
,Aggregated,6004,0,8,32.07458574283817,1.3035999999999603,471.1551000000003,8688.0,315.88539351434855,0.0,8,13,23,52,88,130,270,340,400,470,470
