Type,Name,Request Count,Failure Count,Median Response Time,Average Response Time,Min Response Time,Max Response Time,Average Content Size,Requests/s,Failures/s,50%,66%,75%,80%,90%,95%,98%,99%,99.9%,99.99%,100%
GET,/,5419,0,6,32.040857058497906,1.185399999998893,399.72920000000033,8688.0,284.9405307097817,0.0,6,9,13,48,98,190,260,290,380,400,400
,Aggregated,5419,0,6,32.040857058497906,1.185399999998893,399.72920000000033,8688.0,284.9405307097817,0.0,6,9,13,48,98,190,260,290,380,400,400
