Type,Name,Request Count,Failure Count,Median Response Time,Average Response Time,Min Response Time,Max Response Time,Average Content Size,Requests/s,Failures/s,50%,66%,75%,80%,90%,95%,98%,99%,99.9%,99.99%,100%
GET,/,3268,0,4,27.3647329253366,1.1632999999999782,398.5012000000001,8688.0,172.601186271443,0.0,4,7,8,15,91,130,270,290,390,400,400
,Aggregated,3268,0,4,27.3647329253366,1.1632999999999782,398.5012000000001,8688.0,172.601186271443,0.0,4,7,8,15,91,130,270,290,390,400,400
