Type,Name,Request Count,Failure Count,Median Response Time,Average Response Time,Min Response Time,Max Response Time,Average Content Size,Requests/s,Failures/s,50%,66%,75%,80%,90%,95%,98%,99%,99.9%,99.99%,100%
GET,/,9011,0,86,100.45306798357547,1.4566000000009183,462.726,8688.0,472.17560048925526,0.0,86,100,130,170,230,290,310,360,380,460,460
,Aggregated,9011,0,86,100.45306798357547,1.4566000000009183,462.726,8688.0,472.17560048925526,0.0,86,100,130,170,230,290,310,360,380,460,460
