Type,Name,Request Count,Failure Count,Median Response Time,Average Response Time,Min Response Time,Max Response Time,Average Content Size,Requests/s,Failures/s,50%,66%,75%,80%,90%,95%,98%,99%,99.9%,99.99%,100%
GET,/,7563,0,13,47.20975308739919,1.217900000000327,364.64289999999977,8688.0,396.34076014312564,0.0,13,49,74,84,140,190,240,250,360,360,360
,Aggregated,7563,0,13,47.20975308739919,1.217900000000327,364.64289999999977,8688.0,396.34076014312564,0.0,13,49,74,84,140,190,240,250,360,360,360
