Type,Name,Request Count,Failure Count,Median Response Time,Average Response Time,Min Response Time,Max Response Time,Average Content Size,Requests/s,Failures/s,50%,66%,75%,80%,90%,95%,98%,99%,99.9%,99.99%,100%
GET,/,9163,0,70,74.00195354141623,1.4386999999995709,387.27039999999977,8688.0,481.5822620417784,0.0,70,86,94,100,170,200,280,300,370,390,390
,Aggregated,9163,0,70,74.00195354141623,1.4386999999995709,387.27039999999977,8688.0,481.5822620417784,0.0,70,86,94,100,170,200,280,300,370,390,390
