Type,Name,Request Count,Failure Count,Median Response Time,Average Response Time,Min Response Time,Max Response Time,Average Content Size,Requests/s,Failures/s,50%,66%,75%,80%,90%,95%,98%,99%,99.9%,99.99%,100%
GET,/,8939,0,21,54.189084953574124,1.3512999999996111,511.93309999999934,8688.0,470.32056342905236,0.0,21,61,73,82,130,200,300,360,410,510,510
,Aggregated,8939,0,21,54.189084953574124,1.3512999999996111,511.93309999999934,8688.0,470.32056342905236,0.0,21,61,73,82,130,200,300,360,410,510,510
