Type,Name,Request Count,Failure Count,Median Response Time,Average Response Time,Min Response Time,Max Response Time,Average Content Size,Requests/s,Failures/s,50%,66%,75%,80%,90%,95%,98%,99%,99.9%,99.99%,100%
GET,/,9505,0,95,112.73358197790627,2.1050000000002456,410.9094999999998,8688.0,498.0959979437897,0.0,95,110,160,180,210,260,300,340,380,410,410
,Aggregated,9505,0,95,112.73358197790627,2.1050000000002456,410.9094999999998,8688.0,498.0959979437897,0.0,95,110,160,180,210,260,300,340,380,410,410
