Type,Name,Request Count,Failure Count,Median Response Time,Average Response Time,Min Response Time,Max Response Time,Average Content Size,Requests/s,Failures/s,50%,66%,75%,80%,90%,95%,98%,99%,99.9%,99.99%,100%
GET,/,9663,0,61,66.93040564007059,1.511599999998836,491.74459999999965,8688.0,506.6213055711674,0.0,61,79,87,93,150,200,280,320,390,490,490
,Aggregated,9663,0,61,66.93040564007059,1.511599999998836,491.74459999999965,8688.0,506.6213055711674,0.0,61,79,87,93,150,200,280,320,390,490,490
