Type,Name,Request Count,Failure Count,Median Response Time,Average Response Time,Min Response Time,Max Response Time,Average Content Size,Requests/s,Failures/s,50%,66%,75%,80%,90%,95%,98%,99%,99.9%,99.99%,100%
GET,/,9314,0,96,107.06101371054349,1.805900000000804,411.9831999999999,8688.0,488.38000925910274,0.0,96,120,160,180,200,220,280,300,380,410,410
,Aggregated,9314,0,96,107.06101371054349,1.805900000000804,411.9831999999999,8688.0,488.38000925910274,0.0,96,120,160,180,200,220,280,300,380,410,410
