Type,Name,Request Count,Failure Count,Median Response Time,Average Response Time,Min Response Time,Max Response Time,Average Content Size,Requests/s,Failures/s,50%,66%,75%,80%,90%,95%,98%,99%,99.9%,99.99%,100%
GET,/,8432,0,20,54.00314822106263,1.3919999999991717,415.59409999999986,8688.0,442.4174162368614,0.0,20,68,81,88,130,190,230,290,390,420,420
,Aggregated,8432,0,20,54.00314822106263,1.3919999999991717,415.59409999999986,8688.0,442.4174162368614,0.0,20,68,81,88,130,190,230,290,390,420,420
