Type,Name,Request Count,Failure Count,Median Response Time,Average Response Time,Min Response Time,Max Response Time,Average Content Size,Requests/s,Failures/s,50%,66%,75%,80%,90%,95%,98%,99%,99.9%,99.99%,100%
GET,/,9530,0,27,55.855231322140455,1.7385000000000872,383.43019999999984,8688.0,500.4912118357568,0.0,27,67,77,83,120,200,270,290,370,380,380
,Aggregated,9530,0,27,55.855231322140455,1.7385000000000872,383.43019999999984,8688.0,500.4912118357568,0.0,27,67,77,83,120,200,270,290,370,380,380
