Type,Name,Request Count,Failure Count,Median Response Time,Average Response Time,Min Response Time,Max Response Time,Average Content Size,Requests/s,Failures/s,50%,66%,75%,80%,90%,95%,98%,99%,99.9%,99.99%,100%
GET,/,10127,0,37,58.17617595536694,1.4058000000005677,336.8247999999996,8688.0,531.2964291991188,0.0,37,69,80,90,150,190,220,280,320,340,340
,Aggregated,10127,0,37,58.17617595536694,1.4058000000005677,336.8247999999996,8688.0,531.2964291991188,0.0,37,69,80,90,150,190,220,280,320,340,340
