Type,Name,Request Count,Failure Count,Median Response Time,Average Response Time,Min Response Time,Max Response Time,Average Content Size,Requests/s,Failures/s,50%,66%,75%,80%,90%,95%,98%,99%,99.9%,99.99%,100%
GET,/,10404,0,76,85.94695812187607,2.0913999999994104,361.53290000000027,8688.0,543.9608589362128,0.0,76,94,110,130,180,220,280,290,320,360,360
,Aggregated,10404,0,76,85.94695812187607,2.0913999999994104,361.53290000000027,8688.0,543.9608589362128,0.0,76,94,110,130,180,220,280,290,320,360,360
