Type,Name,Request Count,Failure Count,Median Response Time,Average Response Time,Min Response Time,Max Response Time,Average Content Size,Requests/s,Failures/s,50%,66%,75%,80%,90%,95%,98%,99%,99.9%,99.99%,100%
GET,/,7314,0,83,90.28172612797368,1.3822999999995034,486.840599999999,8688.0,383.6042923320768,0.0,83,99,110,170,200,260,300,320,400,490,490
,Aggregated,7314,0,83,90.28172612797368,1.3822999999995034,486.840599999999,8688.0,383.6042923320768,0.0,83,99,110,170,200,260,300,320,400,490,490
