Type,Name,Request Count,Failure Count,Median Response Time,Average Response Time,Min Response Time,Max Response Time,Average Content Size,Requests/s,Failures/s,50%,66%,75%,80%,90%,95%,98%,99%,99.9%,99.99%,100%
GET,/,9405,0,86,100.505455108985,2.1052000000008064,468.7163000000001,8688.0,494.71922252409655,0.0,86,100,120,160,200,270,300,320,460,470,470
,Aggregated,9405,0,86,100.505455108985,2.1052000000008064,468.7163000000001,8688.0,494.71922252409655,0.0,86,100,120,160,200,270,300,320,460,470,470
