Type,Name,Request Count,Failure Count,Median Response Time,Average Response Time,Min Response Time,Max Response Time,Average Content Size,Requests/s,Failures/s,50%,66%,75%,80%,90%,95%,98%,99%,99.9%,99.99%,100%
GET,/,9680,0,31,65.79590306818142,1.4351999999995257,547.5431999999998,8688.0,506.7317030090624,0.0,31,72,84,94,180,230,310,380,490,550,550
,Aggregated,9680,0,31,65.79590306818142,1.4351999999995257,547.5431999999998,8688.0,506.7317030090624,0.0,31,72,84,94,180,230,310,380,490,550,550
