Type,Name,Request Count,Failure Count,Median Response Time,Average Response Time,Min Response Time,Max Response Time,Average Content Size,Requests/s,Failures/s,50%,66%,75%,80%,90%,95%,98%,99%,99.9%,99.99%,100%
GET,/,8436,0,79,84.25181603840656,1.622199999999907,394.1354000000001,8688.0,442.038776068816,0.0,79,91,100,120,190,210,280,290,370,390,390
,Aggregated,8436,0,79,84.25181603840656,1.622199999999907,394.1354000000001,8688.0,442.038776068816,0.0,79,91,100,120,190,210,280,290,370,390,390
