Type,Name,Request Count,Failure Count,Median Response Time,Average Response Time,Min Response Time,Max Response Time,Average Content Size,Requests/s,Failures/s,50%,66%,75%,80%,90%,95%,98%,99%,99.9%,99.99%,100%
GET,/,8301,0,180.0,186.78626723286186,3.3640999999988708,583.5608000000008,8688.0,433.5015166488098,0.0,180,200,270,290,320,400,410,460,510,580,580
,Aggregated,8301,0,180.0,186.78626723286186,3.3640999999988708,583.5608000000008,8688.0,433.5015166488098,0.0,180,200,270,290,320,400,410,460,510,580,580
