Type,Name,Request Count,Failure Count,Median Response Time,Average Response Time,Min Response Time,Max Response Time,Average Content Size,Requests/s,Failures/s,50%,66%,75%,80%,90%,95%,98%,99%,99.9%,99.99%,100%
GET,/,9374,0,84,92.28298239812298,1.7276999999999987,489.0490000000005,8688.0,490.5294826174424,0.0,84,100,120,160,200,230,280,290,390,490,490
,Aggregated,9374,0,84,92.28298239812298,1.7276999999999987,489.0490000000005,8688.0,490.5294826174424,0.0,84,100,120,160,200,230,280,290,390,490,490
