Type,Name,Request Count,Failure Count,Median Response Time,Average Response Time,Min Response Time,Max Response Time,Average Content Size,Requests/s,Failures/s,50%,66%,75%,80%,90%,95%,98%,99%,99.9%,99.99%,100%
GET,/,8943,0,54,65.32866649893779,1.630600000002147,419.0031999999997,8688.0,468.86863676941863,0.0,54,79,92,100,170,200,290,300,370,420,420
,Aggregated,8943,0,54,65.32866649893779,1.630600000002147,419.0031999999997,8688.0,468.86863676941863,0.0,54,79,92,100,170,200,290,300,370,420,420
