Type,Name,Request Count,Failure Count,Median Response Time,Average Response Time,Min Response Time,Max Response Time,Average Content Size,Requests/s,Failures/s,50%,66%,75%,80%,90%,95%,98%,99%,99.9%,99.99%,100%
GET,/,8832,0,19,50.14516170742763,1.468899999998996,372.2120999999996,8688.0,462.44224655238025,0.0,19,58,71,79,130,190,250,270,370,370,370
,Aggregated,8832,0,19,50.14516170742763,1.468899999998996,372.2120999999996,8688.0,462.44224655238025,0.0,19,58,71,79,130,190,250,270,370,370,370
