Type,Name,Request Count,Failure Count,Median Response Time,Average Response Time,Min Response Time,Max Response Time,Average Content Size,Requests/s,Failures/s,50%,66%,75%,80%,90%,95%,98%,99%,99.9%,99.99%,100%
GET,/,9270,0,61,68.14478010787506,1.5391000000004595,390.7745999999994,8688.0,485.7292943155483,0.0,61,81,91,100,180,200,280,290,370,390,390
,Aggregated,9270,0,61,68.14478010787506,1.5391000000004595,390.7745999999994,8688.0,485.7292943155483,0.0,61,81,91,100,180,200,280,290,370,390,390
