Type,Name,Request Count,Failure Count,Median Response Time,Average Response Time,Min Response Time,Max Response Time,Average Content Size,Requests/s,Failures/s,50%,66%,75%,80%,90%,95%,98%,99%,99.9%,99.99%,100%
GET,/,8439,0,14,49.715889287830265,1.2563000000014313,384.7358999999999,8688.0,441.9441858065519,0.0,14,58,77,85,120,200,270,290,370,380,380
,Aggregated,8439,0,14,49.715889287830265,1.2563000000014313,384.7358999999999,8688.0,441.9441858065519,0.0,14,58,77,85,120,200,270,290,370,380,380
