Type,Name,Request Count,Failure Count,Median Response Time,Average Response Time,Min Response Time,Max Response Time,Average Content Size,Requests/s,Failures/s,50%,66%,75%,80%,90%,95%,98%,99%,99.9%,99.99%,100%
GET,/,10550,0,59,63.84818676777273,1.583500000000626,367.1622000000001,8688.0,551.7151938705697,0.0,59,76,85,91,120,180,260,280,330,360,370
,Aggregated,10550,0,59,63.84818676777273,1.583500000000626,367.1622000000001,8688.0,551.7151938705697,0.0,59,76,85,91,120,180,260,280,330,360,370
