Type,Name,Request Count,Failure Count,Median Response Time,Average Response Time,Min Response Time,Max Response Time,Average Content Size,Requests/s,Failures/s,50%,66%,75%,80%,90%,95%,98%,99%,99.9%,99.99%,100%
GET,/,7829,0,15,41.444639174862324,1.3326000000013494,321.4193000000001,8688.0,410.6208031395907,0.0,15,42,62,75,110,160,230,250,300,320,320
,Aggregated,7829,0,15,41.444639174862324,1.3326000000013494,321.4193000000001,8688.0,410.6208031395907,0.0,15,42,62,75,110,160,230,250,300,320,320
