Type,Name,Request Count,Failure Count,Median Response Time,Average Response Time,Min Response Time,Max Response Time,Average Content Size,Requests/s,Failures/s,50%,66%,75%,80%,90%,95%,98%,99%,99.9%,99.99%,100%
GET,/,8866,0,15,39.36470694789062,1.3161999999997676,304.29519999999985,8688.0,464.95084448206836,0.0,15,28,57,70,110,170,200,220,280,300,300
,Aggregated,8866,0,15,39.36470694789062,1.3161999999997676,304.29519999999985,8688.0,464.95084448206836,0.0,15,28,57,70,110,170,200,220,280,300,300
