Type,Name,Request Count,Failure Count,Median Response Time,Average Response Time,Min Response Time,Max Response Time,Average Content Size,Requests/s,Failures/s,50%,66%,75%,80%,90%,95%,98%,99%,99.9%,99.99%,100%
GET,/,10082,0,80,81.50531228922776,1.7484999999997086,334.67340000000024,8688.0,527.6179998816923,0.0,80,94,100,110,170,190,240,250,290,330,330
,Aggregated,10082,0,80,81.50531228922776,1.7484999999997086,334.67340000000024,8688.0,527.6179998816923,0.0,80,94,100,110,170,190,240,250,290,330,330
