Type,Name,Request Count,Failure Count,Median Response Time,Average Response Time,Min Response Time,Max Response Time,Average Content Size,Requests/s,Failures/s,50%,66%,75%,80%,90%,95%,98%,99%,99.9%,99.99%,100%
GET,/,8880,0,110.0,134.97157088963954,1.8060999999995886,503.9598999999999,8688.0,464.60639786427913,0.0,110,170,190,190,270,300,330,370,470,500,500
,Aggregated,8880,0,110.0,134.97157088963954,1.8060999999995886,503.9598999999999,8688.0,464.60639786427913,0.0,110,170,190,190,270,300,330,370,470,500,500
