Type,Name,Request Count,Failure Count,Median Response Time,Average Response Time,Min Response Time,Max Response Time,Average Content Size,Requests/s,Failures/s,50%,66%,75%,80%,90%,95%,98%,99%,99.9%,99.99%,100%
GET,/,6791,0,9,35.023015240759776,1.1852999999995006,339.4655000000002,8688.0,357.00112312366474,0.0,9,13,22,46,110,200,250,270,330,340,340
,Aggregated,6791,0,9,35.023015240759776,1.1852999999995006,339.4655000000002,8688.0,357.00112312366474,0.0,9,13,22,46,110,200,250,270,330,340,340
