Type,Name,Request Count,Failure Count,Median Response Time,Average Response Time,Min Response Time,Max Response Time,Average Content Size,Requests/s,Failures/s,50%,66%,75%,80%,90%,95%,98%,99%,99.9%,99.99%,100%
GET,/,8374,0,19,62.23879263195603,1.3132000000020128,559.3789999999999,8688.0,438.81029913262785,0.0,19,68,87,98,180,260,300,340,530,560,560
,Aggregated,8374,0,19,62.23879263195603,1.3132000000020128,559.3789999999999,8688.0,438.81029913262785,0.0,19,68,87,98,180,260,300,340,530,560,560
