Type,Name,Request Count,Failure Count,Median Response Time,Average Response Time,Min Response Time,Max Response Time,Average Content Size,Requests/s,Failures/s,50%,66%,75%,80%,90%,95%,98%,99%,99.9%,99.99%,100%
GET,/,9188,0,81,79.34362818894202,1.2705999999997886,302.19590000000096,8688.0,481.91681587994333,0.0,81,93,100,110,180,200,240,260,290,300,300
,Aggregated,9188,0,81,79.34362818894202,1.2705999999997886,302.19590000000096,8688.0,481.91681587994333,0.0,81,93,100,110,180,200,240,260,290,300,300
