Type,Name,Request Count,Failure Count,Median Response Time,Average Response Time,Min Response Time,Max Response Time,Average Content Size,Requests/s,Failures/s,50%,66%,75%,80%,90%,95%,98%,99%,99.9%,99.99%,100%
GET,/,9668,0,98,120.96075074472463,2.061999999998676,506.3356999999993,8688.0,508.80661281835836,0.0,98,120,170,180,220,290,370,400,480,510,510
,Aggregated,9668,0,98,120.96075074472463,2.061999999998676,506.3356999999993,8688.0,508.80661281835836,0.0,98,120,170,180,220,290,370,400,480,510,510
