Type,Name,Request Count,Failure Count,Median Response Time,Average Response Time,Min Response Time,Max Response Time,Average Content Size,Requests/s,Failures/s,50%,66%,75%,80%,90%,95%,98%,99%,99.9%,99.99%,100%
GET,/,8954,0,69,72.57690166406051,1.3748000000006755,512.1755999999999,8688.0,469.5179850634069,0.0,69,83,91,96,150,200,360,380,400,510,510
,Aggregated,8954,0,69,72.57690166406051,1.3748000000006755,512.1755999999999,8688.0,469.5179850634069,0.0,69,83,91,96,150,200,360,380,400,510,510
