Type,Name,Request Count,Failure Count,Median Response Time,Average Response Time,Min Response Time,Max Response Time,Average Content Size,Requests/s,Failures/s,50%,66%,75%,80%,90%,95%,98%,99%,99.9%,99.99%,100%
GET,/,9055,0,17,42.39732447266668,1.426199999999156,260.21330000000023,8688.0,474.91883641265815,0.0,17,35,62,79,110,160,190,220,260,260,260
,Aggregated,9055,0,17,42.39732447266668,1.426199999999156,260.21330000000023,8688.0,474.91883641265815,0.0,17,35,62,79,110,160,190,220,260,260,260
