Type,Name,Request Count,Failure Count,Median Response Time,Average Response Time,Min Response Time,Max Response Time,Average Content Size,Requests/s,Failures/s,50%,66%,75%,80%,90%,95%,98%,99%,99.9%,99.99%,100%
GET,/,6714,0,94,108.68660285969634,1.3854000000002031,560.5574,8688.0,352.9310337022668,0.0,94,100,110,170,200,290,370,400,500,560,560
,Aggregated,6714,0,94,108.68660285969634,1.3854000000002031,560.5574,8688.0,352.9310337022668,0.0,94,100,110,170,200,290,370,400,500,560,560
