Type,Name,Request Count,Failure Count,Median Response Time,Average Response Time,Min Response Time,Max Response Time,Average Content Size,Requests/s,Failures/s,50%,66%,75%,80%,90%,95%,98%,99%,99.9%,99.99%,100%
GET,/,8350,0,15,49.61495088622721,1.386999999999361,394.6208999999996,8688.0,437.71480636474007,0.0,15,58,79,88,120,180,230,310,360,390,390
,Aggregated,8350,0,15,49.61495088622721,1.386999999999361,394.6208999999996,8688.0,437.71480636474007,0.0,15,58,79,88,120,180,230,310,360,390,390
