Type,Name,Request Count,Failure Count,Median Response Time,Average Response Time,Min Response Time,Max Response Time,Average Content Size,Requests/s,Failures/s,50%,66%,75%,80%,90%,95%,98%,99%,99.9%,99.99%,100%
GET,/,9197,0,79,81.3003324344897,2.272899999999467,411.34619999999967,8688.0,481.61506339057007,0.0,79,90,98,100,160,200,280,330,370,410,410
,Aggregated,9197,0,79,81.3003324344897,2.272899999999467,411.34619999999967,8688.0,481.61506339057007,0.0,79,90,98,100,160,200,280,330,370,410,410
