Type,Name,Request Count,Failure Count,Median Response Time,Average Response Time,Min Response Time,Max Response Time,Average Content Size,Requests/s,Failures/s,50%,66%,75%,80%,90%,95%,98%,99%,99.9%,99.99%,100%
GET,/,8347,0,18,51.41962276266917,1.300699999998045,324.5515000000001,8688.0,437.59500154202567,0.0,18,64,79,86,120,190,220,290,320,320,320
,Aggregated,8347,0,18,51.41962276266917,1.300699999998045,324.5515000000001,8688.0,437.59500154202567,0.0,18,64,79,86,120,190,220,290,320,320,320
