Type,Name,Request Count,Failure Count,Median Response Time,Average Response Time,Min Response Time,Max Response Time,Average Content Size,Requests/s,Failures/s,50%,66%,75%,80%,90%,95%,98%,99%,99.9%,99.99%,100%
GET,/,6581,0,97,124.28202830876751,1.4794999999985237,512.9532000000002,8688.0,345.81744273456763,0.0,97,110,180,190,280,300,390,400,500,510,510
,Aggregated,6581,0,97,124.28202830876751,1.4794999999985237,512.9532000000002,8688.0,345.81744273456763,0.0,97,110,180,190,280,300,390,400,500,510,510
