Type,Name,Request Count,Failure Count,Median Response Time,Average Response Time,Min Response Time,Max Response Time,Average Content Size,Requests/s,Failures/s,50%,66%,75%,80%,90%,95%,98%,99%,99.9%,99.99%,100%
GET,/,7729,0,12,44.19745897270018,1.4020000000005695,458.7439,8688.0,404.7770264859835,0.0,12,30,63,75,120,190,260,280,450,460,460
,Aggregated,7729,0,12,44.19745897270018,1.4020000000005695,458.7439,8688.0,404.7770264859835,0.0,12,30,63,75,120,190,260,280,450,460,460
