Type,Name,Request Count,Failure Count,Median Response Time,Average Response Time,Min Response Time,Max Response Time,Average Content Size,Requests/s,Failures/s,50%,66%,75%,80%,90%,95%,98%,99%,99.9%,99.99%,100%
GET,/,8442,0,71,78.20160335228616,1.5774000000003952,433.2253000000002,8688.0,442.2853404121676,0.0,71,90,100,110,190,240,280,300,400,430,430
,Aggregated,8442,0,71,78.20160335228616,1.5774000000003952,433.2253000000002,8688.0,442.2853404121676,0.0,71,90,100,110,190,240,280,300,400,430,430
