Type,Name,Request Count,Failure Count,Median Response Time,Average Response Time,Min Response Time,Max Response Time,Average Content Size,Requests/s,Failures/s,50%,66%,75%,80%,90%,95%,98%,99%,99.9%,99.99%,100%
GET,/,8420,0,18,51.82201114014243,1.239700000001065,347.66710000000023,8688.0,441.4060684792076,0.0,18,58,77,87,160,190,240,260,330,350,350
,Aggregated,8420,0,18,51.82201114014243,1.239700000001065,347.66710000000023,8688.0,441.4060684792076,0.0,18,58,77,87,160,190,240,260,330,350,350
