Type,Name,Request Count,Failure Count,Median Response Time,Average Response Time,Min Response Time,Max Response Time,Average Content Size,Requests/s,Failures/s,50%,66%,75%,80%,90%,95%,98%,99%,99.9%,99.99%,100%
GET,/,8999,0,73,80.14910617846445,1.281099999999924,320.8883999999994,8688.0,471.76796238799403,0.0,73,92,110,120,190,210,270,280,310,320,320
,Aggregated,8999,0,73,80.14910617846445,1.281099999999924,320.8883999999994,8688.0,471.76796238799403,0.0,73,92,110,120,190,210,270,280,310,320,320
