Type,Name,Request Count,Failure Count,Median Response Time,Average Response Time,Min Response Time,Max Response Time,Average Content Size,Requests/s,Failures/s,50%,66%,75%,80%,90%,95%,98%,99%,99.9%,99.99%,100%
GET,/,8377,0,80,86.01438400381981,1.5116000000006125,379.1783999999998,8688.0,438.75900427135775,0.0,80,92,100,120,200,250,290,290,320,380,380
,Aggregated,8377,0,80,86.01438400381981,1.5116000000006125,379.1783999999998,8688.0,438.75900427135775,0.0,80,92,100,120,200,250,290,290,320,380,380
