Type,Name,Request Count,Failure Count,Median Response Time,Average Response Time,Min Response Time,Max Response Time,Average Content Size,Requests/s,Failures/s,50%,66%,75%,80%,90%,95%,98%,99%,99.9%,99.99%,100%
GET,/,9062,0,88,99.32160051864935,1.7431999999999448,455.24010000000015,8688.0,474.60129776956967,0.0,88,100,130,170,200,250,280,300,380,460,460
,Aggregated,9062,0,88,99.32160051864935,1.7431999999999448,455.24010000000015,8688.0,474.60129776956967,0.0,88,100,130,170,200,250,280,300,380,460,460
