Type,Name,Request Count,Failure Count,Median Response Time,Average Response Time,Min Response Time,Max Response Time,Average Content Size,Requests/s,Failures/s,50%,66%,75%,80%,90%,95%,98%,99%,99.9%,99.99%,100%
GET,/,8910,0,74,74.86216709315329,1.3431000000014848,472.14129999999966,8688.0,467.76324765895885,0.0,74,86,93,99,170,210,280,300,370,470,470
,Aggregated,8910,0,74,74.86216709315329,1.3431000000014848,472.14129999999966,8688.0,467.76324765895885,0.0,74,86,93,99,170,210,280,300,370,470,470
