Type,Name,Request Count,Failure Count,Median Response Time,Average Response Time,Min Response Time,Max Response Time,Average Content Size,Requests/s,Failures/s,50%,66%,75%,80%,90%,95%,98%,99%,99.9%,99.99%,100%
GET,/,9494,0,14,44.92441848535931,1.3008999999968296,397.9729000000001,8688.0,497.8103016610711,0.0,14,30,57,71,120,190,290,310,380,400,400
,Aggregated,9494,0,14,44.92441848535931,1.3008999999968296,397.9729000000001,8688.0,497.8103016610711,0.0,14,30,57,71,120,190,290,310,380,400,400
