Type,Name,Request Count,Failure Count,Median Response Time,Average Response Time,Min Response Time,Max Response Time,Average Content Size,Requests/s,Failures/s,50%,66%,75%,80%,90%,95%,98%,99%,99.9%,99.99%,100%
GET,/,9000,0,80,82.19002502222223,1.791299999998941,408.5451,8688.0,470.9996139295882,0.0,80,93,100,110,180,190,270,310,400,410,410
,Aggregated,9000,0,80,82.19002502222223,1.791299999998941,408.5451,8688.0,470.9996139295882,0.0,80,93,100,110,180,190,270,310,400,410,410
