Type,Name,Request Count,Failure Count,Median Response Time,Average Response Time,Min Response Time,Max Response Time,Average Content Size,Requests/s,Failures/s,50%,66%,75%,80%,90%,95%,98%,99%,99.9%,99.99%,100%
GET,/,7107,0,84,102.27982517236532,1.345399999999941,499.4323999999999,8688.0,372.4613843178872,0.0,84,100,170,190,220,290,330,370,400,500,500
,Aggregated,7107,0,84,102.27982517236532,1.345399999999941,499.4323999999999,8688.0,372.4613843178872,0.0,84,100,170,190,220,290,330,370,400,500,500
