Type,Name,Request Count,Failure Count,Median Response Time,Average Response Time,Min Response Time,Max Response Time,Average Content Size,Requests/s,Failures/s,50%,66%,75%,80%,90%,95%,98%,99%,99.9%,99.99%,100%
GET,/,7746,0,83,92.84002652982126,1.7332999999997156,500.13799999999975,8688.0,405.42285709850415,0.0,83,100,120,170,200,280,310,370,410,500,500
,Aggregated,7746,0,83,92.84002652982126,1.7332999999997156,500.13799999999975,8688.0,405.42285709850415,0.0,83,100,120,170,200,280,310,370,410,500,500
