Type,Name,Request Count,Failure Count,Median Response Time,Average Response Time,Min Response Time,Max Response Time,Average Content Size,Requests/s,Failures/s,50%,66%,75%,80%,90%,95%,98%,99%,99.9%,99.99%,100%
GET,/,9038,0,22,50.20287170834276,1.314700000000002,375.4755000000003,8688.0,473.512276124288,0.0,22,59,74,81,120,190,230,280,300,380,380
,Aggregated,9038,0,22,50.20287170834276,1.314700000000002,375.4755000000003,8688.0,473.512276124288,0.0,22,59,74,81,120,190,230,280,300,380,380
