Type,Name,Request Count,Failure Count,Median Response Time,Average Response Time,Min Response Time,Max Response Time,Average Content Size,Requests/s,Failures/s,50%,66%,75%,80%,90%,95%,98%,99%,99.9%,99.99%,100%
GET,/,9310,0,96,113.62353195488711,2.4058999999994057,462.0602999999992,8688.0,487.8582282833178,0.0,96,110,150,180,220,280,300,310,390,460,460
,Aggregated,9310,0,96,113.62353195488711,2.4058999999994057,462.0602999999992,8688.0,487.8582282833178,0.0,96,110,150,180,220,280,300,310,390,460,460
