Type,Name,Request Count,Failure Count,Median Response Time,Average Response Time,Min Response Time,Max Response Time,Average Content Size,Requests/s,Failures/s,50%,66%,75%,80%,90%,95%,98%,99%,99.9%,99.99%,100%
GET,/,8294,0,70,77.55341478176997,1.3287999999995748,481.3825999999999,8688.0,435.65285919987053,0.0,70,88,98,110,190,230,290,360,440,480,480
,Aggregated,8294,0,70,77.55341478176997,1.3287999999995748,481.3825999999999,8688.0,435.65285919987053,0.0,70,88,98,110,190,230,290,360,440,480,480
