Type,Name,Request Count,Failure Count,Median Response Time,Average Response Time,Min Response Time,Max Response Time,Average Content Size,Requests/s,Failures/s,50%,66%,75%,80%,90%,95%,98%,99%,99.9%,99.99%,100%
GET,/,8845,0,15,47.34775195025424,1.2144000000020583,312.02489999999995,8688.0,464.09937450585966,0.0,15,51,68,78,130,190,240,250,300,310,310
,Aggregated,8845,0,15,47.34775195025424,1.2144000000020583,312.02489999999995,8688.0,464.09937450585966,0.0,15,51,68,78,130,190,240,250,300,310,310
