Type,Name,Request Count,Failure Count,Median Response Time,Average Response Time,Min Response Time,Max Response Time,Average Content Size,Requests/s,Failures/s,50%,66%,75%,80%,90%,95%,98%,99%,99.9%,99.99%,100%
GET,/,9509,0,58,64.95600648858995,1.3761999999992724,309.3407999999993,8688.0,499.30132651314193,0.0,58,80,91,100,160,190,230,280,300,310,310
,Aggregated,9509,0,58,64.95600648858995,1.3761999999992724,309.3407999999993,8688.0,499.30132651314193,0.0,58,80,91,100,160,190,230,280,300,310,310
