Type,Name,Request Count,Failure Count,Median Response Time,Average Response Time,Min Response Time,Max Response Time,Average Content Size,Requests/s,Failures/s,50%,66%,75%,80%,90%,95%,98%,99%,99.9%,99.99%,100%
GET,/,9602,0,25,57.31434051239321,1.4340999999991055,374.2952000000006,8688.0,505.46345418295135,0.0,25,64,78,90,160,220,270,290,310,370,370
,Aggregated,9602,0,25,57.31434051239321,1.4340999999991055,374.2952000000006,8688.0,505.46345418295135,0.0,25,64,78,90,160,220,270,290,310,370,370
