Type,Name,Request Count,Failure Count,Median Response Time,Average Response Time,Min Response Time,Max Response Time,Average Content Size,Requests/s,Failures/s,50%,66%,75%,80%,90%,95%,98%,99%,99.9%,99.99%,100%
GET,/,8760,0,79,86.85653207762529,1.4462999999995674,418.4680000000003,8688.0,459.1245071769836,0.0,79,93,110,130,200,220,280,300,350,420,420
,Aggregated,8760,0,79,86.85653207762529,1.4462999999995674,418.4680000000003,8688.0,459.1245071769836,0.0,79,93,110,130,200,220,280,300,350,420,420
