Type,Name,Request Count,Failure Count,Median Response Time,Average Response Time,Min Response Time,Max Response Time,Average Content Size,Requests/s,Failures/s,50%,66%,75%,80%,90%,95%,98%,99%,99.9%,99.99%,100%
GET,/,8674,0,14,44.64897131657819,1.2814999999992693,305.84580000000017,8688.0,454.940874468674,0.0,14,39,64,76,130,190,230,260,280,310,310
,Aggregated,8674,0,14,44.64897131657819,1.2814999999992693,305.84580000000017,8688.0,454.940874468674,0.0,14,39,64,76,130,190,230,260,280,310,310
