Type,Name,Request Count,Failure Count,Median Response Time,Average Response Time,Min Response Time,Max Response Time,Average Content Size,Requests/s,Failures/s,50%,66%,75%,80%,90%,95%,98%,99%,99.9%,99.99%,100%
GET,/,8642,0,27,58.294675595927146,1.2959999999999638,397.5171999999993,8688.0,452.8430316611921,0.0,27,70,83,90,160,200,280,290,340,400,400
,Aggregated,8642,0,27,58.294675595927146,1.2959999999999638,397.5171999999993,8688.0,452.8430316611921,0.0,27,70,83,90,160,200,280,290,340,400,400
