Type,Name,Request Count,Failure Count,Median Response Time,Average Response Time,Min Response Time,Max Response Time,Average Content Size,Requests/s,Failures/s,50%,66%,75%,80%,90%,95%,98%,99%,99.9%,99.99%,100%
GET,/,7573,0,12,42.1293973194243,1.2612999999994656,315.6471000000001,8688.0,397.35592714262856,0.0,12,45,68,76,110,180,210,240,310,320,320
,Aggregated,7573,0,12,42.1293973194243,1.2612999999994656,315.6471000000001,8688.0,397.35592714262856,0.0,12,45,68,76,110,180,210,240,310,320,320
