Type,Name,Request Count,Failure Count,Median Response Time,Average Response Time,Min Response Time,Max Response Time,Average Content Size,Requests/s,Failures/s,50%,66%,75%,80%,90%,95%,98%,99%,99.9%,99.99%,100%
GET,/,8815,0,78,89.9282412592172,1.5639999999983445,528.1096999999999,8688.0,462.58309505595537,0.0,78,91,100,110,190,290,380,420,510,530,530
,Aggregated,8815,0,78,89.9282412592172,1.5639999999983445,528.1096999999999,8688.0,462.58309505595537,0.0,78,91,100,110,190,290,380,420,510,530,530
