Type,Name,Request Count,Failure Count,Median Response Time,Average Response Time,Min Response Time,Max Response Time,Average Content Size,Requests/s,Failures/s,50%,66%,75%,80%,90%,95%,98%,99%,99.9%,99.99%,100%
GET,/,9129,0,86,91.45187061014344,1.938199999999668,388.4632999999997,8688.0,478.5607090844218,0.0,86,100,110,140,190,210,270,280,370,390,390
,Aggregated,9129,0,86,91.45187061014344,1.938199999999668,388.4632999999997,8688.0,478.5607090844218,0.0,86,100,110,140,190,210,270,280,370,390,390
