Type,Name,Request Count,Failure Count,Median Response Time,Average Response Time,Min Response Time,Max Response Time,Average Content Size,Requests/s,Failures/s,50%,66%,75%,80%,90%,95%,98%,99%,99.9%,99.99%,100%
GET,/,8110,0,67,72.6418463625153,1.194400000000151,483.84360000000015,8688.0,426.2689203341989,0.0,67,83,90,97,180,270,310,360,400,480,480
,Aggregated,8110,0,67,72.6418463625153,1.194400000000151,483.84360000000015,8688.0,426.2689203341989,0.0,67,83,90,97,180,270,310,360,400,480,480
