Type,Name,Request Count,Failure Count,Median Response Time,Average Response Time,Min Response Time,Max Response Time,Average Content Size,Requests/s,Failures/s,50%,66%,75%,80%,90%,95%,98%,99%,99.9%,99.99%,100%
GET,/,8944,0,80,89.09055150939162,1.681100000000768,498.5489000000003,8688.0,468.48135657659566,0.0,80,94,100,120,200,270,300,350,400,500,500
,Aggregated,8944,0,80,89.09055150939162,1.681100000000768,498.5489000000003,8688.0,468.48135657659566,0.0,80,94,100,120,200,270,300,350,400,500,500
