Type,Name,Request Count,Failure Count,Median Response Time,Average Response Time,Min Response Time,Max Response Time,Average Content Size,Requests/s,Failures/s,50%,66%,75%,80%,90%,95%,98%,99%,99.9%,99.99%,100%
GET,/,7086,0,10,35.73918786339265,1.392399999998517,381.43890000000005,8688.0,372.36906211034767,0.0,10,17,40,58,98,200,220,270,380,380,380
,Aggregated,7086,0,10,35.73918786339265,1.392399999998517,381.43890000000005,8688.0,372.36906211034767,0.0,10,17,40,58,98,200,220,270,380,380,380
