Type,Name,Request Count,Failure Count,Median Response Time,Average Response Time,Min Response Time,Max Response Time,Average Content Size,Requests/s,Failures/s,50%,66%,75%,80%,90%,95%,98%,99%,99.9%,99.99%,100%
GET,/,9147,0,98,123.2753717830981,1.7215999999997678,505.8161000000006,8688.0,478.70136384593957,0.0,98,120,170,190,250,290,350,390,480,510,510
,Aggregated,9147,0,98,123.2753717830981,1.7215999999997678,505.8161000000006,8688.0,478.70136384593957,0.0,98,120,170,190,250,290,350,390,480,510,510
