Type,Name,Request Count,Failure Count,Median Response Time,Average Response Time,Min Response Time,Max Response Time,Average Content Size,Requests/s,Failures/s,50%,66%,75%,80%,90%,95%,98%,99%,99.9%,99.99%,100%
GET,/,8728,0,15,49.4040137030248,1.3263999999999498,330.73620000000005,8688.0,457.7546435676574,0.0,15,58,75,85,140,190,230,290,320,330,330
,Aggregated,8728,0,15,49.4040137030248,1.3263999999999498,330.73620000000005,8688.0,457.7546435676574,0.0,15,58,75,85,140,190,230,290,320,330,330
