Type,Name,Request Count,Failure Count,Median Response Time,Average Response Time,Min Response Time,Max Response Time,Average Content Size,Requests/s,Failures/s,50%,66%,75%,80%,90%,95%,98%,99%,99.9%,99.99%,100%
GET,/,9567,0,66,68.26259695829404,1.3830000000005782,336.65969999999976,8688.0,502.81959522119905,0.0,66,83,91,97,160,190,260,270,290,340,340
,Aggregated,9567,0,66,68.26259695829404,1.3830000000005782,336.65969999999976,8688.0,502.81959522119905,0.0,66,83,91,97,160,190,260,270,290,340,340
