Type,Name,Request Count,Failure Count,Median Response Time,Average Response Time,Min Response Time,Max Response Time,Average Content Size,Requests/s,Failures/s,50%,66%,75%,80%,90%,95%,98%,99%,99.9%,99.99%,100%
GET,/,8395,0,21,55.72948906491971,1.2180000000014957,412.9885999999994,8688.0,439.25587786905953,0.0,21,65,82,91,150,230,280,290,390,410,410
,Aggregated,8395,0,21,55.72948906491971,1.2180000000014957,412.9885999999994,8688.0,439.25587786905953,0.0,21,65,82,91,150,230,280,290,390,410,410
