Type,Name,Request Count,Failure Count,Median Response Time,Average Response Time,Min Response Time,Max Response Time,Average Content Size,Requests/s,Failures/s,50%,66%,75%,80%,90%,95%,98%,99%,99.9%,99.99%,100%
GET,/,9181,0,59,67.63958923864492,1.4183999999985986,336.0165000000004,8688.0,480.86894166139257,0.0,59,83,95,100,180,200,240,260,330,340,340
,Aggregated,9181,0,59,67.63958923864492,1.4183999999985986,336.0165000000004,8688.0,480.86894166139257,0.0,59,83,95,100,180,200,240,260,330,340,340
