Type,Name,Request Count,Failure Count,Median Response Time,Average Response Time,Min Response Time,Max Response Time,Average Content Size,Requests/s,Failures/s,50%,66%,75%,80%,90%,95%,98%,99%,99.9%,99.99%,100%
GET,/,8298,0,18,50.50509040732685,1.3836999999998767,355.85639999999995,8688.0,434.7882658965776,0.0,18,53,69,80,150,200,260,280,330,360,360
,Aggregated,8298,0,18,50.50509040732685,1.3836999999998767,355.85639999999995,8688.0,434.7882658965776,0.0,18,53,69,80,150,200,260,280,330,360,360
