Type,Name,Request Count,Failure Count,Median Response Time,Average Response Time,Min Response Time,Max Response Time,Average Content Size,Requests/s,Failures/s,50%,66%,75%,80%,90%,95%,98%,99%,99.9%,99.99%,100%
GET,/,8726,0,18,46.38400363282135,1.440899999998635,383.8555000000001,8688.0,457.4962135917694,0.0,18,46,68,77,120,180,230,280,310,380,380
,Aggregated,8726,0,18,46.38400363282135,1.440899999998635,383.8555000000001,8688.0,457.4962135917694,0.0,18,46,68,77,120,180,230,280,310,380,380
