Type,Name,Request Count,Failure Count,Median Response Time,Average Response Time,Min Response Time,Max Response Time,Average Content Size,Requests/s,Failures/s,50%,66%,75%,80%,90%,95%,98%,99%,99.9%,99.99%,100%
GET,/,7375,0,11,40.26831460338965,1.3734999999996944,380.77359999999993,8688.0,386.6756581416285,0.0,11,21,59,74,120,180,230,280,310,380,380
,Aggregated,7375,0,11,40.26831460338965,1.3734999999996944,380.77359999999993,8688.0,386.6756581416285,0.0,11,21,59,74,120,180,230,280,310,380,380
