Type,Name,Request Count,Failure Count,Median Response Time,Average Response Time,Min Response Time,Max Response Time,Average Content Size,Requests/s,Failures/s,50%,66%,75%,80%,90%,95%,98%,99%,99.9%,99.99%,100%
GET,/,7828,0,69,68.65368178334197,1.4836999999996436,406.8402,8688.0,411.1207247632688,0.0,69,87,96,100,170,190,220,270,400,410,410
,Aggregated,7828,0,69,68.65368178334197,1.4836999999996436,406.8402,8688.0,411.1207247632688,0.0,69,87,96,100,170,190,220,270,400,410,410
