Type,Name,Request Count,Failure Count,Median Response Time,Average Response Time,Min Response Time,Max Response Time,Average Content Size,Requests/s,Failures/s,50%,66%,75%,80%,90%,95%,98%,99%,99.9%,99.99%,100%
GET,/,7714,0,77,79.62765439460716,1.2484999999990976,420.89080000000047,8688.0,404.03565678997234,0.0,77,88,98,110,180,240,290,300,350,420,420
,Aggregated,7714,0,77,79.62765439460716,1.2484999999990976,420.89080000000047,8688.0,404.03565678997234,0.0,77,88,98,110,180,240,290,300,350,420,420
