Type,Name,Request Count,Failure Count,Median Response Time,Average Response Time,Min Response Time,Max Response Time,Average Content Size,Requests/s,Failures/s,50%,66%,75%,80%,90%,95%,98%,99%,99.9%,99.99%,100%
GET,/,8029,0,87,98.57855955909871,1.8872999999999251,452.64150000000035,8688.0,422.1597159315522,0.0,87,99,110,170,210,290,300,310,390,450,450
,Aggregated,8029,0,87,98.57855955909871,1.8872999999999251,452.64150000000035,8688.0,422.1597159315522,0.0,87,99,110,170,210,290,300,310,390,450,450
