Type,Name,Request Count,Failure Count,Median Response Time,Average Response Time,Min Response Time,Max Response Time,Average Content Size,Requests/s,Failures/s,50%,66%,75%,80%,90%,95%,98%,99%,99.9%,99.99%,100%
GET,/,9123,0,35,61.93699436588867,1.1744999999994121,507.36960000000056,8688.0,479.4565404747749,0.0,35,72,83,93,160,200,320,390,400,510,510
,Aggregated,9123,0,35,61.93699436588867,1.1744999999994121,507.36960000000056,8688.0,479.4565404747749,0.0,35,72,83,93,160,200,320,390,400,510,510
