Type,Name,Request Count,Failure Count,Median Response Time,Average Response Time,Min Response Time,Max Response Time,Average Content Size,Requests/s,Failures/s,50%,66%,75%,80%,90%,95%,98%,99%,99.9%,99.99%,100%
GET,/,6815,0,84,86.4854663976519,1.3657000000000252,403.07830000000024,8688.0,357.08453524108006,0.0,84,93,100,110,190,260,300,350,390,400,400
,Aggregated,6815,0,84,86.4854663976519,1.3657000000000252,403.07830000000024,8688.0,357.08453524108006,0.0,84,93,100,110,190,260,300,350,390,400,400
