Type,Name,Request Count,Failure Count,Median Response Time,Average Response Time,Min Response Time,Max Response Time,Average Content Size,Requests/s,Failures/s,50%,66%,75%,80%,90%,95%,98%,99%,99.9%,99.99%,100%
GET,/,7233,0,10,37.969654140743664,1.2404000000003634,380.06610000000006,8688.0,379.7141147585605,0.0,10,26,57,70,96,160,210,270,360,380,380
,Aggregated,7233,0,10,37.969654140743664,1.2404000000003634,380.06610000000006,8688.0,379.7141147585605,0.0,10,26,57,70,96,160,210,270,360,380,380
