Type,Name,Request Count,Failure Count,Median Response Time,Average Response Time,Min Response Time,Max Response Time,Average Content Size,Requests/s,Failures/s,50%,66%,75%,80%,90%,95%,98%,99%,99.9%,99.99%,100%
GET,/,7923,0,74,79.4816441625645,1.3816999999995971,466.62710000000015,8688.0,416.0445441171113,0.0,74,88,98,110,190,260,300,380,400,470,470
,Aggregated,7923,0,74,79.4816441625645,1.3816999999995971,466.62710000000015,8688.0,416.0445441171113,0.0,74,88,98,110,190,260,300,380,400,470,470
