Type,Name,Request Count,Failure Count,Median Response Time,Average Response Time,Min Response Time,Max Response Time,Average Content Size,Requests/s,Failures/s,50%,66%,75%,80%,90%,95%,98%,99%,99.9%,99.99%,100%
GET,/,8934,0,17,54.40521774121345,1.2918000000006202,387.30320000000074,8688.0,468.771021356028,0.0,17,57,75,86,180,210,280,300,350,390,390
,Aggregated,8934,0,17,54.40521774121345,1.2918000000006202,387.30320000000074,8688.0,468.771021356028,0.0,17,57,75,86,180,210,280,300,350,390,390
