Type,Name,Request Count,Failure Count,Median Response Time,Average Response Time,Min Response Time,Max Response Time,Average Content Size,Requests/s,Failures/s,50%,66%,75%,80%,90%,95%,98%,99%,99.9%,99.99%,100%
GET,/,8480,0,52,69.22718788915091,1.4337000000015365,383.2309,8688.0,446.2049266219501,0.0,52,80,97,110,190,210,260,280,360,380,380
,Aggregated,8480,0,52,69.22718788915091,1.4337000000015365,383.2309,8688.0,446.2049266219501,0.0,52,80,97,110,190,210,260,280,360,380,380
