Type,Name,Request Count,Failure Count,Median Response Time,Average Response Time,Min Response Time,Max Response Time,Average Content Size,Requests/s,Failures/s,50%,66%,75%,80%,90%,95%,98%,99%,99.9%,99.99%,100%
GET,/,9367,0,69,68.85861142308099,1.611800000000052,398.6031000000008,8688.0,491.50366404247285,0.0,69,86,94,99,140,190,220,290,390,400,400
,Aggregated,9367,0,69,68.85861142308099,1.611800000000052,398.6031000000008,8688.0,491.50366404247285,0.0,69,86,94,99,140,190,220,290,390,400,400
