Type,Name,Request Count,Failure Count,Median Response Time,Average Response Time,Min Response Time,Max Response Time,Average Content Size,Requests/s,Failures/s,50%,66%,75%,80%,90%,95%,98%,99%,99.9%,99.99%,100%
GET,/,8634,0,15,44.18009752142702,1.3554999999989548,409.82329999999934,8688.0,451.9344872580196,0.0,15,34,62,75,110,180,270,290,370,410,410
,Aggregated,8634,0,15,44.18009752142702,1.3554999999989548,409.82329999999934,8688.0,451.9344872580196,0.0,15,34,62,75,110,180,270,290,370,410,410
