Type,Name,Request Count,Failure Count,Median Response Time,Average Response Time,Min Response Time,Max Response Time,Average Content Size,Requests/s,Failures/s,50%,66%,75%,80%,90%,95%,98%,99%,99.9%,99.99%,100%
GET,/,9019,0,53,59.37372250803858,1.3899999999971158,398.8802999999992,8688.0,474.903862821174,0.0,53,76,86,93,120,180,230,270,340,400,400
,Aggregated,9019,0,53,59.37372250803858,1.3899999999971158,398.8802999999992,8688.0,474.903862821174,0.0,53,76,86,93,120,180,230,270,340,400,400
