Type,Name,Request Count,Failure Count,Median Response Time,Average Response Time,Min Response Time,Max Response Time,Average Content Size,Requests/s,Failures/s,50%,66%,75%,80%,90%,95%,98%,99%,99.9%,99.99%,100%
GET,/,8654,0,84,83.0117968222793,1.567500000000166,304.56449999999967,8688.0,454.0683088739248,0.0,84,95,100,110,170,200,250,260,290,300,300
,Aggregated,8654,0,84,83.0117968222793,1.567500000000166,304.56449999999967,8688.0,454.0683088739248,0.0,84,95,100,110,170,200,250,260,290,300,300
