Type,Name,Request Count,Failure Count,Median Response Time,Average Response Time,Min Response Time,Max Response Time,Average Content Size,Requests/s,Failures/s,50%,66%,75%,80%,90%,95%,98%,99%,99.9%,99.99%,100%
GET,/,7666,0,90,96.62440532220165,1.7145999999996775,416.85380000000015,8688.0,401.92246651616375,0.0,90,100,110,120,190,230,290,310,370,420,420
,Aggregated,7666,0,90,96.62440532220165,1.7145999999996775,416.85380000000015,8688.0,401.92246651616375,0.0,90,100,110,120,190,230,290,310,370,420,420
