Type,Name,Request Count,Failure Count,Median Response Time,Average Response Time,Min Response Time,Max Response Time,Average Content Size,Requests/s,Failures/s,50%,66%,75%,80%,90%,95%,98%,99%,99.9%,99.99%,100%
GET,/,9392,0,80,81.27338159071523,1.7884999999999707,374.40260000000023,8688.0,491.94691630835075,0.0,80,92,100,110,180,200,250,270,340,370,370
,Aggregated,9392,0,80,81.27338159071523,1.7884999999999707,374.40260000000023,8688.0,491.94691630835075,0.0,80,92,100,110,180,200,250,270,340,370,370
