Type,Name,Request Count,Failure Count,Median Response Time,Average Response Time,Min Response Time,Max Response Time,Average Content Size,Requests/s,Failures/s,50%,66%,75%,80%,90%,95%,98%,99%,99.9%,99.99%,100%
GET,/,9150,0,82,89.50110754098334,1.5361000000009284,359.41880000000026,8688.0,479.0052217321862,0.0,82,98,110,130,180,210,270,280,350,360,360
,Aggregated,9150,0,82,89.50110754098334,1.5361000000009284,359.41880000000026,8688.0,479.0052217321862,0.0,82,98,110,130,180,210,270,280,350,360,360
