Type,Name,Request Count,Failure Count,Median Response Time,Average Response Time,Min Response Time,Max Response Time,Average Content Size,Requests/s,Failures/s,50%,66%,75%,80%,90%,95%,98%,99%,99.9%,99.99%,100%
GET,/,8196,0,75,86.78564028794602,1.2223999999996238,464.4890000000004,8688.0,430.1441648789829,0.0,75,94,110,120,200,290,310,360,400,460,460
,Aggregated,8196,0,75,86.78564028794602,1.2223999999996238,464.4890000000004,8688.0,430.1441648789829,0.0,75,94,110,120,200,290,310,360,400,460,460
