Type,Name,Request Count,Failure Count,Median Response Time,Average Response Time,Min Response Time,Max Response Time,Average Content Size,Requests/s,Failures/s,50%,66%,75%,80%,90%,95%,98%,99%,99.9%,99.99%,100%
GET,/,8807,0,62,66.3177150448508,1.4223000000006536,440.8979999999998,8688.0,462.28753578422385,0.0,62,82,93,100,160,190,270,290,340,440,440
,Aggregated,8807,0,62,66.3177150448508,1.4223000000006536,440.8979999999998,8688.0,462.28753578422385,0.0,62,82,93,100,160,190,270,290,340,440,440
