Type,Name,Request Count,Failure Count,Median Response Time,Average Response Time,Min Response Time,Max Response Time,Average Content Size,Requests/s,Failures/s,50%,66%,75%,80%,90%,95%,98%,99%,99.9%,99.99%,100%
GET,/,8119,0,17,60.0260483433921,1.2756999999989915,578.5554999999994,8688.0,425.10781195577755,0.0,17,71,83,89,130,260,380,410,510,580,580
,Aggregated,8119,0,17,60.0260483433921,1.2756999999989915,578.5554999999994,8688.0,425.10781195577755,0.0,17,71,83,89,130,260,380,410,510,580,580
