Type,Name,Request Count,Failure Count,Median Response Time,Average Response Time,Min Response Time,Max Response Time,Average Content Size,Requests/s,Failures/s,50%,66%,75%,80%,90%,95%,98%,99%,99.9%,99.99%,100%
GET,/,8808,0,23,58.079570560853576,1.297600000000898,380.0422999999995,8688.0,461.41933990886025,0.0,23,69,82,91,170,200,250,280,330,380,380
,Aggregated,8808,0,23,58.079570560853576,1.297600000000898,380.0422999999995,8688.0,461.41933990886025,0.0,23,69,82,91,170,200,250,280,330,380,380
