Type,Name,Request Count,Failure Count,Median Response Time,Average Response Time,Min Response Time,Max Response Time,Average Content Size,Requests/s,Failures/s,50%,66%,75%,80%,90%,95%,98%,99%,99.9%,99.99%,100%
GET,/,9403,0,28,61.43971916409649,1.3898999999994999,369.3647999999996,8688.0,494.0876664387135,0.0,28,73,89,100,170,200,260,280,350,370,370
,Aggregated,9403,0,28,61.43971916409649,1.3898999999994999,369.3647999999996,8688.0,494.0876664387135,0.0,28,73,89,100,170,200,260,280,350,370,370
