Type,Name,Request Count,Failure Count,Median Response Time,Average Response Time,Min Response Time,Max Response Time,Average Content Size,Requests/s,Failures/s,50%,66%,75%,80%,90%,95%,98%,99%,99.9%,99.99%,100%
GET,/,8329,0,16,51.427956669467875,1.3855999999989876,392.54690000000016,8688.0,436.43176198729304,0.0,16,56,71,81,140,210,290,300,370,390,390
,Aggregated,8329,0,16,51.427956669467875,1.3855999999989876,392.54690000000016,8688.0,436.43176198729304,0.0,16,56,71,81,140,210,290,300,370,390,390
