Type,Name,Request Count,Failure Count,Median Response Time,Average Response Time,Min Response Time,Max Response Time,Average Content Size,Requests/s,Failures/s,50%,66%,75%,80%,90%,95%,98%,99%,99.9%,99.99%,100%
GET,/,9079,0,84,90.69925616257292,2.3169999999996804,429.37499999999983,8688.0,476.3128874778763,0.0,84,96,110,120,190,220,290,330,420,430,430
,Aggregated,9079,0,84,90.69925616257292,2.3169999999996804,429.37499999999983,8688.0,476.3128874778763,0.0,84,96,110,120,190,220,290,330,420,430,430
