Type,Name,Request Count,Failure Count,Median Response Time,Average Response Time,Min Response Time,Max Response Time,Average Content Size,Requests/s,Failures/s,50%,66%,75%,80%,90%,95%,98%,99%,99.9%,99.99%,100%
GET,/,10236,0,50,63.61975337045719,1.8864999999976817,366.6129000000007,8688.0,535.8098953406591,0.0,50,75,89,100,150,190,240,270,340,350,370
,Aggregated,10236,0,50,63.61975337045719,1.8864999999976817,366.6129000000007,8688.0,535.8098953406591,0.0,50,75,89,100,150,190,240,270,340,350,370
