Type,Name,Request Count,Failure Count,Median Response Time,Average Response Time,Min Response Time,Max Response Time,Average Content Size,Requests/s,Failures/s,50%,66%,75%,80%,90%,95%,98%,99%,99.9%,99.99%,100%
GET,/,8518,0,15,51.78757518196774,1.3548000000014326,448.7277000000001,8688.0,446.3136617103564,0.0,15,49,73,85,170,210,280,310,380,450,450
,Aggregated,8518,0,15,51.78757518196774,1.3548000000014326,448.7277000000001,8688.0,446.3136617103564,0.0,15,49,73,85,170,210,280,310,380,450,450
