Type,Name,Request Count,Failure Count,Median Response Time,Average Response Time,Min Response Time,Max Response Time,Average Content Size,Requests/s,Failures/s,50%,66%,75%,80%,90%,95%,98%,99%,99.9%,99.99%,100%
GET,/,9904,0,23,47.82156864903095,1.3719000000005366,397.92250000000087,8688.0,519.7772438161129,0.0,23,59,73,80,98,160,210,290,320,400,400
,Aggregated,9904,0,23,47.82156864903095,1.3719000000005366,397.92250000000087,8688.0,519.7772438161129,0.0,23,59,73,80,98,160,210,290,320,400,400
