Type,Name,Request Count,Failure Count,Median Response Time,Average Response Time,Min Response Time,Max Response Time,Average Content Size,Requests/s,Failures/s,50%,66%,75%,80%,90%,95%,98%,99%,99.9%,99.99%,100%
GET,/,7878,0,12,41.36626005331304,1.3804999999997847,409.2747000000001,8688.0,413.0547339735145,0.0,12,21,53,70,100,200,270,290,360,410,410
,Aggregated,7878,0,12,41.36626005331304,1.3804999999997847,409.2747000000001,8688.0,413.0547339735145,0.0,12,21,53,70,100,200,270,290,360,410,410
