Type,Name,Request Count,Failure Count,Median Response Time,Average Response Time,Min Response Time,Max Response Time,Average Content Size,Requests/s,Failures/s,50%,66%,75%,80%,90%,95%,98%,99%,99.9%,99.99%,100%
GET,/,9352,0,27,54.439665076988604,1.4963999999970667,359.88810000000007,8688.0,490.0083356479305,0.0,27,69,83,91,120,190,220,290,310,360,360
,Aggregated,9352,0,27,54.439665076988604,1.4963999999970667,359.88810000000007,8688.0,490.0083356479305,0.0,27,69,83,91,120,190,220,290,310,360,360
