Type,Name,Request Count,Failure Count,Median Response Time,Average Response Time,Min Response Time,Max Response Time,Average Content Size,Requests/s,Failures/s,50%,66%,75%,80%,90%,95%,98%,99%,99.9%,99.99%,100%
GET,/,9304,0,77,81.08405721195196,1.6508000000001744,448.1187000000002,8688.0,486.67306666240984,0.0,77,92,100,110,180,210,270,300,350,450,450
,Aggregated,9304,0,77,81.08405721195196,1.6508000000001744,448.1187000000002,8688.0,486.67306666240984,0.0,77,92,100,110,180,210,270,300,350,450,450
