Type,Name,Request Count,Failure Count,Median Response Time,Average Response Time,Min Response Time,Max Response Time,Average Content Size,Requests/s,Failures/s,50%,66%,75%,80%,90%,95%,98%,99%,99.9%,99.99%,100%
GET,/,8412,0,23,52.052095126010535,1.4006999999995884,333.18499999999983,8688.0,440.72821920417385,0.0,23,66,82,89,120,190,220,230,310,330,330
,Aggregated,8412,0,23,52.052095126010535,1.4006999999995884,333.18499999999983,8688.0,440.72821920417385,0.0,23,66,82,89,120,190,220,230,310,330,330
