Type,Name,Request Count,Failure Count,Median Response Time,Average Response Time,Min Response Time,Max Response Time,Average Content Size,Requests/s,Failures/s,50%,66%,75%,80%,90%,95%,98%,99%,99.9%,99.99%,100%
GET,/,6890,0,13,44.91962455732952,1.326600000002287,407.8255999999998,8688.0,363.78903591536783,0.0,13,21,48,63,160,230,280,310,380,410,410
,Aggregated,6890,0,13,44.91962455732952,1.326600000002287,407.8255999999998,8688.0,363.78903591536783,0.0,13,21,48,63,160,230,280,310,380,410,410
