Type,Name,Request Count,Failure Count,Median Response Time,Average Response Time,Min Response Time,Max Response Time,Average Content Size,Requests/s,Failures/s,50%,66%,75%,80%,90%,95%,98%,99%,99.9%,99.99%,100%
GET,/,9300,0,15,45.766278881720496,1.2654999999988092,405.6096,8688.0,486.68287145114425,0.0,15,34,64,76,110,190,290,350,390,410,410
,Aggregated,9300,0,15,45.766278881720496,1.2654999999988092,405.6096,8688.0,486.68287145114425,0.0,15,34,64,76,110,190,290,350,390,410,410
