Type,Name,Request Count,Failure Count,Median Response Time,Average Response Time,Min Response Time,Max Response Time,Average Content Size,Requests/s,Failures/s,50%,66%,75%,80%,90%,95%,98%,99%,99.9%,99.99%,100%
GET,/,9223,0,87,97.50856227908474,1.8522999999994738,403.0763999999989,8688.0,482.9471927406334,0.0,87,100,130,170,200,250,280,300,360,400,400
,Aggregated,9223,0,87,97.50856227908474,1.8522999999994738,403.0763999999989,8688.0,482.9471927406334,0.0,87,100,130,170,200,250,280,300,360,400,400
