Type,Name,Request Count,Failure Count,Median Response Time,Average Response Time,Min Response Time,Max Response Time,Average Content Size,Requests/s,Failures/s,50%,66%,75%,80%,90%,95%,98%,99%,99.9%,99.99%,100%
GET,/,9182,0,54,66.24047219560022,1.5478999999984921,376.6866999999996,8688.0,480.78564966399085,0.0,54,77,87,96,170,220,270,290,370,380,380
,Aggregated,9182,0,54,66.24047219560022,1.5478999999984921,376.6866999999996,8688.0,480.78564966399085,0.0,54,77,87,96,170,220,270,290,370,380,380
