Type,Name,Request Count,Failure Count,Median Response Time,Average Response Time,Min Response Time,Max Response Time,Average Content Size,Requests/s,Failures/s,50%,66%,75%,80%,90%,95%,98%,99%,99.9%,99.99%,100%
GET,/,7725,0,65,68.37189919741107,1.5764000000011436,393.1355999999999,8688.0,405.90434825539984,0.0,65,83,93,99,180,200,270,280,390,390,390
,Aggregated,7725,0,65,68.37189919741107,1.5764000000011436,393.1355999999999,8688.0,405.90434825539984,0.0,65,83,93,99,180,200,270,280,390,390,390
