Type,Name,Request Count,Failure Count,Median Response Time,Average Response Time,Min Response Time,Max Response Time,Average Content Size,Requests/s,Failures/s,50%,66%,75%,80%,90%,95%,98%,99%,99.9%,99.99%,100%
GET,/,8485,0,74,79.96115965822032,1.4663000000005866,469.9219000000001,8688.0,445.4864370532796,0.0,74,90,100,110,180,230,300,360,400,470,470
,Aggregated,8485,0,74,79.96115965822032,1.4663000000005866,469.9219000000001,8688.0,445.4864370532796,0.0,74,90,100,110,180,230,300,360,400,470,470
