Type,Name,Request Count,Failure Count,Median Response Time,Average Response Time,Min Response Time,Max Response Time,Average Content Size,Requests/s,Failures/s,50%,66%,75%,80%,90%,95%,98%,99%,99.9%,99.99%,100%
GET,/,7987,0,68,77.64195919619377,1.2662999999992763,412.6407999999997,8688.0,418.7309196190498,0.0,68,87,97,110,190,270,370,380,400,410,410
,Aggregated,7987,0,68,77.64195919619377,1.2662999999992763,412.6407999999997,8688.0,418.7309196190498,0.0,68,87,97,110,190,270,370,380,400,410,410
