Type,Name,Request Count,Failure Count,Median Response Time,Average Response Time,Min Response Time,Max Response Time,Average Content Size,Requests/s,Failures/s,50%,66%,75%,80%,90%,95%,98%,99%,99.9%,99.99%,100%
GET,/,7730,0,71,81.18010250970259,1.2812000000010926,482.99139999999994,8688.0,405.68457840859634,0.0,71,94,100,120,200,280,300,320,390,480,480
,Aggregated,7730,0,71,81.18010250970259,1.2812000000010926,482.99139999999994,8688.0,405.68457840859634,0.0,71,94,100,120,200,280,300,320,390,480,480
