Type,Name,Request Count,Failure Count,Median Response Time,Average Response Time,Min Response Time,Max Response Time,Average Content Size,Requests/s,Failures/s,50%,66%,75%,80%,90%,95%,98%,99%,99.9%,99.99%,100%
GET,/,8067,0,100.0,120.89908832279652,2.013300000000662,480.3405999999999,8688.0,423.8847843498734,0.0,100,130,180,190,210,280,300,320,410,480,480
,Aggregated,8067,0,100.0,120.89908832279652,2.013300000000662,480.3405999999999,8688.0,423.8847843498734,0.0,100,130,180,190,210,280,300,320,410,480,480
