Type,Name,Request Count,Failure Count,Median Response Time,Average Response Time,Min Response Time,Max Response Time,Average Content Size,Requests/s,Failures/s,50%,66%,75%,80%,90%,95%,98%,99%,99.9%,99.99%,100%
GET,/,7105,0,9,37.478135453905736,1.3030999999994464,407.6529,8688.0,372.9313135181931,0.0,9,15,29,54,100,190,280,350,390,410,410
,Aggregated,7105,0,9,37.478135453905736,1.3030999999994464,407.6529,8688.0,372.9313135181931,0.0,9,15,29,54,100,190,280,350,390,410,410
