Type,Name,Request Count,Failure Count,Median Response Time,Average Response Time,Min Response Time,Max Response Time,Average Content Size,Requests/s,Failures/s,50%,66%,75%,80%,90%,95%,98%,99%,99.9%,99.99%,100%
GET,/,8753,0,100.0,128.89767878441745,2.4462000000013973,392.3781000000002,8688.0,458.58305041793267,0.0,100,160,180,190,260,280,300,330,380,390,390
,Aggregated,8753,0,100.0,128.89767878441745,2.4462000000013973,392.3781000000002,8688.0,458.58305041793267,0.0,100,160,180,190,260,280,300,330,380,390,390
