Type,Name,Request Count,Failure Count,Median Response Time,Average Response Time,Min Response Time,Max Response Time,Average Content Size,Requests/s,Failures/s,50%,66%,75%,80%,90%,95%,98%,99%,99.9%,99.99%,100%
GET,/,8662,0,75,79.79368756638188,1.7063999999997748,379.4383999999997,8688.0,454.4107473244988,0.0,75,89,100,110,190,210,260,280,320,380,380
,Aggregated,8662,0,75,79.79368756638188,1.7063999999997748,379.4383999999997,8688.0,454.4107473244988,0.0,75,89,100,110,190,210,260,280,320,380,380
