Type,Name,Request Count,Failure Count,Median Response Time,Average Response Time,Min Response Time,Max Response Time,Average Content Size,Requests/s,Failures/s,50%,66%,75%,80%,90%,95%,98%,99%,99.9%,99.99%,100%
GET,/,8345,0,14,47.429437303774876,1.2983000000019729,405.55409999999983,8688.0,437.34052427634236,0.0,14,53,74,83,130,190,240,260,340,410,410
,Aggregated,8345,0,14,47.429437303774876,1.2983000000019729,405.55409999999983,8688.0,437.34052427634236,0.0,14,53,74,83,130,190,240,260,340,410,410
