Type,Name,Request Count,Failure Count,Median Response Time,Average Response Time,Min Response Time,Max Response Time,Average Content Size,Requests/s,Failures/s,50%,66%,75%,80%,90%,95%,98%,99%,99.9%,99.99%,100%
GET,/,9318,0,57,69.74866198755149,1.0788000000001574,497.95619999999997,1507.0,489.32280560974107,0.0,57,80,93,100,160,190,220,280,380,500,500
,Aggregated,9318,0,57,69.74866198755149,1.0788000000001574,497.95619999999997,1507.0,489.32280560974107,0.0,57,80,93,100,160,190,220,280,380,500,500
