Type,Name,Request Count,Failure Count,Median Response Time,Average Response Time,Min Response Time,Max Response Time,Average Content Size,Requests/s,Failures/s,50%,66%,75%,80%,90%,95%,98%,99%,99.9%,99.99%,100%
GET,/,8897,0,36,52.39516691019439,1.031799999999805,507.1534,1507.0,466.118394277462,0.0,36,64,74,81,100,170,190,210,400,510,510
,Aggregated,8897,0,36,52.39516691019439,1.031799999999805,507.1534,1507.0,466.118394277462,0.0,36,64,74,81,100,170,190,210,400,510,510
