Type,Name,Request Count,Failure Count,Median Response Time,Average Response Time,Min Response Time,Max Response Time,Average Content Size,Requests/s,Failures/s,50%,66%,75%,80%,90%,95%,98%,99%,99.9%,99.99%,100%
GET,/,8323,0,31,52.258807016700594,1.0449000000001263,439.7454999999999,1507.0,436.72773580290504,0.0,31,61,78,88,120,160,190,220,440,440,440
,Aggregated,8323,0,31,52.258807016700594,1.0449000000001263,439.7454999999999,1507.0,436.72773580290504,0.0,31,61,78,88,120,160,190,220,440,440,440
