Type,Name,Request Count,Failure Count,Median Response Time,Average Response Time,Min Response Time,Max Response Time,Average Content Size,Requests/s,Failures/s,50%,66%,75%,80%,90%,95%,98%,99%,99.9%,99.99%,100%
GET,/,9137,0,56,65.4629730983912,1.0681999999988534,374.60550000000035,1507.0,478.54766567981096,0.0,56,79,91,98,130,180,210,280,370,370,370
,Aggregated,9137,0,56,65.4629730983912,1.0681999999988534,374.60550000000035,1507.0,478.54766567981096,0.0,56,79,91,98,130,180,210,280,370,370,370
