Type,Name,Request Count,Failure Count,Median Response Time,Average Response Time,Min Response Time,Max Response Time,Average Content Size,Requests/s,Failures/s,50%,66%,75%,80%,90%,95%,98%,99%,99.9%,99.99%,100%
GET,/,8712,0,93,114.68632138429729,1.0854000000000141,797.7173999999998,1507.0,457.5972458390592,0.0,93,120,160,180,220,300,380,420,710,800,800
,Aggregated,8712,0,93,114.68632138429729,1.0854000000000141,797.7173999999998,1507.0,457.5972458390592,0.0,93,120,160,180,220,300,380,420,710,800,800
