Type,Name,Request Count,Failure Count,Median Response Time,Average Response Time,Min Response Time,Max Response Time,Average Content Size,Requests/s,Failures/s,50%,66%,75%,80%,90%,95%,98%,99%,99.9%,99.99%,100%
GET,/,9451,0,30,49.304296878637174,1.095399999996971,366.0595999999998,1507.0,495.5405836291434,0.0,30,56,70,81,110,150,190,250,300,370,370
,Aggregated,9451,0,30,49.304296878637174,1.095399999996971,366.0595999999998,1507.0,495.5405836291434,0.0,30,56,70,81,110,150,190,250,300,370,370
