Type,Name,Request Count,Failure Count,Median Response Time,Average Response Time,Min Response Time,Max Response Time,Average Content Size,Requests/s,Failures/s,50%,66%,75%,80%,90%,95%,98%,99%,99.9%,99.99%,100%
GET,/,8683,0,50,67.82557306230572,0.9571000000008212,402.6659000000006,1507.0,456.63512978855505,0.0,50,78,92,100,170,200,270,290,360,400,400
,Aggregated,8683,0,50,67.82557306230572,0.9571000000008212,402.6659000000006,1507.0,456.63512978855505,0.0,50,78,92,100,170,200,270,290,360,400,400
