Type,Name,Request Count,Failure Count,Median Response Time,Average Response Time,Min Response Time,Max Response Time,Average Content Size,Requests/s,Failures/s,50%,66%,75%,80%,90%,95%,98%,99%,99.9%,99.99%,100%
GET,/,8934,0,73,90.63219441459565,1.1828000000004835,515.6953,1507.0,468.0629879459133,0.0,73,98,120,150,200,260,290,310,420,520,520
,Aggregated,8934,0,73,90.63219441459565,1.1828000000004835,515.6953,1507.0,468.0629879459133,0.0,73,98,120,150,200,260,290,310,420,520,520
