Type,Name,Request Count,Failure Count,Median Response Time,Average Response Time,Min Response Time,Max Response Time,Average Content Size,Requests/s,Failures/s,50%,66%,75%,80%,90%,95%,98%,99%,99.9%,99.99%,100%
GET,/,8355,0,81,106.85408056253746,1.2536999999994691,823.3438,1507.0,438.5537254755123,0.0,81,100,130,160,230,310,440,630,740,820,820
,Aggregated,8355,0,81,106.85408056253746,1.2536999999994691,823.3438,1507.0,438.5537254755123,0.0,81,100,130,160,230,310,440,630,740,820,820
