Type,Name,Request Count,Failure Count,Median Response Time,Average Response Time,Min Response Time,Max Response Time,Average Content Size,Requests/s,Failures/s,50%,66%,75%,80%,90%,95%,98%,99%,99.9%,99.99%,100%
GET,/,7810,0,19,40.223524225352186,1.0274999999992929,465.1886000000003,1507.0,411.2676894935379,0.0,19,42,62,69,92,110,180,260,290,470,470
,Aggregated,7810,0,19,40.223524225352186,1.0274999999992929,465.1886000000003,1507.0,411.2676894935379,0.0,19,42,62,69,92,110,180,260,290,470,470
