Type,Name,Request Count,Failure Count,Median Response Time,Average Response Time,Min Response Time,Max Response Time,Average Content Size,Requests/s,Failures/s,50%,66%,75%,80%,90%,95%,98%,99%,99.9%,99.99%,100%
GET,/,9438,0,23,46.84311595677056,1.2335999999990577,430.54749999999945,1507.0,494.58290676333905,0.0,23,49,69,78,110,170,190,240,360,430,430
,Aggregated,9438,0,23,46.84311595677056,1.2335999999990577,430.54749999999945,1507.0,494.58290676333905,0.0,23,49,69,78,110,170,190,240,360,430,430
