Type,Name,Request Count,Failure Count,Median Response Time,Average Response Time,Min Response Time,Max Response Time,Average Content Size,Requests/s,Failures/s,50%,66%,75%,80%,90%,95%,98%,99%,99.9%,99.99%,100%
GET,/,8724,0,68,84.99839143741399,0.9497000000013855,710.0966999999994,1507.0,458.41977998270863,0.0,68,90,100,120,190,270,330,390,460,710,710
,Aggregated,8724,0,68,84.99839143741399,0.9497000000013855,710.0966999999994,1507.0,458.41977998270863,0.0,68,90,100,120,190,270,330,390,460,710,710
