Type,Name,Request Count,Failure Count,Median Response Time,Average Response Time,Min Response Time,Max Response Time,Average Content Size,Requests/s,Failures/s,50%,66%,75%,80%,90%,95%,98%,99%,99.9%,99.99%,100%
GET,/,10293,0,69,73.39563110852022,1.0057000000003313,477.19820000000016,1507.0,538.7112102057117,0.0,69,84,95,100,150,190,210,260,370,460,480
,Aggregated,10293,0,69,73.39563110852022,1.0057000000003313,477.19820000000016,1507.0,538.7112102057117,0.0,69,84,95,100,150,190,210,260,370,460,480
