Type,Name,Request Count,Failure Count,Median Response Time,Average Response Time,Min Response Time,Max Response Time,Average Content Size,Requests/s,Failures/s,50%,66%,75%,80%,90%,95%,98%,99%,99.9%,99.99%,100%
GET,/,9855,0,86,101.6008439269407,1.2340000000001794,571.8598000000004,1507.0,517.8648339207666,0.0,86,110,120,160,200,260,300,360,410,570,570
,Aggregated,9855,0,86,101.6008439269407,1.2340000000001794,571.8598000000004,1507.0,517.8648339207666,0.0,86,110,120,160,200,260,300,360,410,570,570
