Type,Name,Request Count,Failure Count,Median Response Time,Average Response Time,Min Response Time,Max Response Time,Average Content Size,Requests/s,Failures/s,50%,66%,75%,80%,90%,95%,98%,99%,99.9%,99.99%,100%
GET,/,8921,0,32,51.62624545454542,1.0461999999975546,355.9934,1507.0,467.64757516416427,0.0,32,60,75,85,110,170,200,250,290,360,360
,Aggregated,8921,0,32,51.62624545454542,1.0461999999975546,355.9934,1507.0,467.64757516416427,0.0,32,60,75,85,110,170,200,250,290,360,360
