Type,Name,Request Count,Failure Count,Median Response Time,Average Response Time,Min Response Time,Max Response Time,Average Content Size,Requests/s,Failures/s,50%,66%,75%,80%,90%,95%,98%,99%,99.9%,99.99%,100%
GET,/,9163,0,72,77.06242357306552,1.170999999999367,628.3417,1507.0,478.7683231490463,0.0,72,90,100,110,160,190,240,270,420,630,630
,Aggregated,9163,0,72,77.06242357306552,1.170999999999367,628.3417,1507.0,478.7683231490463,0.0,72,90,100,110,160,190,240,270,420,630,630
