Type,Name,Request Count,Failure Count,Median Response Time,Average Response Time,Min Response Time,Max Response Time,Average Content Size,Requests/s,Failures/s,50%,66%,75%,80%,90%,95%,98%,99%,99.9%,99.99%,100%
GET,/,9471,0,69,79.44153699714909,1.0675999999989472,609.9247999999999,1507.0,496.8528726634515,0.0,69,87,98,110,180,220,290,330,550,610,610
,Aggregated,9471,0,69,79.44153699714909,1.0675999999989472,609.9247999999999,1507.0,496.8528726634515,0.0,69,87,98,110,180,220,290,330,550,610,610
