Type,Name,Request Count,Failure Count,Median Response Time,Average Response Time,Min Response Time,Max Response Time,Average Content Size,Requests/s,Failures/s,50%,66%,75%,80%,90%,95%,98%,99%,99.9%,99.99%,100%
GET,/,7155,0,19,41.794736953179395,0.9765999999977737,494.77469999999977,1507.0,375.634245231734,0.0,19,30,54,65,94,160,240,290,460,490,490
,Aggregated,7155,0,19,41.794736953179395,0.9765999999977737,494.77469999999977,1507.0,375.634245231734,0.0,19,30,54,65,94,160,240,290,460,490,490
