Type,Name,Request Count,Failure Count,Median Response Time,Average Response Time,Min Response Time,Max Response Time,Average Content Size,Requests/s,Failures/s,50%,66%,75%,80%,90%,95%,98%,99%,99.9%,99.99%,100%
GET,/,8779,0,29,48.54289709534116,1.0839000000011367,406.26110000000006,1507.0,460.81652126665955,0.0,29,56,72,83,110,140,210,220,260,410,410
,Aggregated,8779,0,29,48.54289709534116,1.0839000000011367,406.26110000000006,1507.0,460.81652126665955,0.0,29,56,72,83,110,140,210,220,260,410,410
