Type,Name,Request Count,Failure Count,Median Response Time,Average Response Time,Min Response Time,Max Response Time,Average Content Size,Requests/s,Failures/s,50%,66%,75%,80%,90%,95%,98%,99%,99.9%,99.99%,100%
GET,/,7712,0,13,36.77987669865147,0.8707999999995053,466.03300000000036,1507.0,405.2042423034366,0.0,13,24,45,61,93,170,220,280,340,470,470
,Aggregated,7712,0,13,36.77987669865147,0.8707999999995053,466.03300000000036,1507.0,405.2042423034366,0.0,13,24,45,61,93,170,220,280,340,470,470
