Type,Name,Request Count,Failure Count,Median Response Time,Average Response Time,Min Response Time,Max Response Time,Average Content Size,Requests/s,Failures/s,50%,66%,75%,80%,90%,95%,98%,99%,99.9%,99.99%,100%
GET,/,9097,0,90,119.06767125425947,1.2340000000001794,965.1480000000028,1507.0,477.006237966028,0.0,90,110,170,190,260,340,440,490,620,970,970
,Aggregated,9097,0,90,119.06767125425947,1.2340000000001794,965.1480000000028,1507.0,477.006237966028,0.0,90,110,170,190,260,340,440,490,620,970,970
