Type,Name,Request Count,Failure Count,Median Response Time,Average Response Time,Min Response Time,Max Response Time,Average Content Size,Requests/s,Failures/s,50%,66%,75%,80%,90%,95%,98%,99%,99.9%,99.99%,100%
GET,/,8076,0,80,92.72520719415553,1.1481999999993775,674.5828999999999,1507.0,424.1402102402319,0.0,80,97,110,130,200,250,310,390,570,670,670
,Aggregated,8076,0,80,92.72520719415553,1.1481999999993775,674.5828999999999,1507.0,424.1402102402319,0.0,80,97,110,130,200,250,310,390,570,670,670
