Type,Name,Request Count,Failure Count,Median Response Time,Average Response Time,Min Response Time,Max Response Time,Average Content Size,Requests/s,Failures/s,50%,66%,75%,80%,90%,95%,98%,99%,99.9%,99.99%,100%
GET,/,8421,0,34,55.3752453984088,0.9621000000006319,535.5852999999993,1507.0,443.02526482845093,0.0,34,68,83,89,110,170,210,290,390,540,540
,Aggregated,8421,0,34,55.3752453984088,0.9621000000006319,535.5852999999993,1507.0,443.02526482845093,0.0,34,68,83,89,110,170,210,290,390,540,540
