Type,Name,Request Count,Failure Count,Median Response Time,Average Response Time,Min Response Time,Max Response Time,Average Content Size,Requests/s,Failures/s,50%,66%,75%,80%,90%,95%,98%,99%,99.9%,99.99%,100%
GET,/,9791,0,40,58.36961308344422,1.031799999999805,475.27040000000034,1507.0,513.6368293733249,0.0,40,70,81,88,120,160,230,280,470,480,480
,Aggregated,9791,0,40,58.36961308344422,1.031799999999805,475.27040000000034,1507.0,513.6368293733249,0.0,40,70,81,88,120,160,230,280,470,480,480
