Type,Name,Request Count,Failure Count,Median Response Time,Average Response Time,Min Response Time,Max Response Time,Average Content Size,Requests/s,Failures/s,50%,66%,75%,80%,90%,95%,98%,99%,99.9%,99.99%,100%
GET,/,9745,0,48,60.359253001539194,1.047099999997414,354.7848,1507.0,510.9622985673264,0.0,48,74,86,94,130,180,220,240,350,350,350
,Aggregated,9745,0,48,60.359253001539194,1.047099999997414,354.7848,1507.0,510.9622985673264,0.0,48,74,86,94,130,180,220,240,350,350,350
