Type,Name,Request Count,Failure Count,Median Response Time,Average Response Time,Min Response Time,Max Response Time,Average Content Size,Requests/s,Failures/s,50%,66%,75%,80%,90%,95%,98%,99%,99.9%,99.99%,100%
GET,/,9170,0,52,65.14805369683688,1.04850000000134,470.1629999999999,1507.0,485.0441955085711,0.0,52,76,89,99,150,180,220,270,380,470,470
,Aggregated,9170,0,52,65.14805369683688,1.04850000000134,470.1629999999999,1507.0,485.0441955085711,0.0,52,76,89,99,150,180,220,270,380,470,470
