Type,Name,Request Count,Failure Count,Median Response Time,Average Response Time,Min Response Time,Max Response Time,Average Content Size,Requests/s,Failures/s,50%,66%,75%,80%,90%,95%,98%,99%,99.9%,99.99%,100%
GET,/,7023,0,17,44.712583069913094,0.8944999999993541,675.5471000000002,1507.0,369.69691117939374,0.0,17,43,65,75,99,170,280,290,470,680,680
,Aggregated,7023,0,17,44.712583069913094,0.8944999999993541,675.5471000000002,1507.0,369.69691117939374,0.0,17,43,65,75,99,170,280,290,470,680,680
