Type,Name,Request Count,Failure Count,Median Response Time,Average Response Time,Min Response Time,Max Response Time,Average Content Size,Requests/s,Failures/s,50%,66%,75%,80%,90%,95%,98%,99%,99.9%,99.99%,100%
GET,/,8534,0,43,72.38648134520714,1.3964999999984684,568.8979999999999,1507.0,447.6943393345452,0.0,43,68,86,100,180,270,360,400,530,570,570
,Aggregated,8534,0,43,72.38648134520714,1.3964999999984684,568.8979999999999,1507.0,447.6943393345452,0.0,43,68,86,100,180,270,360,400,530,570,570
