Type,Name,Request Count,Failure Count,Median Response Time,Average Response Time,Min Response Time,Max Response Time,Average Content Size,Requests/s,Failures/s,50%,66%,75%,80%,90%,95%,98%,99%,99.9%,99.99%,100%
GET,/,8790,0,88,101.75712407280999,1.2243999999999033,591.1096999999996,1507.0,460.4279237586004,0.0,88,110,130,170,200,250,300,320,510,590,590
,Aggregated,8790,0,88,101.75712407280999,1.2243999999999033,591.1096999999996,1507.0,460.4279237586004,0.0,88,110,130,170,200,250,300,320,510,590,590
