Type,Name,Request Count,Failure Count,Median Response Time,Average Response Time,Min Response Time,Max Response Time,Average Content Size,Requests/s,Failures/s,50%,66%,75%,80%,90%,95%,98%,99%,99.9%,99.99%,100%
GET,/,9096,0,33,52.45245965259451,1.0481999999996106,507.8363000000001,1507.0,477.10826225252254,0.0,33,60,75,84,110,160,200,270,480,510,510
,Aggregated,9096,0,33,52.45245965259451,1.0481999999996106,507.8363000000001,1507.0,477.10826225252254,0.0,33,60,75,84,110,160,200,270,480,510,510
