Type,Name,Request Count,Failure Count,Median Response Time,Average Response Time,Min Response Time,Max Response Time,Average Content Size,Requests/s,Failures/s,50%,66%,75%,80%,90%,95%,98%,99%,99.9%,99.99%,100%
GET,/,6349,0,72,86.23758248543052,1.0972000000002424,783.6779000000007,1507.0,333.9329130268934,0.0,72,89,100,120,200,270,380,430,620,780,780
,Aggregated,6349,0,72,86.23758248543052,1.0972000000002424,783.6779000000007,1507.0,333.9329130268934,0.0,72,89,100,120,200,270,380,430,620,780,780
