Type,Name,Request Count,Failure Count,Median Response Time,Average Response Time,Min Response Time,Max Response Time,Average Content Size,Requests/s,Failures/s,50%,66%,75%,80%,90%,95%,98%,99%,99.9%,99.99%,100%
GET,/,9098,0,31,54.79044593317206,1.1111999999986466,471.87870000000044,1507.0,477.88744906089,0.0,31,60,77,86,140,180,210,230,310,470,470
,Aggregated,9098,0,31,54.79044593317206,1.1111999999986466,471.87870000000044,1507.0,477.88744906089,0.0,31,60,77,86,140,180,210,230,310,470,470
