Type,Name,Request Count,Failure Count,Median Response Time,Average Response Time,Min Response Time,Max Response Time,Average Content Size,Requests/s,Failures/s,50%,66%,75%,80%,90%,95%,98%,99%,99.9%,99.99%,100%
GET,/,9529,0,73,88.91209336761474,1.0995000000022515,727.9764999999995,1507.0,499.46923656787806,0.0,73,91,110,120,190,280,390,410,640,730,730
,Aggregated,9529,0,73,88.91209336761474,1.0995000000022515,727.9764999999995,1507.0,499.46923656787806,0.0,73,91,110,120,190,280,390,410,640,730,730
