Type,Name,Request Count,Failure Count,Median Response Time,Average Response Time,Min Response Time,Max Response Time,Average Content Size,Requests/s,Failures/s,50%,66%,75%,80%,90%,95%,98%,99%,99.9%,99.99%,100%
GET,/,9138,0,36,56.08370531845049,1.421500000002851,736.8955999999995,1507.0,478.0072246437219,0.0,36,63,76,85,110,170,240,340,530,740,740
,Aggregated,9138,0,36,56.08370531845049,1.421500000002851,736.8955999999995,1507.0,478.0072246437219,0.0,36,63,76,85,110,170,240,340,530,740,740
