Type,Name,Request Count,Failure Count,Median Response Time,Average Response Time,Min Response Time,Max Response Time,Average Content Size,Requests/s,Failures/s,50%,66%,75%,80%,90%,95%,98%,99%,99.9%,99.99%,100%
GET,/,8676,0,23,47.92255221300124,1.1364999999994296,746.9546999999999,1507.0,454.86748700554284,0.0,23,45,63,73,100,170,270,340,450,750,750
,Aggregated,8676,0,23,47.92255221300124,1.1364999999994296,746.9546999999999,1507.0,454.86748700554284,0.0,23,45,63,73,100,170,270,340,450,750,750
