Type,Name,Request Count,Failure Count,Median Response Time,Average Response Time,Min Response Time,Max Response Time,Average Content Size,Requests/s,Failures/s,50%,66%,75%,80%,90%,95%,98%,99%,99.9%,99.99%,100%
GET,/,7125,0,37,67.80584957192987,1.1150999999998135,502.94540000000063,1507.0,373.5814767871235,0.0,37,71,89,100,180,240,330,360,500,500,500
,Aggregated,7125,0,37,67.80584957192987,1.1150999999998135,502.94540000000063,1507.0,373.5814767871235,0.0,37,71,89,100,180,240,330,360,500,500,500
