Type,Name,Request Count,Failure Count,Median Response Time,Average Response Time,Min Response Time,Max Response Time,Average Content Size,Requests/s,Failures/s,50%,66%,75%,80%,90%,95%,98%,99%,99.9%,99.99%,100%
GET,/,8796,0,68,84.87682112323749,1.191799999999077,568.4920999999994,1507.0,462.9584759236131,0.0,68,91,110,120,190,260,300,360,420,570,570
,Aggregated,8796,0,68,84.87682112323749,1.191799999999077,568.4920999999994,1507.0,462.9584759236131,0.0,68,91,110,120,190,260,300,360,420,570,570
