Type,Name,Request Count,Failure Count,Median Response Time,Average Response Time,Min Response Time,Max Response Time,Average Content Size,Requests/s,Failures/s,50%,66%,75%,80%,90%,95%,98%,99%,99.9%,99.99%,100%
GET,/,9065,0,67,86.37340071704362,1.1140999999987855,868.2300000000005,1507.0,474.8356304107634,0.0,67,88,110,130,200,260,350,390,600,870,870
,Aggregated,9065,0,67,86.37340071704362,1.1140999999987855,868.2300000000005,1507.0,474.8356304107634,0.0,67,88,110,130,200,260,350,390,600,870,870
