Type,Name,Request Count,Failure Count,Median Response Time,Average Response Time,Min Response Time,Max Response Time,Average Content Size,Requests/s,Failures/s,50%,66%,75%,80%,90%,95%,98%,99%,99.9%,99.99%,100%
GET,/,10482,0,33,46.70980001908029,0.9776000000023544,268.2854000000003,1507.0,550.2659797337002,0.0,33,58,71,79,95,110,180,190,230,270,270
,Aggregated,10482,0,33,46.70980001908029,0.9776000000023544,268.2854000000003,1507.0,550.2659797337002,0.0,33,58,71,79,95,110,180,190,230,270,270
