Type,Name,Request Count,Failure Count,Median Response Time,Average Response Time,Min Response Time,Max Response Time,Average Content Size,Requests/s,Failures/s,50%,66%,75%,80%,90%,95%,98%,99%,99.9%,99.99%,100%
GET,/,9419,0,70,77.29563189298216,0.9667000000010972,404.83610000000067,1507.0,493.6294709449375,0.0,70,87,98,110,170,190,250,280,390,400,400
,Aggregated,9419,0,70,77.29563189298216,0.9667000000010972,404.83610000000067,1507.0,493.6294709449375,0.0,70,87,98,110,170,190,250,280,390,400,400
