Type,Name,Request Count,Failure Count,Median Response Time,Average Response Time,Min Response Time,Max Response Time,Average Content Size,Requests/s,Failures/s,50%,66%,75%,80%,90%,95%,98%,99%,99.9%,99.99%,100%
GET,/,8953,0,23,44.101021456495026,0.9468999999988625,529.3399000000001,1507.0,469.08719034056935,0.0,23,48,67,74,96,130,200,240,530,530,530
,Aggregated,8953,0,23,44.101021456495026,0.9468999999988625,529.3399000000001,1507.0,469.08719034056935,0.0,23,48,67,74,96,130,200,240,530,530,530
