Type,Name,Request Count,Failure Count,Median Response Time,Average Response Time,Min Response Time,Max Response Time,Average Content Size,Requests/s,Failures/s,50%,66%,75%,80%,90%,95%,98%,99%,99.9%,99.99%,100%
GET,/,8730,0,73,81.76727636884307,1.0630999999996504,746.2290999999999,1507.0,456.96180355294626,0.0,73,94,110,120,180,200,270,330,480,750,750
,Aggregated,8730,0,73,81.76727636884307,1.0630999999996504,746.2290999999999,1507.0,456.96180355294626,0.0,73,94,110,120,180,200,270,330,480,750,750
