Type,Name,Request Count,Failure Count,Median Response Time,Average Response Time,Min Response Time,Max Response Time,Average Content Size,Requests/s,Failures/s,50%,66%,75%,80%,90%,95%,98%,99%,99.9%,99.99%,100%
GET,/,8761,0,79,97.94855592968909,1.1106000000005167,766.4350999999998,1507.0,459.0382431377205,0.0,79,100,120,160,200,280,320,410,700,770,770
,Aggregated,8761,0,79,97.94855592968909,1.1106000000005167,766.4350999999998,1507.0,459.0382431377205,0.0,79,100,120,160,200,280,320,410,700,770,770
