Type,Name,Request Count,Failure Count,Median Response Time,Average Response Time,Min Response Time,Max Response Time,Average Content Size,Requests/s,Failures/s,50%,66%,75%,80%,90%,95%,98%,99%,99.9%,99.99%,100%
GET,/,8325,0,29,49.77908705105139,1.018499999998923,435.37760000000026,1507.0,436.348133412163,0.0,29,62,75,84,100,170,190,250,430,440,440
,Aggregated,8325,0,29,49.77908705105139,1.018499999998923,435.37760000000026,1507.0,436.348133412163,0.0,29,62,75,84,100,170,190,250,430,440,440
