Type,Name,Request Count,Failure Count,Median Response Time,Average Response Time,Min Response Time,Max Response Time,Average Content Size,Requests/s,Failures/s,50%,66%,75%,80%,90%,95%,98%,99%,99.9%,99.99%,100%
GET,/,9800,0,69,78.36285342857128,1.0665999999996956,448.4306,1507.0,512.8381811451742,0.0,69,88,99,110,180,200,250,290,370,450,450
,Aggregated,9800,0,69,78.36285342857128,1.0665999999996956,448.4306,1507.0,512.8381811451742,0.0,69,88,99,110,180,200,250,290,370,450,450
