Type,Name,Request Count,Failure Count,Median Response Time,Average Response Time,Min Response Time,Max Response Time,Average Content Size,Requests/s,Failures/s,50%,66%,75%,80%,90%,95%,98%,99%,99.9%,99.99%,100%
GET,/,9934,0,27,48.66418898731632,0.901100000000099,449.7836999999993,1507.0,521.3656507955615,0.0,27,55,70,80,110,150,210,250,380,450,450
,Aggregated,9934,0,27,48.66418898731632,0.901100000000099,449.7836999999993,1507.0,521.3656507955615,0.0,27,55,70,80,110,150,210,250,380,450,450
