Type,Name,Request Count,Failure Count,Median Response Time,Average Response Time,Min Response Time,Max Response Time,Average Content Size,Requests/s,Failures/s,50%,66%,75%,80%,90%,95%,98%,99%,99.9%,99.99%,100%
GET,/,8437,0,24,48.07332173758441,0.9846000000024446,499.7745,1507.0,442.8892132759546,0.0,24,48,71,82,110,160,200,270,480,500,500
,Aggregated,8437,0,24,48.07332173758441,0.9846000000024446,499.7745,1507.0,442.8892132759546,0.0,24,48,71,82,110,160,200,270,480,500,500
