Type,Name,Request Count,Failure Count,Median Response Time,Average Response Time,Min Response Time,Max Response Time,Average Content Size,Requests/s,Failures/s,50%,66%,75%,80%,90%,95%,98%,99%,99.9%,99.99%,100%
GET,/,9262,0,33,52.772705646728284,0.9285000000005539,384.46619999999945,1507.0,485.5896274764151,0.0,33,62,75,84,120,160,210,230,340,380,380
,Aggregated,9262,0,33,52.772705646728284,0.9285000000005539,384.46619999999945,1507.0,485.5896274764151,0.0,33,62,75,84,120,160,210,230,340,380,380
