Type,Name,Request Count,Failure Count,Median Response Time,Average Response Time,Min Response Time,Max Response Time,Average Content Size,Requests/s,Failures/s,50%,66%,75%,80%,90%,95%,98%,99%,99.9%,99.99%,100%
GET,/,9432,0,59,74.42766231976275,0.9464000000001249,728.5389999999996,1507.0,493.2753272731163,0.0,59,82,94,100,170,230,310,370,550,730,730
,Aggregated,9432,0,59,74.42766231976275,0.9464000000001249,728.5389999999996,1507.0,493.2753272731163,0.0,59,82,94,100,170,230,310,370,550,730,730
