Type,Name,Request Count,Failure Count,Median Response Time,Average Response Time,Min Response Time,Max Response Time,Average Content Size,Requests/s,Failures/s,50%,66%,75%,80%,90%,95%,98%,99%,99.9%,99.99%,100%
GET,/,8578,0,28,50.74051650734433,0.9800999999995952,462.49379999999985,1507.0,449.40852072178734,0.0,28,56,72,82,110,160,210,270,420,460,460
,Aggregated,8578,0,28,50.74051650734433,0.9800999999995952,462.49379999999985,1507.0,449.40852072178734,0.0,28,56,72,82,110,160,210,270,420,460,460
