Type,Name,Request Count,Failure Count,Median Response Time,Average Response Time,Min Response Time,Max Response Time,Average Content Size,Requests/s,Failures/s,50%,66%,75%,80%,90%,95%,98%,99%,99.9%,99.99%,100%
GET,/,8379,0,36,57.4536446234635,1.0679000000006766,493.7467,1507.0,439.08383215338336,0.0,36,69,81,89,110,180,260,320,440,490,490
,Aggregated,8379,0,36,57.4536446234635,1.0679000000006766,493.7467,1507.0,439.08383215338336,0.0,36,69,81,89,110,180,260,320,440,490,490
