Type,Name,Request Count,Failure Count,Median Response Time,Average Response Time,Min Response Time,Max Response Time,Average Content Size,Requests/s,Failures/s,50%,66%,75%,80%,90%,95%,98%,99%,99.9%,99.99%,100%
GET,/,7152,0,17,41.91535022371361,1.0185000000006994,746.6494999999993,1507.0,376.83244291774656,0.0,17,24,47,61,98,180,250,360,550,750,750
,Aggregated,7152,0,17,41.91535022371361,1.0185000000006994,746.6494999999993,1507.0,376.83244291774656,0.0,17,24,47,61,98,180,250,360,550,750,750
