Type,Name,Request Count,Failure Count,Median Response Time,Average Response Time,Min Response Time,Max Response Time,Average Content Size,Requests/s,Failures/s,50%,66%,75%,80%,90%,95%,98%,99%,99.9%,99.99%,100%
GET,/,7902,0,30,55.27852243735764,1.1668999999994156,498.0342000000002,1507.0,414.0873060377761,0.0,30,65,79,89,120,180,270,300,420,500,500
,Aggregated,7902,0,30,55.27852243735764,1.1668999999994156,498.0342000000002,1507.0,414.0873060377761,0.0,30,65,79,89,120,180,270,300,420,500,500
