Type,Name,Request Count,Failure Count,Median Response Time,Average Response Time,Min Response Time,Max Response Time,Average Content Size,Requests/s,Failures/s,50%,66%,75%,80%,90%,95%,98%,99%,99.9%,99.99%,100%
GET,/,9600,0,36,55.496508156250314,1.473999999998199,431.6677000000002,1507.0,503.6162323815135,0.0,36,65,81,89,120,160,200,270,350,430,430
,Aggregated,9600,0,36,55.496508156250314,1.473999999998199,431.6677000000002,1507.0,503.6162323815135,0.0,36,65,81,89,120,160,200,270,350,430,430
