Type,Name,Request Count,Failure Count,Median Response Time,Average Response Time,Min Response Time,Max Response Time,Average Content Size,Requests/s,Failures/s,50%,66%,75%,80%,90%,95%,98%,99%,99.9%,99.99%,100%
GET,/,8251,0,23,51.10723291722205,1.0989999999999611,541.8703000000003,1507.0,432.50730096600773,0.0,23,51,73,86,140,170,230,290,370,540,540
,Aggregated,8251,0,23,51.10723291722205,1.0989999999999611,541.8703000000003,1507.0,432.50730096600773,0.0,23,51,73,86,140,170,230,290,370,540,540
