Type,Name,Request Count,Failure Count,Median Response Time,Average Response Time,Min Response Time,Max Response Time,Average Content Size,Requests/s,Failures/s,50%,66%,75%,80%,90%,95%,98%,99%,99.9%,99.99%,100%
GET,/,9210,0,32,48.163367470141175,1.0767000000004856,333.43660000000017,1507.0,482.75459981697594,0.0,32,57,70,79,100,130,190,210,330,330,330
,Aggregated,9210,0,32,48.163367470141175,1.0767000000004856,333.43660000000017,1507.0,482.75459981697594,0.0,32,57,70,79,100,130,190,210,330,330,330
