Type,Name,Request Count,Failure Count,Median Response Time,Average Response Time,Min Response Time,Max Response Time,Average Content Size,Requests/s,Failures/s,50%,66%,75%,80%,90%,95%,98%,99%,99.9%,99.99%,100%
GET,/,8678,0,28,49.91217426826476,1.1147999999998603,467.35029999999966,1507.0,455.8244927363846,0.0,28,61,74,81,110,170,210,250,370,470,470
,Aggregated,8678,0,28,49.91217426826476,1.1147999999998603,467.35029999999966,1507.0,455.8244927363846,0.0,28,61,74,81,110,170,210,250,370,470,470
