Type,Name,Request Count,Failure Count,Median Response Time,Average Response Time,Min Response Time,Max Response Time,Average Content Size,Requests/s,Failures/s,50%,66%,75%,80%,90%,95%,98%,99%,99.9%,99.99%,100%
GET,/,7852,0,20,48.13830946255734,0.9475000000005451,445.20040000000006,1507.0,411.5970456403814,0.0,20,53,70,82,120,170,230,270,330,450,450
,Aggregated,7852,0,20,48.13830946255734,0.9475000000005451,445.20040000000006,1507.0,411.5970456403814,0.0,20,53,70,82,120,170,230,270,330,450,450
