Type,Name,Request Count,Failure Count,Median Response Time,Average Response Time,Min Response Time,Max Response Time,Average Content Size,Requests/s,Failures/s,50%,66%,75%,80%,90%,95%,98%,99%,99.9%,99.99%,100%
GET,/,8734,0,63,73.85091051064752,0.9686999999996004,476.90069999999986,1507.0,457.30539176697647,0.0,63,83,95,110,170,200,260,330,420,480,480
,Aggregated,8734,0,63,73.85091051064752,0.9686999999996004,476.90069999999986,1507.0,457.30539176697647,0.0,63,83,95,110,170,200,260,330,420,480,480
