Type,Name,Request Count,Failure Count,Median Response Time,Average Response Time,Min Response Time,Max Response Time,Average Content Size,Requests/s,Failures/s,50%,66%,75%,80%,90%,95%,98%,99%,99.9%,99.99%,100%
GET,/,8802,0,95,127.85913471938224,0.9264000000008821,1090.2466000000004,1507.0,463.0340689198673,0.0,95,130,180,190,260,310,490,600,990,1100,1100
,Aggregated,8802,0,95,127.85913471938224,0.9264000000008821,1090.2466000000004,1507.0,463.0340689198673,0.0,95,130,180,190,260,310,490,600,990,1100,1100
