Type,Name,Request Count,Failure Count,Median Response Time,Average Response Time,Min Response Time,Max Response Time,Average Content Size,Requests/s,Failures/s,50%,66%,75%,80%,90%,95%,98%,99%,99.9%,99.99%,100%
GET,/,8636,0,29,53.72533100972679,1.1033000000004733,608.9484999999994,1507.0,452.98304167841843,0.0,29,58,74,87,120,190,260,290,390,610,610
,Aggregated,8636,0,29,53.72533100972679,1.1033000000004733,608.9484999999994,1507.0,452.98304167841843,0.0,29,58,74,87,120,190,260,290,390,610,610
