Type,Name,Request Count,Failure Count,Median Response Time,Average Response Time,Min Response Time,Max Response Time,Average Content Size,Requests/s,Failures/s,50%,66%,75%,80%,90%,95%,98%,99%,99.9%,99.99%,100%
GET,/,8427,0,59,65.93686006882653,0.9912999999999172,604.7056,1507.0,442.6514917424483,0.0,59,79,90,96,130,190,230,290,510,600,600
,Aggregated,8427,0,59,65.93686006882653,0.9912999999999172,604.7056,1507.0,442.6514917424483,0.0,59,79,90,96,130,190,230,290,510,600,600
