Type,Name,Request Count,Failure Count,Median Response Time,Average Response Time,Min Response Time,Max Response Time,Average Content Size,Requests/s,Failures/s,50%,66%,75%,80%,90%,95%,98%,99%,99.9%,99.99%,100%
GET,/,9374,0,44,55.90027560273092,1.5686000000005862,373.78899999999993,1507.0,489.5794346732674,0.0,44,63,78,85,110,140,200,250,320,370,370
,Aggregated,9374,0,44,55.90027560273092,1.5686000000005862,373.78899999999993,1507.0,489.5794346732674,0.0,44,63,78,85,110,140,200,250,320,370,370
