Type,Name,Request Count,Failure Count,Median Response Time,Average Response Time,Min Response Time,Max Response Time,Average Content Size,Requests/s,Failures/s,50%,66%,75%,80%,90%,95%,98%,99%,99.9%,99.99%,100%
GET,/,7570,0,23,46.93090289299861,0.9268000000002274,453.5051999999995,1507.0,397.1050591506275,0.0,23,50,71,80,99,170,210,290,450,450,450
,Aggregated,7570,0,23,46.93090289299861,0.9268000000002274,453.5051999999995,1507.0,397.1050591506275,0.0,23,50,71,80,99,170,210,290,450,450,450
