Type,Name,Request Count,Failure Count,Median Response Time,Average Response Time,Min Response Time,Max Response Time,Average Content Size,Requests/s,Failures/s,50%,66%,75%,80%,90%,95%,98%,99%,99.9%,99.99%,100%
GET,/,8575,0,35,59.05448101457719,0.9639000000003506,563.2419999999998,1507.0,449.5590619298469,0.0,35,67,82,95,150,180,240,260,440,560,560
,Aggregated,8575,0,35,59.05448101457719,0.9639000000003506,563.2419999999998,1507.0,449.5590619298469,0.0,35,67,82,95,150,180,240,260,440,560,560
