Type,Name,Request Count,Failure Count,Median Response Time,Average Response Time,Min Response Time,Max Response Time,Average Content Size,Requests/s,Failures/s,50%,66%,75%,80%,90%,95%,98%,99%,99.9%,99.99%,100%
GET,/,8794,0,68,87.09817214009527,1.0432000000015762,576.3281000000004,1507.0,460.2556922510412,0.0,68,90,110,120,200,260,310,380,480,580,580
,Aggregated,8794,0,68,87.09817214009527,1.0432000000015762,576.3281000000004,1507.0,460.2556922510412,0.0,68,90,110,120,200,260,310,380,480,580,580
