Type,Name,Request Count,Failure Count,Median Response Time,Average Response Time,Min Response Time,Max Response Time,Average Content Size,Requests/s,Failures/s,50%,66%,75%,80%,90%,95%,98%,99%,99.9%,99.99%,100%
GET,/,9158,0,48,65.892506191308,1.1077000000003778,568.4944999999999,1507.0,482.0629710590052,0.0,48,73,86,96,160,200,270,280,390,570,570
,Aggregated,9158,0,48,65.892506191308,1.1077000000003778,568.4944999999999,1507.0,482.0629710590052,0.0,48,73,86,96,160,200,270,280,390,570,570
