Type,Name,Request Count,Failure Count,Median Response Time,Average Response Time,Min Response Time,Max Response Time,Average Content Size,Requests/s,Failures/s,50%,66%,75%,80%,90%,95%,98%,99%,99.9%,99.99%,100%
GET,/,9184,0,28,47.18059396777003,1.0617000000010535,320.0451000000002,1507.0,481.7334954748702,0.0,28,55,69,77,100,140,190,210,310,320,320
,Aggregated,9184,0,28,47.18059396777003,1.0617000000010535,320.0451000000002,1507.0,481.7334954748702,0.0,28,55,69,77,100,140,190,210,310,320,320
