Type,Name,Request Count,Failure Count,Median Response Time,Average Response Time,Min Response Time,Max Response Time,Average Content Size,Requests/s,Failures/s,50%,66%,75%,80%,90%,95%,98%,99%,99.9%,99.99%,100%
GET,/,8085,0,69,74.96287405071115,1.0080999999999563,514.7703000000004,1507.0,424.79871561295084,0.0,69,87,99,110,170,220,290,300,350,510,510
,Aggregated,8085,0,69,74.96287405071115,1.0080999999999563,514.7703000000004,1507.0,424.79871561295084,0.0,69,87,99,110,170,220,290,300,350,510,510
