Type,Name,Request Count,Failure Count,Median Response Time,Average Response Time,Min Response Time,Max Response Time,Average Content Size,Requests/s,Failures/s,50%,66%,75%,80%,90%,95%,98%,99%,99.9%,99.99%,100%
GET,/,10235,0,28,46.98896467024895,1.0310999999987303,360.5386999999993,1507.0,536.0956239699312,0.0,28,53,68,77,100,150,200,240,290,300,360
,Aggregated,10235,0,28,46.98896467024895,1.0310999999987303,360.5386999999993,1507.0,536.0956239699312,0.0,28,53,68,77,100,150,200,240,290,300,360
