Type,Name,Request Count,Failure Count,Median Response Time,Average Response Time,Min Response Time,Max Response Time,Average Content Size,Requests/s,Failures/s,50%,66%,75%,80%,90%,95%,98%,99%,99.9%,99.99%,100%
GET,/,9173,0,47,57.76095009266335,1.0343999999999909,380.0066000000002,1507.0,480.13260234640614,0.0,47,71,84,91,110,170,200,240,340,380,380
,Aggregated,9173,0,47,57.76095009266335,1.0343999999999909,380.0066000000002,1507.0,480.13260234640614,0.0,47,71,84,91,110,170,200,240,340,380,380
