Type,Name,Request Count,Failure Count,Median Response Time,Average Response Time,Min Response Time,Max Response Time,Average Content Size,Requests/s,Failures/s,50%,66%,75%,80%,90%,95%,98%,99%,99.9%,99.99%,100%
GET,/,9072,0,56,72.59477194664872,1.4458000000008298,625.4200000000001,1507.0,475.9517178270813,0.0,56,78,92,100,150,210,300,360,580,630,630
,Aggregated,9072,0,56,72.59477194664872,1.4458000000008298,625.4200000000001,1507.0,475.9517178270813,0.0,56,78,92,100,150,210,300,360,580,630,630
