Type,Name,Request Count,Failure Count,Median Response Time,Average Response Time,Min Response Time,Max Response Time,Average Content Size,Requests/s,Failures/s,50%,66%,75%,80%,90%,95%,98%,99%,99.9%,99.99%,100%
GET,/,9431,0,72,89.87343050577856,1.0394999999991938,529.8707,1507.0,493.9631487192866,0.0,72,97,120,140,190,250,290,340,400,530,530
,Aggregated,9431,0,72,89.87343050577856,1.0394999999991938,529.8707,1507.0,493.9631487192866,0.0,72,97,120,140,190,250,290,340,400,530,530
