Type,Name,Request Count,Failure Count,Median Response Time,Average Response Time,Min Response Time,Max Response Time,Average Content Size,Requests/s,Failures/s,50%,66%,75%,80%,90%,95%,98%,99%,99.9%,99.99%,100%
GET,/,10093,0,75,85.76031368275031,1.5929999999997335,408.6850000000002,1507.0,526.3881612473705,0.0,75,93,110,120,170,210,260,290,400,410,410
,Aggregated,10093,0,75,85.76031368275031,1.5929999999997335,408.6850000000002,1507.0,526.3881612473705,0.0,75,93,110,120,170,210,260,290,400,410,410
