Type,Name,Request Count,Failure Count,Median Response Time,Average Response Time,Min Response Time,Max Response Time,Average Content Size,Requests/s,Failures/s,50%,66%,75%,80%,90%,95%,98%,99%,99.9%,99.99%,100%
GET,/,9972,0,30,46.60337569193751,0.9438999999993314,399.921,1507.0,522.4370080902942,0.0,30,58,71,78,96,120,190,200,290,400,400
,Aggregated,9972,0,30,46.60337569193751,0.9438999999993314,399.921,1507.0,522.4370080902942,0.0,30,58,71,78,96,120,190,200,290,400,400
