Type,Name,Request Count,Failure Count,Median Response Time,Average Response Time,Min Response Time,Max Response Time,Average Content Size,Requests/s,Failures/s,50%,66%,75%,80%,90%,95%,98%,99%,99.9%,99.99%,100%
GET,/,9549,0,26,46.696066834223586,1.0786999999989888,488.52849999999927,1507.0,501.0675916778816,0.0,26,56,68,76,99,140,190,250,380,490,490
,Aggregated,9549,0,26,46.696066834223586,1.0786999999989888,488.52849999999927,1507.0,501.0675916778816,0.0,26,56,68,76,99,140,190,250,380,490,490
