Type,Name,Request Count,Failure Count,Median Response Time,Average Response Time,Min Response Time,Max Response Time,Average Content Size,Requests/s,Failures/s,50%,66%,75%,80%,90%,95%,98%,99%,99.9%,99.99%,100%
GET,/,9136,0,24,43.762000536339656,0.9584999999994182,350.46899999999994,1507.0,478.83363251093607,0.0,24,43,62,72,97,150,190,240,320,350,350
,Aggregated,9136,0,24,43.762000536339656,0.9584999999994182,350.46899999999994,1507.0,478.83363251093607,0.0,24,43,62,72,97,150,190,240,320,350,350
