Type,Name,Request Count,Failure Count,Median Response Time,Average Response Time,Min Response Time,Max Response Time,Average Content Size,Requests/s,Failures/s,50%,66%,75%,80%,90%,95%,98%,99%,99.9%,99.99%,100%
GET,/,7452,0,63,68.13159197530837,1.1761999999997386,593.5763000000005,1507.0,392.23398403328224,0.0,63,82,91,96,150,200,280,290,380,590,590
,Aggregated,7452,0,63,68.13159197530837,1.1761999999997386,593.5763000000005,1507.0,392.23398403328224,0.0,63,82,91,96,150,200,280,290,380,590,590
