Type,Name,Request Count,Failure Count,Median Response Time,Average Response Time,Min Response Time,Max Response Time,Average Content Size,Requests/s,Failures/s,50%,66%,75%,80%,90%,95%,98%,99%,99.9%,99.99%,100%
GET,/,7418,0,20,43.26489502561316,1.094999999999402,360.8709000000001,1507.0,389.62535750166586,0.0,20,38,65,75,98,160,210,260,290,360,360
,Aggregated,7418,0,20,43.26489502561316,1.094999999999402,360.8709000000001,1507.0,389.62535750166586,0.0,20,38,65,75,98,160,210,260,290,360,360
