Type,Name,Request Count,Failure Count,Median Response Time,Average Response Time,Min Response Time,Max Response Time,Average Content Size,Requests/s,Failures/s,50%,66%,75%,80%,90%,95%,98%,99%,99.9%,99.99%,100%
GET,/,9137,0,34,54.68627386450688,0.9155000000014013,421.4380000000002,1507.0,481.59698617058007,0.0,34,62,78,87,120,180,230,270,380,420,420
,Aggregated,9137,0,34,54.68627386450688,0.9155000000014013,421.4380000000002,1507.0,481.59698617058007,0.0,34,62,78,87,120,180,230,270,380,420,420
