Type,Name,Request Count,Failure Count,Median Response Time,Average Response Time,Min Response Time,Max Response Time,Average Content Size,Requests/s,Failures/s,50%,66%,75%,80%,90%,95%,98%,99%,99.9%,99.99%,100%
GET,/,8762,0,47,68.73783213878106,1.2426999999988197,636.5863999999997,1507.0,459.35779873987906,0.0,47,71,86,96,150,250,360,390,540,640,640
,Aggregated,8762,0,47,68.73783213878106,1.2426999999988197,636.5863999999997,1507.0,459.35779873987906,0.0,47,71,86,96,150,250,360,390,540,640,640
