Type,Name,Request Count,Failure Count,Median Response Time,Average Response Time,Min Response Time,Max Response Time,Average Content Size,Requests/s,Failures/s,50%,66%,75%,80%,90%,95%,98%,99%,99.9%,99.99%,100%
GET,/,8940,0,33,46.866750335570444,1.092200000002208,276.73280000000045,1507.0,468.8195424214729,0.0,33,58,73,80,96,120,180,190,240,280,280
,Aggregated,8940,0,33,46.866750335570444,1.092200000002208,276.73280000000045,1507.0,468.8195424214729,0.0,33,58,73,80,96,120,180,190,240,280,280
