Type,Name,Request Count,Failure Count,Median Response Time,Average Response Time,Min Response Time,Max Response Time,Average Content Size,Requests/s,Failures/s,50%,66%,75%,80%,90%,95%,98%,99%,99.9%,99.99%,100%
GET,/,7927,0,63,70.92243586476603,1.0560999999995602,380.9737999999996,1507.0,415.4801414456409,0.0,63,82,93,100,170,200,260,280,370,380,380
,Aggregated,7927,0,63,70.92243586476603,1.0560999999995602,380.9737999999996,1507.0,415.4801414456409,0.0,63,82,93,100,170,200,260,280,370,380,380
