Type,Name,Request Count,Failure Count,Median Response Time,Average Response Time,Min Response Time,Max Response Time,Average Content Size,Requests/s,Failures/s,50%,66%,75%,80%,90%,95%,98%,99%,99.9%,99.99%,100%
GET,/,7071,0,20,43.63555266581813,0.9339999999991022,386.6451999999998,1507.0,371.2651405382632,0.0,20,32,60,78,110,170,200,270,380,390,390
,Aggregated,7071,0,20,43.63555266581813,0.9339999999991022,386.6451999999998,1507.0,371.2651405382632,0.0,20,32,60,78,110,170,200,270,380,390,390
