Type,Name,Request Count,Failure Count,Median Response Time,Average Response Time,Min Response Time,Max Response Time,Average Content Size,Requests/s,Failures/s,50%,66%,75%,80%,90%,95%,98%,99%,99.9%,99.99%,100%
GET,/,9497,0,63,75.72539282931461,0.9263999999973294,622.3897000000003,1507.0,498.0278033491272,0.0,63,87,100,110,170,190,260,300,510,620,620
,Aggregated,9497,0,63,75.72539282931461,0.9263999999973294,622.3897000000003,1507.0,498.0278033491272,0.0,63,87,100,110,170,190,260,300,510,620,620
