Type,Name,Request Count,Failure Count,Median Response Time,Average Response Time,Min Response Time,Max Response Time,Average Content Size,Requests/s,Failures/s,50%,66%,75%,80%,90%,95%,98%,99%,99.9%,99.99%,100%
GET,/,9764,0,62,67.40171426669369,1.119799999999671,503.3055000000006,1507.0,514.9963482241427,0.0,62,79,90,98,130,180,230,290,480,500,500
,Aggregated,9764,0,62,67.40171426669369,1.119799999999671,503.3055000000006,1507.0,514.9963482241427,0.0,62,79,90,98,130,180,230,290,480,500,500
