Type,Name,Request Count,Failure Count,Median Response Time,Average Response Time,Min Response Time,Max Response Time,Average Content Size,Requests/s,Failures/s,50%,66%,75%,80%,90%,95%,98%,99%,99.9%,99.99%,100%
GET,/,7629,0,10,44.15994562852258,1.0841999999993135,482.86549999999994,8688.0,400.6214211983612,0.0,10,43,77,85,100,190,270,290,480,480,480
,Aggregated,7629,0,10,44.15994562852258,1.0841999999993135,482.86549999999994,8688.0,400.6214211983612,0.0,10,43,77,85,100,190,270,290,480,480,480
