Type,Name,Request Count,Failure Count,Median Response Time,Average Response Time,Min Response Time,Max Response Time,Average Content Size,Requests/s,Failures/s,50%,66%,75%,80%,90%,95%,98%,99%,99.9%,99.99%,100%
GET,/,9715,0,76,70.45453327843566,1.282400000000905,386.4479999999997,8688.0,511.4042837377943,0.0,76,90,96,100,170,200,240,270,320,390,390
,Aggregated,9715,0,76,70.45453327843566,1.282400000000905,386.4479999999997,8688.0,511.4042837377943,0.0,76,90,96,100,170,200,240,270,320,390,390
