Type,Name,Request Count,Failure Count,Median Response Time,Average Response Time,Min Response Time,Max Response Time,Average Content Size,Requests/s,Failures/s,50%,66%,75%,80%,90%,95%,98%,99%,99.9%,99.99%,100%
GET,/,6609,0,380.0,397.70151025873787,19.18590000000009,1359.1587,8688.0,347.1329661842539,0.0,380,400,430,490,590,900,990,1000,1200,1400,1400
,Aggregated,6609,0,380.0,397.70151025873787,19.18590000000009,1359.1587,8688.0,347.1329661842539,0.0,380,400,430,490,590,900,990,1000,1200,1400,1400
