Type,Name,Request Count,Failure Count,Median Response Time,Average Response Time,Min Response Time,Max Response Time,Average Content Size,Requests/s,Failures/s,50%,66%,75%,80%,90%,95%,98%,99%,99.9%,99.99%,100%
GET,/,8595,0,11,66.58992622454925,1.229799999997283,811.3871999999996,8688.0,450.33511488441104,0.0,11,63,87,98,190,300,490,570,750,810,810
,Aggregated,8595,0,11,66.58992622454925,1.229799999997283,811.3871999999996,8688.0,450.33511488441104,0.0,11,63,87,98,190,300,490,570,750,810,810
