Type,Name,Request Count,Failure Count,Median Response Time,Average Response Time,Min Response Time,Max Response Time,Average Content Size,Requests/s,Failures/s,50%,66%,75%,80%,90%,95%,98%,99%,99.9%,99.99%,100%
GET,/,9058,0,11,45.42469393905949,1.2780000000010006,462.5499,8688.0,474.30512576549603,0.0,11,28,69,82,110,200,290,340,440,460,460
,Aggregated,9058,0,11,45.42469393905949,1.2780000000010006,462.5499,8688.0,474.30512576549603,0.0,11,28,69,82,110,200,290,340,440,460,460
