Type,Name,Request Count,Failure Count,Median Response Time,Average Response Time,Min Response Time,Max Response Time,Average Content Size,Requests/s,Failures/s,50%,66%,75%,80%,90%,95%,98%,99%,99.9%,99.99%,100%
GET,/,9760,0,87,81.10614347336062,1.28480000000053,322.1197,8688.0,511.7259216415848,0.0,87,97,100,110,190,200,230,290,310,320,320
,Aggregated,9760,0,87,81.10614347336062,1.28480000000053,322.1197,8688.0,511.7259216415848,0.0,87,97,100,110,190,200,230,290,310,320,320
