Type,Name,Request Count,Failure Count,Median Response Time,Average Response Time,Min Response Time,Max Response Time,Average Content Size,Requests/s,Failures/s,50%,66%,75%,80%,90%,95%,98%,99%,99.9%,99.99%,100%
GET,/,8204,0,11,47.25845171867403,1.2799000000001115,348.93779999999987,8688.0,430.48377941420495,0.0,11,68,82,87,100,190,220,280,310,350,350
,Aggregated,8204,0,11,47.25845171867403,1.2799000000001115,348.93779999999987,8688.0,430.48377941420495,0.0,11,68,82,87,100,190,220,280,310,350,350
