Type,Name,Request Count,Failure Count,Median Response Time,Average Response Time,Min Response Time,Max Response Time,Average Content Size,Requests/s,Failures/s,50%,66%,75%,80%,90%,95%,98%,99%,99.9%,99.99%,100%
GET,/,9362,0,65,74.92366189916659,1.272800000000629,594.3491000000005,8688.0,490.3915501700132,0.0,65,89,95,100,190,270,350,400,490,590,590
,Aggregated,9362,0,65,74.92366189916659,1.272800000000629,594.3491000000005,8688.0,490.3915501700132,0.0,65,89,95,100,190,270,350,400,490,590,590
