Type,Name,Request Count,Failure Count,Median Response Time,Average Response Time,Min Response Time,Max Response Time,Average Content Size,Requests/s,Failures/s,50%,66%,75%,80%,90%,95%,98%,99%,99.9%,99.99%,100%
GET,/,10342,0,89,93.38549624830775,1.3936000000001059,396.0337000000003,8688.0,542.7820098327805,0.0,89,100,110,160,200,220,290,300,350,400,400
,Aggregated,10342,0,89,93.38549624830775,1.3936000000001059,396.0337000000003,8688.0,542.7820098327805,0.0,89,100,110,160,200,220,290,300,350,400,400
