Type,Name,Request Count,Failure Count,Median Response Time,Average Response Time,Min Response Time,Max Response Time,Average Content Size,Requests/s,Failures/s,50%,66%,75%,80%,90%,95%,98%,99%,99.9%,99.99%,100%
GET,/,8212,0,84,84.20763844374092,1.339500000000271,590.2058999999999,8688.0,430.35434661754715,0.0,84,93,99,100,200,290,380,400,490,590,590
,Aggregated,8212,0,84,84.20763844374092,1.339500000000271,590.2058999999999,8688.0,430.35434661754715,0.0,84,93,99,100,200,290,380,400,490,590,590
