Type,Name,Request Count,Failure Count,Median Response Time,Average Response Time,Min Response Time,Max Response Time,Average Content Size,Requests/s,Failures/s,50%,66%,75%,80%,90%,95%,98%,99%,99.9%,99.99%,100%
GET,/,9203,0,13,47.43309116592415,1.2507999999993302,290.6910000000007,8688.0,483.0285543127792,0.0,13,58,81,91,110,190,200,230,270,290,290
,Aggregated,9203,0,13,47.43309116592415,1.2507999999993302,290.6910000000007,8688.0,483.0285543127792,0.0,13,58,81,91,110,190,200,230,270,290,290
