Type,Name,Request Count,Failure Count,Median Response Time,Average Response Time,Min Response Time,Max Response Time,Average Content Size,Requests/s,Failures/s,50%,66%,75%,80%,90%,95%,98%,99%,99.9%,99.99%,100%
GET,/,8881,0,13,37.69831345569182,1.2673999999996965,357.17379999999997,8688.0,464.7325220645437,0.0,13,28,55,73,98,150,190,210,320,360,360
,Aggregated,8881,0,13,37.69831345569182,1.2673999999996965,357.17379999999997,8688.0,464.7325220645437,0.0,13,28,55,73,98,150,190,210,320,360,360
