Type,Name,Request Count,Failure Count,Median Response Time,Average Response Time,Min Response Time,Max Response Time,Average Content Size,Requests/s,Failures/s,50%,66%,75%,80%,90%,95%,98%,99%,99.9%,99.99%,100%
GET,/,9487,0,51,63.133795604511675,1.1887000000001535,434.51030000000037,8688.0,497.11065475552516,0.0,51,86,95,99,140,190,280,300,370,430,430
,Aggregated,9487,0,51,63.133795604511675,1.1887000000001535,434.51030000000037,8688.0,497.11065475552516,0.0,51,86,95,99,140,190,280,300,370,430,430
