Type,Name,Request Count,Failure Count,Median Response Time,Average Response Time,Min Response Time,Max Response Time,Average Content Size,Requests/s,Failures/s,50%,66%,75%,80%,90%,95%,98%,99%,99.9%,99.99%,100%
GET,/,9542,0,23,53.572952661915636,1.2738999999992728,378.30359999999973,8688.0,500.46550498004586,0.0,23,75,86,93,110,180,200,280,330,380,380
,Aggregated,9542,0,23,53.572952661915636,1.2738999999992728,378.30359999999973,8688.0,500.46550498004586,0.0,23,75,86,93,110,180,200,280,330,380,380
