Type,Name,Request Count,Failure Count,Median Response Time,Average Response Time,Min Response Time,Max Response Time,Average Content Size,Requests/s,Failures/s,50%,66%,75%,80%,90%,95%,98%,99%,99.9%,99.99%,100%
GET,/,9242,0,22,53.570391397965636,1.3050000000003337,391.47270000000043,8688.0,484.14888423180145,0.0,22,80,89,93,110,180,200,260,390,390,390
,Aggregated,9242,0,22,53.570391397965636,1.3050000000003337,391.47270000000043,8688.0,484.14888423180145,0.0,22,80,89,93,110,180,200,260,390,390,390
