Type,Name,Request Count,Failure Count,Median Response Time,Average Response Time,Min Response Time,Max Response Time,Average Content Size,Requests/s,Failures/s,50%,66%,75%,80%,90%,95%,98%,99%,99.9%,99.99%,100%
GET,/,8952,0,10,44.199240460232346,1.2258000000002767,294.53710000000035,8688.0,468.7047104890244,0.0,10,49,74,86,120,190,200,220,280,290,290
,Aggregated,8952,0,10,44.199240460232346,1.2258000000002767,294.53710000000035,8688.0,468.7047104890244,0.0,10,49,74,86,120,190,200,220,280,290,290
