Type,Name,Request Count,Failure Count,Median Response Time,Average Response Time,Min Response Time,Max Response Time,Average Content Size,Requests/s,Failures/s,50%,66%,75%,80%,90%,95%,98%,99%,99.9%,99.99%,100%
GET,/,8869,0,22,56.855478193708436,1.232599999999806,373.6704999999998,8688.0,464.6769752662663,0.0,22,84,91,97,130,190,220,240,370,370,370
,Aggregated,8869,0,22,56.855478193708436,1.232599999999806,373.6704999999998,8688.0,464.6769752662663,0.0,22,84,91,97,130,190,220,240,370,370,370
