Type,Name,Request Count,Failure Count,Median Response Time,Average Response Time,Min Response Time,Max Response Time,Average Content Size,Requests/s,Failures/s,50%,66%,75%,80%,90%,95%,98%,99%,99.9%,99.99%,100%
GET,/,6863,0,9,37.095771368206336,1.1817000000000633,333.7838,8688.0,359.7403905240718,0.0,9,14,41,63,130,180,200,250,320,330,330
,Aggregated,6863,0,9,37.095771368206336,1.1817000000000633,333.7838,8688.0,359.7403905240718,0.0,9,14,41,63,130,180,200,250,320,330,330
