Type,Name,Request Count,Failure Count,Median Response Time,Average Response Time,Min Response Time,Max Response Time,Average Content Size,Requests/s,Failures/s,50%,66%,75%,80%,90%,95%,98%,99%,99.9%,99.99%,100%
GET,/,8818,0,20,57.13580510319808,1.2754000000008148,493.9372000000004,8688.0,462.32991292647284,0.0,20,73,88,95,150,200,290,300,410,490,490
,Aggregated,8818,0,20,57.13580510319808,1.2754000000008148,493.9372000000004,8688.0,462.32991292647284,0.0,20,73,88,95,150,200,290,300,410,490,490
