Type,Name,Request Count,Failure Count,Median Response Time,Average Response Time,Min Response Time,Max Response Time,Average Content Size,Requests/s,Failures/s,50%,66%,75%,80%,90%,95%,98%,99%,99.9%,99.99%,100%
GET,/,9132,0,13,46.965982468243745,1.2319999999998998,367.43700000000024,8688.0,479.12295544973006,0.0,13,58,83,92,120,190,200,220,330,370,370
,Aggregated,9132,0,13,46.965982468243745,1.2319999999998998,367.43700000000024,8688.0,479.12295544973006,0.0,13,58,83,92,120,190,200,220,330,370,370
