Type,Name,Request Count,Failure Count,Median Response Time,Average Response Time,Min Response Time,Max Response Time,Average Content Size,Requests/s,Failures/s,50%,66%,75%,80%,90%,95%,98%,99%,99.9%,99.99%,100%
GET,/,7872,0,18,56.58249294969515,1.184300000000249,489.1283999999994,8688.0,412.54623386811954,0.0,18,60,78,87,150,250,310,350,390,490,490
,Aggregated,7872,0,18,56.58249294969515,1.184300000000249,489.1283999999994,8688.0,412.54623386811954,0.0,18,60,78,87,150,250,310,350,390,490,490
