Type,Name,Request Count,Failure Count,Median Response Time,Average Response Time,Min Response Time,Max Response Time,Average Content Size,Requests/s,Failures/s,50%,66%,75%,80%,90%,95%,98%,99%,99.9%,99.99%,100%
GET,/,7488,0,27,190.69961872329014,1.2082000000006587,2499.8151999999995,8688.0,392.00447784754175,0.0,27,85,100,110,220,1900,2100,2300,2400,2500,2500
,Aggregated,7488,0,27,190.69961872329014,1.2082000000006587,2499.8151999999995,8688.0,392.00447784754175,0.0,27,85,100,110,220,1900,2100,2300,2400,2500,2500
