Type,Name,Request Count,Failure Count,Median Response Time,Average Response Time,Min Response Time,Max Response Time,Average Content Size,Requests/s,Failures/s,50%,66%,75%,80%,90%,95%,98%,99%,99.9%,99.99%,100%
GET,/,8108,0,9,47.75911989393199,1.189399999999452,318.46739999999943,8688.0,424.4183997517045,0.0,9,62,84,93,120,200,230,270,310,320,320
,Aggregated,8108,0,9,47.75911989393199,1.189399999999452,318.46739999999943,8688.0,424.4183997517045,0.0,9,62,84,93,120,200,230,270,310,320,320
