Type,Name,Request Count,Failure Count,Median Response Time,Average Response Time,Min Response Time,Max Response Time,Average Content Size,Requests/s,Failures/s,50%,66%,75%,80%,90%,95%,98%,99%,99.9%,99.99%,100%
GET,/,8488,0,81,72.341566081527,1.3023000000007556,343.13890000000004,8688.0,445.15766525968866,0.0,81,91,97,100,190,200,220,280,330,340,340
,Aggregated,8488,0,81,72.341566081527,1.3023000000007556,343.13890000000004,8688.0,445.15766525968866,0.0,81,91,97,100,190,200,220,280,330,340,340
