Type,Name,Request Count,Failure Count,Median Response Time,Average Response Time,Min Response Time,Max Response Time,Average Content Size,Requests/s,Failures/s,50%,66%,75%,80%,90%,95%,98%,99%,99.9%,99.99%,100%
GET,/,8986,0,85,80.15385476296457,1.2690000000006307,352.0922999999998,8688.0,471.70656925026884,0.0,85,94,100,110,190,200,260,280,330,350,350
,Aggregated,8986,0,85,80.15385476296457,1.2690000000006307,352.0922999999998,8688.0,471.70656925026884,0.0,85,94,100,110,190,200,260,280,330,350,350
