Type,Name,Request Count,Failure Count,Median Response Time,Average Response Time,Min Response Time,Max Response Time,Average Content Size,Requests/s,Failures/s,50%,66%,75%,80%,90%,95%,98%,99%,99.9%,99.99%,100%
GET,/,9455,0,92,96.0069534637758,1.460599999999701,423.5105999999993,8688.0,497.87866970597906,0.0,92,100,110,130,190,230,300,320,390,420,420
,Aggregated,9455,0,92,96.0069534637758,1.460599999999701,423.5105999999993,8688.0,497.87866970597906,0.0,92,100,110,130,190,230,300,320,390,420,420
