Type,Name,Request Count,Failure Count,Median Response Time,Average Response Time,Min Response Time,Max Response Time,Average Content Size,Requests/s,Failures/s,50%,66%,75%,80%,90%,95%,98%,99%,99.9%,99.99%,100%
GET,/,8664,0,13,52.307940223914834,1.247299999999285,462.15060000000017,8688.0,453.9878685209241,0.0,13,66,83,90,160,200,270,310,390,460,460
,Aggregated,8664,0,13,52.307940223914834,1.247299999999285,462.15060000000017,8688.0,453.9878685209241,0.0,13,66,83,90,160,200,270,310,390,460,460
