Type,Name,Request Count,Failure Count,Median Response Time,Average Response Time,Min Response Time,Max Response Time,Average Content Size,Requests/s,Failures/s,50%,66%,75%,80%,90%,95%,98%,99%,99.9%,99.99%,100%
GET,/,8905,0,79,71.54401380123554,1.24969999999891,442.36119999999966,8688.0,466.76218770451544,0.0,79,92,98,100,170,200,290,300,390,440,440
,Aggregated,8905,0,79,71.54401380123554,1.24969999999891,442.36119999999966,8688.0,466.76218770451544,0.0,79,92,98,100,170,200,290,300,390,440,440
