Type,Name,Request Count,Failure Count,Median Response Time,Average Response Time,Min Response Time,Max Response Time,Average Content Size,Requests/s,Failures/s,50%,66%,75%,80%,90%,95%,98%,99%,99.9%,99.99%,100%
GET,/,7522,0,8,39.12792511300187,1.1542000000002162,305.35409999999973,8688.0,394.99038811439493,0.0,8,18,67,80,100,190,240,270,300,310,310
,Aggregated,7522,0,8,39.12792511300187,1.1542000000002162,305.35409999999973,8688.0,394.99038811439493,0.0,8,18,67,80,100,190,240,270,300,310,310
