Type,Name,Request Count,Failure Count,Median Response Time,Average Response Time,Min Response Time,Max Response Time,Average Content Size,Requests/s,Failures/s,50%,66%,75%,80%,90%,95%,98%,99%,99.9%,99.99%,100%
GET,/,10019,0,77,72.00648145523532,1.3590999999983921,531.7594999999997,8688.0,524.6942203706817,0.0,77,90,97,100,160,200,280,300,520,520,530
,Aggregated,10019,0,77,72.00648145523532,1.3590999999983921,531.7594999999997,8688.0,524.6942203706817,0.0,77,90,97,100,160,200,280,300,520,520,530
