Type,Name,Request Count,Failure Count,Median Response Time,Average Response Time,Min Response Time,Max Response Time,Average Content Size,Requests/s,Failures/s,50%,66%,75%,80%,90%,95%,98%,99%,99.9%,99.99%,100%
GET,/,9069,0,13,40.48942716947829,1.2039000000001465,364.13790000000023,8688.0,475.20791456194087,0.0,13,31,65,80,100,180,210,240,350,360,360
,Aggregated,9069,0,13,40.48942716947829,1.2039000000001465,364.13790000000023,8688.0,475.20791456194087,0.0,13,31,65,80,100,180,210,240,350,360,360
