Type,Name,Request Count,Failure Count,Median Response Time,Average Response Time,Min Response Time,Max Response Time,Average Content Size,Requests/s,Failures/s,50%,66%,75%,80%,90%,95%,98%,99%,99.9%,99.99%,100%
GET,/,9125,0,48,59.70598261917804,1.269399999999976,500.3006999999995,8688.0,479.7150584835123,0.0,48,85,92,95,110,190,280,290,420,500,500
,Aggregated,9125,0,48,59.70598261917804,1.269399999999976,500.3006999999995,8688.0,479.7150584835123,0.0,48,85,92,95,110,190,280,290,420,500,500
