Type,Name,Request Count,Failure Count,Median Response Time,Average Response Time,Min Response Time,Max Response Time,Average Content Size,Requests/s,Failures/s,50%,66%,75%,80%,90%,95%,98%,99%,99.9%,99.99%,100%
GET,/,7112,0,8,41.405700309336254,1.2531000000013393,421.07340000000005,8688.0,373.8898160574398,0.0,8,18,71,85,110,200,210,290,390,420,420
,Aggregated,7112,0,8,41.405700309336254,1.2531000000013393,421.07340000000005,8688.0,373.8898160574398,0.0,8,18,71,85,110,200,210,290,390,420,420
