Type,Name,Request Count,Failure Count,Median Response Time,Average Response Time,Min Response Time,Max Response Time,Average Content Size,Requests/s,Failures/s,50%,66%,75%,80%,90%,95%,98%,99%,99.9%,99.99%,100%
GET,/,9332,0,22,58.93566929918556,1.2926999999987032,545.8495999999994,8688.0,488.9495229639632,0.0,22,78,92,99,150,200,290,360,430,550,550
,Aggregated,9332,0,22,58.93566929918556,1.2926999999987032,545.8495999999994,8688.0,488.9495229639632,0.0,22,78,92,99,150,200,290,360,430,550,550
