Type,Name,Request Count,Failure Count,Median Response Time,Average Response Time,Min Response Time,Max Response Time,Average Content Size,Requests/s,Failures/s,50%,66%,75%,80%,90%,95%,98%,99%,99.9%,99.99%,100%
GET,/,9632,0,15,51.672307142856894,1.2335000000014418,369.00829999999996,8688.0,504.3136807192375,0.0,15,76,85,91,110,180,200,280,320,370,370
,Aggregated,9632,0,15,51.672307142856894,1.2335000000014418,369.00829999999996,8688.0,504.3136807192375,0.0,15,76,85,91,110,180,200,280,320,370,370
