Type,Name,Request Count,Failure Count,Median Response Time,Average Response Time,Min Response Time,Max Response Time,Average Content Size,Requests/s,Failures/s,50%,66%,75%,80%,90%,95%,98%,99%,99.9%,99.99%,100%
GET,/,7645,0,8,46.46666159581416,1.2033999999978562,408.43270000000007,8688.0,401.20961114199054,0.0,8,53,79,88,150,200,210,280,360,410,410
,Aggregated,7645,0,8,46.46666159581416,1.2033999999978562,408.43270000000007,8688.0,401.20961114199054,0.0,8,53,79,88,150,200,210,280,360,410,410
