Type,Name,Request Count,Failure Count,Median Response Time,Average Response Time,Min Response Time,Max Response Time,Average Content Size,Requests/s,Failures/s,50%,66%,75%,80%,90%,95%,98%,99%,99.9%,99.99%,100%
GET,/,9565,0,75,70.59456493465765,1.242900000001157,357.5172999999996,8688.0,501.75179705255954,0.0,75,91,97,100,180,200,270,280,300,360,360
,Aggregated,9565,0,75,70.59456493465765,1.242900000001157,357.5172999999996,8688.0,501.75179705255954,0.0,75,91,97,100,180,200,270,280,300,360,360
