Type,Name,Request Count,Failure Count,Median Response Time,Average Response Time,Min Response Time,Max Response Time,Average Content Size,Requests/s,Failures/s,50%,66%,75%,80%,90%,95%,98%,99%,99.9%,99.99%,100%
GET,/,8112,0,86,79.83953826429999,1.2778000000004397,392.40239999999994,8688.0,425.3883965949518,0.0,86,95,100,110,190,210,280,290,340,390,390
,Aggregated,8112,0,86,79.83953826429999,1.2778000000004397,392.40239999999994,8688.0,425.3883965949518,0.0,86,95,100,110,190,210,280,290,340,390,390
