Type,Name,Request Count,Failure Count,Median Response Time,Average Response Time,Min Response Time,Max Response Time,Average Content Size,Requests/s,Failures/s,50%,66%,75%,80%,90%,95%,98%,99%,99.9%,99.99%,100%
GET,/,8734,0,10,40.494649942752574,1.2812000000010926,574.0577,8688.0,458.41378435423786,0.0,10,19,51,72,100,190,290,350,430,570,570
,Aggregated,8734,0,10,40.494649942752574,1.2812000000010926,574.0577,8688.0,458.41378435423786,0.0,10,19,51,72,100,190,290,350,430,570,570
