Type,Name,Request Count,Failure Count,Median Response Time,Average Response Time,Min Response Time,Max Response Time,Average Content Size,Requests/s,Failures/s,50%,66%,75%,80%,90%,95%,98%,99%,99.9%,99.99%,100%
GET,/,9400,0,63,65.05826611702146,1.2585999999998876,380.7087999999998,8688.0,492.69921242146455,0.0,63,87,94,100,180,200,240,280,320,380,380
,Aggregated,9400,0,63,65.05826611702146,1.2585999999998876,380.7087999999998,8688.0,492.69921242146455,0.0,63,87,94,100,180,200,240,280,320,380,380
