Type,Name,Request Count,Failure Count,Median Response Time,Average Response Time,Min Response Time,Max Response Time,Average Content Size,Requests/s,Failures/s,50%,66%,75%,80%,90%,95%,98%,99%,99.9%,99.99%,100%
GET,/,8361,0,92,101.34299934218379,1.285199999998099,582.3941999999995,8688.0,437.87719581794437,0.0,92,100,170,190,200,270,300,390,470,580,580
,Aggregated,8361,0,92,101.34299934218379,1.285199999998099,582.3941999999995,8688.0,437.87719581794437,0.0,92,100,170,190,200,270,300,390,470,580,580
