Type,Name,Request Count,Failure Count,Median Response Time,Average Response Time,Min Response Time,Max Response Time,Average Content Size,Requests/s,Failures/s,50%,66%,75%,80%,90%,95%,98%,99%,99.9%,99.99%,100%
GET,/,9213,0,52,68.75557184413307,1.1817999999994555,499.16930000000013,8688.0,482.5300411457886,0.0,52,87,96,100,190,230,300,320,420,500,500
,Aggregated,9213,0,52,68.75557184413307,1.1817999999994555,499.16930000000013,8688.0,482.5300411457886,0.0,52,87,96,100,190,230,300,320,420,500,500
