Type,Name,Request Count,Failure Count,Median Response Time,Average Response Time,Min Response Time,Max Response Time,Average Content Size,Requests/s,Failures/s,50%,66%,75%,80%,90%,95%,98%,99%,99.9%,99.99%,100%
GET,/,8869,0,62,67.19788007667184,1.2901000000002938,368.4397000000006,8688.0,465.2797449137126,0.0,62,88,97,100,190,200,210,280,330,370,370
,Aggregated,8869,0,62,67.19788007667184,1.2901000000002938,368.4397000000006,8688.0,465.2797449137126,0.0,62,88,97,100,190,200,210,280,330,370,370
