Type,Name,Request Count,Failure Count,Median Response Time,Average Response Time,Min Response Time,Max Response Time,Average Content Size,Requests/s,Failures/s,50%,66%,75%,80%,90%,95%,98%,99%,99.9%,99.99%,100%
GET,/,10062,0,88,84.54144438481431,1.6561999999993304,422.61689999999953,8688.0,527.15587702273,0.0,88,97,100,110,190,200,230,270,330,340,420
,Aggregated,10062,0,88,84.54144438481431,1.6561999999993304,422.61689999999953,8688.0,527.15587702273,0.0,88,97,100,110,190,200,230,270,330,340,420
