Type,Name,Request Count,Failure Count,Median Response Time,Average Response Time,Min Response Time,Max Response Time,Average Content Size,Requests/s,Failures/s,50%,66%,75%,80%,90%,95%,98%,99%,99.9%,99.99%,100%
GET,/,9268,0,14,48.193616497626046,1.2994000000006167,434.42489999999975,8688.0,486.73378756783933,0.0,14,65,82,89,110,190,210,250,350,430,430
,Aggregated,9268,0,14,48.193616497626046,1.2994000000006167,434.42489999999975,8688.0,486.73378756783933,0.0,14,65,82,89,110,190,210,250,350,430,430
