Type,Name,Request Count,Failure Count,Median Response Time,Average Response Time,Min Response Time,Max Response Time,Average Content Size,Requests/s,Failures/s,50%,66%,75%,80%,90%,95%,98%,99%,99.9%,99.99%,100%
GET,/,9287,0,72,69.20269291482711,1.3135000000001895,401.7538000000007,8688.0,487.6361166712733,0.0,72,90,96,100,160,200,290,300,380,400,400
,Aggregated,9287,0,72,69.20269291482711,1.3135000000001895,401.7538000000007,8688.0,487.6361166712733,0.0,72,90,96,100,160,200,290,300,380,400,400
