Type,Name,Request Count,Failure Count,Median Response Time,Average Response Time,Min Response Time,Max Response Time,Average Content Size,Requests/s,Failures/s,50%,66%,75%,80%,90%,95%,98%,99%,99.9%,99.99%,100%
GET,/,9628,0,76,78.24352781470768,1.2772999999999257,400.11379999999974,8688.0,504.66702514989635,0.0,76,92,100,110,200,280,290,300,380,400,400
,Aggregated,9628,0,76,78.24352781470768,1.2772999999999257,400.11379999999974,8688.0,504.66702514989635,0.0,76,92,100,110,200,280,290,300,380,400,400
