Type,Name,Request Count,Failure Count,Median Response Time,Average Response Time,Min Response Time,Max Response Time,Average Content Size,Requests/s,Failures/s,50%,66%,75%,80%,90%,95%,98%,99%,99.9%,99.99%,100%
GET,/,8451,0,11,45.82294242101546,1.2227999999989692,331.79549999999927,8688.0,443.21793433176435,0.0,11,55,80,90,110,180,210,280,310,330,330
,Aggregated,8451,0,11,45.82294242101546,1.2227999999989692,331.79549999999927,8688.0,443.21793433176435,0.0,11,55,80,90,110,180,210,280,310,330,330
