Type,Name,Request Count,Failure Count,Median Response Time,Average Response Time,Min Response Time,Max Response Time,Average Content Size,Requests/s,Failures/s,50%,66%,75%,80%,90%,95%,98%,99%,99.9%,99.99%,100%
GET,/,6990,0,6,39.00501376251794,1.1505000000013865,396.0882999999997,8688.0,366.5159381984369,0.0,6,11,66,78,100,190,240,280,380,400,400
,Aggregated,6990,0,6,39.00501376251794,1.1505000000013865,396.0882999999997,8688.0,366.5159381984369,0.0,6,11,66,78,100,190,240,280,380,400,400
