Type,Name,Request Count,Failure Count,Median Response Time,Average Response Time,Min Response Time,Max Response Time,Average Content Size,Requests/s,Failures/s,50%,66%,75%,80%,90%,95%,98%,99%,99.9%,99.99%,100%
GET,/,9665,0,12,46.46192070356944,1.2758000000001601,399.5243999999998,8688.0,506.68951709569967,0.0,12,51,73,82,110,200,250,290,320,400,400
,Aggregated,9665,0,12,46.46192070356944,1.2758000000001601,399.5243999999998,8688.0,506.68951709569967,0.0,12,51,73,82,110,200,250,290,320,400,400
