Type,Name,Request Count,Failure Count,Median Response Time,Average Response Time,Min Response Time,Max Response Time,Average Content Size,Requests/s,Failures/s,50%,66%,75%,80%,90%,95%,98%,99%,99.9%,99.99%,100%
GET,/,9588,0,24,58.216139851898205,1.1974999999999625,491.4234000000004,8688.0,502.49092953905307,0.0,24,74,87,94,150,200,280,380,400,490,490
,Aggregated,9588,0,24,58.216139851898205,1.1974999999999625,491.4234000000004,8688.0,502.49092953905307,0.0,24,74,87,94,150,200,280,380,400,490,490
