Type,Name,Request Count,Failure Count,Median Response Time,Average Response Time,Min Response Time,Max Response Time,Average Content Size,Requests/s,Failures/s,50%,66%,75%,80%,90%,95%,98%,99%,99.9%,99.99%,100%
GET,/,8737,0,12,43.717600263248215,1.2828999999996427,326.65770000000015,8688.0,458.12848193187284,0.0,12,45,77,89,110,180,200,240,310,330,330
,Aggregated,8737,0,12,43.717600263248215,1.2828999999996427,326.65770000000015,8688.0,458.12848193187284,0.0,12,45,77,89,110,180,200,240,310,330,330
