Type,Name,Request Count,Failure Count,Median Response Time,Average Response Time,Min Response Time,Max Response Time,Average Content Size,Requests/s,Failures/s,50%,66%,75%,80%,90%,95%,98%,99%,99.9%,99.99%,100%
GET,/,9191,0,16,41.205483919051154,1.2734999999999275,338.02149999999995,8688.0,481.8583800264902,0.0,16,41,71,80,100,140,200,230,300,340,340
,Aggregated,9191,0,16,41.205483919051154,1.2734999999999275,338.02149999999995,8688.0,481.8583800264902,0.0,16,41,71,80,100,140,200,230,300,340,340
