Type,Name,Request Count,Failure Count,Median Response Time,Average Response Time,Min Response Time,Max Response Time,Average Content Size,Requests/s,Failures/s,50%,66%,75%,80%,90%,95%,98%,99%,99.9%,99.99%,100%
GET,/,9049,0,15,55.07802666592982,1.2623000000004936,430.5431999999998,8688.0,473.95718070488596,0.0,15,71,84,91,170,200,260,300,420,430,430
,Aggregated,9049,0,15,55.07802666592982,1.2623000000004936,430.5431999999998,8688.0,473.95718070488596,0.0,15,71,84,91,170,200,260,300,420,430,430
