Type,Name,Request Count,Failure Count,Median Response Time,Average Response Time,Min Response Time,Max Response Time,Average Content Size,Requests/s,Failures/s,50%,66%,75%,80%,90%,95%,98%,99%,99.9%,99.99%,100%
GET,/,7958,0,23,57.28695320432269,1.2339000000025635,371.3936000000002,8688.0,418.2783160295447,0.0,23,85,92,96,120,200,220,230,310,370,370
,Aggregated,7958,0,23,57.28695320432269,1.2339000000025635,371.3936000000002,8688.0,418.2783160295447,0.0,23,85,92,96,120,200,220,230,310,370,370
