Type,Name,Request Count,Failure Count,Median Response Time,Average Response Time,Min Response Time,Max Response Time,Average Content Size,Requests/s,Failures/s,50%,66%,75%,80%,90%,95%,98%,99%,99.9%,99.99%,100%
GET,/,8714,0,10,45.35374825568062,1.2343000000001325,489.90929999999986,8688.0,457.8087307584889,0.0,10,35,70,81,100,200,300,350,400,490,490
,Aggregated,8714,0,10,45.35374825568062,1.2343000000001325,489.90929999999986,8688.0,457.8087307584889,0.0,10,35,70,81,100,200,300,350,400,490,490
