Type,Name,Request Count,Failure Count,Median Response Time,Average Response Time,Min Response Time,Max Response Time,Average Content Size,Requests/s,Failures/s,50%,66%,75%,80%,90%,95%,98%,99%,99.9%,99.99%,100%
GET,/,7358,0,81,225.60656032889213,1.221600000000933,2516.3104,8688.0,385.2757373048136,0.0,81,110,210,290,770,1100,2000,2200,2500,2500,2500
,Aggregated,7358,0,81,225.60656032889213,1.221600000000933,2516.3104,8688.0,385.2757373048136,0.0,81,110,210,290,770,1100,2000,2200,2500,2500,2500
