Type,Name,Request Count,Failure Count,Median Response Time,Average Response Time,Min Response Time,Max Response Time,Average Content Size,Requests/s,Failures/s,50%,66%,75%,80%,90%,95%,98%,99%,99.9%,99.99%,100%
GET,/,9320,0,21,53.98685611587967,1.2630000000015684,397.9323000000008,8688.0,489.9325693571771,0.0,21,77,85,90,110,190,260,280,310,400,400
,Aggregated,9320,0,21,53.98685611587967,1.2630000000015684,397.9323000000008,8688.0,489.9325693571771,0.0,21,77,85,90,110,190,260,280,310,400,400
