Type,Name,Request Count,Failure Count,Median Response Time,Average Response Time,Min Response Time,Max Response Time,Average Content Size,Requests/s,Failures/s,50%,66%,75%,80%,90%,95%,98%,99%,99.9%,99.99%,100%
GET,/,9042,0,16,55.690903461623385,1.2774000000010943,417.06660000000005,8688.0,473.7334807779978,0.0,16,74,89,96,160,200,260,290,390,420,420
,Aggregated,9042,0,16,55.690903461623385,1.2774000000010943,417.06660000000005,8688.0,473.7334807779978,0.0,16,74,89,96,160,200,260,290,390,420,420
