Type,Name,Request Count,Failure Count,Median Response Time,Average Response Time,Min Response Time,Max Response Time,Average Content Size,Requests/s,Failures/s,50%,66%,75%,80%,90%,95%,98%,99%,99.9%,99.99%,100%
GET,/,9610,0,24,59.73712386056191,1.2884999999993596,394.6373999999997,8688.0,503.6268147384287,0.0,24,80,91,97,180,200,280,290,380,390,390
,Aggregated,9610,0,24,59.73712386056191,1.2884999999993596,394.6373999999997,8688.0,503.6268147384287,0.0,24,80,91,97,180,200,280,290,380,390,390
