Type,Name,Request Count,Failure Count,Median Response Time,Average Response Time,Min Response Time,Max Response Time,Average Content Size,Requests/s,Failures/s,50%,66%,75%,80%,90%,95%,98%,99%,99.9%,99.99%,100%
GET,/,9401,0,18,55.86120238272542,1.2441000000009694,560.7358999999992,8688.0,492.737027634455,0.0,18,70,84,92,130,200,290,320,470,560,560
,Aggregated,9401,0,18,55.86120238272542,1.2441000000009694,560.7358999999992,8688.0,492.737027634455,0.0,18,70,84,92,130,200,290,320,470,560,560
