Type,Name,Request Count,Failure Count,Median Response Time,Average Response Time,Min Response Time,Max Response Time,Average Content Size,Requests/s,Failures/s,50%,66%,75%,80%,90%,95%,98%,99%,99.9%,99.99%,100%
GET,/,9312,0,50,64.78324132302417,1.2916000000000594,393.3555999999996,8688.0,488.5489179485772,0.0,50,86,95,100,170,200,280,300,380,390,390
,Aggregated,9312,0,50,64.78324132302417,1.2916000000000594,393.3555999999996,8688.0,488.5489179485772,0.0,50,86,95,100,170,200,280,300,380,390,390
