Type,Name,Request Count,Failure Count,Median Response Time,Average Response Time,Min Response Time,Max Response Time,Average Content Size,Requests/s,Failures/s,50%,66%,75%,80%,90%,95%,98%,99%,99.9%,99.99%,100%
GET,/,9510,0,22,41.54987711882219,1.2742000000010023,338.59070000000014,8688.0,498.75530140756547,0.0,22,40,60,71,94,150,200,220,310,340,340
,Aggregated,9510,0,22,41.54987711882219,1.2742000000010023,338.59070000000014,8688.0,498.75530140756547,0.0,22,40,60,71,94,150,200,220,310,340,340
