Type,Name,Request Count,Failure Count,Median Response Time,Average Response Time,Min Response Time,Max Response Time,Average Content Size,Requests/s,Failures/s,50%,66%,75%,80%,90%,95%,98%,99%,99.9%,99.99%,100%
GET,/,8515,0,12,48.29747241338825,1.302700000000101,316.18759999999924,8688.0,445.9462431632478,0.0,12,60,83,93,120,190,220,250,300,320,320
,Aggregated,8515,0,12,48.29747241338825,1.302700000000101,316.18759999999924,8688.0,445.9462431632478,0.0,12,60,83,93,120,190,220,250,300,320,320
