Type,Name,Request Count,Failure Count,Median Response Time,Average Response Time,Min Response Time,Max Response Time,Average Content Size,Requests/s,Failures/s,50%,66%,75%,80%,90%,95%,98%,99%,99.9%,99.99%,100%
GET,/,8274,0,12,44.49455331157866,1.243599999998679,398.83199999999965,8688.0,433.6373858945209,0.0,12,42,73,86,120,190,220,250,300,400,400
,Aggregated,8274,0,12,44.49455331157866,1.243599999998679,398.83199999999965,8688.0,433.6373858945209,0.0,12,42,73,86,120,190,220,250,300,400,400
