Type,Name,Request Count,Failure Count,Median Response Time,Average Response Time,Min Response Time,Max Response Time,Average Content Size,Requests/s,Failures/s,50%,66%,75%,80%,90%,95%,98%,99%,99.9%,99.99%,100%
GET,/,8530,0,11,43.258347889800575,1.2118000000000961,325.8485999999996,8688.0,447.23581618368934,0.0,11,42,76,85,110,180,220,270,310,330,330
,Aggregated,8530,0,11,43.258347889800575,1.2118000000000961,325.8485999999996,8688.0,447.23581618368934,0.0,11,42,76,85,110,180,220,270,310,330,330
