Type,Name,Request Count,Failure Count,Median Response Time,Average Response Time,Min Response Time,Max Response Time,Average Content Size,Requests/s,Failures/s,50%,66%,75%,80%,90%,95%,98%,99%,99.9%,99.99%,100%
GET,/,8413,0,9,45.383474396766864,1.2062999999997714,631.8644999999998,8688.0,441.8834470512831,0.0,9,25,63,79,110,200,300,340,440,630,630
,Aggregated,8413,0,9,45.383474396766864,1.2062999999997714,631.8644999999998,8688.0,441.8834470512831,0.0,9,25,63,79,110,200,300,340,440,630,630
