Type,Name,Request Count,Failure Count,Median Response Time,Average Response Time,Min Response Time,Max Response Time,Average Content Size,Requests/s,Failures/s,50%,66%,75%,80%,90%,95%,98%,99%,99.9%,99.99%,100%
GET,/,7898,0,10,41.16614358065331,1.3029000000006619,439.87670000000014,8688.0,414.14683962963613,0.0,10,23,72,85,110,190,200,290,370,440,440
,Aggregated,7898,0,10,41.16614358065331,1.3029000000006619,439.87670000000014,8688.0,414.14683962963613,0.0,10,23,72,85,110,190,200,290,370,440,440
