Type,Name,Request Count,Failure Count,Median Response Time,Average Response Time,Min Response Time,Max Response Time,Average Content Size,Requests/s,Failures/s,50%,66%,75%,80%,90%,95%,98%,99%,99.9%,99.99%,100%
GET,/,8694,0,11,44.865149873476035,1.2296999999996672,451.5019999999996,8688.0,455.57564257506397,0.0,11,40,71,82,110,190,270,290,350,450,450
,Aggregated,8694,0,11,44.865149873476035,1.2296999999996672,451.5019999999996,8688.0,455.57564257506397,0.0,11,40,71,82,110,190,270,290,350,450,450
