Type,Name,Request Count,Failure Count,Median Response Time,Average Response Time,Min Response Time,Max Response Time,Average Content Size,Requests/s,Failures/s,50%,66%,75%,80%,90%,95%,98%,99%,99.9%,99.99%,100%
GET,/,8140,0,15,58.851580319410395,1.250600000002322,491.96110000000016,8688.0,426.7255458066505,0.0,15,80,91,96,180,200,300,340,430,490,490
,Aggregated,8140,0,15,58.851580319410395,1.250600000002322,491.96110000000016,8688.0,426.7255458066505,0.0,15,80,91,96,180,200,300,340,430,490,490
