Type,Name,Request Count,Failure Count,Median Response Time,Average Response Time,Min Response Time,Max Response Time,Average Content Size,Requests/s,Failures/s,50%,66%,75%,80%,90%,95%,98%,99%,99.9%,99.99%,100%
GET,/,9737,0,84,76.27544185067272,1.3031000000012227,385.8493000000003,8688.0,509.87535486267393,0.0,84,92,98,100,180,200,280,290,370,390,390
,Aggregated,9737,0,84,76.27544185067272,1.3031000000012227,385.8493000000003,8688.0,509.87535486267393,0.0,84,92,98,100,180,200,280,290,370,390,390
