Type,Name,Request Count,Failure Count,Median Response Time,Average Response Time,Min Response Time,Max Response Time,Average Content Size,Requests/s,Failures/s,50%,66%,75%,80%,90%,95%,98%,99%,99.9%,99.99%,100%
GET,/,8916,0,13,38.886711518618036,1.3119999999986476,357.2454999999994,8688.0,467.4644658129522,0.0,13,23,54,72,100,180,260,280,340,360,360
,Aggregated,8916,0,13,38.886711518618036,1.3119999999986476,357.2454999999994,8688.0,467.4644658129522,0.0,13,23,54,72,100,180,260,280,340,360,360
