Type,Name,Request Count,Failure Count,Median Response Time,Average Response Time,Min Response Time,Max Response Time,Average Content Size,Requests/s,Failures/s,50%,66%,75%,80%,90%,95%,98%,99%,99.9%,99.99%,100%
GET,/,8282,0,18,60.64483488287864,1.2695999999987606,453.4761000000005,8688.0,434.1351259888517,0.0,18,78,91,99,180,210,300,310,400,450,450
,Aggregated,8282,0,18,60.64483488287864,1.2695999999987606,453.4761000000005,8688.0,434.1351259888517,0.0,18,78,91,99,180,210,300,310,400,450,450
