Type,Name,Request Count,Failure Count,Median Response Time,Average Response Time,Min Response Time,Max Response Time,Average Content Size,Requests/s,Failures/s,50%,66%,75%,80%,90%,95%,98%,99%,99.9%,99.99%,100%
GET,/,8479,0,12,53.262268250973065,1.2177999999991584,400.3673000000001,8688.0,444.29765985016377,0.0,12,72,87,91,120,210,290,300,370,400,400
,Aggregated,8479,0,12,53.262268250973065,1.2177999999991584,400.3673000000001,8688.0,444.29765985016377,0.0,12,72,87,91,120,210,290,300,370,400,400
