Type,Name,Request Count,Failure Count,Median Response Time,Average Response Time,Min Response Time,Max Response Time,Average Content Size,Requests/s,Failures/s,50%,66%,75%,80%,90%,95%,98%,99%,99.9%,99.99%,100%
GET,/,9156,0,71,72.14003048274391,1.3147999999993942,586.7446999999996,8688.0,479.45020294740095,0.0,71,88,97,100,190,210,310,380,490,590,590
,Aggregated,9156,0,71,72.14003048274391,1.3147999999993942,586.7446999999996,8688.0,479.45020294740095,0.0,71,88,97,100,190,210,310,380,490,590,590
