Type,Name,Request Count,Failure Count,Median Response Time,Average Response Time,Min Response Time,Max Response Time,Average Content Size,Requests/s,Failures/s,50%,66%,75%,80%,90%,95%,98%,99%,99.9%,99.99%,100%
GET,/,9035,0,16,55.15563091311578,1.2708000000003494,392.70360000000085,8688.0,473.48897420413124,0.0,16,73,86,93,160,200,280,290,310,390,390
,Aggregated,9035,0,16,55.15563091311578,1.2708000000003494,392.70360000000085,8688.0,473.48897420413124,0.0,16,73,86,93,160,200,280,290,310,390,390
