Type,Name,Request Count,Failure Count,Median Response Time,Average Response Time,Min Response Time,Max Response Time,Average Content Size,Requests/s,Failures/s,50%,66%,75%,80%,90%,95%,98%,99%,99.9%,99.99%,100%
GET,/,8490,0,74,70.79453386336849,1.1752999999998792,695.2467000000003,8688.0,445.32571809089626,0.0,74,89,94,98,180,200,320,400,610,700,700
,Aggregated,8490,0,74,70.79453386336849,1.1752999999998792,695.2467000000003,8688.0,445.32571809089626,0.0,74,89,94,98,180,200,320,400,610,700,700
