Type,Name,Request Count,Failure Count,Median Response Time,Average Response Time,Min Response Time,Max Response Time,Average Content Size,Requests/s,Failures/s,50%,66%,75%,80%,90%,95%,98%,99%,99.9%,99.99%,100%
GET,/,8601,0,11,52.5428625973724,1.3214999999995314,501.49439999999987,8688.0,450.6205118347376,0.0,11,61,81,90,140,200,300,330,400,500,500
,Aggregated,8601,0,11,52.5428625973724,1.3214999999995314,501.49439999999987,8688.0,450.6205118347376,0.0,11,61,81,90,140,200,300,330,400,500,500
