Type,Name,Request Count,Failure Count,Median Response Time,Average Response Time,Min Response Time,Max Response Time,Average Content Size,Requests/s,Failures/s,50%,66%,75%,80%,90%,95%,98%,99%,99.9%,99.99%,100%
GET,/,8240,0,11,45.82483898058243,1.2549999999986738,312.69150000000013,8688.0,432.71972153641167,0.0,11,54,80,89,120,190,200,230,300,310,310
,Aggregated,8240,0,11,45.82483898058243,1.2549999999986738,312.69150000000013,8688.0,432.71972153641167,0.0,11,54,80,89,120,190,200,230,300,310,310
