Type,Name,Request Count,Failure Count,Median Response Time,Average Response Time,Min Response Time,Max Response Time,Average Content Size,Requests/s,Failures/s,50%,66%,75%,80%,90%,95%,98%,99%,99.9%,99.99%,100%
GET,/,9325,0,14,48.81743354423576,1.2361999999992435,385.88960000000003,8688.0,488.7516779019985,0.0,14,62,82,90,110,190,210,270,360,390,390
,Aggregated,9325,0,14,48.81743354423576,1.2361999999992435,385.88960000000003,8688.0,488.7516779019985,0.0,14,62,82,90,110,190,210,270,360,390,390
