Type,Name,Request Count,Failure Count,Median Response Time,Average Response Time,Min Response Time,Max Response Time,Average Content Size,Requests/s,Failures/s,50%,66%,75%,80%,90%,95%,98%,99%,99.9%,99.99%,100%
GET,/,8514,0,85,87.9545384308198,1.2609000000001203,488.74860000000007,8688.0,446.06434456449495,0.0,85,95,100,120,200,290,340,390,440,490,490
,Aggregated,8514,0,85,87.9545384308198,1.2609000000001203,488.74860000000007,8688.0,446.06434456449495,0.0,85,95,100,120,200,290,340,390,440,490,490
