Type,Name,Request Count,Failure Count,Median Response Time,Average Response Time,Min Response Time,Max Response Time,Average Content Size,Requests/s,Failures/s,50%,66%,75%,80%,90%,95%,98%,99%,99.9%,99.99%,100%
GET,/,8984,0,12,44.8164037177202,1.2585000000004953,484.16290000000026,8688.0,470.99601814311313,0.0,12,25,62,77,110,200,300,350,430,480,480
,Aggregated,8984,0,12,44.8164037177202,1.2585000000004953,484.16290000000026,8688.0,470.99601814311313,0.0,12,25,62,77,110,200,300,350,430,480,480
