Type,Name,Request Count,Failure Count,Median Response Time,Average Response Time,Min Response Time,Max Response Time,Average Content Size,Requests/s,Failures/s,50%,66%,75%,80%,90%,95%,98%,99%,99.9%,99.99%,100%
GET,/,7341,0,9,39.44383141261408,1.2831999999995958,405.0452999999998,8688.0,385.21162765062223,0.0,9,18,64,78,100,190,220,290,360,410,410
,Aggregated,7341,0,9,39.44383141261408,1.2831999999995958,405.0452999999998,8688.0,385.21162765062223,0.0,9,18,64,78,100,190,220,290,360,410,410
