Type,Name,Request Count,Failure Count,Median Response Time,Average Response Time,Min Response Time,Max Response Time,Average Content Size,Requests/s,Failures/s,50%,66%,75%,80%,90%,95%,98%,99%,99.9%,99.99%,100%
GET,/,9248,0,16,40.77202746539814,1.2836999999983334,326.9769,8688.0,484.63168159342024,0.0,16,30,62,76,98,170,210,240,320,330,330
,Aggregated,9248,0,16,40.77202746539814,1.2836999999983334,326.9769,8688.0,484.63168159342024,0.0,16,30,62,76,98,170,210,240,320,330,330
