Type,Name,Request Count,Failure Count,Median Response Time,Average Response Time,Min Response Time,Max Response Time,Average Content Size,Requests/s,Failures/s,50%,66%,75%,80%,90%,95%,98%,99%,99.9%,99.99%,100%
GET,/,8738,0,12,44.626623781185344,1.2278000000005562,462.0666,8688.0,458.06421072942135,0.0,12,26,60,76,110,210,290,300,430,460,460
,Aggregated,8738,0,12,44.626623781185344,1.2278000000005562,462.0666,8688.0,458.06421072942135,0.0,12,26,60,76,110,210,290,300,430,460,460
