Type,Name,Request Count,Failure Count,Median Response Time,Average Response Time,Min Response Time,Max Response Time,Average Content Size,Requests/s,Failures/s,50%,66%,75%,80%,90%,95%,98%,99%,99.9%,99.99%,100%
GET,/,8867,0,40,63.397819623322384,1.237699999999009,371.0124000000001,8688.0,464.6326369937164,0.0,40,84,94,100,180,200,280,290,350,370,370
,Aggregated,8867,0,40,63.397819623322384,1.237699999999009,371.0124000000001,8688.0,464.6326369937164,0.0,40,84,94,100,180,200,280,290,350,370,370
