Type,Name,Request Count,Failure Count,Median Response Time,Average Response Time,Min Response Time,Max Response Time,Average Content Size,Requests/s,Failures/s,50%,66%,75%,80%,90%,95%,98%,99%,99.9%,99.99%,100%
GET,/,8533,0,77,70.93585490448824,1.3845000000003438,341.6188,8688.0,447.1417156918237,0.0,77,93,100,110,190,200,220,260,320,340,340
,Aggregated,8533,0,77,70.93585490448824,1.3845000000003438,341.6188,8688.0,447.1417156918237,0.0,77,93,100,110,190,200,220,260,320,340,340
