Type,Name,Request Count,Failure Count,Median Response Time,Average Response Time,Min Response Time,Max Response Time,Average Content Size,Requests/s,Failures/s,50%,66%,75%,80%,90%,95%,98%,99%,99.9%,99.99%,100%
GET,/,9350,0,16,50.484561005347246,1.2779999999992242,356.1782999999998,8688.0,491.7444446882612,0.0,16,70,85,89,120,190,230,250,280,360,360
,Aggregated,9350,0,16,50.484561005347246,1.2779999999992242,356.1782999999998,8688.0,491.7444446882612,0.0,16,70,85,89,120,190,230,250,280,360,360
