Type,Name,Request Count,Failure Count,Median Response Time,Average Response Time,Min Response Time,Max Response Time,Average Content Size,Requests/s,Failures/s,50%,66%,75%,80%,90%,95%,98%,99%,99.9%,99.99%,100%
GET,/,9143,0,12,44.19111727004252,1.2425999999994275,353.25170000000037,8688.0,478.94951907243023,0.0,12,49,75,83,100,190,200,260,340,350,350
,Aggregated,9143,0,12,44.19111727004252,1.2425999999994275,353.25170000000037,8688.0,478.94951907243023,0.0,12,49,75,83,100,190,200,260,340,350,350
