Type,Name,Request Count,Failure Count,Median Response Time,Average Response Time,Min Response Time,Max Response Time,Average Content Size,Requests/s,Failures/s,50%,66%,75%,80%,90%,95%,98%,99%,99.9%,99.99%,100%
GET,/,9372,0,89,82.01675604993596,1.3325999999977967,378.89660000000003,8688.0,492.9870381048377,0.0,89,96,100,100,180,200,250,290,370,380,380
,Aggregated,9372,0,89,82.01675604993596,1.3325999999977967,378.89660000000003,8688.0,492.9870381048377,0.0,89,96,100,100,180,200,250,290,370,380,380
