Type,Name,Request Count,Failure Count,Median Response Time,Average Response Time,Min Response Time,Max Response Time,Average Content Size,Requests/s,Failures/s,50%,66%,75%,80%,90%,95%,98%,99%,99.9%,99.99%,100%
GET,/,9665,0,43,60.704827015002685,1.2329000000015355,599.7905999999995,8688.0,506.1347809004681,0.0,43,84,90,93,110,190,290,300,510,600,600
,Aggregated,9665,0,43,60.704827015002685,1.2329000000015355,599.7905999999995,8688.0,506.1347809004681,0.0,43,84,90,93,110,190,290,300,510,600,600
