Type,Name,Request Count,Failure Count,Median Response Time,Average Response Time,Min Response Time,Max Response Time,Average Content Size,Requests/s,Failures/s,50%,66%,75%,80%,90%,95%,98%,99%,99.9%,99.99%,100%
GET,/,8489,0,16,63.1143638944514,1.2551000000016188,483.606,8688.0,446.80027761126763,0.0,16,79,88,96,190,250,300,330,390,480,480
,Aggregated,8489,0,16,63.1143638944514,1.2551000000016188,483.606,8688.0,446.80027761126763,0.0,16,79,88,96,190,250,300,330,390,480,480
