Type,Name,Request Count,Failure Count,Median Response Time,Average Response Time,Min Response Time,Max Response Time,Average Content Size,Requests/s,Failures/s,50%,66%,75%,80%,90%,95%,98%,99%,99.9%,99.99%,100%
GET,/,7951,0,200.0,253.37178343604552,1.8472000000002708,993.2052000000002,8688.0,416.4999917571523,0.0,200,290,310,370,500,650,700,710,870,990,990
,Aggregated,7951,0,200.0,253.37178343604552,1.8472000000002708,993.2052000000002,8688.0,416.4999917571523,0.0,200,290,310,370,500,650,700,710,870,990,990
