Type,Name,Request Count,Failure Count,Median Response Time,Average Response Time,Min Response Time,Max Response Time,Average Content Size,Requests/s,Failures/s,50%,66%,75%,80%,90%,95%,98%,99%,99.9%,99.99%,100%
GET,/,8452,0,17,56.91187449124455,1.3302999999993403,352.1494999999994,8688.0,441.9517641015499,0.0,17,75,89,96,180,200,250,300,350,350,350
,Aggregated,8452,0,17,56.91187449124455,1.3302999999993403,352.1494999999994,8688.0,441.9517641015499,0.0,17,75,89,96,180,200,250,300,350,350,350
