Type,Name,Request Count,Failure Count,Median Response Time,Average Response Time,Min Response Time,Max Response Time,Average Content Size,Requests/s,Failures/s,50%,66%,75%,80%,90%,95%,98%,99%,99.9%,99.99%,100%
GET,/,8482,0,12,46.0459756189579,1.2738999999992728,355.7163000000001,8688.0,444.70025334577815,0.0,12,49,73,84,120,190,250,270,350,360,360
,Aggregated,8482,0,12,46.0459756189579,1.2738999999992728,355.7163000000001,8688.0,444.70025334577815,0.0,12,49,73,84,120,190,250,270,350,360,360
