Type,Name,Request Count,Failure Count,Median Response Time,Average Response Time,Min Response Time,Max Response Time,Average Content Size,Requests/s,Failures/s,50%,66%,75%,80%,90%,95%,98%,99%,99.9%,99.99%,100%
GET,/,10130,0,21,44.514139427443325,1.4716000000003504,380.9953999999998,8688.0,530.8872481801922,0.0,21,48,69,78,100,160,210,270,340,380,380
,Aggregated,10130,0,21,44.514139427443325,1.4716000000003504,380.9953999999998,8688.0,530.8872481801922,0.0,21,48,69,78,100,160,210,270,340,380,380
