Type,Name,Request Count,Failure Count,Median Response Time,Average Response Time,Min Response Time,Max Response Time,Average Content Size,Requests/s,Failures/s,50%,66%,75%,80%,90%,95%,98%,99%,99.9%,99.99%,100%
GET,/,7617,0,9,40.50926905605879,1.215200000000749,373.1664000000001,8688.0,399.23326411943424,0.0,9,32,71,79,100,180,210,270,340,370,370
,Aggregated,7617,0,9,40.50926905605879,1.215200000000749,373.1664000000001,8688.0,399.23326411943424,0.0,9,32,71,79,100,180,210,270,340,370,370
