Type,Name,Request Count,Failure Count,Median Response Time,Average Response Time,Min Response Time,Max Response Time,Average Content Size,Requests/s,Failures/s,50%,66%,75%,80%,90%,95%,98%,99%,99.9%,99.99%,100%
GET,/,9277,0,91,105.81085240918392,1.4319999999976574,604.1765000000004,8688.0,486.6088042114731,0.0,91,100,120,180,210,300,400,410,520,600,600
,Aggregated,9277,0,91,105.81085240918392,1.4319999999976574,604.1765000000004,8688.0,486.6088042114731,0.0,91,100,120,180,210,300,400,410,520,600,600
