Type,Name,Request Count,Failure Count,Median Response Time,Average Response Time,Min Response Time,Max Response Time,Average Content Size,Requests/s,Failures/s,50%,66%,75%,80%,90%,95%,98%,99%,99.9%,99.99%,100%
GET,/,8291,0,270.0,298.948158243879,7.562099999999461,1051.9082999999991,8688.0,434.04263833314127,0.0,270,320,400,420,510,620,790,810,950,1100,1100
,Aggregated,8291,0,270.0,298.948158243879,7.562099999999461,1051.9082999999991,8688.0,434.04263833314127,0.0,270,320,400,420,510,620,790,810,950,1100,1100
