Type,Name,Request Count,Failure Count,Median Response Time,Average Response Time,Min Response Time,Max Response Time,Average Content Size,Requests/s,Failures/s,50%,66%,75%,80%,90%,95%,98%,99%,99.9%,99.99%,100%
GET,/,8789,0,11,41.61887048583429,1.282400000000905,412.0914999999998,8688.0,461.8653121060377,0.0,11,26,60,75,100,190,280,290,370,410,410
,Aggregated,8789,0,11,41.61887048583429,1.282400000000905,412.0914999999998,8688.0,461.8653121060377,0.0,11,26,60,75,100,190,280,290,370,410,410
