Type,Name,Request Count,Failure Count,Median Response Time,Average Response Time,Min Response Time,Max Response Time,Average Content Size,Requests/s,Failures/s,50%,66%,75%,80%,90%,95%,98%,99%,99.9%,99.99%,100%
GET,/,9674,0,60,60.715838432912925,1.2719000000007696,405.23380000000043,8688.0,506.84691131548055,0.0,60,86,92,96,110,190,210,260,390,410,410
,Aggregated,9674,0,60,60.715838432912925,1.2719000000007696,405.23380000000043,8688.0,506.84691131548055,0.0,60,86,92,96,110,190,210,260,390,410,410
