Type,Name,Request Count,Failure Count,Median Response Time,Average Response Time,Min Response Time,Max Response Time,Average Content Size,Requests/s,Failures/s,50%,66%,75%,80%,90%,95%,98%,99%,99.9%,99.99%,100%
GET,/,9271,0,30,52.69481017150274,0.9557999999998401,478.14659999999964,1507.0,485.24450896502805,0.0,30,53,72,83,120,180,230,300,480,480,480
,Aggregated,9271,0,30,52.69481017150274,0.9557999999998401,478.14659999999964,1507.0,485.24450896502805,0.0,30,53,72,83,120,180,230,300,480,480,480
