Type,Name,Request Count,Failure Count,Median Response Time,Average Response Time,Min Response Time,Max Response Time,Average Content Size,Requests/s,Failures/s,50%,66%,75%,80%,90%,95%,98%,99%,99.9%,99.99%,100%
GET,/,8430,0,20,37.94853341636996,1.1684000000009576,289.02669999999995,1507.0,442.4939787788254,0.0,20,28,48,62,91,140,170,220,290,290,290
,Aggregated,8430,0,20,37.94853341636996,1.1684000000009576,289.02669999999995,1507.0,442.4939787788254,0.0,20,28,48,62,91,140,170,220,290,290,290
