Type,Name,Request Count,Failure Count,Median Response Time,Average Response Time,Min Response Time,Max Response Time,Average Content Size,Requests/s,Failures/s,50%,66%,75%,80%,90%,95%,98%,99%,99.9%,99.99%,100%
GET,/,8941,0,29,51.36313563359815,1.1160000000014492,562.4973000000005,1507.0,467.4550866188577,0.0,29,54,69,78,110,160,250,290,410,560,560
,Aggregated,8941,0,29,51.36313563359815,1.1160000000014492,562.4973000000005,1507.0,467.4550866188577,0.0,29,54,69,78,110,160,250,290,410,560,560
