Type,Name,Request Count,Failure Count,Median Response Time,Average Response Time,Min Response Time,Max Response Time,Average Content Size,Requests/s,Failures/s,50%,66%,75%,80%,90%,95%,98%,99%,99.9%,99.99%,100%
GET,/,7139,0,17,43.207043857683075,1.0782000000020275,645.3370999999999,1507.0,374.92628262601664,0.0,17,28,61,72,100,160,230,270,460,650,650
,Aggregated,7139,0,17,43.207043857683075,1.0782000000020275,645.3370999999999,1507.0,374.92628262601664,0.0,17,28,61,72,100,160,230,270,460,650,650
