Type,Name,Request Count,Failure Count,Median Response Time,Average Response Time,Min Response Time,Max Response Time,Average Content Size,Requests/s,Failures/s,50%,66%,75%,80%,90%,95%,98%,99%,99.9%,99.99%,100%
GET,/,8162,0,28,51.731032614555275,1.0090999999992079,456.0194000000002,1507.0,427.2838424734071,0.0,28,62,74,83,110,170,200,270,450,460,460
,Aggregated,8162,0,28,51.731032614555275,1.0090999999992079,456.0194000000002,1507.0,427.2838424734071,0.0,28,62,74,83,110,170,200,270,450,460,460
