Type,Name,Request Count,Failure Count,Median Response Time,Average Response Time,Min Response Time,Max Response Time,Average Content Size,Requests/s,Failures/s,50%,66%,75%,80%,90%,95%,98%,99%,99.9%,99.99%,100%
GET,/,7777,0,33,56.09068980326598,0.9530000000008698,486.3016999999994,1507.0,408.4676063500103,0.0,33,69,82,89,120,180,200,220,410,490,490
,Aggregated,7777,0,33,56.09068980326598,0.9530000000008698,486.3016999999994,1507.0,408.4676063500103,0.0,33,69,82,89,120,180,200,220,410,490,490
