Type,Name,Request Count,Failure Count,Median Response Time,Average Response Time,Min Response Time,Max Response Time,Average Content Size,Requests/s,Failures/s,50%,66%,75%,80%,90%,95%,98%,99%,99.9%,99.99%,100%
GET,/,7454,0,29,52.70015768714813,1.1563999999992802,363.4404,1507.0,391.6163749719841,0.0,29,62,76,84,110,180,220,290,320,360,360
,Aggregated,7454,0,29,52.70015768714813,1.1563999999992802,363.4404,1507.0,391.6163749719841,0.0,29,62,76,84,110,180,220,290,320,360,360
