Type,Name,Request Count,Failure Count,Median Response Time,Average Response Time,Min Response Time,Max Response Time,Average Content Size,Requests/s,Failures/s,50%,66%,75%,80%,90%,95%,98%,99%,99.9%,99.99%,100%
GET,/,9667,0,85,94.35772327505987,1.2201000000011675,413.2268999999997,1507.0,507.4326993092885,0.0,85,100,110,130,190,210,280,310,390,410,410
,Aggregated,9667,0,85,94.35772327505987,1.2201000000011675,413.2268999999997,1507.0,507.4326993092885,0.0,85,100,110,130,190,210,280,310,390,410,410
