Type,Name,Request Count,Failure Count,Median Response Time,Average Response Time,Min Response Time,Max Response Time,Average Content Size,Requests/s,Failures/s,50%,66%,75%,80%,90%,95%,98%,99%,99.9%,99.99%,100%
GET,/,9349,0,41,59.17450616108685,1.0846999999998275,542.2985000000002,1507.0,490.4424971714151,0.0,41,72,85,95,140,180,210,260,340,540,540
,Aggregated,9349,0,41,59.17450616108685,1.0846999999998275,542.2985000000002,1507.0,490.4424971714151,0.0,41,72,85,95,140,180,210,260,340,540,540
