Type,Name,Request Count,Failure Count,Median Response Time,Average Response Time,Min Response Time,Max Response Time,Average Content Size,Requests/s,Failures/s,50%,66%,75%,80%,90%,95%,98%,99%,99.9%,99.99%,100%
GET,/,9604,0,73,84.60484778217416,1.1043999999991172,576.9497000000001,1507.0,503.032091927704,0.0,73,91,100,120,180,210,280,310,520,580,580
,Aggregated,9604,0,73,84.60484778217416,1.1043999999991172,576.9497000000001,1507.0,503.032091927704,0.0,73,91,100,120,180,210,280,310,520,580,580
