Type,Name,Request Count,Failure Count,Median Response Time,Average Response Time,Min Response Time,Max Response Time,Average Content Size,Requests/s,Failures/s,50%,66%,75%,80%,90%,95%,98%,99%,99.9%,99.99%,100%
GET,/,8931,0,71,77.06577645280495,1.0082000000011249,443.63809999999984,1507.0,468.5756134973009,0.0,71,89,100,110,160,190,270,310,440,440,440
,Aggregated,8931,0,71,77.06577645280495,1.0082000000011249,443.63809999999984,1507.0,468.5756134973009,0.0,71,89,100,110,160,190,270,310,440,440,440
