Type,Name,Request Count,Failure Count,Median Response Time,Average Response Time,Min Response Time,Max Response Time,Average Content Size,Requests/s,Failures/s,50%,66%,75%,80%,90%,95%,98%,99%,99.9%,99.99%,100%
GET,/,9024,0,29,46.54670673758831,1.1434000000001276,295.61470000000025,1507.0,472.8102827188035,0.0,29,56,70,78,97,130,180,190,280,300,300
,Aggregated,9024,0,29,46.54670673758831,1.1434000000001276,295.61470000000025,1507.0,472.8102827188035,0.0,29,56,70,78,97,130,180,190,280,300,300
