Type,Name,Request Count,Failure Count,Median Response Time,Average Response Time,Min Response Time,Max Response Time,Average Content Size,Requests/s,Failures/s,50%,66%,75%,80%,90%,95%,98%,99%,99.9%,99.99%,100%
GET,/,8772,0,44,101.11134783401732,1.111599999997992,1384.3049,1507.0,460.5405132109615,0.0,44,73,87,97,180,600,860,980,1300,1400,1400
,Aggregated,8772,0,44,101.11134783401732,1.111599999997992,1384.3049,1507.0,460.5405132109615,0.0,44,73,87,97,180,600,860,980,1300,1400,1400
