Type,Name,Request Count,Failure Count,Median Response Time,Average Response Time,Min Response Time,Max Response Time,Average Content Size,Requests/s,Failures/s,50%,66%,75%,80%,90%,95%,98%,99%,99.9%,99.99%,100%
GET,/,8627,0,31,49.46695186043823,0.9576999999971747,293.7888000000002,1507.0,452.7503938890048,0.0,31,59,75,84,110,150,200,220,290,290,290
,Aggregated,8627,0,31,49.46695186043823,0.9576999999971747,293.7888000000002,1507.0,452.7503938890048,0.0,31,59,75,84,110,150,200,220,290,290,290
