Type,Name,Request Count,Failure Count,Median Response Time,Average Response Time,Min Response Time,Max Response Time,Average Content Size,Requests/s,Failures/s,50%,66%,75%,80%,90%,95%,98%,99%,99.9%,99.99%,100%
GET,/,9474,0,27,43.99461954823734,1.2521000000003113,435.5019000000002,1507.0,495.8168343217914,0.0,27,41,53,63,93,110,230,330,410,440,440
,Aggregated,9474,0,27,43.99461954823734,1.2521000000003113,435.5019000000002,1507.0,495.8168343217914,0.0,27,41,53,63,93,110,230,330,410,440,440
