Type,Name,Request Count,Failure Count,Median Response Time,Average Response Time,Min Response Time,Max Response Time,Average Content Size,Requests/s,Failures/s,50%,66%,75%,80%,90%,95%,98%,99%,99.9%,99.99%,100%
GET,/,7919,0,27,41.11794748074251,0.9642000000003037,318.79979999999983,1507.0,416.2481489976354,0.0,27,42,57,67,91,110,180,200,300,320,320
,Aggregated,7919,0,27,41.11794748074251,0.9642000000003037,318.79979999999983,1507.0,416.2481489976354,0.0,27,42,57,67,91,110,180,200,300,320,320
