Type,Name,Request Count,Failure Count,Median Response Time,Average Response Time,Min Response Time,Max Response Time,Average Content Size,Requests/s,Failures/s,50%,66%,75%,80%,90%,95%,98%,99%,99.9%,99.99%,100%
GET,/,7824,0,20,41.38947710889586,1.050700000000404,495.12409999999994,1507.0,409.87427351378295,0.0,20,32,54,65,90,140,250,300,440,500,500
,Aggregated,7824,0,20,41.38947710889586,1.050700000000404,495.12409999999994,1507.0,409.87427351378295,0.0,20,32,54,65,90,140,250,300,440,500,500
