Type,Name,Request Count,Failure Count,Median Response Time,Average Response Time,Min Response Time,Max Response Time,Average Content Size,Requests/s,Failures/s,50%,66%,75%,80%,90%,95%,98%,99%,99.9%,99.99%,100%
GET,/,8999,0,23,40.771671985776116,1.0414999999994734,311.15229999999985,1507.0,473.05916577519196,0.0,23,39,61,71,95,120,170,190,290,310,310
,Aggregated,8999,0,23,40.771671985776116,1.0414999999994734,311.15229999999985,1507.0,473.05916577519196,0.0,23,39,61,71,95,120,170,190,290,310,310
