Type,Name,Request Count,Failure Count,Median Response Time,Average Response Time,Min Response Time,Max Response Time,Average Content Size,Requests/s,Failures/s,50%,66%,75%,80%,90%,95%,98%,99%,99.9%,99.99%,100%
GET,/,8638,0,27,48.06160457281768,1.0334000000007393,515.4917000000002,1507.0,453.4936419963495,0.0,27,53,69,78,110,150,200,230,310,520,520
,Aggregated,8638,0,27,48.06160457281768,1.0334000000007393,515.4917000000002,1507.0,453.4936419963495,0.0,27,53,69,78,110,150,200,230,310,520,520
