Type,Name,Request Count,Failure Count,Median Response Time,Average Response Time,Min Response Time,Max Response Time,Average Content Size,Requests/s,Failures/s,50%,66%,75%,80%,90%,95%,98%,99%,99.9%,99.99%,100%
GET,/,9345,0,25,45.36274686998399,1.0729000000004874,359.9848999999997,1507.0,490.27291009193334,0.0,25,50,69,77,100,140,190,220,290,360,360
,Aggregated,9345,0,25,45.36274686998399,1.0729000000004874,359.9848999999997,1507.0,490.27291009193334,0.0,25,50,69,77,100,140,190,220,290,360,360
