Type,Name,Request Count,Failure Count,Median Response Time,Average Response Time,Min Response Time,Max Response Time,Average Content Size,Requests/s,Failures/s,50%,66%,75%,80%,90%,95%,98%,99%,99.9%,99.99%,100%
GET,/,7848,0,57,70.36706151885858,1.1608999999994651,532.5500000000001,1507.0,411.1345657091799,0.0,57,78,89,96,160,210,290,390,530,530,530
,Aggregated,7848,0,57,70.36706151885858,1.1608999999994651,532.5500000000001,1507.0,411.1345657091799,0.0,57,78,89,96,160,210,290,390,530,530,530
