Type,Name,Request Count,Failure Count,Median Response Time,Average Response Time,Min Response Time,Max Response Time,Average Content Size,Requests/s,Failures/s,50%,66%,75%,80%,90%,95%,98%,99%,99.9%,99.99%,100%
GET,/,9622,0,45,57.118539004364806,1.164899999999136,376.4222000000004,1507.0,505.95954704943426,0.0,45,70,84,92,110,170,200,220,290,380,380
,Aggregated,9622,0,45,57.118539004364806,1.164899999999136,376.4222000000004,1507.0,505.95954704943426,0.0,45,70,84,92,110,170,200,220,290,380,380
