Type,Name,Request Count,Failure Count,Median Response Time,Average Response Time,Min Response Time,Max Response Time,Average Content Size,Requests/s,Failures/s,50%,66%,75%,80%,90%,95%,98%,99%,99.9%,99.99%,100%
GET,/,8970,0,30,43.501035507246215,0.993699999998654,301.52570000000003,1507.0,469.7152151413498,0.0,30,46,62,70,86,100,180,260,290,300,300
,Aggregated,8970,0,30,43.501035507246215,0.993699999998654,301.52570000000003,1507.0,469.7152151413498,0.0,30,46,62,70,86,100,180,260,290,300,300
