Type,Name,Request Count,Failure Count,Median Response Time,Average Response Time,Min Response Time,Max Response Time,Average Content Size,Requests/s,Failures/s,50%,66%,75%,80%,90%,95%,98%,99%,99.9%,99.99%,100%
GET,/,10304,0,22,41.47347694099388,1.0838999999993604,504.5764999999998,1507.0,540.0710442694442,0.0,22,41,62,70,90,120,190,240,460,490,500
,Aggregated,10304,0,22,41.47347694099388,1.0838999999993604,504.5764999999998,1507.0,540.0710442694442,0.0,22,41,62,70,90,120,190,240,460,490,500
