Type,Name,Request Count,Failure Count,Median Response Time,Average Response Time,Min Response Time,Max Response Time,Average Content Size,Requests/s,Failures/s,50%,66%,75%,80%,90%,95%,98%,99%,99.9%,99.99%,100%
GET,/,8374,0,32,56.952534475758405,1.0144000000025244,551.7279000000004,1507.0,441.47671599490286,0.0,32,66,81,90,140,180,220,280,360,550,550
,Aggregated,8374,0,32,56.952534475758405,1.0144000000025244,551.7279000000004,1507.0,441.47671599490286,0.0,32,66,81,90,140,180,220,280,360,550,550
