Type,Name,Request Count,Failure Count,Median Response Time,Average Response Time,Min Response Time,Max Response Time,Average Content Size,Requests/s,Failures/s,50%,66%,75%,80%,90%,95%,98%,99%,99.9%,99.99%,100%
GET,/,9142,0,25,46.80758968497048,1.0760000000011871,595.3955000000004,1507.0,478.5385953359708,0.0,25,50,68,77,100,160,200,210,380,600,600
,Aggregated,9142,0,25,46.80758968497048,1.0760000000011871,595.3955000000004,1507.0,478.5385953359708,0.0,25,50,68,77,100,160,200,210,380,600,600
