Type,Name,Request Count,Failure Count,Median Response Time,Average Response Time,Min Response Time,Max Response Time,Average Content Size,Requests/s,Failures/s,50%,66%,75%,80%,90%,95%,98%,99%,99.9%,99.99%,100%
GET,/,7316,0,68,80.51907647621702,1.1965000000007109,636.4535,1507.0,385.78612201903945,0.0,68,88,100,110,180,240,290,330,510,640,640
,Aggregated,7316,0,68,80.51907647621702,1.1965000000007109,636.4535,1507.0,385.78612201903945,0.0,68,88,100,110,180,240,290,330,510,640,640
