Type,Name,Request Count,Failure Count,Median Response Time,Average Response Time,Min Response Time,Max Response Time,Average Content Size,Requests/s,Failures/s,50%,66%,75%,80%,90%,95%,98%,99%,99.9%,99.99%,100%
GET,/,7701,0,29,49.77317939228682,0.9435999999993783,405.1282999999999,1507.0,403.62472616908127,0.0,29,53,72,83,110,170,210,240,310,410,410
,Aggregated,7701,0,29,49.77317939228682,0.9435999999993783,405.1282999999999,1507.0,403.62472616908127,0.0,29,53,72,83,110,170,210,240,310,410,410
