Type,Name,Request Count,Failure Count,Median Response Time,Average Response Time,Min Response Time,Max Response Time,Average Content Size,Requests/s,Failures/s,50%,66%,75%,80%,90%,95%,98%,99%,99.9%,99.99%,100%
GET,/,9735,0,38,54.7574004108886,1.1212000000000444,529.3638999999998,1507.0,510.08166880895755,0.0,38,66,80,89,110,160,200,230,310,530,530
,Aggregated,9735,0,38,54.7574004108886,1.1212000000000444,529.3638999999998,1507.0,510.08166880895755,0.0,38,66,80,89,110,160,200,230,310,530,530
