Type,Name,Request Count,Failure Count,Median Response Time,Average Response Time,Min Response Time,Max Response Time,Average Content Size,Requests/s,Failures/s,50%,66%,75%,80%,90%,95%,98%,99%,99.9%,99.99%,100%
GET,/,9875,0,37,57.312074734176804,1.1651999999999774,512.0496999999995,1507.0,516.7194596373803,0.0,37,67,80,87,110,190,260,290,420,510,510
,Aggregated,9875,0,37,57.312074734176804,1.1651999999999774,512.0496999999995,1507.0,516.7194596373803,0.0,37,67,80,87,110,190,260,290,420,510,510
