Type,Name,Request Count,Failure Count,Median Response Time,Average Response Time,Min Response Time,Max Response Time,Average Content Size,Requests/s,Failures/s,50%,66%,75%,80%,90%,95%,98%,99%,99.9%,99.99%,100%
GET,/,9985,0,78,89.02819170756113,1.114900000001029,665.7412000000003,1507.0,525.0490911280773,0.0,78,95,110,120,180,210,280,300,490,670,670
,Aggregated,9985,0,78,89.02819170756113,1.114900000001029,665.7412000000003,1507.0,525.0490911280773,0.0,78,95,110,120,180,210,280,300,490,670,670
