Type,Name,Request Count,Failure Count,Median Response Time,Average Response Time,Min Response Time,Max Response Time,Average Content Size,Requests/s,Failures/s,50%,66%,75%,80%,90%,95%,98%,99%,99.9%,99.99%,100%
GET,/,9382,0,26,42.84054382860803,0.969300000001283,255.91600000000003,1507.0,492.7094938758643,0.0,26,44,62,72,100,130,180,200,220,260,260
,Aggregated,9382,0,26,42.84054382860803,0.969300000001283,255.91600000000003,1507.0,492.7094938758643,0.0,26,44,62,72,100,130,180,200,220,260,260
