Type,Name,Request Count,Failure Count,Median Response Time,Average Response Time,Min Response Time,Max Response Time,Average Content Size,Requests/s,Failures/s,50%,66%,75%,80%,90%,95%,98%,99%,99.9%,99.99%,100%
GET,/,7957,0,74,86.05317230111892,1.4505000000006874,665.365,1507.0,416.791336135231,0.0,74,90,100,120,190,220,290,360,660,670,670
,Aggregated,7957,0,74,86.05317230111892,1.4505000000006874,665.365,1507.0,416.791336135231,0.0,74,90,100,120,190,220,290,360,660,670,670
