Type,Name,Request Count,Failure Count,Median Response Time,Average Response Time,Min Response Time,Max Response Time,Average Content Size,Requests/s,Failures/s,50%,66%,75%,80%,90%,95%,98%,99%,99.9%,99.99%,100%
GET,/,9560,0,51,62.025271830543915,1.2661000000004918,395.9067000000003,1507.0,501.16464467270816,0.0,51,73,86,95,120,180,220,250,380,400,400
,Aggregated,9560,0,51,62.025271830543915,1.2661000000004918,395.9067000000003,1507.0,501.16464467270816,0.0,51,73,86,95,120,180,220,250,380,400,400
