Type,Name,Request Count,Failure Count,Median Response Time,Average Response Time,Min Response Time,Max Response Time,Average Content Size,Requests/s,Failures/s,50%,66%,75%,80%,90%,95%,98%,99%,99.9%,99.99%,100%
GET,/,7242,0,37,55.649979646506544,1.1207000000013068,429.8392,1507.0,383.90281820059704,0.0,37,65,78,86,120,170,200,230,430,430,430
,Aggregated,7242,0,37,55.649979646506544,1.1207000000013068,429.8392,1507.0,383.90281820059704,0.0,37,65,78,86,120,170,200,230,430,430,430
