Type,Name,Request Count,Failure Count,Median Response Time,Average Response Time,Min Response Time,Max Response Time,Average Content Size,Requests/s,Failures/s,50%,66%,75%,80%,90%,95%,98%,99%,99.9%,99.99%,100%
GET,/,8527,0,23,39.90074085844976,0.9839999999989857,308.01560000000006,1507.0,449.66073188795315,0.0,23,35,52,65,91,140,180,210,270,310,310
,Aggregated,8527,0,23,39.90074085844976,0.9839999999989857,308.01560000000006,1507.0,449.66073188795315,0.0,23,35,52,65,91,140,180,210,270,310,310
