Type,Name,Request Count,Failure Count,Median Response Time,Average Response Time,Min Response Time,Max Response Time,Average Content Size,Requests/s,Failures/s,50%,66%,75%,80%,90%,95%,98%,99%,99.9%,99.99%,100%
GET,/,10139,0,34,46.95137666436517,1.2521000000003113,451.5640000000003,1507.0,531.3322131964401,0.0,34,51,66,74,89,120,190,280,390,430,450
,Aggregated,10139,0,34,46.95137666436517,1.2521000000003113,451.5640000000003,1507.0,531.3322131964401,0.0,34,51,66,74,89,120,190,280,390,430,450
