Type,Name,Request Count,Failure Count,Median Response Time,Average Response Time,Min Response Time,Max Response Time,Average Content Size,Requests/s,Failures/s,50%,66%,75%,80%,90%,95%,98%,99%,99.9%,99.99%,100%
GET,/,8849,0,28,49.77232907673187,0.9017999999993975,401.10539999999963,1507.0,463.34646023186525,0.0,28,58,74,83,110,170,200,260,340,400,400
,Aggregated,8849,0,28,49.77232907673187,0.9017999999993975,401.10539999999963,1507.0,463.34646023186525,0.0,28,58,74,83,110,170,200,260,340,400,400
