Type,Name,Request Count,Failure Count,Median Response Time,Average Response Time,Min Response Time,Max Response Time,Average Content Size,Requests/s,Failures/s,50%,66%,75%,80%,90%,95%,98%,99%,99.9%,99.99%,100%
GET,/,9331,0,32,55.81336881363205,1.0961999999992145,517.2978000000006,1507.0,489.32139515867885,0.0,32,63,78,87,130,180,250,280,420,520,520
,Aggregated,9331,0,32,55.81336881363205,1.0961999999992145,517.2978000000006,1507.0,489.32139515867885,0.0,32,63,78,87,130,180,250,280,420,520,520
