Type,Name,Request Count,Failure Count,Median Response Time,Average Response Time,Min Response Time,Max Response Time,Average Content Size,Requests/s,Failures/s,50%,66%,75%,80%,90%,95%,98%,99%,99.9%,99.99%,100%
GET,/,7799,0,44,63.6244590844978,1.067499999999555,543.5672000000001,1507.0,410.81700698762654,0.0,44,74,86,93,150,190,270,340,540,540,540
,Aggregated,7799,0,44,63.6244590844978,1.067499999999555,543.5672000000001,1507.0,410.81700698762654,0.0,44,74,86,93,150,190,270,340,540,540,540
