Type,Name,Request Count,Failure Count,Median Response Time,Average Response Time,Min Response Time,Max Response Time,Average Content Size,Requests/s,Failures/s,50%,66%,75%,80%,90%,95%,98%,99%,99.9%,99.99%,100%
GET,/,9096,0,57,65.7625501759015,1.1286000000012564,378.3460000000005,1507.0,476.86196484974084,0.0,57,80,93,100,140,180,210,250,330,380,380
,Aggregated,9096,0,57,65.7625501759015,1.1286000000012564,378.3460000000005,1507.0,476.86196484974084,0.0,57,80,93,100,140,180,210,250,330,380,380
