Type,Name,Request Count,Failure Count,Median Response Time,Average Response Time,Min Response Time,Max Response Time,Average Content Size,Requests/s,Failures/s,50%,66%,75%,80%,90%,95%,98%,99%,99.9%,99.99%,100%
GET,/,8192,0,49,65.19408729248062,1.0875000000005741,670.3781000000002,1507.0,430.50561412538264,0.0,49,76,85,91,110,190,300,410,590,670,670
,Aggregated,8192,0,49,65.19408729248062,1.0875000000005741,670.3781000000002,1507.0,430.50561412538264,0.0,49,76,85,91,110,190,300,410,590,670,670
