Type,Name,Request Count,Failure Count,Median Response Time,Average Response Time,Min Response Time,Max Response Time,Average Content Size,Requests/s,Failures/s,50%,66%,75%,80%,90%,95%,98%,99%,99.9%,99.99%,100%
GET,/,7525,0,19,38.9344612624583,1.04909999999947,362.49189999999976,1507.0,396.92993227495873,0.0,19,28,49,65,97,150,200,230,340,360,360
,Aggregated,7525,0,19,38.9344612624583,1.04909999999947,362.49189999999976,1507.0,396.92993227495873,0.0,19,28,49,65,97,150,200,230,340,360,360
