Type,Name,Request Count,Failure Count,Median Response Time,Average Response Time,Min Response Time,Max Response Time,Average Content Size,Requests/s,Failures/s,50%,66%,75%,80%,90%,95%,98%,99%,99.9%,99.99%,100%
GET,/,7329,0,23,49.816841820166445,1.2308000000000874,583.9112999999995,1507.0,384.5503889662805,0.0,23,47,67,78,120,170,270,300,470,580,580
,Aggregated,7329,0,23,49.816841820166445,1.2308000000000874,583.9112999999995,1507.0,384.5503889662805,0.0,23,47,67,78,120,170,270,300,470,580,580
