Type,Name,Request Count,Failure Count,Median Response Time,Average Response Time,Min Response Time,Max Response Time,Average Content Size,Requests/s,Failures/s,50%,66%,75%,80%,90%,95%,98%,99%,99.9%,99.99%,100%
GET,/,8809,0,50,61.91847557043938,1.2980000000002434,450.7671000000002,1507.0,460.9541480693911,0.0,50,73,84,91,120,180,250,280,380,450,450
,Aggregated,8809,0,50,61.91847557043938,1.2980000000002434,450.7671000000002,1507.0,460.9541480693911,0.0,50,73,84,91,120,180,250,280,380,450,450
