Type,Name,Request Count,Failure Count,Median Response Time,Average Response Time,Min Response Time,Max Response Time,Average Content Size,Requests/s,Failures/s,50%,66%,75%,80%,90%,95%,98%,99%,99.9%,99.99%,100%
GET,/,9024,0,48,62.46345887632967,1.0933999999984678,629.0381999999996,1507.0,473.60337866630044,0.0,48,77,87,94,120,180,250,340,510,630,630
,Aggregated,9024,0,48,62.46345887632967,1.0933999999984678,629.0381999999996,1507.0,473.60337866630044,0.0,48,77,87,94,120,180,250,340,510,630,630
