Type,Name,Request Count,Failure Count,Median Response Time,Average Response Time,Min Response Time,Max Response Time,Average Content Size,Requests/s,Failures/s,50%,66%,75%,80%,90%,95%,98%,99%,99.9%,99.99%,100%
GET,/,8803,0,41,58.34824334885871,1.0135000000008887,476.5509999999997,1507.0,462.27287082364205,0.0,41,70,83,90,110,170,200,260,470,480,480
,Aggregated,8803,0,41,58.34824334885871,1.0135000000008887,476.5509999999997,1507.0,462.27287082364205,0.0,41,70,83,90,110,170,200,260,470,480,480
