Type,Name,Request Count,Failure Count,Median Response Time,Average Response Time,Min Response Time,Max Response Time,Average Content Size,Requests/s,Failures/s,50%,66%,75%,80%,90%,95%,98%,99%,99.9%,99.99%,100%
GET,/,9006,0,30,47.45376684432588,1.0641000000006784,379.97320000000025,1507.0,473.3488732114693,0.0,30,52,67,76,99,150,210,250,320,380,380
,Aggregated,9006,0,30,47.45376684432588,1.0641000000006784,379.97320000000025,1507.0,473.3488732114693,0.0,30,52,67,76,99,150,210,250,320,380,380
