Type,Name,Request Count,Failure Count,Median Response Time,Average Response Time,Min Response Time,Max Response Time,Average Content Size,Requests/s,Failures/s,50%,66%,75%,80%,90%,95%,98%,99%,99.9%,99.99%,100%
GET,/,8517,0,26,44.20561619114732,1.0854000000009023,513.6142999999995,1507.0,446.66736513861423,0.0,26,48,64,73,100,130,180,210,410,510,510
,Aggregated,8517,0,26,44.20561619114732,1.0854000000009023,513.6142999999995,1507.0,446.66736513861423,0.0,26,48,64,73,100,130,180,210,410,510,510
