Type,Name,Request Count,Failure Count,Median Response Time,Average Response Time,Min Response Time,Max Response Time,Average Content Size,Requests/s,Failures/s,50%,66%,75%,80%,90%,95%,98%,99%,99.9%,99.99%,100%
GET,/,8831,0,100.0,136.79104061827627,1.0931999999996833,850.8764000000007,1507.0,462.9569567216178,0.0,100,170,190,200,280,310,380,400,700,850,850
,Aggregated,8831,0,100.0,136.79104061827627,1.0931999999996833,850.8764000000007,1507.0,462.9569567216178,0.0,100,170,190,200,280,310,380,400,700,850,850
