Type,Name,Request Count,Failure Count,Median Response Time,Average Response Time,Min Response Time,Max Response Time,Average Content Size,Requests/s,Failures/s,50%,66%,75%,80%,90%,95%,98%,99%,99.9%,99.99%,100%
GET,/,9367,0,62,68.42066862389265,0.9592999999998852,514.2843000000008,1507.0,491.18504114745133,0.0,62,82,94,100,140,180,200,220,490,510,510
,Aggregated,9367,0,62,68.42066862389265,0.9592999999998852,514.2843000000008,1507.0,491.18504114745133,0.0,62,82,94,100,140,180,200,220,490,510,510
