Type,Name,Request Count,Failure Count,Median Response Time,Average Response Time,Min Response Time,Max Response Time,Average Content Size,Requests/s,Failures/s,50%,66%,75%,80%,90%,95%,98%,99%,99.9%,99.99%,100%
GET,/,8161,0,30,50.797339014826655,1.1033000000004733,366.94320000000016,1507.0,428.7175000684476,0.0,30,60,75,83,110,160,210,250,310,370,370
,Aggregated,8161,0,30,50.797339014826655,1.1033000000004733,366.94320000000016,1507.0,428.7175000684476,0.0,30,60,75,83,110,160,210,250,310,370,370
