Type,Name,Request Count,Failure Count,Median Response Time,Average Response Time,Min Response Time,Max Response Time,Average Content Size,Requests/s,Failures/s,50%,66%,75%,80%,90%,95%,98%,99%,99.9%,99.99%,100%
GET,/,9170,0,68,74.02205514721929,1.1983999999998218,436.6992000000001,1507.0,478.62170253544974,0.0,68,88,99,100,160,190,210,280,390,440,440
,Aggregated,9170,0,68,74.02205514721929,1.1983999999998218,436.6992000000001,1507.0,478.62170253544974,0.0,68,88,99,100,160,190,210,280,390,440,440
