Type,Name,Request Count,Failure Count,Median Response Time,Average Response Time,Min Response Time,Max Response Time,Average Content Size,Requests/s,Failures/s,50%,66%,75%,80%,90%,95%,98%,99%,99.9%,99.99%,100%
GET,/,9876,0,84,93.58363754556521,0.9800000000002029,621.2406999999995,1507.0,518.6729556110137,0.0,84,100,110,130,190,220,290,320,430,620,620
,Aggregated,9876,0,84,93.58363754556521,0.9800000000002029,621.2406999999995,1507.0,518.6729556110137,0.0,84,100,110,130,190,220,290,320,430,620,620
