Type,Name,Request Count,Failure Count,Median Response Time,Average Response Time,Min Response Time,Max Response Time,Average Content Size,Requests/s,Failures/s,50%,66%,75%,80%,90%,95%,98%,99%,99.9%,99.99%,100%
GET,/,9048,0,54,66.07365312776328,0.962400000000585,432.39610000000005,1507.0,474.56598251371673,0.0,54,79,91,100,140,180,240,270,360,430,430
,Aggregated,9048,0,54,66.07365312776328,0.962400000000585,432.39610000000005,1507.0,474.56598251371673,0.0,54,79,91,100,140,180,240,270,360,430,430
