Type,Name,Request Count,Failure Count,Median Response Time,Average Response Time,Min Response Time,Max Response Time,Average Content Size,Requests/s,Failures/s,50%,66%,75%,80%,90%,95%,98%,99%,99.9%,99.99%,100%
GET,/,8997,0,24,45.087392997665916,1.050700000000404,362.39009999999985,1507.0,471.3701809430341,0.0,24,54,68,76,95,150,190,200,310,360,360
,Aggregated,8997,0,24,45.087392997665916,1.050700000000404,362.39009999999985,1507.0,471.3701809430341,0.0,24,54,68,76,95,150,190,200,310,360,360
