Type,Name,Request Count,Failure Count,Median Response Time,Average Response Time,Min Response Time,Max Response Time,Average Content Size,Requests/s,Failures/s,50%,66%,75%,80%,90%,95%,98%,99%,99.9%,99.99%,100%
GET,/,7476,0,73,82.41539222846454,1.1788999999993166,519.6381999999998,1507.0,392.76960776583286,0.0,73,90,99,110,180,210,310,390,520,520,520
,Aggregated,7476,0,73,82.41539222846454,1.1788999999993166,519.6381999999998,1507.0,392.76960776583286,0.0,73,90,99,110,180,210,310,390,520,520,520
