Type,Name,Request Count,Failure Count,Median Response Time,Average Response Time,Min Response Time,Max Response Time,Average Content Size,Requests/s,Failures/s,50%,66%,75%,80%,90%,95%,98%,99%,99.9%,99.99%,100%
GET,/,10227,0,58,66.55827607313991,1.073699999999178,514.3222999999999,1507.0,536.0854576404457,0.0,58,78,87,94,120,180,280,300,410,510,510
,Aggregated,10227,0,58,66.55827607313991,1.073699999999178,514.3222999999999,1507.0,536.0854576404457,0.0,58,78,87,94,120,180,280,300,410,510,510
