Type,Name,Request Count,Failure Count,Median Response Time,Average Response Time,Min Response Time,Max Response Time,Average Content Size,Requests/s,Failures/s,50%,66%,75%,80%,90%,95%,98%,99%,99.9%,99.99%,100%
GET,/,7754,0,24,48.06893528501434,1.0270999999981711,497.87559999999996,1507.0,407.68043370075924,0.0,24,42,66,81,110,190,210,270,350,500,500
,Aggregated,7754,0,24,48.06893528501434,1.0270999999981711,497.87559999999996,1507.0,407.68043370075924,0.0,24,42,66,81,110,190,210,270,350,500,500
