Type,Name,Request Count,Failure Count,Median Response Time,Average Response Time,Min Response Time,Max Response Time,Average Content Size,Requests/s,Failures/s,50%,66%,75%,80%,90%,95%,98%,99%,99.9%,99.99%,100%
GET,/,8699,0,19,44.51367854925859,1.071500000000114,520.3430999999998,1507.0,455.9912078759986,0.0,19,40,65,76,110,170,210,250,480,520,520
,Aggregated,8699,0,19,44.51367854925859,1.071500000000114,520.3430999999998,1507.0,455.9912078759986,0.0,19,40,65,76,110,170,210,250,480,520,520
