Type,Name,Request Count,Failure Count,Median Response Time,Average Response Time,Min Response Time,Max Response Time,Average Content Size,Requests/s,Failures/s,50%,66%,75%,80%,90%,95%,98%,99%,99.9%,99.99%,100%
GET,/,8495,0,30,47.92953040612105,1.0276000000004615,452.49629999999996,1507.0,445.41253204558694,0.0,30,56,70,77,99,130,190,220,370,450,450
,Aggregated,8495,0,30,47.92953040612105,1.0276000000004615,452.49629999999996,1507.0,445.41253204558694,0.0,30,56,70,77,99,130,190,220,370,450,450
