Type,Name,Request Count,Failure Count,Median Response Time,Average Response Time,Min Response Time,Max Response Time,Average Content Size,Requests/s,Failures/s,50%,66%,75%,80%,90%,95%,98%,99%,99.9%,99.99%,100%
GET,/,8474,0,29,46.023578557941875,1.1137999999997206,375.18340000000006,1507.0,444.13142374591797,0.0,29,53,68,76,97,130,190,250,290,380,380
,Aggregated,8474,0,29,46.023578557941875,1.1137999999997206,375.18340000000006,1507.0,444.13142374591797,0.0,29,53,68,76,97,130,190,250,290,380,380
