Type,Name,Request Count,Failure Count,Median Response Time,Average Response Time,Min Response Time,Max Response Time,Average Content Size,Requests/s,Failures/s,50%,66%,75%,80%,90%,95%,98%,99%,99.9%,99.99%,100%
GET,/,8020,0,52,66.80165140897742,1.0908000000000584,521.4533999999995,1507.0,420.47008305774335,0.0,52,75,87,95,160,200,290,360,510,520,520
,Aggregated,8020,0,52,66.80165140897742,1.0908000000000584,521.4533999999995,1507.0,420.47008305774335,0.0,52,75,87,95,160,200,290,360,510,520,520
