Type,Name,Request Count,Failure Count,Median Response Time,Average Response Time,Min Response Time,Max Response Time,Average Content Size,Requests/s,Failures/s,50%,66%,75%,80%,90%,95%,98%,99%,99.9%,99.99%,100%
GET,/,7372,0,52,103.34714338035837,0.9760999999999243,1496.189600000001,1507.0,387.0153594876405,0.0,53,82,96,110,190,510,880,990,1400,1500,1500
,Aggregated,7372,0,52,103.34714338035837,0.9760999999999243,1496.189600000001,1507.0,387.0153594876405,0.0,53,82,96,110,190,510,880,990,1400,1500,1500
