Type,Name,Request Count,Failure Count,Median Response Time,Average Response Time,Min Response Time,Max Response Time,Average Content Size,Requests/s,Failures/s,50%,66%,75%,80%,90%,95%,98%,99%,99.9%,99.99%,100%
GET,/,9098,0,35,56.56046848757963,1.0829000000001088,654.9757999999999,1507.0,478.9574395388647,0.0,35,65,78,88,120,170,220,270,410,650,650
,Aggregated,9098,0,35,56.56046848757963,1.0829000000001088,654.9757999999999,1507.0,478.9574395388647,0.0,35,65,78,88,120,170,220,270,410,650,650
