Type,Name,Request Count,Failure Count,Median Response Time,Average Response Time,Min Response Time,Max Response Time,Average Content Size,Requests/s,Failures/s,50%,66%,75%,80%,90%,95%,98%,99%,99.9%,99.99%,100%
GET,/,9531,0,36,51.596641191900034,1.1606999999997925,312.26269999999977,1507.0,502.2613612039253,0.0,36,58,75,81,110,160,190,250,290,310,310
,Aggregated,9531,0,36,51.596641191900034,1.1606999999997925,312.26269999999977,1507.0,502.2613612039253,0.0,36,58,75,81,110,160,190,250,290,310,310
