Type,Name,Request Count,Failure Count,Median Response Time,Average Response Time,Min Response Time,Max Response Time,Average Content Size,Requests/s,Failures/s,50%,66%,75%,80%,90%,95%,98%,99%,99.9%,99.99%,100%
GET,/,7736,0,50,65.05861911840732,1.1188999999998117,419.00230000000073,1507.0,404.74429308817844,0.0,51,77,92,100,150,190,240,300,420,420,420
,Aggregated,7736,0,50,65.05861911840732,1.1188999999998117,419.00230000000073,1507.0,404.74429308817844,0.0,51,77,92,100,150,190,240,300,420,420,420
