Type,Name,Request Count,Failure Count,Median Response Time,Average Response Time,Min Response Time,Max Response Time,Average Content Size,Requests/s,Failures/s,50%,66%,75%,80%,90%,95%,98%,99%,99.9%,99.99%,100%
GET,/,7283,0,21,44.184529918989625,1.205600000000473,371.87449999999967,1507.0,381.65313779919825,0.0,21,43,65,75,97,150,210,280,370,370,370
,Aggregated,7283,0,21,44.184529918989625,1.205600000000473,371.87449999999967,1507.0,381.65313779919825,0.0,21,43,65,75,97,150,210,280,370,370,370
