Type,Name,Request Count,Failure Count,Median Response Time,Average Response Time,Min Response Time,Max Response Time,Average Content Size,Requests/s,Failures/s,50%,66%,75%,80%,90%,95%,98%,99%,99.9%,99.99%,100%
GET,/,7995,0,39,59.25261692307692,1.1252999999999957,398.64750000000004,1507.0,420.90556476384097,0.0,39,70,86,93,130,190,270,290,330,400,400
,Aggregated,7995,0,39,59.25261692307692,1.1252999999999957,398.64750000000004,1507.0,420.90556476384097,0.0,39,70,86,93,130,190,270,290,330,400,400
