Type,Name,Request Count,Failure Count,Median Response Time,Average Response Time,Min Response Time,Max Response Time,Average Content Size,Requests/s,Failures/s,50%,66%,75%,80%,90%,95%,98%,99%,99.9%,99.99%,100%
GET,/,8979,0,46,59.66069328433035,0.9616000000001179,549.2267000000002,1507.0,470.91121191192065,0.0,46,74,87,94,130,170,200,240,530,550,550
,Aggregated,8979,0,46,59.66069328433035,0.9616000000001179,549.2267000000002,1507.0,470.91121191192065,0.0,46,74,87,94,130,170,200,240,530,550,550
