Type,Name,Request Count,Failure Count,Median Response Time,Average Response Time,Min Response Time,Max Response Time,Average Content Size,Requests/s,Failures/s,50%,66%,75%,80%,90%,95%,98%,99%,99.9%,99.99%,100%
GET,/,10115,0,46,57.0734710034602,1.1558999999987662,412.5736,1507.0,529.3853093110089,0.0,46,68,80,87,110,160,210,250,320,390,410
,Aggregated,10115,0,46,57.0734710034602,1.1558999999987662,412.5736,1507.0,529.3853093110089,0.0,46,68,80,87,110,160,210,250,320,390,410
