Type,Name,Request Count,Failure Count,Median Response Time,Average Response Time,Min Response Time,Max Response Time,Average Content Size,Requests/s,Failures/s,50%,66%,75%,80%,90%,95%,98%,99%,99.9%,99.99%,100%
GET,/,8901,0,53,65.48892934501757,1.0748999999989906,478.01700000000034,1507.0,468.0473471575014,0.0,53,81,92,99,120,190,270,290,360,480,480
,Aggregated,8901,0,53,65.48892934501757,1.0748999999989906,478.01700000000034,1507.0,468.0473471575014,0.0,53,81,92,99,120,190,270,290,360,480,480
