Type,Name,Request Count,Failure Count,Median Response Time,Average Response Time,Min Response Time,Max Response Time,Average Content Size,Requests/s,Failures/s,50%,66%,75%,80%,90%,95%,98%,99%,99.9%,99.99%,100%
GET,/,8880,0,24,45.427982488738564,1.093100000000291,449.69440000000026,1507.0,465.3915176844348,0.0,24,49,65,73,110,150,190,230,320,450,450
,Aggregated,8880,0,24,45.427982488738564,1.093100000000291,449.69440000000026,1507.0,465.3915176844348,0.0,24,49,65,73,110,150,190,230,320,450,450
