Type,Name,Request Count,Failure Count,Median Response Time,Average Response Time,Min Response Time,Max Response Time,Average Content Size,Requests/s,Failures/s,50%,66%,75%,80%,90%,95%,98%,99%,99.9%,99.99%,100%
GET,/,7962,0,25,34.624249572971564,1.2878999999994534,211.8227000000008,1507.0,418.5085773017368,0.0,25,37,47,53,68,82,130,190,210,210,210
,Aggregated,7962,0,25,34.624249572971564,1.2878999999994534,211.8227000000008,1507.0,418.5085773017368,0.0,25,37,47,53,68,82,130,190,210,210,210
