Type,Name,Request Count,Failure Count,Median Response Time,Average Response Time,Min Response Time,Max Response Time,Average Content Size,Requests/s,Failures/s,50%,66%,75%,80%,90%,95%,98%,99%,99.9%,99.99%,100%
GET,/,8944,0,32,51.79451290250446,1.1501000000002648,402.1224000000001,1507.0,469.79366788722825,0.0,32,66,80,87,110,140,200,220,320,400,400
,Aggregated,8944,0,32,51.79451290250446,1.1501000000002648,402.1224000000001,1507.0,469.79366788722825,0.0,32,66,80,87,110,140,200,220,320,400,400
