Type,Name,Request Count,Failure Count,Median Response Time,Average Response Time,Min Response Time,Max Response Time,Average Content Size,Requests/s,Failures/s,50%,66%,75%,80%,90%,95%,98%,99%,99.9%,99.99%,100%
GET,/,9024,0,46,58.89899705230504,0.9894000000016945,604.2344000000002,1507.0,473.3755637229527,0.0,46,74,85,92,120,150,200,250,420,600,600
,Aggregated,9024,0,46,58.89899705230504,0.9894000000016945,604.2344000000002,1507.0,473.3755637229527,0.0,46,74,85,92,120,150,200,250,420,600,600
