Type,Name,Request Count,Failure Count,Median Response Time,Average Response Time,Min Response Time,Max Response Time,Average Content Size,Requests/s,Failures/s,50%,66%,75%,80%,90%,95%,98%,99%,99.9%,99.99%,100%
GET,/,10100,0,50,58.923156257425674,1.1638000000004922,380.3581000000005,1507.0,528.32433251373,0.0,50,71,82,90,120,160,190,230,290,380,380
,Aggregated,10100,0,50,58.923156257425674,1.1638000000004922,380.3581000000005,1507.0,528.32433251373,0.0,50,71,82,90,120,160,190,230,290,380,380
