Type,Name,Request Count,Failure Count,Median Response Time,Average Response Time,Min Response Time,Max Response Time,Average Content Size,Requests/s,Failures/s,50%,66%,75%,80%,90%,95%,98%,99%,99.9%,99.99%,100%
GET,/,9549,0,34,49.479624515656134,1.1314000000002267,368.47959999999966,1507.0,500.0419233385415,0.0,34,57,71,79,110,150,170,220,260,370,370
,Aggregated,9549,0,34,49.479624515656134,1.1314000000002267,368.47959999999966,1507.0,500.0419233385415,0.0,34,57,71,79,110,150,170,220,260,370,370
