Type,Name,Request Count,Failure Count,Median Response Time,Average Response Time,Min Response Time,Max Response Time,Average Content Size,Requests/s,Failures/s,50%,66%,75%,80%,90%,95%,98%,99%,99.9%,99.99%,100%
GET,/,9236,0,35,53.76254097011701,1.0916999999999177,255.50040000000075,1507.0,486.3960017347666,0.0,35,63,80,89,110,170,200,220,250,260,260
,Aggregated,9236,0,35,53.76254097011701,1.0916999999999177,255.50040000000075,1507.0,486.3960017347666,0.0,35,63,80,89,110,170,200,220,250,260,260
