Type,Name,Request Count,Failure Count,Median Response Time,Average Response Time,Min Response Time,Max Response Time,Average Content Size,Requests/s,Failures/s,50%,66%,75%,80%,90%,95%,98%,99%,99.9%,99.99%,100%
GET,/,9089,0,24,47.402041203652615,0.9341999999996631,611.6798000000001,1507.0,476.8222625420501,0.0,24,55,72,82,110,140,200,240,400,610,610
,Aggregated,9089,0,24,47.402041203652615,0.9341999999996631,611.6798000000001,1507.0,476.8222625420501,0.0,24,55,72,82,110,140,200,240,400,610,610
