Type,Name,Request Count,Failure Count,Median Response Time,Average Response Time,Min Response Time,Max Response Time,Average Content Size,Requests/s,Failures/s,50%,66%,75%,80%,90%,95%,98%,99%,99.9%,99.99%,100%
GET,/,9076,0,58,68.24897948435432,1.1271999999991067,761.3767000000005,1507.0,475.01542720956775,0.0,58,78,91,100,140,180,240,270,610,760,760
,Aggregated,9076,0,58,68.24897948435432,1.1271999999991067,761.3767000000005,1507.0,475.01542720956775,0.0,58,78,91,100,140,180,240,270,610,760,760
