Type,Name,Request Count,Failure Count,Median Response Time,Average Response Time,Min Response Time,Max Response Time,Average Content Size,Requests/s,Failures/s,50%,66%,75%,80%,90%,95%,98%,99%,99.9%,99.99%,100%
GET,/,8114,0,26,41.9840063470544,1.083500000000015,299.97840000000053,1507.0,428.333971434973,0.0,26,40,61,72,94,110,190,200,290,300,300
,Aggregated,8114,0,26,41.9840063470544,1.083500000000015,299.97840000000053,1507.0,428.333971434973,0.0,26,40,61,72,94,110,190,200,290,300,300
