Type,Name,Request Count,Failure Count,Median Response Time,Average Response Time,Min Response Time,Max Response Time,Average Content Size,Requests/s,Failures/s,50%,66%,75%,80%,90%,95%,98%,99%,99.9%,99.99%,100%
GET,/,7952,0,28,45.70646576961769,1.1036999999998187,323.2949999999999,1507.0,416.7264782117199,0.0,28,44,63,72,110,150,200,220,300,320,320
,Aggregated,7952,0,28,45.70646576961769,1.1036999999998187,323.2949999999999,1507.0,416.7264782117199,0.0,28,44,63,72,110,150,200,220,300,320,320
