Type,Name,Request Count,Failure Count,Median Response Time,Average Response Time,Min Response Time,Max Response Time,Average Content Size,Requests/s,Failures/s,50%,66%,75%,80%,90%,95%,98%,99%,99.9%,99.99%,100%
GET,/,7922,0,98,131.34802549861138,1.6096000000000998,695.6769999999999,1507.0,417.07448197688876,0.0,98,160,190,200,280,320,410,460,590,700,700
,Aggregated,7922,0,98,131.34802549861138,1.6096000000000998,695.6769999999999,1507.0,417.07448197688876,0.0,98,160,190,200,280,320,410,460,590,700,700
