Type,Name,Request Count,Failure Count,Median Response Time,Average Response Time,Min Response Time,Max Response Time,Average Content Size,Requests/s,Failures/s,50%,66%,75%,80%,90%,95%,98%,99%,99.9%,99.99%,100%
GET,/,9184,0,55,68.33621548344932,1.0521000000007774,649.2568999999993,1507.0,481.8150811888779,0.0,55,80,93,100,150,190,220,290,490,650,650
,Aggregated,9184,0,55,68.33621548344932,1.0521000000007774,649.2568999999993,1507.0,481.8150811888779,0.0,55,80,93,100,150,190,220,290,490,650,650
