Type,Name,Request Count,Failure Count,Median Response Time,Average Response Time,Min Response Time,Max Response Time,Average Content Size,Requests/s,Failures/s,50%,66%,75%,80%,90%,95%,98%,99%,99.9%,99.99%,100%
GET,/,10032,0,60,65.67419364035054,1.1637999999987159,534.4034999999998,1507.0,525.2726112576303,0.0,60,78,88,96,140,170,200,220,350,530,530
,Aggregated,10032,0,60,65.67419364035054,1.1637999999987159,534.4034999999998,1507.0,525.2726112576303,0.0,60,78,88,96,140,170,200,220,350,530,530
