Type,Name,Request Count,Failure Count,Median Response Time,Average Response Time,Min Response Time,Max Response Time,Average Content Size,Requests/s,Failures/s,50%,66%,75%,80%,90%,95%,98%,99%,99.9%,99.99%,100%
GET,/,9383,0,26,46.8273904827881,1.023700000001071,456.47719999999924,1507.0,491.5590374388779,0.0,26,59,73,79,98,140,190,230,280,460,460
,Aggregated,9383,0,26,46.8273904827881,1.023700000001071,456.47719999999924,1507.0,491.5590374388779,0.0,26,59,73,79,98,140,190,230,280,460,460
