Type,Name,Request Count,Failure Count,Median Response Time,Average Response Time,Min Response Time,Max Response Time,Average Content Size,Requests/s,Failures/s,50%,66%,75%,80%,90%,95%,98%,99%,99.9%,99.99%,100%
GET,/,8974,0,64,75.01998792065957,0.9944999999991211,384.9826999999992,1507.0,471.27279123268994,0.0,64,85,100,110,160,200,260,290,350,380,380
,Aggregated,8974,0,64,75.01998792065957,0.9944999999991211,384.9826999999992,1507.0,471.27279123268994,0.0,64,85,100,110,160,200,260,290,350,380,380
