Type,Name,Request Count,Failure Count,Median Response Time,Average Response Time,Min Response Time,Max Response Time,Average Content Size,Requests/s,Failures/s,50%,66%,75%,80%,90%,95%,98%,99%,99.9%,99.99%,100%
GET,/,7879,0,20,40.96957305495628,1.0367000000002236,515.2631999999996,1507.0,412.6131705284344,0.0,20,35,56,69,100,140,180,210,390,520,520
,Aggregated,7879,0,20,40.96957305495628,1.0367000000002236,515.2631999999996,1507.0,412.6131705284344,0.0,20,35,56,69,100,140,180,210,390,520,520
