Type,Name,Request Count,Failure Count,Median Response Time,Average Response Time,Min Response Time,Max Response Time,Average Content Size,Requests/s,Failures/s,50%,66%,75%,80%,90%,95%,98%,99%,99.9%,99.99%,100%
GET,/,8417,0,54,70.72373042651786,0.9731000000012813,607.2604999999998,1507.0,440.6181495485304,0.0,54,80,93,100,170,190,270,350,590,610,610
,Aggregated,8417,0,54,70.72373042651786,0.9731000000012813,607.2604999999998,1507.0,440.6181495485304,0.0,54,80,93,100,170,190,270,350,590,610,610
