Type,Name,Request Count,Failure Count,Median Response Time,Average Response Time,Min Response Time,Max Response Time,Average Content Size,Requests/s,Failures/s,50%,66%,75%,80%,90%,95%,98%,99%,99.9%,99.99%,100%
GET,/,8465,0,66,73.67354914353193,1.1132000000007025,401.2872999999999,1507.0,444.681629243775,0.0,66,87,100,110,170,190,210,270,310,400,400
,Aggregated,8465,0,66,73.67354914353193,1.1132000000007025,401.2872999999999,1507.0,444.681629243775,0.0,66,87,100,110,170,190,210,270,310,400,400
