Type,Name,Request Count,Failure Count,Median Response Time,Average Response Time,Min Response Time,Max Response Time,Average Content Size,Requests/s,Failures/s,50%,66%,75%,80%,90%,95%,98%,99%,99.9%,99.99%,100%
GET,/,9403,0,78,77.39122581091118,1.2273000000000422,332.37570000000005,8688.0,492.935662794307,0.0,78,94,100,110,180,200,230,250,300,330,330
,Aggregated,9403,0,78,77.39122581091118,1.2273000000000422,332.37570000000005,8688.0,492.935662794307,0.0,78,94,100,110,180,200,230,250,300,330,330
