Type,Name,Request Count,Failure Count,Median Response Time,Average Response Time,Min Response Time,Max Response Time,Average Content Size,Requests/s,Failures/s,50%,66%,75%,80%,90%,95%,98%,99%,99.9%,99.99%,100%
GET,/,7483,0,11,35.72009099291732,1.3225000000005593,376.11280000000005,8688.0,392.6898825390201,0.0,11,19,49,69,99,170,200,220,300,380,380
,Aggregated,7483,0,11,35.72009099291732,1.3225000000005593,376.11280000000005,8688.0,392.6898825390201,0.0,11,19,49,69,99,170,200,220,300,380,380
