Type,Name,Request Count,Failure Count,Median Response Time,Average Response Time,Min Response Time,Max Response Time,Average Content Size,Requests/s,Failures/s,50%,66%,75%,80%,90%,95%,98%,99%,99.9%,99.99%,100%
GET,/,8155,0,13,51.72937928877993,1.2496000000012941,408.24750000000074,8688.0,428.03397206696445,0.0,13,69,82,90,110,190,280,370,400,410,410
,Aggregated,8155,0,13,51.72937928877993,1.2496000000012941,408.24750000000074,8688.0,428.03397206696445,0.0,13,69,82,90,110,190,280,370,400,410,410
