Type,Name,Request Count,Failure Count,Median Response Time,Average Response Time,Min Response Time,Max Response Time,Average Content Size,Requests/s,Failures/s,50%,66%,75%,80%,90%,95%,98%,99%,99.9%,99.99%,100%
GET,/,9117,0,17,49.343755895579775,1.250199999999424,384.7756000000002,8688.0,476.66116717864617,0.0,17,53,74,85,110,200,270,290,350,380,380
,Aggregated,9117,0,17,49.343755895579775,1.250199999999424,384.7756000000002,8688.0,476.66116717864617,0.0,17,53,74,85,110,200,270,290,350,380,380
