Type,Name,Request Count,Failure Count,Median Response Time,Average Response Time,Min Response Time,Max Response Time,Average Content Size,Requests/s,Failures/s,50%,66%,75%,80%,90%,95%,98%,99%,99.9%,99.99%,100%
GET,/,9458,0,63,63.83833558891964,1.3129999999996755,297.1690000000002,8688.0,496.51862243634514,0.0,63,82,92,99,150,190,230,250,290,300,300
,Aggregated,9458,0,63,63.83833558891964,1.3129999999996755,297.1690000000002,8688.0,496.51862243634514,0.0,63,82,92,99,150,190,230,250,290,300,300
