Type,Name,Request Count,Failure Count,Median Response Time,Average Response Time,Min Response Time,Max Response Time,Average Content Size,Requests/s,Failures/s,50%,66%,75%,80%,90%,95%,98%,99%,99.9%,99.99%,100%
GET,/,9220,0,58,65.51556539045559,1.4034000000009428,395.18780000000044,8688.0,482.7322230252194,0.0,58,81,91,97,170,200,260,280,350,400,400
,Aggregated,9220,0,58,65.51556539045559,1.4034000000009428,395.18780000000044,8688.0,482.7322230252194,0.0,58,81,91,97,170,200,260,280,350,400,400
