Type,Name,Request Count,Failure Count,Median Response Time,Average Response Time,Min Response Time,Max Response Time,Average Content Size,Requests/s,Failures/s,50%,66%,75%,80%,90%,95%,98%,99%,99.9%,99.99%,100%
GET,/,8150,0,85,84.37035923926364,1.2731999999999744,480.6589999999997,8688.0,428.3846215088506,0.0,85,93,98,100,190,260,320,380,450,480,480
,Aggregated,8150,0,85,84.37035923926364,1.2731999999999744,480.6589999999997,8688.0,428.3846215088506,0.0,85,93,98,100,190,260,320,380,450,480,480
