Type,Name,Request Count,Failure Count,Median Response Time,Average Response Time,Min Response Time,Max Response Time,Average Content Size,Requests/s,Failures/s,50%,66%,75%,80%,90%,95%,98%,99%,99.9%,99.99%,100%
GET,/,10381,0,84,81.64825288507882,1.5146000000001436,347.6349000000001,8688.0,543.8802567486431,0.0,84,98,100,110,180,190,210,270,320,320,350
,Aggregated,10381,0,84,81.64825288507882,1.5146000000001436,347.6349000000001,8688.0,543.8802567486431,0.0,84,98,100,110,180,190,210,270,320,320,350
