Type,Name,Request Count,Failure Count,Median Response Time,Average Response Time,Min Response Time,Max Response Time,Average Content Size,Requests/s,Failures/s,50%,66%,75%,80%,90%,95%,98%,99%,99.9%,99.99%,100%
GET,/,8964,0,45,58.97388326639889,1.2676000000002574,339.21920000000006,8688.0,469.5651139417625,0.0,45,81,90,96,140,190,210,240,270,340,340
,Aggregated,8964,0,45,58.97388326639889,1.2676000000002574,339.21920000000006,8688.0,469.5651139417625,0.0,45,81,90,96,140,190,210,240,270,340,340
