Type,Name,Request Count,Failure Count,Median Response Time,Average Response Time,Min Response Time,Max Response Time,Average Content Size,Requests/s,Failures/s,50%,66%,75%,80%,90%,95%,98%,99%,99.9%,99.99%,100%
GET,/,9058,0,83,80.11782539191884,1.2411000000014383,376.21070000000054,8688.0,475.3236550752203,0.0,83,94,100,110,180,200,220,280,370,380,380
,Aggregated,9058,0,83,80.11782539191884,1.2411000000014383,376.21070000000054,8688.0,475.3236550752203,0.0,83,94,100,110,180,200,220,280,370,380,380
