Type,Name,Request Count,Failure Count,Median Response Time,Average Response Time,Min Response Time,Max Response Time,Average Content Size,Requests/s,Failures/s,50%,66%,75%,80%,90%,95%,98%,99%,99.9%,99.99%,100%
GET,/,8535,0,13,43.8030219800819,1.244099999999193,378.4022,8688.0,447.23284602242643,0.0,13,40,68,82,120,180,230,260,310,380,380
,Aggregated,8535,0,13,43.8030219800819,1.244099999999193,378.4022,8688.0,447.23284602242643,0.0,13,40,68,82,120,180,230,260,310,380,380
