Type,Name,Request Count,Failure Count,Median Response Time,Average Response Time,Min Response Time,Max Response Time,Average Content Size,Requests/s,Failures/s,50%,66%,75%,80%,90%,95%,98%,99%,99.9%,99.99%,100%
GET,/,3471,0,210.0,1546.3472014981276,1.912399999998371,9999.0365,8688.0,181.70515190560937,0.0,210,300,370,390,9600,9700,9800,9900,10000,10000,10000
,Aggregated,3471,0,210.0,1546.3472014981276,1.912399999998371,9999.0365,8688.0,181.70515190560937,0.0,210,300,370,390,9600,9700,9800,9900,10000,10000,10000
