Type,Name,Request Count,Failure Count,Median Response Time,Average Response Time,Min Response Time,Max Response Time,Average Content Size,Requests/s,Failures/s,50%,66%,75%,80%,90%,95%,98%,99%,99.9%,99.99%,100%
GET,/,7834,0,14,41.34716295634388,1.1867000000016503,267.3293000000001,8688.0,411.9538839814846,0.0,14,30,66,78,110,180,220,230,260,270,270
,Aggregated,7834,0,14,41.34716295634388,1.1867000000016503,267.3293000000001,8688.0,411.9538839814846,0.0,14,30,66,78,110,180,220,230,260,270,270
