Type,Name,Request Count,Failure Count,Median Response Time,Average Response Time,Min Response Time,Max Response Time,Average Content Size,Requests/s,Failures/s,50%,66%,75%,80%,90%,95%,98%,99%,99.9%,99.99%,100%
GET,/,9006,0,16,44.582076182545,1.384099999999222,290.4537000000005,8688.0,471.7443792723768,0.0,16,58,72,80,100,170,200,220,280,290,290
,Aggregated,9006,0,16,44.582076182545,1.384099999999222,290.4537000000005,8688.0,471.7443792723768,0.0,16,58,72,80,100,170,200,220,280,290,290
