Type,Name,Request Count,Failure Count,Median Response Time,Average Response Time,Min Response Time,Max Response Time,Average Content Size,Requests/s,Failures/s,50%,66%,75%,80%,90%,95%,98%,99%,99.9%,99.99%,100%
GET,/,9418,0,20,55.12050528774665,1.236300000000412,370.86629999999946,8688.0,492.5671317317688,0.0,20,67,80,90,160,200,260,280,360,370,370
,Aggregated,9418,0,20,55.12050528774665,1.236300000000412,370.86629999999946,8688.0,492.5671317317688,0.0,20,67,80,90,160,200,260,280,360,370,370
