Type,Name,Request Count,Failure Count,Median Response Time,Average Response Time,Min Response Time,Max Response Time,Average Content Size,Requests/s,Failures/s,50%,66%,75%,80%,90%,95%,98%,99%,99.9%,99.99%,100%
GET,/,9436,0,19,51.61077961000403,1.2380000000007385,326.82639999999986,8688.0,494.6812906768123,0.0,19,67,86,97,130,190,210,230,250,330,330
,Aggregated,9436,0,19,51.61077961000403,1.2380000000007385,326.82639999999986,8688.0,494.6812906768123,0.0,19,67,86,97,130,190,210,230,250,330,330
