Type,Name,Request Count,Failure Count,Median Response Time,Average Response Time,Min Response Time,Max Response Time,Average Content Size,Requests/s,Failures/s,50%,66%,75%,80%,90%,95%,98%,99%,99.9%,99.99%,100%
GET,/,9491,0,79,76.82421470867178,1.400800000000757,344.28769999999975,8688.0,498.79736431723546,0.0,79,92,100,110,180,200,220,260,300,340,340
,Aggregated,9491,0,79,76.82421470867178,1.400800000000757,344.28769999999975,8688.0,498.79736431723546,0.0,79,92,100,110,180,200,220,260,300,340,340
