Type,Name,Request Count,Failure Count,Median Response Time,Average Response Time,Min Response Time,Max Response Time,Average Content Size,Requests/s,Failures/s,50%,66%,75%,80%,90%,95%,98%,99%,99.9%,99.99%,100%
GET,/,8857,0,13,37.82441836965117,1.260300000000214,328.30740000000037,8688.0,466.34033045194235,0.0,13,21,53,72,100,180,210,240,300,330,330
,Aggregated,8857,0,13,37.82441836965117,1.260300000000214,328.30740000000037,8688.0,466.34033045194235,0.0,13,21,53,72,100,180,210,240,300,330,330
