Type,Name,Request Count,Failure Count,Median Response Time,Average Response Time,Min Response Time,Max Response Time,Average Content Size,Requests/s,Failures/s,50%,66%,75%,80%,90%,95%,98%,99%,99.9%,99.99%,100%
GET,/,9490,0,17,49.50199801896728,1.2668999999974062,478.2076000000002,8688.0,499.34818261862216,0.0,17,63,79,88,120,190,210,240,300,480,480
,Aggregated,9490,0,17,49.50199801896728,1.2668999999974062,478.2076000000002,8688.0,499.34818261862216,0.0,17,63,79,88,120,190,210,240,300,480,480
