Type,Name,Request Count,Failure Count,Median Response Time,Average Response Time,Min Response Time,Max Response Time,Average Content Size,Requests/s,Failures/s,50%,66%,75%,80%,90%,95%,98%,99%,99.9%,99.99%,100%
GET,/,9376,0,77,74.52718939846423,1.3916000000016027,380.35369999999966,8688.0,491.1025357550079,0.0,77,91,98,100,180,200,250,290,350,380,380
,Aggregated,9376,0,77,74.52718939846423,1.3916000000016027,380.35369999999966,8688.0,491.1025357550079,0.0,77,91,98,100,180,200,250,290,350,380,380
