Type,Name,Request Count,Failure Count,Median Response Time,Average Response Time,Min Response Time,Max Response Time,Average Content Size,Requests/s,Failures/s,50%,66%,75%,80%,90%,95%,98%,99%,99.9%,99.99%,100%
GET,/,8431,0,14,49.36105345747834,1.339200000000318,380.03669999999977,8688.0,443.065942133061,0.0,14,59,76,83,120,200,270,290,300,380,380
,Aggregated,8431,0,14,49.36105345747834,1.339200000000318,380.03669999999977,8688.0,443.065942133061,0.0,14,59,76,83,120,200,270,290,300,380,380
