Type,Name,Request Count,Failure Count,Median Response Time,Average Response Time,Min Response Time,Max Response Time,Average Content Size,Requests/s,Failures/s,50%,66%,75%,80%,90%,95%,98%,99%,99.9%,99.99%,100%
GET,/,8846,0,11,43.12148559801044,1.2526000000008253,377.26959999999997,8688.0,463.97578345093353,0.0,11,36,70,85,110,180,210,260,310,380,380
,Aggregated,8846,0,11,43.12148559801044,1.2526000000008253,377.26959999999997,8688.0,463.97578345093353,0.0,11,36,70,85,110,180,210,260,310,380,380
