Type,Name,Request Count,Failure Count,Median Response Time,Average Response Time,Min Response Time,Max Response Time,Average Content Size,Requests/s,Failures/s,50%,66%,75%,80%,90%,95%,98%,99%,99.9%,99.99%,100%
GET,/,6288,0,58,230.127979596057,1.563700000001944,2784.0009000000005,8688.0,329.8759721955825,0.0,58,99,180,190,300,2100,2400,2500,2700,2800,2800
,Aggregated,6288,0,58,230.127979596057,1.563700000001944,2784.0009000000005,8688.0,329.8759721955825,0.0,58,99,180,190,300,2100,2400,2500,2700,2800,2800
