Type,Name,Request Count,Failure Count,Median Response Time,Average Response Time,Min Response Time,Max Response Time,Average Content Size,Requests/s,Failures/s,50%,66%,75%,80%,90%,95%,98%,99%,99.9%,99.99%,100%
GET,/,9144,0,19,52.8585310258094,1.2717000000002088,296.39500000000044,8688.0,479.01229508140415,0.0,19,70,84,89,140,200,230,240,280,300,300
,Aggregated,9144,0,19,52.8585310258094,1.2717000000002088,296.39500000000044,8688.0,479.01229508140415,0.0,19,70,84,89,140,200,230,240,280,300,300
