Type,Name,Request Count,Failure Count,Median Response Time,Average Response Time,Min Response Time,Max Response Time,Average Content Size,Requests/s,Failures/s,50%,66%,75%,80%,90%,95%,98%,99%,99.9%,99.99%,100%
GET,/,9778,0,64,68.39397036203745,1.2997000000005698,337.12929999999994,8688.0,512.5187035271097,0.0,64,86,95,100,180,200,230,270,300,340,340
,Aggregated,9778,0,64,68.39397036203745,1.2997000000005698,337.12929999999994,8688.0,512.5187035271097,0.0,64,86,95,100,180,200,230,270,300,340,340
