Type,Name,Request Count,Failure Count,Median Response Time,Average Response Time,Min Response Time,Max Response Time,Average Content Size,Requests/s,Failures/s,50%,66%,75%,80%,90%,95%,98%,99%,99.9%,99.99%,100%
GET,/,9911,0,23,50.831373352840565,1.4246999999993903,383.32090000000017,8688.0,519.3406333223297,0.0,23,66,79,86,110,170,200,250,290,380,380
,Aggregated,9911,0,23,50.831373352840565,1.4246999999993903,383.32090000000017,8688.0,519.3406333223297,0.0,23,66,79,86,110,170,200,250,290,380,380
