Type,Name,Request Count,Failure Count,Median Response Time,Average Response Time,Min Response Time,Max Response Time,Average Content Size,Requests/s,Failures/s,50%,66%,75%,80%,90%,95%,98%,99%,99.9%,99.99%,100%
GET,/,8877,0,31,57.16895760955283,1.2366999999997574,326.05240000000003,8688.0,465.54920290119463,0.0,31,82,92,97,130,190,200,220,290,330,330
,Aggregated,8877,0,31,57.16895760955283,1.2366999999997574,326.05240000000003,8688.0,465.54920290119463,0.0,31,82,92,97,130,190,200,220,290,330,330
