Type,Name,Request Count,Failure Count,Median Response Time,Average Response Time,Min Response Time,Max Response Time,Average Content Size,Requests/s,Failures/s,50%,66%,75%,80%,90%,95%,98%,99%,99.9%,99.99%,100%
GET,/,9549,0,22,48.78348149544494,1.2499000000012472,378.7332000000001,8688.0,500.08993056211517,0.0,22,63,79,87,110,180,200,280,310,380,380
,Aggregated,9549,0,22,48.78348149544494,1.2499000000012472,378.7332000000001,8688.0,500.08993056211517,0.0,22,63,79,87,110,180,200,280,310,380,380
