Type,Name,Request Count,Failure Count,Median Response Time,Average Response Time,Min Response Time,Max Response Time,Average Content Size,Requests/s,Failures/s,50%,66%,75%,80%,90%,95%,98%,99%,99.9%,99.99%,100%
GET,/,8726,0,12,43.4845309649325,1.2578000000003087,395.2055000000003,8688.0,457.4869322748157,0.0,12,25,63,79,100,200,260,290,320,400,400
,Aggregated,8726,0,12,43.4845309649325,1.2578000000003087,395.2055000000003,8688.0,457.4869322748157,0.0,12,25,63,79,100,200,260,290,320,400,400
