Type,Name,Request Count,Failure Count,Median Response Time,Average Response Time,Min Response Time,Max Response Time,Average Content Size,Requests/s,Failures/s,50%,66%,75%,80%,90%,95%,98%,99%,99.9%,99.99%,100%
GET,/,7960,0,10,39.41128722361796,1.203799999998978,314.60830000000016,8688.0,417.1940459916293,0.0,10,25,66,80,110,180,200,220,260,310,310
,Aggregated,7960,0,10,39.41128722361796,1.203799999998978,314.60830000000016,8688.0,417.1940459916293,0.0,10,25,66,80,110,180,200,220,260,310,310
