Type,Name,Request Count,Failure Count,Median Response Time,Average Response Time,Min Response Time,Max Response Time,Average Content Size,Requests/s,Failures/s,50%,66%,75%,80%,90%,95%,98%,99%,99.9%,99.99%,100%
GET,/,9627,0,20,47.622869107717875,1.2374000000008323,348.30950000000007,8688.0,504.5379618460778,0.0,20,59,73,80,99,180,260,270,310,350,350
,Aggregated,9627,0,20,47.622869107717875,1.2374000000008323,348.30950000000007,8688.0,504.5379618460778,0.0,20,59,73,80,99,180,260,270,310,350,350
