Type,Name,Request Count,Failure Count,Median Response Time,Average Response Time,Min Response Time,Max Response Time,Average Content Size,Requests/s,Failures/s,50%,66%,75%,80%,90%,95%,98%,99%,99.9%,99.99%,100%
GET,/,9788,0,65,65.2347905803028,1.6740000000012856,386.7710999999998,8688.0,514.5745897526504,0.0,65,82,90,95,140,200,230,260,290,390,390
,Aggregated,9788,0,65,65.2347905803028,1.6740000000012856,386.7710999999998,8688.0,514.5745897526504,0.0,65,82,90,95,140,200,230,260,290,390,390
