Type,Name,Request Count,Failure Count,Median Response Time,Average Response Time,Min Response Time,Max Response Time,Average Content Size,Requests/s,Failures/s,50%,66%,75%,80%,90%,95%,98%,99%,99.9%,99.99%,100%
GET,/,8327,0,14,47.035129134141975,1.18980000000235,333.0682000000005,8688.0,436.5726257373951,0.0,14,49,74,84,140,200,240,260,320,330,330
,Aggregated,8327,0,14,47.035129134141975,1.18980000000235,333.0682000000005,8688.0,436.5726257373951,0.0,14,49,74,84,140,200,240,260,320,330,330
