Type,Name,Request Count,Failure Count,Median Response Time,Average Response Time,Min Response Time,Max Response Time,Average Content Size,Requests/s,Failures/s,50%,66%,75%,80%,90%,95%,98%,99%,99.9%,99.99%,100%
GET,/,7956,0,14,48.21254086224216,1.1916000000002924,314.1229000000001,8688.0,417.94888258023633,0.0,14,47,69,78,160,190,240,250,290,310,310
,Aggregated,7956,0,14,48.21254086224216,1.1916000000002924,314.1229000000001,8688.0,417.94888258023633,0.0,14,47,69,78,160,190,240,250,290,310,310
