Type,Name,Request Count,Failure Count,Median Response Time,Average Response Time,Min Response Time,Max Response Time,Average Content Size,Requests/s,Failures/s,50%,66%,75%,80%,90%,95%,98%,99%,99.9%,99.99%,100%
GET,/,9570,0,22,54.15996535005182,1.2545999999993285,442.18030000000044,8688.0,501.130251364714,0.0,22,69,83,90,130,190,230,270,360,440,440
,Aggregated,9570,0,22,54.15996535005182,1.2545999999993285,442.18030000000044,8688.0,501.130251364714,0.0,22,69,83,90,130,190,230,270,360,440,440
