Type,Name,Request Count,Failure Count,Median Response Time,Average Response Time,Min Response Time,Max Response Time,Average Content Size,Requests/s,Failures/s,50%,66%,75%,80%,90%,95%,98%,99%,99.9%,99.99%,100%
GET,/,9294,0,70,69.30546042608135,1.3166000000026656,347.37719999999996,8688.0,487.5055757945055,0.0,70,91,98,100,160,190,230,280,310,350,350
,Aggregated,9294,0,70,69.30546042608135,1.3166000000026656,347.37719999999996,8688.0,487.5055757945055,0.0,70,91,98,100,160,190,230,280,310,350,350
