Type,Name,Request Count,Failure Count,Median Response Time,Average Response Time,Min Response Time,Max Response Time,Average Content Size,Requests/s,Failures/s,50%,66%,75%,80%,90%,95%,98%,99%,99.9%,99.99%,100%
GET,/,7049,0,52,219.15811662647192,1.2972999999991686,2751.1077999999998,8688.0,370.01626804363843,0.0,52,96,120,190,300,2000,2300,2300,2500,2800,2800
,Aggregated,7049,0,52,219.15811662647192,1.2972999999991686,2751.1077999999998,8688.0,370.01626804363843,0.0,52,96,120,190,300,2000,2300,2300,2500,2800,2800
