Type,Name,Request Count,Failure Count,Median Response Time,Average Response Time,Min Response Time,Max Response Time,Average Content Size,Requests/s,Failures/s,50%,66%,75%,80%,90%,95%,98%,99%,99.9%,99.99%,100%
GET,/,7015,0,23,62.05603382751257,1.1919000000002455,336.0744000000002,8688.0,368.2054711452057,0.0,23,83,93,98,190,200,230,250,330,340,340
,Aggregated,7015,0,23,62.05603382751257,1.1919000000002455,336.0744000000002,8688.0,368.2054711452057,0.0,23,83,93,98,190,200,230,250,330,340,340
