Type,Name,Request Count,Failure Count,Median Response Time,Average Response Time,Min Response Time,Max Response Time,Average Content Size,Requests/s,Failures/s,50%,66%,75%,80%,90%,95%,98%,99%,99.9%,99.99%,100%
GET,/,9037,0,12,39.184895031537025,1.254700000000497,262.9568,8688.0,473.55025045965226,0.0,12,31,63,77,100,170,220,240,260,260,260
,Aggregated,9037,0,12,39.184895031537025,1.254700000000497,262.9568,8688.0,473.55025045965226,0.0,12,31,63,77,100,170,220,240,260,260,260
