Type,Name,Request Count,Failure Count,Median Response Time,Average Response Time,Min Response Time,Max Response Time,Average Content Size,Requests/s,Failures/s,50%,66%,75%,80%,90%,95%,98%,99%,99.9%,99.99%,100%
GET,/,9459,0,23,57.7471210064491,1.3143999999982725,320.2860999999997,8688.0,495.9220789048663,0.0,23,75,89,98,150,190,240,260,300,320,320
,Aggregated,9459,0,23,57.7471210064491,1.3143999999982725,320.2860999999997,8688.0,495.9220789048663,0.0,23,75,89,98,150,190,240,260,300,320,320
