Type,Name,Request Count,Failure Count,Median Response Time,Average Response Time,Min Response Time,Max Response Time,Average Content Size,Requests/s,Failures/s,50%,66%,75%,80%,90%,95%,98%,99%,99.9%,99.99%,100%
GET,/,7382,0,11,52.53673507179603,1.2170000000004677,400.6072999999999,8688.0,387.36329907972424,0.0,11,57,84,91,180,220,300,310,390,400,400
,Aggregated,7382,0,11,52.53673507179603,1.2170000000004677,400.6072999999999,8688.0,387.36329907972424,0.0,11,57,84,91,180,220,300,310,390,400,400
