Type,Name,Request Count,Failure Count,Median Response Time,Average Response Time,Min Response Time,Max Response Time,Average Content Size,Requests/s,Failures/s,50%,66%,75%,80%,90%,95%,98%,99%,99.9%,99.99%,100%
GET,/,9362,0,24,59.941094840846084,1.2225999999984083,326.9042999999998,8688.0,490.2636343867496,0.0,24,79,93,100,180,200,230,270,320,330,330
,Aggregated,9362,0,24,59.941094840846084,1.2225999999984083,326.9042999999998,8688.0,490.2636343867496,0.0,24,79,93,100,180,200,230,270,320,330,330
