Type,Name,Request Count,Failure Count,Median Response Time,Average Response Time,Min Response Time,Max Response Time,Average Content Size,Requests/s,Failures/s,50%,66%,75%,80%,90%,95%,98%,99%,99.9%,99.99%,100%
GET,/,9055,0,13,48.33347713970163,1.3308999999992466,387.5859000000004,8688.0,475.6711096835473,0.0,13,54,76,89,130,190,240,290,380,390,390
,Aggregated,9055,0,13,48.33347713970163,1.3308999999992466,387.5859000000004,8688.0,475.6711096835473,0.0,13,54,76,89,130,190,240,290,380,390,390
