Type,Name,Request Count,Failure Count,Median Response Time,Average Response Time,Min Response Time,Max Response Time,Average Content Size,Requests/s,Failures/s,50%,66%,75%,80%,90%,95%,98%,99%,99.9%,99.99%,100%
GET,/,9161,0,32,56.13904440563255,1.2857000000003893,346.5122000000003,8688.0,480.00872749978936,0.0,32,74,85,92,130,190,230,250,320,350,350
,Aggregated,9161,0,32,56.13904440563255,1.2857000000003893,346.5122000000003,8688.0,480.00872749978936,0.0,32,74,85,92,130,190,230,250,320,350,350
