Type,Name,Request Count,Failure Count,Median Response Time,Average Response Time,Min Response Time,Max Response Time,Average Content Size,Requests/s,Failures/s,50%,66%,75%,80%,90%,95%,98%,99%,99.9%,99.99%,100%
GET,/,7949,0,12,42.680534243300926,1.3302999999993403,438.7059,8688.0,416.7000787568304,0.0,12,45,74,85,110,180,210,240,310,440,440
,Aggregated,7949,0,12,42.680534243300926,1.3302999999993403,438.7059,8688.0,416.7000787568304,0.0,12,45,74,85,110,180,210,240,310,440,440
