Type,Name,Request Count,Failure Count,Median Response Time,Average Response Time,Min Response Time,Max Response Time,Average Content Size,Requests/s,Failures/s,50%,66%,75%,80%,90%,95%,98%,99%,99.9%,99.99%,100%
GET,/,9409,0,15,46.609388744819036,1.2945999999995905,343.30529999999993,8688.0,494.2520187936519,0.0,15,48,72,86,120,180,220,230,290,340,340
,Aggregated,9409,0,15,46.609388744819036,1.2945999999995905,343.30529999999993,8688.0,494.2520187936519,0.0,15,48,72,86,120,180,220,230,290,340,340
