Type,Name,Request Count,Failure Count,Median Response Time,Average Response Time,Min Response Time,Max Response Time,Average Content Size,Requests/s,Failures/s,50%,66%,75%,80%,90%,95%,98%,99%,99.9%,99.99%,100%
GET,/,7269,0,11,39.89809728986103,1.1843000000020254,386.12049999999965,8688.0,381.54259563432237,0.0,11,18,53,71,110,190,260,280,350,390,390
,Aggregated,7269,0,11,39.89809728986103,1.1843000000020254,386.12049999999965,8688.0,381.54259563432237,0.0,11,18,53,71,110,190,260,280,350,390,390
