Type,Name,Request Count,Failure Count,Median Response Time,Average Response Time,Min Response Time,Max Response Time,Average Content Size,Requests/s,Failures/s,50%,66%,75%,80%,90%,95%,98%,99%,99.9%,99.99%,100%
GET,/,8060,0,9,43.10169980148872,1.3055999999984635,365.9661000000005,8688.0,422.84020227732725,0.0,9,31,76,89,110,190,200,260,290,370,370
,Aggregated,8060,0,9,43.10169980148872,1.3055999999984635,365.9661000000005,8688.0,422.84020227732725,0.0,9,31,76,89,110,190,200,260,290,370,370
