Type,Name,Request Count,Failure Count,Median Response Time,Average Response Time,Min Response Time,Max Response Time,Average Content Size,Requests/s,Failures/s,50%,66%,75%,80%,90%,95%,98%,99%,99.9%,99.99%,100%
GET,/,9440,0,21,48.46750119703397,1.2475000000016223,422.80060000000043,8688.0,494.3481005476777,0.0,21,61,79,88,110,170,220,250,300,420,420
,Aggregated,9440,0,21,48.46750119703397,1.2475000000016223,422.80060000000043,8688.0,494.3481005476777,0.0,21,61,79,88,110,170,220,250,300,420,420
