Type,Name,Request Count,Failure Count,Median Response Time,Average Response Time,Min Response Time,Max Response Time,Average Content Size,Requests/s,Failures/s,50%,66%,75%,80%,90%,95%,98%,99%,99.9%,99.99%,100%
GET,/,9399,0,70,74.73546000638397,1.33340000000004,409.87170000000003,8688.0,492.8033194485865,0.0,70,93,100,110,190,200,290,310,400,410,410
,Aggregated,9399,0,70,74.73546000638397,1.33340000000004,409.87170000000003,8688.0,492.8033194485865,0.0,70,93,100,110,190,200,290,310,400,410,410
