Type,Name,Request Count,Failure Count,Median Response Time,Average Response Time,Min Response Time,Max Response Time,Average Content Size,Requests/s,Failures/s,50%,66%,75%,80%,90%,95%,98%,99%,99.9%,99.99%,100%
GET,/,9016,0,16,58.79380510204081,1.2530000000001706,508.7855000000001,8688.0,472.41524941094013,0.0,16,59,83,92,160,280,380,390,450,510,510
,Aggregated,9016,0,16,58.79380510204081,1.2530000000001706,508.7855000000001,8688.0,472.41524941094013,0.0,16,59,83,92,160,280,380,390,450,510,510
