Type,Name,Request Count,Failure Count,Median Response Time,Average Response Time,Min Response Time,Max Response Time,Average Content Size,Requests/s,Failures/s,50%,66%,75%,80%,90%,95%,98%,99%,99.9%,99.99%,100%
GET,/,9018,0,16,48.80168945442456,1.2900000000009015,315.34130000000005,8688.0,472.6752842563687,0.0,16,56,77,86,130,190,220,240,290,320,320
,Aggregated,9018,0,16,48.80168945442456,1.2900000000009015,315.34130000000005,8688.0,472.6752842563687,0.0,16,56,77,86,130,190,220,240,290,320,320
