Type,Name,Request Count,Failure Count,Median Response Time,Average Response Time,Min Response Time,Max Response Time,Average Content Size,Requests/s,Failures/s,50%,66%,75%,80%,90%,95%,98%,99%,99.9%,99.99%,100%
GET,/,6401,0,100.0,143.0619784408688,1.5114000000000516,595.0376999999997,8688.0,336.3049228913785,0.0,100,180,200,210,300,380,410,480,500,600,600
,Aggregated,6401,0,100.0,143.0619784408688,1.5114000000000516,595.0376999999997,8688.0,336.3049228913785,0.0,100,180,200,210,300,380,410,480,500,600,600
