Type,Name,Request Count,Failure Count,Median Response Time,Average Response Time,Min Response Time,Max Response Time,Average Content Size,Requests/s,Failures/s,50%,66%,75%,80%,90%,95%,98%,99%,99.9%,99.99%,100%
GET,/,8303,0,47,190.97013699867492,1.1979999999987,2699.5866,8688.0,437.1393998744489,0.0,47,82,95,100,180,1900,2200,2300,2400,2700,2700
,Aggregated,8303,0,47,190.97013699867492,1.1979999999987,2699.5866,8688.0,437.1393998744489,0.0,47,82,95,100,180,1900,2200,2300,2400,2700,2700
