Type,Name,Request Count,Failure Count,Median Response Time,Average Response Time,Min Response Time,Max Response Time,Average Content Size,Requests/s,Failures/s,50%,66%,75%,80%,90%,95%,98%,99%,99.9%,99.99%,100%
GET,/,9388,0,53,64.31398507669346,1.4290999999992948,335.0840000000002,8688.0,491.89459528045035,0.0,53,81,95,100,180,200,230,260,290,340,340
,Aggregated,9388,0,53,64.31398507669346,1.4290999999992948,335.0840000000002,8688.0,491.89459528045035,0.0,53,81,95,100,180,200,230,260,290,340,340
