Type,Name,Request Count,Failure Count,Median Response Time,Average Response Time,Min Response Time,Max Response Time,Average Content Size,Requests/s,Failures/s,50%,66%,75%,80%,90%,95%,98%,99%,99.9%,99.99%,100%
GET,/,9126,0,17,45.58741203155831,1.2957000000000107,389.21849999999927,8688.0,479.3916411617541,0.0,17,52,70,79,100,180,250,280,350,390,390
,Aggregated,9126,0,17,45.58741203155831,1.2957000000000107,389.21849999999927,8688.0,479.3916411617541,0.0,17,52,70,79,100,180,250,280,350,390,390
