Type,Name,Request Count,Failure Count,Median Response Time,Average Response Time,Min Response Time,Max Response Time,Average Content Size,Requests/s,Failures/s,50%,66%,75%,80%,90%,95%,98%,99%,99.9%,99.99%,100%
GET,/,9047,0,18,47.12256760252041,1.3684999999981073,416.0624999999998,8688.0,474.403219381983,0.0,18,57,76,84,110,180,210,270,290,420,420
,Aggregated,9047,0,18,47.12256760252041,1.3684999999981073,416.0624999999998,8688.0,474.403219381983,0.0,18,57,76,84,110,180,210,270,290,420,420
