Type,Name,Request Count,Failure Count,Median Response Time,Average Response Time,Min Response Time,Max Response Time,Average Content Size,Requests/s,Failures/s,50%,66%,75%,80%,90%,95%,98%,99%,99.9%,99.99%,100%
GET,/,8456,0,16,47.30474904210048,1.2313000000006014,305.62090000000006,8688.0,444.6472187680234,0.0,16,60,76,86,110,180,200,210,300,310,310
,Aggregated,8456,0,16,47.30474904210048,1.2313000000006014,305.62090000000006,8688.0,444.6472187680234,0.0,16,60,76,86,110,180,200,210,300,310,310
