Type,Name,Request Count,Failure Count,Median Response Time,Average Response Time,Min Response Time,Max Response Time,Average Content Size,Requests/s,Failures/s,50%,66%,75%,80%,90%,95%,98%,99%,99.9%,99.99%,100%
GET,/,9641,0,76,72.84615742142881,1.1634999999987627,310.05269999999996,8688.0,505.50090244970136,0.0,76,89,99,100,180,200,210,230,290,310,310
,Aggregated,9641,0,76,72.84615742142881,1.1634999999987627,310.05269999999996,8688.0,505.50090244970136,0.0,76,89,99,100,180,200,210,230,290,310,310
