Type,Name,Request Count,Failure Count,Median Response Time,Average Response Time,Min Response Time,Max Response Time,Average Content Size,Requests/s,Failures/s,50%,66%,75%,80%,90%,95%,98%,99%,99.9%,99.99%,100%
GET,/,9661,0,64,72.76115594658943,1.231299999998825,430.3841000000004,8688.0,507.8783154709553,0.0,64,86,96,100,190,220,290,310,420,430,430
,Aggregated,9661,0,64,72.76115594658943,1.231299999998825,430.3841000000004,8688.0,507.8783154709553,0.0,64,86,96,100,190,220,290,310,420,430,430
