Type,Name,Request Count,Failure Count,Median Response Time,Average Response Time,Min Response Time,Max Response Time,Average Content Size,Requests/s,Failures/s,50%,66%,75%,80%,90%,95%,98%,99%,99.9%,99.99%,100%
GET,/,9323,0,17,56.46864160677893,1.2556999999997487,385.2654999999992,8688.0,488.95445228812036,0.0,17,72,85,93,170,210,280,290,310,390,390
,Aggregated,9323,0,17,56.46864160677893,1.2556999999997487,385.2654999999992,8688.0,488.95445228812036,0.0,17,72,85,93,170,210,280,290,310,390,390
