Type,Name,Request Count,Failure Count,Median Response Time,Average Response Time,Min Response Time,Max Response Time,Average Content Size,Requests/s,Failures/s,50%,66%,75%,80%,90%,95%,98%,99%,99.9%,99.99%,100%
GET,/,9683,0,14,46.993262377362306,1.2438000000010163,327.5698999999994,8688.0,508.73358108974367,0.0,14,46,75,90,140,180,250,270,290,330,330
,Aggregated,9683,0,14,46.993262377362306,1.2438000000010163,327.5698999999994,8688.0,508.73358108974367,0.0,14,46,75,90,140,180,250,270,290,330,330
