Type,Name,Request Count,Failure Count,Median Response Time,Average Response Time,Min Response Time,Max Response Time,Average Content Size,Requests/s,Failures/s,50%,66%,75%,80%,90%,95%,98%,99%,99.9%,99.99%,100%
GET,/,9189,0,57,65.31438482968753,1.2995999999994012,393.06200000000047,8688.0,482.3984726846388,0.0,57,84,93,99,180,200,270,290,380,390,390
,Aggregated,9189,0,57,65.31438482968753,1.2995999999994012,393.06200000000047,8688.0,482.3984726846388,0.0,57,84,93,99,180,200,270,290,380,390,390
