Type,Name,Request Count,Failure Count,Median Response Time,Average Response Time,Min Response Time,Max Response Time,Average Content Size,Requests/s,Failures/s,50%,66%,75%,80%,90%,95%,98%,99%,99.9%,99.99%,100%
GET,/,8841,0,13,39.13846655355722,1.2883999999999673,376.4754000000004,8688.0,463.2985873818076,0.0,13,23,56,70,110,180,220,250,310,380,380
,Aggregated,8841,0,13,39.13846655355722,1.2883999999999673,376.4754000000004,8688.0,463.2985873818076,0.0,13,23,56,70,110,180,220,250,310,380,380
