Type,Name,Request Count,Failure Count,Median Response Time,Average Response Time,Min Response Time,Max Response Time,Average Content Size,Requests/s,Failures/s,50%,66%,75%,80%,90%,95%,98%,99%,99.9%,99.99%,100%
GET,/,9259,0,52,66.8067645750081,1.1982000000010373,412.8441,8688.0,485.1031620632258,0.0,52,86,95,100,180,200,290,300,380,410,410
,Aggregated,9259,0,52,66.8067645750081,1.1982000000010373,412.8441,8688.0,485.1031620632258,0.0,52,86,95,100,180,200,290,300,380,410,410
