Type,Name,Request Count,Failure Count,Median Response Time,Average Response Time,Min Response Time,Max Response Time,Average Content Size,Requests/s,Failures/s,50%,66%,75%,80%,90%,95%,98%,99%,99.9%,99.99%,100%
GET,/,9694,0,49,62.20318197854309,1.235499999999945,378.9479,8688.0,508.8522677585569,0.0,49,79,90,99,160,200,270,280,330,380,380
,Aggregated,9694,0,49,62.20318197854309,1.235499999999945,378.9479,8688.0,508.8522677585569,0.0,49,79,90,99,160,200,270,280,330,380,380
