Type,Name,Request Count,Failure Count,Median Response Time,Average Response Time,Min Response Time,Max Response Time,Average Content Size,Requests/s,Failures/s,50%,66%,75%,80%,90%,95%,98%,99%,99.9%,99.99%,100%
GET,/,8351,0,12,40.17041013052325,1.2772000000005335,328.7595999999997,8688.0,439.22783601335095,0.0,12,20,60,77,110,180,230,240,310,330,330
,Aggregated,8351,0,12,40.17041013052325,1.2772000000005335,328.7595999999997,8688.0,439.22783601335095,0.0,12,20,60,77,110,180,230,240,310,330,330
