Type,Name,Request Count,Failure Count,Median Response Time,Average Response Time,Min Response Time,Max Response Time,Average Content Size,Requests/s,Failures/s,50%,66%,75%,80%,90%,95%,98%,99%,99.9%,99.99%,100%
GET,/,7261,0,10,41.134987852913,1.1317000000019561,406.08460000000025,8688.0,380.88523397243347,0.0,10,17,64,76,110,200,280,290,380,410,410
,Aggregated,7261,0,10,41.134987852913,1.1317000000019561,406.08460000000025,8688.0,380.88523397243347,0.0,10,17,64,76,110,200,280,290,380,410,410
