Type,Name,Request Count,Failure Count,Median Response Time,Average Response Time,Min Response Time,Max Response Time,Average Content Size,Requests/s,Failures/s,50%,66%,75%,80%,90%,95%,98%,99%,99.9%,99.99%,100%
GET,/,8425,0,180.0,167.80301954896223,1.3465999999997535,512.0924000000002,8688.0,441.6978320801795,0.0,180,200,220,280,300,310,390,410,500,510,510
,Aggregated,8425,0,180.0,167.80301954896223,1.3465999999997535,512.0924000000002,8688.0,441.6978320801795,0.0,180,200,220,280,300,310,390,410,500,510,510
