Type,Name,Request Count,Failure Count,Median Response Time,Average Response Time,Min Response Time,Max Response Time,Average Content Size,Requests/s,Failures/s,50%,66%,75%,80%,90%,95%,98%,99%,99.9%,99.99%,100%
GET,/,7185,0,10,41.61944059846911,1.2279999999993407,378.2015999999997,8688.0,376.6689676380959,0.0,10,37,69,80,100,180,210,280,360,380,380
,Aggregated,7185,0,10,41.61944059846911,1.2279999999993407,378.2015999999997,8688.0,376.6689676380959,0.0,10,37,69,80,100,180,210,280,360,380,380
