Type,Name,Request Count,Failure Count,Median Response Time,Average Response Time,Min Response Time,Max Response Time,Average Content Size,Requests/s,Failures/s,50%,66%,75%,80%,90%,95%,98%,99%,99.9%,99.99%,100%
GET,/,8763,0,12,40.957522092890585,1.2860000000003424,317.17180000000053,8688.0,459.67311580656076,0.0,12,34,64,78,110,180,190,260,310,320,320
,Aggregated,8763,0,12,40.957522092890585,1.2860000000003424,317.17180000000053,8688.0,459.67311580656076,0.0,12,34,64,78,110,180,190,260,310,320,320
