Type,Name,Request Count,Failure Count,Median Response Time,Average Response Time,Min Response Time,Max Response Time,Average Content Size,Requests/s,Failures/s,50%,66%,75%,80%,90%,95%,98%,99%,99.9%,99.99%,100%
GET,/,7510,0,12,31.997214300931848,1.287500000000108,325.8995000000002,8688.0,395.3552747618748,0.0,12,18,29,47,81,150,210,240,290,330,330
,Aggregated,7510,0,12,31.997214300931848,1.287500000000108,325.8995000000002,8688.0,395.3552747618748,0.0,12,18,29,47,81,150,210,240,290,330,330
