Type,Name,Request Count,Failure Count,Median Response Time,Average Response Time,Min Response Time,Max Response Time,Average Content Size,Requests/s,Failures/s,50%,66%,75%,80%,90%,95%,98%,99%,99.9%,99.99%,100%
GET,/,9477,0,58,69.00853095916484,1.3631000000007276,319.07550000000026,8688.0,496.7161956976451,0.0,58,86,100,110,190,200,220,270,290,320,320
,Aggregated,9477,0,58,69.00853095916484,1.3631000000007276,319.07550000000026,8688.0,496.7161956976451,0.0,58,86,100,110,190,200,220,270,290,320,320
