Type,Name,Request Count,Failure Count,Median Response Time,Average Response Time,Min Response Time,Max Response Time,Average Content Size,Requests/s,Failures/s,50%,66%,75%,80%,90%,95%,98%,99%,99.9%,99.99%,100%
GET,/,8907,0,29,52.19468159874277,1.2149999999984118,294.3043000000003,8688.0,467.06215585363117,0.0,29,75,86,92,110,160,190,240,270,290,290
,Aggregated,8907,0,29,52.19468159874277,1.2149999999984118,294.3043000000003,8688.0,467.06215585363117,0.0,29,75,86,92,110,160,190,240,270,290,290
