Type,Name,Request Count,Failure Count,Median Response Time,Average Response Time,Min Response Time,Max Response Time,Average Content Size,Requests/s,Failures/s,50%,66%,75%,80%,90%,95%,98%,99%,99.9%,99.99%,100%
GET,/,6651,0,120.0,156.06776729815053,1.8224000000000018,500.2096000000016,8688.0,349.8736068817463,0.0,120,190,200,210,300,370,390,400,440,500,500
,Aggregated,6651,0,120.0,156.06776729815053,1.8224000000000018,500.2096000000016,8688.0,349.8736068817463,0.0,120,190,200,210,300,370,390,400,440,500,500
