Type,Name,Request Count,Failure Count,Median Response Time,Average Response Time,Min Response Time,Max Response Time,Average Content Size,Requests/s,Failures/s,50%,66%,75%,80%,90%,95%,98%,99%,99.9%,99.99%,100%
GET,/,8270,0,84,82.46212362756978,1.3140000000007035,387.7407000000002,8688.0,433.36205198076686,0.0,84,95,100,110,190,220,290,300,350,390,390
,Aggregated,8270,0,84,82.46212362756978,1.3140000000007035,387.7407000000002,8688.0,433.36205198076686,0.0,84,95,100,110,190,220,290,300,350,390,390
