Type,Name,Request Count,Failure Count,Median Response Time,Average Response Time,Min Response Time,Max Response Time,Average Content Size,Requests/s,Failures/s,50%,66%,75%,80%,90%,95%,98%,99%,99.9%,99.99%,100%
GET,/,8666,0,12,43.71322450957748,1.2523000000008722,399.2684999999998,8688.0,454.2632436701839,0.0,12,44,74,83,100,170,250,280,350,400,400
,Aggregated,8666,0,12,43.71322450957748,1.2523000000008722,399.2684999999998,8688.0,454.2632436701839,0.0,12,44,74,83,100,170,250,280,350,400,400
