Type,Name,Request Count,Failure Count,Median Response Time,Average Response Time,Min Response Time,Max Response Time,Average Content Size,Requests/s,Failures/s,50%,66%,75%,80%,90%,95%,98%,99%,99.9%,99.99%,100%
GET,/,8999,0,14,48.06387461940212,1.2756000000004875,390.3131999999996,8688.0,471.3223402072058,0.0,14,45,69,78,110,200,290,300,380,390,390
,Aggregated,8999,0,14,48.06387461940212,1.2756000000004875,390.3131999999996,8688.0,471.3223402072058,0.0,14,45,69,78,110,200,290,300,380,390,390
