Type,Name,Request Count,Failure Count,Median Response Time,Average Response Time,Min Response Time,Max Response Time,Average Content Size,Requests/s,Failures/s,50%,66%,75%,80%,90%,95%,98%,99%,99.9%,99.99%,100%
GET,/,9382,0,12,40.776766531656016,1.2316999999999467,317.29859999999996,8688.0,491.91681175879256,0.0,12,30,59,76,110,180,230,260,290,320,320
,Aggregated,9382,0,12,40.776766531656016,1.2316999999999467,317.29859999999996,8688.0,491.91681175879256,0.0,12,30,59,76,110,180,230,260,290,320,320
