Type,Name,Request Count,Failure Count,Median Response Time,Average Response Time,Min Response Time,Max Response Time,Average Content Size,Requests/s,Failures/s,50%,66%,75%,80%,90%,95%,98%,99%,99.9%,99.99%,100%
GET,/,8991,0,18,51.16157169391625,1.2655999999999779,330.34890000000064,8688.0,470.916312644731,0.0,18,61,78,88,130,200,250,270,300,330,330
,Aggregated,8991,0,18,51.16157169391625,1.2655999999999779,330.34890000000064,8688.0,470.916312644731,0.0,18,61,78,88,130,200,250,270,300,330,330
