Type,Name,Request Count,Failure Count,Median Response Time,Average Response Time,Min Response Time,Max Response Time,Average Content Size,Requests/s,Failures/s,50%,66%,75%,80%,90%,95%,98%,99%,99.9%,99.99%,100%
GET,/,8496,0,12,41.89879661016952,1.282900000001419,394.9157999999997,8688.0,445.3924440408886,0.0,12,23,56,72,120,190,240,270,330,390,390
,Aggregated,8496,0,12,41.89879661016952,1.282900000001419,394.9157999999997,8688.0,445.3924440408886,0.0,12,23,56,72,120,190,240,270,330,390,390
