Type,Name,Request Count,Failure Count,Median Response Time,Average Response Time,Min Response Time,Max Response Time,Average Content Size,Requests/s,Failures/s,50%,66%,75%,80%,90%,95%,98%,99%,99.9%,99.99%,100%
GET,/,9070,0,18,52.37385647188509,1.4367000000010677,309.2782999999999,8688.0,475.31446298419297,0.0,18,65,80,90,130,200,220,250,290,310,310
,Aggregated,9070,0,18,52.37385647188509,1.4367000000010677,309.2782999999999,8688.0,475.31446298419297,0.0,18,65,80,90,130,200,220,250,290,310,310
