Type,Name,Request Count,Failure Count,Median Response Time,Average Response Time,Min Response Time,Max Response Time,Average Content Size,Requests/s,Failures/s,50%,66%,75%,80%,90%,95%,98%,99%,99.9%,99.99%,100%
GET,/,7922,0,85,90.08222962635699,1.2635999999996983,499.2011000000005,8688.0,415.11644306072617,0.0,85,95,100,120,200,270,340,390,410,500,500
,Aggregated,7922,0,85,90.08222962635699,1.2635999999996983,499.2011000000005,8688.0,415.11644306072617,0.0,85,95,100,120,200,270,340,390,410,500,500
