Type,Name,Request Count,Failure Count,Median Response Time,Average Response Time,Min Response Time,Max Response Time,Average Content Size,Requests/s,Failures/s,50%,66%,75%,80%,90%,95%,98%,99%,99.9%,99.99%,100%
GET,/,8363,0,14,49.26735752720326,1.2684000000007245,361.71160000000003,8688.0,438.74623033338696,0.0,14,68,83,89,110,180,210,280,340,360,360
,Aggregated,8363,0,14,49.26735752720326,1.2684000000007245,361.71160000000003,8688.0,438.74623033338696,0.0,14,68,83,89,110,180,210,280,340,360,360
