Type,Name,Request Count,Failure Count,Median Response Time,Average Response Time,Min Response Time,Max Response Time,Average Content Size,Requests/s,Failures/s,50%,66%,75%,80%,90%,95%,98%,99%,99.9%,99.99%,100%
GET,/,9272,0,53,59.932898727351095,1.3167999999978974,375.5752000000001,8688.0,485.7597034998178,0.0,53,81,91,98,130,190,200,210,290,380,380
,Aggregated,9272,0,53,59.932898727351095,1.3167999999978974,375.5752000000001,8688.0,485.7597034998178,0.0,53,81,91,98,130,190,200,210,290,380,380
