Type,Name,Request Count,Failure Count,Median Response Time,Average Response Time,Min Response Time,Max Response Time,Average Content Size,Requests/s,Failures/s,50%,66%,75%,80%,90%,95%,98%,99%,99.9%,99.99%,100%
GET,/,9721,0,44,57.98226586770932,1.3208999999996252,492.8328000000004,8688.0,509.12403444995914,0.0,44,81,89,94,110,190,210,280,380,490,490
,Aggregated,9721,0,44,57.98226586770932,1.3208999999996252,492.8328000000004,8688.0,509.12403444995914,0.0,44,81,89,94,110,190,210,280,380,490,490
