Type,Name,Request Count,Failure Count,Median Response Time,Average Response Time,Min Response Time,Max Response Time,Average Content Size,Requests/s,Failures/s,50%,66%,75%,80%,90%,95%,98%,99%,99.9%,99.99%,100%
GET,/,9268,0,13,42.4001687095382,1.2328999999997592,273.1878999999999,8688.0,486.02313092851915,0.0,13,44,72,83,110,170,210,240,260,270,270
,Aggregated,9268,0,13,42.4001687095382,1.2328999999997592,273.1878999999999,8688.0,486.02313092851915,0.0,13,44,72,83,110,170,210,240,260,270,270
