Type,Name,Request Count,Failure Count,Median Response Time,Average Response Time,Min Response Time,Max Response Time,Average Content Size,Requests/s,Failures/s,50%,66%,75%,80%,90%,95%,98%,99%,99.9%,99.99%,100%
GET,/,7312,0,93,104.80269688183803,1.291599999998283,457.7462999999993,8688.0,384.13490114686664,0.0,93,100,110,170,220,300,370,380,400,460,460
,Aggregated,7312,0,93,104.80269688183803,1.291599999998283,457.7462999999993,8688.0,384.13490114686664,0.0,93,100,110,170,220,300,370,380,400,460,460
