Type,Name,Request Count,Failure Count,Median Response Time,Average Response Time,Min Response Time,Max Response Time,Average Content Size,Requests/s,Failures/s,50%,66%,75%,80%,90%,95%,98%,99%,99.9%,99.99%,100%
GET,/,7618,0,11,36.29167339196623,1.2416999999995681,345.7239000000003,8688.0,400.54231652778503,0.0,11,17,32,53,97,200,240,250,320,350,350
,Aggregated,7618,0,11,36.29167339196623,1.2416999999995681,345.7239000000003,8688.0,400.54231652778503,0.0,11,17,32,53,97,200,240,250,320,350,350
