Type,Name,Request Count,Failure Count,Median Response Time,Average Response Time,Min Response Time,Max Response Time,Average Content Size,Requests/s,Failures/s,50%,66%,75%,80%,90%,95%,98%,99%,99.9%,99.99%,100%
GET,/,9440,0,13,42.91228702330538,1.2438000000010163,385.8663,8688.0,496.0204251892879,0.0,13,39,61,72,110,190,250,290,370,390,390
,Aggregated,9440,0,13,42.91228702330538,1.2438000000010163,385.8663,8688.0,496.0204251892879,0.0,13,39,61,72,110,190,250,290,370,390,390
