Type,Name,Request Count,Failure Count,Median Response Time,Average Response Time,Min Response Time,Max Response Time,Average Content Size,Requests/s,Failures/s,50%,66%,75%,80%,90%,95%,98%,99%,99.9%,99.99%,100%
GET,/,7041,0,11,48.58217795767639,1.1682000000003967,399.0738,8688.0,369.07250838143216,0.0,11,67,84,90,110,190,270,290,320,400,400
,Aggregated,7041,0,11,48.58217795767639,1.1682000000003967,399.0738,8688.0,369.07250838143216,0.0,11,67,84,90,110,190,270,290,320,400,400
