Type,Name,Request Count,Failure Count,Median Response Time,Average Response Time,Min Response Time,Max Response Time,Average Content Size,Requests/s,Failures/s,50%,66%,75%,80%,90%,95%,98%,99%,99.9%,99.99%,100%
GET,/,9940,0,87,85.48998747484903,1.2523000000008722,468.38149999999956,8688.0,521.4067555767663,0.0,87,94,99,110,180,200,280,290,370,470,470
,Aggregated,9940,0,87,85.48998747484903,1.2523000000008722,468.38149999999956,8688.0,521.4067555767663,0.0,87,94,99,110,180,200,280,290,370,470,470
