Type,Name,Request Count,Failure Count,Median Response Time,Average Response Time,Min Response Time,Max Response Time,Average Content Size,Requests/s,Failures/s,50%,66%,75%,80%,90%,95%,98%,99%,99.9%,99.99%,100%
GET,/,9970,0,14,39.43538709127378,1.3145000000012175,420.69450000000063,8688.0,523.2245277793262,0.0,14,31,57,72,100,160,200,220,380,420,420
,Aggregated,9970,0,14,39.43538709127378,1.3145000000012175,420.69450000000063,8688.0,523.2245277793262,0.0,14,31,57,72,100,160,200,220,380,420,420
