Type,Name,Request Count,Failure Count,Median Response Time,Average Response Time,Min Response Time,Max Response Time,Average Content Size,Requests/s,Failures/s,50%,66%,75%,80%,90%,95%,98%,99%,99.9%,99.99%,100%
GET,/,9045,0,14,48.38382647871768,1.2210999999986427,403.1935,8688.0,473.6614109730194,0.0,14,62,81,89,110,190,270,290,340,400,400
,Aggregated,9045,0,14,48.38382647871768,1.2210999999986427,403.1935,8688.0,473.6614109730194,0.0,14,62,81,89,110,190,270,290,340,400,400
