Type,Name,Request Count,Failure Count,Median Response Time,Average Response Time,Min Response Time,Max Response Time,Average Content Size,Requests/s,Failures/s,50%,66%,75%,80%,90%,95%,98%,99%,99.9%,99.99%,100%
GET,/,8925,0,12,39.476615092436965,1.2716000000008165,309.83439999999973,8688.0,467.95583683230905,0.0,12,22,56,71,110,190,210,230,300,310,310
,Aggregated,8925,0,12,39.476615092436965,1.2716000000008165,309.83439999999973,8688.0,467.95583683230905,0.0,12,22,56,71,110,190,210,230,300,310,310
