Type,Name,Request Count,Failure Count,Median Response Time,Average Response Time,Min Response Time,Max Response Time,Average Content Size,Requests/s,Failures/s,50%,66%,75%,80%,90%,95%,98%,99%,99.9%,99.99%,100%
GET,/,9260,0,15,43.83676687904974,1.331400000001537,358.49010000000004,8688.0,486.34419165985105,0.0,15,34,61,78,110,180,240,270,330,360,360
,Aggregated,9260,0,15,43.83676687904974,1.331400000001537,358.49010000000004,8688.0,486.34419165985105,0.0,15,34,61,78,110,180,240,270,330,360,360
