Type,Name,Request Count,Failure Count,Median Response Time,Average Response Time,Min Response Time,Max Response Time,Average Content Size,Requests/s,Failures/s,50%,66%,75%,80%,90%,95%,98%,99%,99.9%,99.99%,100%
GET,/,9321,0,54,63.10282486857669,1.358100000000917,328.27990000000005,8688.0,489.8890239197009,0.0,54,83,92,98,170,190,210,230,310,330,330
,Aggregated,9321,0,54,63.10282486857669,1.358100000000917,328.27990000000005,8688.0,489.8890239197009,0.0,54,83,92,98,170,190,210,230,310,330,330
