Type,Name,Request Count,Failure Count,Median Response Time,Average Response Time,Min Response Time,Max Response Time,Average Content Size,Requests/s,Failures/s,50%,66%,75%,80%,90%,95%,98%,99%,99.9%,99.99%,100%
GET,/,8094,0,13,48.347148863355194,1.3111999999999568,474.19790000000006,8688.0,425.3925333564094,0.0,13,45,71,85,170,200,270,290,470,470,470
,Aggregated,8094,0,13,48.347148863355194,1.3111999999999568,474.19790000000006,8688.0,425.3925333564094,0.0,13,45,71,85,170,200,270,290,470,470,470
