Type,Name,Request Count,Failure Count,Median Response Time,Average Response Time,Min Response Time,Max Response Time,Average Content Size,Requests/s,Failures/s,50%,66%,75%,80%,90%,95%,98%,99%,99.9%,99.99%,100%
GET,/,8767,0,60,63.119022664537525,1.2275999999999954,329.58649999999955,8688.0,459.12501206918836,0.0,60,86,95,100,150,190,210,240,280,330,330
,Aggregated,8767,0,60,63.119022664537525,1.2275999999999954,329.58649999999955,8688.0,459.12501206918836,0.0,60,86,95,100,150,190,210,240,280,330,330
