Type,Name,Request Count,Failure Count,Median Response Time,Average Response Time,Min Response Time,Max Response Time,Average Content Size,Requests/s,Failures/s,50%,66%,75%,80%,90%,95%,98%,99%,99.9%,99.99%,100%
GET,/,8971,0,57,65.04839897447341,1.2423000000012507,332.0341999999998,8688.0,470.50199958748186,0.0,57,83,92,99,180,200,240,270,300,330,330
,Aggregated,8971,0,57,65.04839897447341,1.2423000000012507,332.0341999999998,8688.0,470.50199958748186,0.0,57,83,92,99,180,200,240,270,300,330,330
