Type,Name,Request Count,Failure Count,Median Response Time,Average Response Time,Min Response Time,Max Response Time,Average Content Size,Requests/s,Failures/s,50%,66%,75%,80%,90%,95%,98%,99%,99.9%,99.99%,100%
GET,/,7102,0,9,34.18033973528573,1.2407999999997088,427.7324,8688.0,372.28907795911886,0.0,9,14,36,56,93,170,270,300,370,430,430
,Aggregated,7102,0,9,34.18033973528573,1.2407999999997088,427.7324,8688.0,372.28907795911886,0.0,9,14,36,56,93,170,270,300,370,430,430
