Type,Name,Request Count,Failure Count,Median Response Time,Average Response Time,Min Response Time,Max Response Time,Average Content Size,Requests/s,Failures/s,50%,66%,75%,80%,90%,95%,98%,99%,99.9%,99.99%,100%
GET,/,8412,0,46,59.93713649548258,1.1836000000009506,424.0872000000007,8688.0,440.9686740447311,0.0,46,81,91,95,130,190,280,290,420,420,420
,Aggregated,8412,0,46,59.93713649548258,1.1836000000009506,424.0872000000007,8688.0,440.9686740447311,0.0,46,81,91,95,130,190,280,290,420,420,420
