Type,Name,Request Count,Failure Count,Median Response Time,Average Response Time,Min Response Time,Max Response Time,Average Content Size,Requests/s,Failures/s,50%,66%,75%,80%,90%,95%,98%,99%,99.9%,99.99%,100%
GET,/,10016,0,64,69.38009514776407,1.337199999998262,492.6148000000001,8688.0,525.22832178106,0.0,64,85,95,100,170,210,280,300,400,480,490
,Aggregated,10016,0,64,69.38009514776407,1.337199999998262,492.6148000000001,8688.0,525.22832178106,0.0,64,85,95,100,170,210,280,300,400,480,490
