Type,Name,Request Count,Failure Count,Median Response Time,Average Response Time,Min Response Time,Max Response Time,Average Content Size,Requests/s,Failures/s,50%,66%,75%,80%,90%,95%,98%,99%,99.9%,99.99%,100%
GET,/,8903,0,15,47.703423654947244,1.2153000000001413,458.31100000000015,8688.0,466.64677763892246,0.0,15,59,79,88,110,180,230,280,370,460,460
,Aggregated,8903,0,15,47.703423654947244,1.2153000000001413,458.31100000000015,8688.0,466.64677763892246,0.0,15,59,79,88,110,180,230,280,370,460,460
