Type,Name,Request Count,Failure Count,Median Response Time,Average Response Time,Min Response Time,Max Response Time,Average Content Size,Requests/s,Failures/s,50%,66%,75%,80%,90%,95%,98%,99%,99.9%,99.99%,100%
GET,/,9316,0,21,53.61424071489919,1.2813000000004848,393.0004,8688.0,488.9276254870975,0.0,21,76,86,91,120,190,210,270,310,390,390
,Aggregated,9316,0,21,53.61424071489919,1.2813000000004848,393.0004,8688.0,488.9276254870975,0.0,21,76,86,91,120,190,210,270,310,390,390
