Type,Name,Request Count,Failure Count,Median Response Time,Average Response Time,Min Response Time,Max Response Time,Average Content Size,Requests/s,Failures/s,50%,66%,75%,80%,90%,95%,98%,99%,99.9%,99.99%,100%
GET,/,8936,0,100,123.32192826768102,1.5198000000005152,452.2700000000004,8688.0,468.0521742116684,0.0,100,150,180,190,200,260,300,320,390,450,450
,Aggregated,8936,0,100,123.32192826768102,1.5198000000005152,452.2700000000004,8688.0,468.0521742116684,0.0,100,150,180,190,200,260,300,320,390,450,450
