Type,Name,Request Count,Failure Count,Median Response Time,Average Response Time,Min Response Time,Max Response Time,Average Content Size,Requests/s,Failures/s,50%,66%,75%,80%,90%,95%,98%,99%,99.9%,99.99%,100%
GET,/,9674,0,95,98.57681587760962,1.234499999998917,357.0889999999993,8688.0,505.53870775810736,0.0,95,100,110,150,190,200,220,270,300,360,360
,Aggregated,9674,0,95,98.57681587760962,1.234499999998917,357.0889999999993,8688.0,505.53870775810736,0.0,95,100,110,150,190,200,220,270,300,360,360
