Type,Name,Request Count,Failure Count,Median Response Time,Average Response Time,Min Response Time,Max Response Time,Average Content Size,Requests/s,Failures/s,50%,66%,75%,80%,90%,95%,98%,99%,99.9%,99.99%,100%
GET,/,9985,0,64,65.35614260390572,1.4959999999994977,389.9664999999999,8688.0,523.1472730486687,0.0,64,83,92,99,140,190,230,260,330,390,390
,Aggregated,9985,0,64,65.35614260390572,1.4959999999994977,389.9664999999999,8688.0,523.1472730486687,0.0,64,83,92,99,140,190,230,260,330,390,390
