Type,Name,Request Count,Failure Count,Median Response Time,Average Response Time,Min Response Time,Max Response Time,Average Content Size,Requests/s,Failures/s,50%,66%,75%,80%,90%,95%,98%,99%,99.9%,99.99%,100%
GET,/,8511,0,11,49.635040171542634,1.2423000000012507,425.2158000000002,8688.0,446.0859958744533,0.0,11,33,67,80,170,260,290,310,390,430,430
,Aggregated,8511,0,11,49.635040171542634,1.2423000000012507,425.2158000000002,8688.0,446.0859958744533,0.0,11,33,67,80,170,260,290,310,390,430,430
