Type,Name,Request Count,Failure Count,Median Response Time,Average Response Time,Min Response Time,Max Response Time,Average Content Size,Requests/s,Failures/s,50%,66%,75%,80%,90%,95%,98%,99%,99.9%,99.99%,100%
GET,/,8676,0,14,45.56410374596585,1.29129999999833,384.5239999999999,8688.0,455.8980165423194,0.0,14,34,70,83,120,200,270,280,380,380,380
,Aggregated,8676,0,14,45.56410374596585,1.29129999999833,384.5239999999999,8688.0,455.8980165423194,0.0,14,34,70,83,120,200,270,280,380,380,380
