Type,Name,Request Count,Failure Count,Median Response Time,Average Response Time,Min Response Time,Max Response Time,Average Content Size,Requests/s,Failures/s,50%,66%,75%,80%,90%,95%,98%,99%,99.9%,99.99%,100%
GET,/,9215,0,67,68.76270967986976,1.2761999999995055,316.35499999999973,8688.0,483.3091289321648,0.0,67,91,100,110,180,200,220,240,280,320,320
,Aggregated,9215,0,67,68.76270967986976,1.2761999999995055,316.35499999999973,8688.0,483.3091289321648,0.0,67,91,100,110,180,200,220,240,280,320,320
