Type,Name,Request Count,Failure Count,Median Response Time,Average Response Time,Min Response Time,Max Response Time,Average Content Size,Requests/s,Failures/s,50%,66%,75%,80%,90%,95%,98%,99%,99.9%,99.99%,100%
GET,/,9421,0,53,60.80092971022204,1.3513999999990034,329.5346000000001,8688.0,493.8250771017864,0.0,53,85,93,98,120,190,210,270,310,330,330
,Aggregated,9421,0,53,60.80092971022204,1.3513999999990034,329.5346000000001,8688.0,493.8250771017864,0.0,53,85,93,98,120,190,210,270,310,330,330
