Type,Name,Request Count,Failure Count,Median Response Time,Average Response Time,Min Response Time,Max Response Time,Average Content Size,Requests/s,Failures/s,50%,66%,75%,80%,90%,95%,98%,99%,99.9%,99.99%,100%
GET,/,7284,0,50,212.91628281164256,1.254700000000497,2696.8297999999995,8688.0,381.339242876979,0.0,50,96,130,190,260,2000,2200,2400,2600,2700,2700
,Aggregated,7284,0,50,212.91628281164256,1.254700000000497,2696.8297999999995,8688.0,381.339242876979,0.0,50,96,130,190,260,2000,2200,2400,2600,2700,2700
