Type,Name,Request Count,Failure Count,Median Response Time,Average Response Time,Min Response Time,Max Response Time,Average Content Size,Requests/s,Failures/s,50%,66%,75%,80%,90%,95%,98%,99%,99.9%,99.99%,100%
GET,/,8171,0,79,80.34520763676394,1.297100000000384,426.8839,8688.0,428.1031109723615,0.0,79,91,100,110,190,220,280,300,360,430,430
,Aggregated,8171,0,79,80.34520763676394,1.297100000000384,426.8839,8688.0,428.1031109723615,0.0,79,91,100,110,190,220,280,300,360,430,430
