Type,Name,Request Count,Failure Count,Median Response Time,Average Response Time,Min Response Time,Max Response Time,Average Content Size,Requests/s,Failures/s,50%,66%,75%,80%,90%,95%,98%,99%,99.9%,99.99%,100%
GET,/,9401,0,14,44.056685873843065,1.3362000000007868,301.1141000000004,8688.0,492.9145844276219,0.0,14,45,65,80,120,180,200,230,270,300,300
,Aggregated,9401,0,14,44.056685873843065,1.3362000000007868,301.1141000000004,8688.0,492.9145844276219,0.0,14,45,65,80,120,180,200,230,270,300,300
