Type,Name,Request Count,Failure Count,Median Response Time,Average Response Time,Min Response Time,Max Response Time,Average Content Size,Requests/s,Failures/s,50%,66%,75%,80%,90%,95%,98%,99%,99.9%,99.99%,100%
GET,/,6765,0,9,34.942287124907544,1.2283999999995743,338.981,8688.0,355.9265705478353,0.0,9,13,29,59,120,180,220,250,320,340,340
,Aggregated,6765,0,9,34.942287124907544,1.2283999999995743,338.981,8688.0,355.9265705478353,0.0,9,13,29,59,120,180,220,250,320,340,340
