Type,Name,Request Count,Failure Count,Median Response Time,Average Response Time,Min Response Time,Max Response Time,Average Content Size,Requests/s,Failures/s,50%,66%,75%,80%,90%,95%,98%,99%,99.9%,99.99%,100%
GET,/,9469,0,17,48.43984181011724,1.2735999999993197,378.10439999999977,8688.0,496.71476362601265,0.0,17,58,80,90,110,180,200,230,370,380,380
,Aggregated,9469,0,17,48.43984181011724,1.2735999999993197,378.10439999999977,8688.0,496.71476362601265,0.0,17,58,80,90,110,180,200,230,370,380,380
