Type,Name,Request Count,Failure Count,Median Response Time,Average Response Time,Min Response Time,Max Response Time,Average Content Size,Requests/s,Failures/s,50%,66%,75%,80%,90%,95%,98%,99%,99.9%,99.99%,100%
GET,/,7809,0,23,45.37325843257773,0.8985999999993055,592.8830999999999,1507.0,409.85921375297545,0.0,23,40,62,74,110,180,200,280,580,590,590
,Aggregated,7809,0,23,45.37325843257773,0.8985999999993055,592.8830999999999,1507.0,409.85921375297545,0.0,23,40,62,74,110,180,200,280,580,590,590
