Type,Name,Request Count,Failure Count,Median Response Time,Average Response Time,Min Response Time,Max Response Time,Average Content Size,Requests/s,Failures/s,50%,66%,75%,80%,90%,95%,98%,99%,99.9%,99.99%,100%
GET,/,8534,0,21,43.12595041012407,1.0425999999998936,360.5076,1507.0,448.28302822304505,0.0,21,38,61,75,110,150,200,220,310,360,360
,Aggregated,8534,0,21,43.12595041012407,1.0425999999998936,360.5076,1507.0,448.28302822304505,0.0,21,38,61,75,110,150,200,220,310,360,360
