Type,Name,Request Count,Failure Count,Median Response Time,Average Response Time,Min Response Time,Max Response Time,Average Content Size,Requests/s,Failures/s,50%,66%,75%,80%,90%,95%,98%,99%,99.9%,99.99%,100%
GET,/,8287,0,28,51.49261224809918,0.9277000000000868,397.0950000000002,1507.0,435.3885978764185,0.0,28,65,80,87,110,160,200,260,360,400,400
,Aggregated,8287,0,28,51.49261224809918,0.9277000000000868,397.0950000000002,1507.0,435.3885978764185,0.0,28,65,80,87,110,160,200,260,360,400,400
