Type,Name,Request Count,Failure Count,Median Response Time,Average Response Time,Min Response Time,Max Response Time,Average Content Size,Requests/s,Failures/s,50%,66%,75%,80%,90%,95%,98%,99%,99.9%,99.99%,100%
GET,/,9544,0,36,54.155176393545354,1.0804999999987075,475.9396999999996,1507.0,499.59622602419853,0.0,36,64,80,88,120,170,200,230,290,480,480
,Aggregated,9544,0,36,54.155176393545354,1.0804999999987075,475.9396999999996,1507.0,499.59622602419853,0.0,36,64,80,88,120,170,200,230,290,480,480
