Type,Name,Request Count,Failure Count,Median Response Time,Average Response Time,Min Response Time,Max Response Time,Average Content Size,Requests/s,Failures/s,50%,66%,75%,80%,90%,95%,98%,99%,99.9%,99.99%,100%
GET,/,9015,0,19,38.17336760953978,0.9937000000004304,488.6366999999998,1507.0,473.4361697983772,0.0,19,35,54,64,87,100,170,220,490,490,490
,Aggregated,9015,0,19,38.17336760953978,0.9937000000004304,488.6366999999998,1507.0,473.4361697983772,0.0,19,35,54,64,87,100,170,220,490,490,490
