Type,Name,Request Count,Failure Count,Median Response Time,Average Response Time,Min Response Time,Max Response Time,Average Content Size,Requests/s,Failures/s,50%,66%,75%,80%,90%,95%,98%,99%,99.9%,99.99%,100%
GET,/,9776,0,33,48.354404838379686,1.0034000000000987,382.63610000000006,1507.0,513.0667317329652,0.0,33,57,71,79,98,130,200,230,360,380,380
,Aggregated,9776,0,33,48.354404838379686,1.0034000000000987,382.63610000000006,1507.0,513.0667317329652,0.0,33,57,71,79,98,130,200,230,360,380,380
