Type,Name,Request Count,Failure Count,Median Response Time,Average Response Time,Min Response Time,Max Response Time,Average Content Size,Requests/s,Failures/s,50%,66%,75%,80%,90%,95%,98%,99%,99.9%,99.99%,100%
GET,/,8683,0,24,44.4905468847173,0.8905000000005714,378.2300000000003,1507.0,455.46610390639796,0.0,24,43,62,73,99,150,190,270,350,380,380
,Aggregated,8683,0,24,44.4905468847173,0.8905000000005714,378.2300000000003,1507.0,455.46610390639796,0.0,24,43,62,73,99,150,190,270,350,380,380
