Type,Name,Request Count,Failure Count,Median Response Time,Average Response Time,Min Response Time,Max Response Time,Average Content Size,Requests/s,Failures/s,50%,66%,75%,80%,90%,95%,98%,99%,99.9%,99.99%,100%
GET,/,7817,0,22,46.301681386721214,1.1095999999994888,617.9509999999997,1507.0,410.2076341200625,0.0,22,41,63,74,110,180,210,270,610,620,620
,Aggregated,7817,0,22,46.301681386721214,1.1095999999994888,617.9509999999997,1507.0,410.2076341200625,0.0,22,41,63,74,110,180,210,270,610,620,620
