Type,Name,Request Count,Failure Count,Median Response Time,Average Response Time,Min Response Time,Max Response Time,Average Content Size,Requests/s,Failures/s,50%,66%,75%,80%,90%,95%,98%,99%,99.9%,99.99%,100%
GET,/,8924,0,34,49.740232350963566,0.9307999999990102,285.48490000000015,1507.0,468.8444687285678,0.0,34,58,75,84,110,140,180,200,230,290,290
,Aggregated,8924,0,34,49.740232350963566,0.9307999999990102,285.48490000000015,1507.0,468.8444687285678,0.0,34,58,75,84,110,140,180,200,230,290,290
