Type,Name,Request Count,Failure Count,Median Response Time,Average Response Time,Min Response Time,Max Response Time,Average Content Size,Requests/s,Failures/s,50%,66%,75%,80%,90%,95%,98%,99%,99.9%,99.99%,100%
GET,/,9346,0,33,54.14362870746856,1.0685000000005829,617.2943999999995,1507.0,490.0658400790477,0.0,33,61,76,85,110,170,230,290,520,620,620
,Aggregated,9346,0,33,54.14362870746856,1.0685000000005829,617.2943999999995,1507.0,490.0658400790477,0.0,33,61,76,85,110,170,230,290,520,620,620
