Type,Name,Request Count,Failure Count,Median Response Time,Average Response Time,Min Response Time,Max Response Time,Average Content Size,Requests/s,Failures/s,50%,66%,75%,80%,90%,95%,98%,99%,99.9%,99.99%,100%
GET,/,9135,0,30,48.77817127531464,1.0928999999997302,308.2440000000002,1507.0,480.0967196177738,0.0,30,63,76,82,100,130,190,210,280,310,310
,Aggregated,9135,0,30,48.77817127531464,1.0928999999997302,308.2440000000002,1507.0,480.0967196177738,0.0,30,63,76,82,100,130,190,210,280,310,310
