Type,Name,Request Count,Failure Count,Median Response Time,Average Response Time,Min Response Time,Max Response Time,Average Content Size,Requests/s,Failures/s,50%,66%,75%,80%,90%,95%,98%,99%,99.9%,99.99%,100%
GET,/,7804,0,23,42.84209792414133,1.105100000000192,401.4763000000001,1507.0,408.68963421693195,0.0,23,39,64,74,100,140,180,210,370,400,400
,Aggregated,7804,0,23,42.84209792414133,1.105100000000192,401.4763000000001,1507.0,408.68963421693195,0.0,23,39,64,74,100,140,180,210,370,400,400
