Type,Name,Request Count,Failure Count,Median Response Time,Average Response Time,Min Response Time,Max Response Time,Average Content Size,Requests/s,Failures/s,50%,66%,75%,80%,90%,95%,98%,99%,99.9%,99.99%,100%
GET,/,9650,0,39,60.424846227979266,1.0583999999980165,493.0470999999992,1507.0,506.0718582431823,0.0,39,71,89,97,140,190,210,240,420,490,490
,Aggregated,9650,0,39,60.424846227979266,1.0583999999980165,493.0470999999992,1507.0,506.0718582431823,0.0,39,71,89,97,140,190,210,240,420,490,490
