Type,Name,Request Count,Failure Count,Median Response Time,Average Response Time,Min Response Time,Max Response Time,Average Content Size,Requests/s,Failures/s,50%,66%,75%,80%,90%,95%,98%,99%,99.9%,99.99%,100%
GET,/,9411,0,30,49.479867410477205,1.0760000000011871,422.3531000000005,1507.0,493.5872259470512,0.0,30,58,72,82,110,150,200,210,310,420,420
,Aggregated,9411,0,30,49.479867410477205,1.0760000000011871,422.3531000000005,1507.0,493.5872259470512,0.0,30,58,72,82,110,150,200,210,310,420,420
