Type,Name,Request Count,Failure Count,Median Response Time,Average Response Time,Min Response Time,Max Response Time,Average Content Size,Requests/s,Failures/s,50%,66%,75%,80%,90%,95%,98%,99%,99.9%,99.99%,100%
GET,/,9458,0,55,61.41241334320184,1.146699999999612,449.68010000000015,1507.0,496.6427275630872,0.0,55,79,89,95,110,170,200,220,330,450,450
,Aggregated,9458,0,55,61.41241334320184,1.146699999999612,449.68010000000015,1507.0,496.6427275630872,0.0,55,79,89,95,110,170,200,220,330,450,450
