Type,Name,Request Count,Failure Count,Median Response Time,Average Response Time,Min Response Time,Max Response Time,Average Content Size,Requests/s,Failures/s,50%,66%,75%,80%,90%,95%,98%,99%,99.9%,99.99%,100%
GET,/,8912,0,27,45.49745664272903,1.0975000000001955,407.4043999999999,1507.0,469.6435182390243,0.0,27,52,66,75,100,130,170,220,330,410,410
,Aggregated,8912,0,27,45.49745664272903,1.0975000000001955,407.4043999999999,1507.0,469.6435182390243,0.0,27,52,66,75,100,130,170,220,330,410,410
