Type,Name,Request Count,Failure Count,Median Response Time,Average Response Time,Min Response Time,Max Response Time,Average Content Size,Requests/s,Failures/s,50%,66%,75%,80%,90%,95%,98%,99%,99.9%,99.99%,100%
GET,/,8474,0,23,47.31836826764222,1.0015000000000995,490.74289999999985,1507.0,446.33461748577025,0.0,23,38,63,74,110,180,240,300,420,490,490
,Aggregated,8474,0,23,47.31836826764222,1.0015000000000995,490.74289999999985,1507.0,446.33461748577025,0.0,23,38,63,74,110,180,240,300,420,490,490
