Type,Name,Request Count,Failure Count,Median Response Time,Average Response Time,Min Response Time,Max Response Time,Average Content Size,Requests/s,Failures/s,50%,66%,75%,80%,90%,95%,98%,99%,99.9%,99.99%,100%
GET,/,9114,0,34,50.54330877770455,0.964299999999696,320.1440999999998,1507.0,478.4565097175635,0.0,34,61,76,85,110,140,170,210,250,320,320
,Aggregated,9114,0,34,50.54330877770455,0.964299999999696,320.1440999999998,1507.0,478.4565097175635,0.0,34,61,76,85,110,140,170,210,250,320,320
