Type,Name,Request Count,Failure Count,Median Response Time,Average Response Time,Min Response Time,Max Response Time,Average Content Size,Requests/s,Failures/s,50%,66%,75%,80%,90%,95%,98%,99%,99.9%,99.99%,100%
GET,/,9392,0,33,51.5744466460816,1.009000000001592,377.2034,1507.0,492.5746581425562,0.0,33,55,71,81,110,160,210,240,320,380,380
,Aggregated,9392,0,33,51.5744466460816,1.009000000001592,377.2034,1507.0,492.5746581425562,0.0,33,55,71,81,110,160,210,240,320,380,380
