Type,Name,Request Count,Failure Count,Median Response Time,Average Response Time,Min Response Time,Max Response Time,Average Content Size,Requests/s,Failures/s,50%,66%,75%,80%,90%,95%,98%,99%,99.9%,99.99%,100%
GET,/,8187,0,48,62.83489046048601,1.1761000000003463,493.13339999999783,1507.0,429.17088054741873,0.0,48,72,86,96,130,180,220,280,320,490,490
,Aggregated,8187,0,48,62.83489046048601,1.1761000000003463,493.13339999999783,1507.0,429.17088054741873,0.0,48,72,86,96,130,180,220,280,320,490,490
