Type,Name,Request Count,Failure Count,Median Response Time,Average Response Time,Min Response Time,Max Response Time,Average Content Size,Requests/s,Failures/s,50%,66%,75%,80%,90%,95%,98%,99%,99.9%,99.99%,100%
GET,/,7543,0,24,49.879948879756,0.9627999999999304,413.41030000000023,1507.0,395.98953613304764,0.0,24,58,74,83,110,180,220,280,390,410,410
,Aggregated,7543,0,24,49.879948879756,0.9627999999999304,413.41030000000023,1507.0,395.98953613304764,0.0,24,58,74,83,110,180,220,280,390,410,410
