Type,Name,Request Count,Failure Count,Median Response Time,Average Response Time,Min Response Time,Max Response Time,Average Content Size,Requests/s,Failures/s,50%,66%,75%,80%,90%,95%,98%,99%,99.9%,99.99%,100%
GET,/,8970,0,25,46.28163424749174,0.9516000000004965,467.00870000000003,1507.0,471.13286753638937,0.0,25,53,67,75,97,160,190,250,450,470,470
,Aggregated,8970,0,25,46.28163424749174,0.9516000000004965,467.00870000000003,1507.0,471.13286753638937,0.0,25,53,67,75,97,160,190,250,450,470,470
