Type,Name,Request Count,Failure Count,Median Response Time,Average Response Time,Min Response Time,Max Response Time,Average Content Size,Requests/s,Failures/s,50%,66%,75%,80%,90%,95%,98%,99%,99.9%,99.99%,100%
GET,/,8973,0,20,39.861321653850375,1.0428000000004545,265.2165999999996,1507.0,472.9452782730573,0.0,20,37,58,67,96,130,190,220,250,270,270
,Aggregated,8973,0,20,39.861321653850375,1.0428000000004545,265.2165999999996,1507.0,472.9452782730573,0.0,20,37,58,67,96,130,190,220,250,270,270
