Type,Name,Request Count,Failure Count,Median Response Time,Average Response Time,Min Response Time,Max Response Time,Average Content Size,Requests/s,Failures/s,50%,66%,75%,80%,90%,95%,98%,99%,99.9%,99.99%,100%
GET,/,10346,0,62,64.76952832978924,1.0820999999996417,304.56220000000036,1507.0,542.566868557371,0.0,62,80,89,96,110,160,190,210,280,300,300
,Aggregated,10346,0,62,64.76952832978924,1.0820999999996417,304.56220000000036,1507.0,542.566868557371,0.0,62,80,89,96,110,160,190,210,280,300,300
