Type,Name,Request Count,Failure Count,Median Response Time,Average Response Time,Min Response Time,Max Response Time,Average Content Size,Requests/s,Failures/s,50%,66%,75%,80%,90%,95%,98%,99%,99.9%,99.99%,100%
GET,/,9348,0,35,55.35111342533182,1.0811999999997823,420.16609999999946,1507.0,491.7889100694928,0.0,35,65,77,86,120,180,200,250,330,420,420
,Aggregated,9348,0,35,55.35111342533182,1.0811999999997823,420.16609999999946,1507.0,491.7889100694928,0.0,35,65,77,86,120,180,200,250,330,420,420
