Type,Name,Request Count,Failure Count,Median Response Time,Average Response Time,Min Response Time,Max Response Time,Average Content Size,Requests/s,Failures/s,50%,66%,75%,80%,90%,95%,98%,99%,99.9%,99.99%,100%
GET,/,8782,0,24,42.97312918469617,0.9318000000000382,496.4563999999996,1507.0,460.2679316686693,0.0,24,38,58,69,94,160,200,270,310,500,500
,Aggregated,8782,0,24,42.97312918469617,0.9318000000000382,496.4563999999996,1507.0,460.2679316686693,0.0,24,38,58,69,94,160,200,270,310,500,500
