Type,Name,Request Count,Failure Count,Median Response Time,Average Response Time,Min Response Time,Max Response Time,Average Content Size,Requests/s,Failures/s,50%,66%,75%,80%,90%,95%,98%,99%,99.9%,99.99%,100%
GET,/,9243,0,40,59.56603868873735,1.1354000000007858,379.80069999999967,1507.0,484.1185476525441,0.0,40,68,85,95,130,180,210,240,320,380,380
,Aggregated,9243,0,40,59.56603868873735,1.1354000000007858,379.80069999999967,1507.0,484.1185476525441,0.0,40,68,85,95,130,180,210,240,320,380,380
