Type,Name,Request Count,Failure Count,Median Response Time,Average Response Time,Min Response Time,Max Response Time,Average Content Size,Requests/s,Failures/s,50%,66%,75%,80%,90%,95%,98%,99%,99.9%,99.99%,100%
GET,/,9008,0,37,54.83827621003535,1.0726999999999265,390.85429999999997,1507.0,473.84314793673946,0.0,37,69,80,88,110,160,190,250,300,390,390
,Aggregated,9008,0,37,54.83827621003535,1.0726999999999265,390.85429999999997,1507.0,473.84314793673946,0.0,37,69,80,88,110,160,190,250,300,390,390
