Type,Name,Request Count,Failure Count,Median Response Time,Average Response Time,Min Response Time,Max Response Time,Average Content Size,Requests/s,Failures/s,50%,66%,75%,80%,90%,95%,98%,99%,99.9%,99.99%,100%
GET,/,8483,0,24,43.54482811505367,1.0757000000003458,305.1353999999997,1507.0,444.345873050387,0.0,24,47,63,74,99,120,190,210,300,310,310
,Aggregated,8483,0,24,43.54482811505367,1.0757000000003458,305.1353999999997,1507.0,444.345873050387,0.0,24,47,63,74,99,120,190,210,300,310,310
