Type,Name,Request Count,Failure Count,Median Response Time,Average Response Time,Min Response Time,Max Response Time,Average Content Size,Requests/s,Failures/s,50%,66%,75%,80%,90%,95%,98%,99%,99.9%,99.99%,100%
GET,/,10242,0,54,62.894856229252085,1.0049999999992565,416.7942,1507.0,537.2260699413115,0.0,54,74,84,91,120,190,220,270,380,410,420
,Aggregated,10242,0,54,62.894856229252085,1.0049999999992565,416.7942,1507.0,537.2260699413115,0.0,54,74,84,91,120,190,220,270,380,410,420
