Type,Name,Request Count,Failure Count,Median Response Time,Average Response Time,Min Response Time,Max Response Time,Average Content Size,Requests/s,Failures/s,50%,66%,75%,80%,90%,95%,98%,99%,99.9%,99.99%,100%
GET,/,9578,0,35,50.66307394028,1.1433000000025118,429.26290000000034,1507.0,501.87114559494336,0.0,35,54,72,81,110,140,190,220,300,430,430
,Aggregated,9578,0,35,50.66307394028,1.1433000000025118,429.26290000000034,1507.0,501.87114559494336,0.0,35,54,72,81,110,140,190,220,300,430,430
