Type,Name,Request Count,Failure Count,Median Response Time,Average Response Time,Min Response Time,Max Response Time,Average Content Size,Requests/s,Failures/s,50%,66%,75%,80%,90%,95%,98%,99%,99.9%,99.99%,100%
GET,/,8794,0,20,38.8295877416421,1.1740000000006745,366.7490999999998,1507.0,462.11288893555087,0.0,20,31,49,63,97,130,170,220,310,370,370
,Aggregated,8794,0,20,38.8295877416421,1.1740000000006745,366.7490999999998,1507.0,462.11288893555087,0.0,20,31,49,63,97,130,170,220,310,370,370
