Type,Name,Request Count,Failure Count,Median Response Time,Average Response Time,Min Response Time,Max Response Time,Average Content Size,Requests/s,Failures/s,50%,66%,75%,80%,90%,95%,98%,99%,99.9%,99.99%,100%
GET,/,9926,0,43,60.25250974209116,1.0810000000027742,565.6954000000001,1507.0,520.6031956515318,0.0,43,70,82,91,130,180,230,270,410,570,570
,Aggregated,9926,0,43,60.25250974209116,1.0810000000027742,565.6954000000001,1507.0,520.6031956515318,0.0,43,70,82,91,130,180,230,270,410,570,570
