Type,Name,Request Count,Failure Count,Median Response Time,Average Response Time,Min Response Time,Max Response Time,Average Content Size,Requests/s,Failures/s,50%,66%,75%,80%,90%,95%,98%,99%,99.9%,99.99%,100%
GET,/,7007,0,38,63.707481903810496,1.1214000000006052,600.0305,1507.0,367.61721192999795,0.0,38,75,90,100,160,200,270,330,430,600,600
,Aggregated,7007,0,38,63.707481903810496,1.1214000000006052,600.0305,1507.0,367.61721192999795,0.0,38,75,90,100,160,200,270,330,430,600,600
