Type,Name,Request Count,Failure Count,Median Response Time,Average Response Time,Min Response Time,Max Response Time,Average Content Size,Requests/s,Failures/s,50%,66%,75%,80%,90%,95%,98%,99%,99.9%,99.99%,100%
GET,/,9073,0,32,50.15309236195309,1.0577999999998866,457.26390000000004,1507.0,474.65552094254275,0.0,32,61,74,83,110,150,170,200,260,460,460
,Aggregated,9073,0,32,50.15309236195309,1.0577999999998866,457.26390000000004,1507.0,474.65552094254275,0.0,32,61,74,83,110,150,170,200,260,460,460
