Type,Name,Request Count,Failure Count,Median Response Time,Average Response Time,Min Response Time,Max Response Time,Average Content Size,Requests/s,Failures/s,50%,66%,75%,80%,90%,95%,98%,99%,99.9%,99.99%,100%
GET,/,8564,0,23,40.013978993460874,1.0199999999986886,297.0651000000002,1507.0,449.36796100248836,0.0,23,40,60,70,93,120,180,190,270,300,300
,Aggregated,8564,0,23,40.013978993460874,1.0199999999986886,297.0651000000002,1507.0,449.36796100248836,0.0,23,40,60,70,93,120,180,190,270,300,300
