Type,Name,Request Count,Failure Count,Median Response Time,Average Response Time,Min Response Time,Max Response Time,Average Content Size,Requests/s,Failures/s,50%,66%,75%,80%,90%,95%,98%,99%,99.9%,99.99%,100%
GET,/,7022,0,21,43.808897422386856,0.906699999999816,554.6935,1507.0,369.55089662735463,0.0,21,41,64,74,98,170,210,270,370,550,550
,Aggregated,7022,0,21,43.808897422386856,0.906699999999816,554.6935,1507.0,369.55089662735463,0.0,21,41,64,74,98,170,210,270,370,550,550
