Type,Name,Request Count,Failure Count,Median Response Time,Average Response Time,Min Response Time,Max Response Time,Average Content Size,Requests/s,Failures/s,50%,66%,75%,80%,90%,95%,98%,99%,99.9%,99.99%,100%
GET,/,8703,0,23,39.36207865103975,1.1943999999992627,325.1743999999999,1507.0,455.85194936971396,0.0,23,37,55,67,90,110,160,180,280,330,330
,Aggregated,8703,0,23,39.36207865103975,1.1943999999992627,325.1743999999999,1507.0,455.85194936971396,0.0,23,37,55,67,90,110,160,180,280,330,330
