Type,Name,Request Count,Failure Count,Median Response Time,Average Response Time,Min Response Time,Max Response Time,Average Content Size,Requests/s,Failures/s,50%,66%,75%,80%,90%,95%,98%,99%,99.9%,99.99%,100%
GET,/,9793,0,29,49.06526144184621,0.963400000001613,575.3924000000002,1507.0,513.71232198367,0.0,29,48,65,72,110,160,220,270,500,580,580
,Aggregated,9793,0,29,49.06526144184621,0.963400000001613,575.3924000000002,1507.0,513.71232198367,0.0,29,48,65,72,110,160,220,270,500,580,580
