Type,Name,Request Count,Failure Count,Median Response Time,Average Response Time,Min Response Time,Max Response Time,Average Content Size,Requests/s,Failures/s,50%,66%,75%,80%,90%,95%,98%,99%,99.9%,99.99%,100%
GET,/,8579,0,32,50.3427663946847,1.039299999998633,441.18870000000055,1507.0,450.52328640481295,0.0,32,56,71,81,110,140,200,240,320,440,440
,Aggregated,8579,0,32,50.3427663946847,1.039299999998633,441.18870000000055,1507.0,450.52328640481295,0.0,32,56,71,81,110,140,200,240,320,440,440
