Type,Name,Request Count,Failure Count,Median Response Time,Average Response Time,Min Response Time,Max Response Time,Average Content Size,Requests/s,Failures/s,50%,66%,75%,80%,90%,95%,98%,99%,99.9%,99.99%,100%
GET,/,8729,0,32,47.832878313667074,1.0735000000003936,376.1007999999997,1507.0,457.71426847618847,0.0,32,54,68,78,100,140,180,200,310,380,380
,Aggregated,8729,0,32,47.832878313667074,1.0735000000003936,376.1007999999997,1507.0,457.71426847618847,0.0,32,54,68,78,100,140,180,200,310,380,380
