Type,Name,Request Count,Failure Count,Median Response Time,Average Response Time,Min Response Time,Max Response Time,Average Content Size,Requests/s,Failures/s,50%,66%,75%,80%,90%,95%,98%,99%,99.9%,99.99%,100%
GET,/,8411,0,30,53.43885835215802,1.0972000000002424,479.0882999999999,1507.0,443.0573900774174,0.0,30,59,75,85,120,180,250,310,430,480,480
,Aggregated,8411,0,30,53.43885835215802,1.0972000000002424,479.0882999999999,1507.0,443.0573900774174,0.0,30,59,75,85,120,180,250,310,430,480,480
