Type,Name,Request Count,Failure Count,Median Response Time,Average Response Time,Min Response Time,Max Response Time,Average Content Size,Requests/s,Failures/s,50%,66%,75%,80%,90%,95%,98%,99%,99.9%,99.99%,100%
GET,/,7846,0,24,41.46223784093777,0.9733000000018421,363.33169999999984,1507.0,412.6207120280374,0.0,24,39,57,67,94,140,200,220,310,360,360
,Aggregated,7846,0,24,41.46223784093777,0.9733000000018421,363.33169999999984,1507.0,412.6207120280374,0.0,24,39,57,67,94,140,200,220,310,360,360
