Type,Name,Request Count,Failure Count,Median Response Time,Average Response Time,Min Response Time,Max Response Time,Average Content Size,Requests/s,Failures/s,50%,66%,75%,80%,90%,95%,98%,99%,99.9%,99.99%,100%
GET,/,9823,0,34,55.23080227018231,1.0934999999996364,453.22629999999987,1507.0,513.977596592991,0.0,34,60,76,85,130,170,230,270,430,450,450
,Aggregated,9823,0,34,55.23080227018231,1.0934999999996364,453.22629999999987,1507.0,513.977596592991,0.0,34,60,76,85,130,170,230,270,430,450,450
