Type,Name,Request Count,Failure Count,Median Response Time,Average Response Time,Min Response Time,Max Response Time,Average Content Size,Requests/s,Failures/s,50%,66%,75%,80%,90%,95%,98%,99%,99.9%,99.99%,100%
GET,/,9723,0,31,48.41517019438435,1.0863000000007617,351.1267,1507.0,511.19848877291594,0.0,31,60,73,80,100,130,180,200,270,350,350
,Aggregated,9723,0,31,48.41517019438435,1.0863000000007617,351.1267,1507.0,511.19848877291594,0.0,31,60,73,80,100,130,180,200,270,350,350
