Type,Name,Request Count,Failure Count,Median Response Time,Average Response Time,Min Response Time,Max Response Time,Average Content Size,Requests/s,Failures/s,50%,66%,75%,80%,90%,95%,98%,99%,99.9%,99.99%,100%
GET,/,9110,0,24,46.36071084522518,0.9844000000001074,509.9463000000002,1507.0,477.78456246863334,0.0,24,44,64,73,100,170,210,250,470,510,510
,Aggregated,9110,0,24,46.36071084522518,0.9844000000001074,509.9463000000002,1507.0,477.78456246863334,0.0,24,44,64,73,100,170,210,250,470,510,510
