Type,Name,Request Count,Failure Count,Median Response Time,Average Response Time,Min Response Time,Max Response Time,Average Content Size,Requests/s,Failures/s,50%,66%,75%,80%,90%,95%,98%,99%,99.9%,99.99%,100%
GET,/,9703,0,42,55.31170379264163,1.0574000000005412,405.3762999999999,1507.0,507.40721232011623,0.0,42,69,82,89,110,140,210,240,380,410,410
,Aggregated,9703,0,42,55.31170379264163,1.0574000000005412,405.3762999999999,1507.0,507.40721232011623,0.0,42,69,82,89,110,140,210,240,380,410,410
