Type,Name,Request Count,Failure Count,Median Response Time,Average Response Time,Min Response Time,Max Response Time,Average Content Size,Requests/s,Failures/s,50%,66%,75%,80%,90%,95%,98%,99%,99.9%,99.99%,100%
GET,/,7224,0,18,37.2871636212625,1.0055999999991627,480.60190000000034,1507.0,379.1827446293028,0.0,18,24,42,66,95,110,200,280,400,480,480
,Aggregated,7224,0,18,37.2871636212625,1.0055999999991627,480.60190000000034,1507.0,379.1827446293028,0.0,18,24,42,66,95,110,200,280,400,480,480
