Type,Name,Request Count,Failure Count,Median Response Time,Average Response Time,Min Response Time,Max Response Time,Average Content Size,Requests/s,Failures/s,50%,66%,75%,80%,90%,95%,98%,99%,99.9%,99.99%,100%
GET,/,9583,0,33,56.68133294375483,1.0798000000011854,376.86759999999975,1507.0,502.96394022457156,0.0,33,65,79,88,140,180,250,300,360,380,380
,Aggregated,9583,0,33,56.68133294375483,1.0798000000011854,376.86759999999975,1507.0,502.96394022457156,0.0,33,65,79,88,140,180,250,300,360,380,380
