Type,Name,Request Count,Failure Count,Median Response Time,Average Response Time,Min Response Time,Max Response Time,Average Content Size,Requests/s,Failures/s,50%,66%,75%,80%,90%,95%,98%,99%,99.9%,99.99%,100%
GET,/,8681,0,22,43.69773080290292,0.9496000000002169,326.28179999999986,1507.0,455.5256352978051,0.0,22,44,67,77,100,150,190,220,320,330,330
,Aggregated,8681,0,22,43.69773080290292,0.9496000000002169,326.28179999999986,1507.0,455.5256352978051,0.0,22,44,67,77,100,150,190,220,320,330,330
