Type,Name,Request Count,Failure Count,Median Response Time,Average Response Time,Min Response Time,Max Response Time,Average Content Size,Requests/s,Failures/s,50%,66%,75%,80%,90%,95%,98%,99%,99.9%,99.99%,100%
GET,/,9582,0,36,54.685486735545894,1.1039999999979955,410.58590000000004,1507.0,503.12485779367285,0.0,36,65,80,89,110,160,220,260,370,410,410
,Aggregated,9582,0,36,54.685486735545894,1.1039999999979955,410.58590000000004,1507.0,503.12485779367285,0.0,36,65,80,89,110,160,220,260,370,410,410
