Type,Name,Request Count,Failure Count,Median Response Time,Average Response Time,Min Response Time,Max Response Time,Average Content Size,Requests/s,Failures/s,50%,66%,75%,80%,90%,95%,98%,99%,99.9%,99.99%,100%
GET,/,7133,0,20,45.80587341931881,0.8879999999997779,447.8960000000001,1507.0,375.9338850286036,0.0,20,50,72,83,110,160,200,250,350,450,450
,Aggregated,7133,0,20,45.80587341931881,0.8879999999997779,447.8960000000001,1507.0,375.9338850286036,0.0,20,50,72,83,110,160,200,250,350,450,450
