Type,Name,Request Count,Failure Count,Median Response Time,Average Response Time,Min Response Time,Max Response Time,Average Content Size,Requests/s,Failures/s,50%,66%,75%,80%,90%,95%,98%,99%,99.9%,99.99%,100%
GET,/,8247,0,27,48.153066800048585,1.0305999999999926,383.51550000000054,1507.0,434.4092982490996,0.0,27,56,67,75,100,150,190,230,380,380,380
,Aggregated,8247,0,27,48.153066800048585,1.0305999999999926,383.51550000000054,1507.0,434.4092982490996,0.0,27,56,67,75,100,150,190,230,380,380,380
