Type,Name,Request Count,Failure Count,Median Response Time,Average Response Time,Min Response Time,Max Response Time,Average Content Size,Requests/s,Failures/s,50%,66%,75%,80%,90%,95%,98%,99%,99.9%,99.99%,100%
GET,/,9137,0,36,56.092670351318766,1.001399999999819,407.1422,1507.0,479.4239805917343,0.0,36,71,83,90,120,170,210,240,310,410,410
,Aggregated,9137,0,36,56.092670351318766,1.001399999999819,407.1422,1507.0,479.4239805917343,0.0,36,71,83,90,120,170,210,240,310,410,410
