Type,Name,Request Count,Failure Count,Median Response Time,Average Response Time,Min Response Time,Max Response Time,Average Content Size,Requests/s,Failures/s,50%,66%,75%,80%,90%,95%,98%,99%,99.9%,99.99%,100%
GET,/,8642,0,26,48.63165484841452,1.0672000000013782,487.3783,1507.0,453.41178199463445,0.0,26,52,73,84,110,170,200,230,480,490,490
,Aggregated,8642,0,26,48.63165484841452,1.0672000000013782,487.3783,1507.0,453.41178199463445,0.0,26,52,73,84,110,170,200,230,480,490,490
