Type,Name,Request Count,Failure Count,Median Response Time,Average Response Time,Min Response Time,Max Response Time,Average Content Size,Requests/s,Failures/s,50%,66%,75%,80%,90%,95%,98%,99%,99.9%,99.99%,100%
GET,/,9735,0,29,44.851004375963214,1.073399999999225,308.7838999999999,1507.0,510.24187583738257,0.0,29,48,66,74,96,130,200,210,240,310,310
,Aggregated,9735,0,29,44.851004375963214,1.073399999999225,308.7838999999999,1507.0,510.24187583738257,0.0,29,48,66,74,96,130,200,210,240,310,310
