Type,Name,Request Count,Failure Count,Median Response Time,Average Response Time,Min Response Time,Max Response Time,Average Content Size,Requests/s,Failures/s,50%,66%,75%,80%,90%,95%,98%,99%,99.9%,99.99%,100%
GET,/,7167,0,17,37.83837395004876,1.1330999999970004,546.6825999999995,1507.0,375.62316847233063,0.0,17,23,35,54,91,170,270,280,450,550,550
,Aggregated,7167,0,17,37.83837395004876,1.1330999999970004,546.6825999999995,1507.0,375.62316847233063,0.0,17,23,35,54,91,170,270,280,450,550,550
