Type,Name,Request Count,Failure Count,Median Response Time,Average Response Time,Min Response Time,Max Response Time,Average Content Size,Requests/s,Failures/s,50%,66%,75%,80%,90%,95%,98%,99%,99.9%,99.99%,100%
GET,/,8637,0,25,47.62915413916858,1.0473999999991435,338.6962999999996,1507.0,452.8478501654818,0.0,25,56,73,81,110,160,180,200,320,340,340
,Aggregated,8637,0,25,47.62915413916858,1.0473999999991435,338.6962999999996,1507.0,452.8478501654818,0.0,25,56,73,81,110,160,180,200,320,340,340
