Type,Name,Request Count,Failure Count,Median Response Time,Average Response Time,Min Response Time,Max Response Time,Average Content Size,Requests/s,Failures/s,50%,66%,75%,80%,90%,95%,98%,99%,99.9%,99.99%,100%
GET,/,9934,0,31,48.52009380914035,1.1338999999992438,329.04840000000047,1507.0,521.5148471626214,0.0,31,54,68,76,100,130,200,220,320,330,330
,Aggregated,9934,0,31,48.52009380914035,1.1338999999992438,329.04840000000047,1507.0,521.5148471626214,0.0,31,54,68,76,100,130,200,220,320,330,330
