Type,Name,Request Count,Failure Count,Median Response Time,Average Response Time,Min Response Time,Max Response Time,Average Content Size,Requests/s,Failures/s,50%,66%,75%,80%,90%,95%,98%,99%,99.9%,99.99%,100%
GET,/,9467,0,33,56.89251859089472,1.0139999999996263,509.2184999999994,1507.0,495.70360777567333,0.0,33,63,78,89,130,180,270,290,470,510,510
,Aggregated,9467,0,33,56.89251859089472,1.0139999999996263,509.2184999999994,1507.0,495.70360777567333,0.0,33,63,78,89,130,180,270,290,470,510,510
