Type,Name,Request Count,Failure Count,Median Response Time,Average Response Time,Min Response Time,Max Response Time,Average Content Size,Requests/s,Failures/s,50%,66%,75%,80%,90%,95%,98%,99%,99.9%,99.99%,100%
GET,/,10381,0,70,72.75302588382607,1.1001000000003813,472.40960000000064,1507.0,545.0779645641429,0.0,70,86,95,100,130,180,210,250,410,470,470
,Aggregated,10381,0,70,72.75302588382607,1.1001000000003813,472.40960000000064,1507.0,545.0779645641429,0.0,70,86,95,100,130,180,210,250,410,470,470
