Type,Name,Request Count,Failure Count,Median Response Time,Average Response Time,Min Response Time,Max Response Time,Average Content Size,Requests/s,Failures/s,50%,66%,75%,80%,90%,95%,98%,99%,99.9%,99.99%,100%
GET,/,8935,0,30,52.050664521544434,1.0619999999974539,551.7858000000002,1507.0,470.9240678686665,0.0,30,56,73,85,110,170,240,250,470,550,550
,Aggregated,8935,0,30,52.050664521544434,1.0619999999974539,551.7858000000002,1507.0,470.9240678686665,0.0,30,56,73,85,110,170,240,250,470,550,550
