Type,Name,Request Count,Failure Count,Median Response Time,Average Response Time,Min Response Time,Max Response Time,Average Content Size,Requests/s,Failures/s,50%,66%,75%,80%,90%,95%,98%,99%,99.9%,99.99%,100%
GET,/,9388,0,27,47.25049650617808,1.0072999999994892,365.93249999999955,1507.0,492.68100844783316,0.0,27,50,70,80,100,130,200,220,320,370,370
,Aggregated,9388,0,27,47.25049650617808,1.0072999999994892,365.93249999999955,1507.0,492.68100844783316,0.0,27,50,70,80,100,130,200,220,320,370,370
