Type,Name,Request Count,Failure Count,Median Response Time,Average Response Time,Min Response Time,Max Response Time,Average Content Size,Requests/s,Failures/s,50%,66%,75%,80%,90%,95%,98%,99%,99.9%,99.99%,100%
GET,/,6798,0,21,42.43787353633425,0.9529000000014776,489.3320999999999,1507.0,358.7405222767389,0.0,21,29,57,67,100,160,220,320,390,490,490
,Aggregated,6798,0,21,42.43787353633425,0.9529000000014776,489.3320999999999,1507.0,358.7405222767389,0.0,21,29,57,67,100,160,220,320,390,490,490
