Type,Name,Request Count,Failure Count,Median Response Time,Average Response Time,Min Response Time,Max Response Time,Average Content Size,Requests/s,Failures/s,50%,66%,75%,80%,90%,95%,98%,99%,99.9%,99.99%,100%
GET,/,8726,0,26,49.93023746275489,1.0796000000006245,549.7882999999995,1507.0,459.4702867966347,0.0,26,58,73,82,110,170,210,270,440,550,550
,Aggregated,8726,0,26,49.93023746275489,1.0796000000006245,549.7882999999995,1507.0,459.4702867966347,0.0,26,58,73,82,110,170,210,270,440,550,550
