Type,Name,Request Count,Failure Count,Median Response Time,Average Response Time,Min Response Time,Max Response Time,Average Content Size,Requests/s,Failures/s,50%,66%,75%,80%,90%,95%,98%,99%,99.9%,99.99%,100%
GET,/,9324,0,31,50.11909357571842,0.9801000000013715,289.93550000000033,1507.0,488.7845687835617,0.0,31,63,77,84,110,140,190,230,290,290,290
,Aggregated,9324,0,31,50.11909357571842,0.9801000000013715,289.93550000000033,1507.0,488.7845687835617,0.0,31,63,77,84,110,140,190,230,290,290,290
