Type,Name,Request Count,Failure Count,Median Response Time,Average Response Time,Min Response Time,Max Response Time,Average Content Size,Requests/s,Failures/s,50%,66%,75%,80%,90%,95%,98%,99%,99.9%,99.99%,100%
GET,/,8669,0,20,39.19198976813929,0.9502999999995154,360.63090000000034,1507.0,454.4448771563869,0.0,20,39,59,67,92,120,180,200,270,360,360
,Aggregated,8669,0,20,39.19198976813929,0.9502999999995154,360.63090000000034,1507.0,454.4448771563869,0.0,20,39,59,67,92,120,180,200,270,360,360
