Type,Name,Request Count,Failure Count,Median Response Time,Average Response Time,Min Response Time,Max Response Time,Average Content Size,Requests/s,Failures/s,50%,66%,75%,80%,90%,95%,98%,99%,99.9%,99.99%,100%
GET,/,10211,0,54,61.68803077073756,0.9689000000001613,534.8170000000003,1507.0,537.4745830707278,0.0,54,74,86,92,120,170,220,250,360,470,530
,Aggregated,10211,0,54,61.68803077073756,0.9689000000001613,534.8170000000003,1507.0,537.4745830707278,0.0,54,74,86,92,120,170,220,250,360,470,530
