Type,Name,Request Count,Failure Count,Median Response Time,Average Response Time,Min Response Time,Max Response Time,Average Content Size,Requests/s,Failures/s,50%,66%,75%,80%,90%,95%,98%,99%,99.9%,99.99%,100%
GET,/,8830,0,25,43.606097112117965,0.9994000000013159,420.1238999999992,1507.0,463.37162702430027,0.0,25,38,55,65,100,150,210,260,400,420,420
,Aggregated,8830,0,25,43.606097112117965,0.9994000000013159,420.1238999999992,1507.0,463.37162702430027,0.0,25,38,55,65,100,150,210,260,400,420,420
