Type,Name,Request Count,Failure Count,Median Response Time,Average Response Time,Min Response Time,Max Response Time,Average Content Size,Requests/s,Failures/s,50%,66%,75%,80%,90%,95%,98%,99%,99.9%,99.99%,100%
GET,/,8391,0,28,46.08632955547612,1.073699999999178,320.7513999999998,1507.0,440.210260133203,0.0,28,50,68,76,100,140,180,200,310,320,320
,Aggregated,8391,0,28,46.08632955547612,1.073699999999178,320.7513999999998,1507.0,440.210260133203,0.0,28,50,68,76,100,140,180,200,310,320,320
