Type,Name,Request Count,Failure Count,Median Response Time,Average Response Time,Min Response Time,Max Response Time,Average Content Size,Requests/s,Failures/s,50%,66%,75%,80%,90%,95%,98%,99%,99.9%,99.99%,100%
GET,/,9172,0,32,51.562248255560355,0.9716999999991316,631.4199,1507.0,483.8158506508919,0.0,32,62,77,85,100,150,220,250,440,630,630
,Aggregated,9172,0,32,51.562248255560355,0.9716999999991316,631.4199,1507.0,483.8158506508919,0.0,32,62,77,85,100,150,220,250,440,630,630
