Type,Name,Request Count,Failure Count,Median Response Time,Average Response Time,Min Response Time,Max Response Time,Average Content Size,Requests/s,Failures/s,50%,66%,75%,80%,90%,95%,98%,99%,99.9%,99.99%,100%
GET,/,8652,0,35,52.51803552935751,1.189099999999499,356.16409999999996,1507.0,453.1126084986962,0.0,35,62,77,84,110,150,190,200,260,360,360
,Aggregated,8652,0,35,52.51803552935751,1.189099999999499,356.16409999999996,1507.0,453.1126084986962,0.0,35,62,77,84,110,150,190,200,260,360,360
