Type,Name,Request Count,Failure Count,Median Response Time,Average Response Time,Min Response Time,Max Response Time,Average Content Size,Requests/s,Failures/s,50%,66%,75%,80%,90%,95%,98%,99%,99.9%,99.99%,100%
GET,/,8905,0,44,56.69040285232976,0.970199999999366,400.68259999999964,1507.0,468.87020117106465,0.0,44,72,82,88,110,170,190,230,310,400,400
,Aggregated,8905,0,44,56.69040285232976,0.970199999999366,400.68259999999964,1507.0,468.87020117106465,0.0,44,72,82,88,110,170,190,230,310,400,400
