Type,Name,Request Count,Failure Count,Median Response Time,Average Response Time,Min Response Time,Max Response Time,Average Content Size,Requests/s,Failures/s,50%,66%,75%,80%,90%,95%,98%,99%,99.9%,99.99%,100%
GET,/,9635,0,25,47.631930295796295,1.1612999999996987,374.65819999999985,1507.0,505.59325010227684,0.0,25,52,69,79,110,150,210,220,320,370,370
,Aggregated,9635,0,25,47.631930295796295,1.1612999999996987,374.65819999999985,1507.0,505.59325010227684,0.0,25,52,69,79,110,150,210,220,320,370,370
