Type,Name,Request Count,Failure Count,Median Response Time,Average Response Time,Min Response Time,Max Response Time,Average Content Size,Requests/s,Failures/s,50%,66%,75%,80%,90%,95%,98%,99%,99.9%,99.99%,100%
GET,/,9401,0,22,43.53460685033527,0.9983000000000075,420.1758,1507.0,493.87277724445215,0.0,22,47,61,74,95,130,200,230,410,420,420
,Aggregated,9401,0,22,43.53460685033527,0.9983000000000075,420.1758,1507.0,493.87277724445215,0.0,22,47,61,74,95,130,200,230,410,420,420
