Type,Name,Request Count,Failure Count,Median Response Time,Average Response Time,Min Response Time,Max Response Time,Average Content Size,Requests/s,Failures/s,50%,66%,75%,80%,90%,95%,98%,99%,99.9%,99.99%,100%
GET,/,10078,0,47,57.886643004564526,1.2463000000018098,518.9039000000006,1507.0,527.8154944384587,0.0,47,71,81,89,110,150,200,230,320,440,520
,Aggregated,10078,0,47,57.886643004564526,1.2463000000018098,518.9039000000006,1507.0,527.8154944384587,0.0,47,71,81,89,110,150,200,230,320,440,520
