Type,Name,Request Count,Failure Count,Median Response Time,Average Response Time,Min Response Time,Max Response Time,Average Content Size,Requests/s,Failures/s,50%,66%,75%,80%,90%,95%,98%,99%,99.9%,99.99%,100%
GET,/,9176,0,64,71.09381714254575,0.9236000000001354,381.4492999999999,1507.0,481.4112422771838,0.0,64,84,97,110,160,190,240,290,370,380,380
,Aggregated,9176,0,64,71.09381714254575,0.9236000000001354,381.4492999999999,1507.0,481.4112422771838,0.0,64,84,97,110,160,190,240,290,370,380,380
