Type,Name,Request Count,Failure Count,Median Response Time,Average Response Time,Min Response Time,Max Response Time,Average Content Size,Requests/s,Failures/s,50%,66%,75%,80%,90%,95%,98%,99%,99.9%,99.99%,100%
GET,/,8134,0,31,49.15787982542414,1.0614999999987162,344.4294000000001,1507.0,427.9247644445515,0.0,31,53,69,79,110,160,180,200,340,340,340
,Aggregated,8134,0,31,49.15787982542414,1.0614999999987162,344.4294000000001,1507.0,427.9247644445515,0.0,31,53,69,79,110,160,180,200,340,340,340
