Type,Name,Request Count,Failure Count,Median Response Time,Average Response Time,Min Response Time,Max Response Time,Average Content Size,Requests/s,Failures/s,50%,66%,75%,80%,90%,95%,98%,99%,99.9%,99.99%,100%
GET,/,7769,0,14,55.678802973355666,1.1281000000025188,392.9855,8688.0,407.0412667825658,0.0,14,73,88,96,150,200,290,290,380,390,390
,Aggregated,7769,0,14,55.678802973355666,1.1281000000025188,392.9855,8688.0,407.0412667825658,0.0,14,73,88,96,150,200,290,290,380,390,390
