Type,Name,Request Count,Failure Count,Median Response Time,Average Response Time,Min Response Time,Max Response Time,Average Content Size,Requests/s,Failures/s,50%,66%,75%,80%,90%,95%,98%,99%,99.9%,99.99%,100%
GET,/,8520,0,15,45.35866731220652,0.9820000000004825,282.3699999999998,8688.0,446.3942918244776,0.0,15,55,79,90,110,180,200,230,270,280,280
,Aggregated,8520,0,15,45.35866731220652,0.9820000000004825,282.3699999999998,8688.0,446.3942918244776,0.0,15,55,79,90,110,180,200,230,270,280,280
