Type,Name,Request Count,Failure Count,Median Response Time,Average Response Time,Min Response Time,Max Response Time,Average Content Size,Requests/s,Failures/s,50%,66%,75%,80%,90%,95%,98%,99%,99.9%,99.99%,100%
GET,/,8109,0,60,74.25873441854739,1.4184999999997672,388.3965000000007,8688.0,425.12369170975325,0.0,60,86,99,120,200,230,290,300,350,390,390
,Aggregated,8109,0,60,74.25873441854739,1.4184999999997672,388.3965000000007,8688.0,425.12369170975325,0.0,60,86,99,120,200,230,290,300,350,390,390
