Type,Name,Request Count,Failure Count,Median Response Time,Average Response Time,Min Response Time,Max Response Time,Average Content Size,Requests/s,Failures/s,50%,66%,75%,80%,90%,95%,98%,99%,99.9%,99.99%,100%
GET,/,8670,0,14,44.205877335640324,1.3222000000006062,488.2182999999998,8688.0,455.11309895922864,0.0,14,32,68,78,110,190,270,280,490,490,490
,Aggregated,8670,0,14,44.205877335640324,1.3222000000006062,488.2182999999998,8688.0,455.11309895922864,0.0,14,32,68,78,110,190,270,280,490,490,490
