Type,Name,Request Count,Failure Count,Median Response Time,Average Response Time,Min Response Time,Max Response Time,Average Content Size,Requests/s,Failures/s,50%,66%,75%,80%,90%,95%,98%,99%,99.9%,99.99%,100%
GET,/,9701,0,67,72.1064722193585,1.3265000000011185,364.94550000000015,8688.0,508.12296180766697,0.0,67,91,110,120,180,200,220,260,310,360,360
,Aggregated,9701,0,67,72.1064722193585,1.3265000000011185,364.94550000000015,8688.0,508.12296180766697,0.0,67,91,110,120,180,200,220,260,310,360,360
