Type,Name,Request Count,Failure Count,Median Response Time,Average Response Time,Min Response Time,Max Response Time,Average Content Size,Requests/s,Failures/s,50%,66%,75%,80%,90%,95%,98%,99%,99.9%,99.99%,100%
GET,/,7016,0,9,38.21790838084386,1.0490000000000776,308.1535000000004,8688.0,368.0860892484316,0.0,9,21,66,83,100,170,200,210,300,310,310
,Aggregated,7016,0,9,38.21790838084386,1.0490000000000776,308.1535000000004,8688.0,368.0860892484316,0.0,9,21,66,83,100,170,200,210,300,310,310
