Type,Name,Request Count,Failure Count,Median Response Time,Average Response Time,Min Response Time,Max Response Time,Average Content Size,Requests/s,Failures/s,50%,66%,75%,80%,90%,95%,98%,99%,99.9%,99.99%,100%
GET,/,8280,0,15,58.72081561594212,1.2615999999994187,362.06920000000054,8688.0,434.23485057294664,0.0,15,73,88,98,180,210,280,290,340,360,360
,Aggregated,8280,0,15,58.72081561594212,1.2615999999994187,362.06920000000054,8688.0,434.23485057294664,0.0,15,73,88,98,180,210,280,290,340,360,360
