Type,Name,Request Count,Failure Count,Median Response Time,Average Response Time,Min Response Time,Max Response Time,Average Content Size,Requests/s,Failures/s,50%,66%,75%,80%,90%,95%,98%,99%,99.9%,99.99%,100%
GET,/,9095,0,95,121.85095377680042,1.4940000000009945,687.3731999999997,8688.0,478.77004957786824,0.0,95,120,180,190,270,300,410,480,590,690,690
,Aggregated,9095,0,95,121.85095377680042,1.4940000000009945,687.3731999999997,8688.0,478.77004957786824,0.0,95,120,180,190,270,300,410,480,590,690,690
