Type,Name,Request Count,Failure Count,Median Response Time,Average Response Time,Min Response Time,Max Response Time,Average Content Size,Requests/s,Failures/s,50%,66%,75%,80%,90%,95%,98%,99%,99.9%,99.99%,100%
GET,/,9763,0,75,73.5457521970712,1.2954000000000576,391.04150000000004,8688.0,511.538953896399,0.0,75,90,100,110,180,200,220,270,300,390,390
,Aggregated,9763,0,75,73.5457521970712,1.2954000000000576,391.04150000000004,8688.0,511.538953896399,0.0,75,90,100,110,180,200,220,270,300,390,390
