Type,Name,Request Count,Failure Count,Median Response Time,Average Response Time,Min Response Time,Max Response Time,Average Content Size,Requests/s,Failures/s,50%,66%,75%,80%,90%,95%,98%,99%,99.9%,99.99%,100%
GET,/,7220,0,7,37.93687132963991,0.9954000000007568,492.34580000000074,8688.0,379.00519180310124,0.0,7,11,40,59,110,190,300,360,400,490,490
,Aggregated,7220,0,7,37.93687132963991,0.9954000000007568,492.34580000000074,8688.0,379.00519180310124,0.0,7,11,40,59,110,190,300,360,400,490,490
