Type,Name,Request Count,Failure Count,Median Response Time,Average Response Time,Min Response Time,Max Response Time,Average Content Size,Requests/s,Failures/s,50%,66%,75%,80%,90%,95%,98%,99%,99.9%,99.99%,100%
GET,/,7243,0,8,39.75607531409635,1.0472999999997512,344.39179999999993,8688.0,381.2913425855588,0.0,8,21,70,84,110,180,220,250,260,340,340
,Aggregated,7243,0,8,39.75607531409635,1.0472999999997512,344.39179999999993,8688.0,381.2913425855588,0.0,8,21,70,84,110,180,220,250,260,340,340
