Type,Name,Request Count,Failure Count,Median Response Time,Average Response Time,Min Response Time,Max Response Time,Average Content Size,Requests/s,Failures/s,50%,66%,75%,80%,90%,95%,98%,99%,99.9%,99.99%,100%
GET,/,9492,0,20,53.505093025705705,1.1009999999984643,333.4073000000002,8688.0,497.58220677334543,0.0,20,73,87,95,130,190,200,240,330,330,330
,Aggregated,9492,0,20,53.505093025705705,1.1009999999984643,333.4073000000002,8688.0,497.58220677334543,0.0,20,73,87,95,130,190,200,240,330,330,330
