Type,Name,Request Count,Failure Count,Median Response Time,Average Response Time,Min Response Time,Max Response Time,Average Content Size,Requests/s,Failures/s,50%,66%,75%,80%,90%,95%,98%,99%,99.9%,99.99%,100%
GET,/,8698,0,15,42.48521201425621,1.3281000000002763,314.18319999999954,8688.0,455.83788579510525,0.0,15,23,54,76,130,190,210,230,290,310,310
,Aggregated,8698,0,15,42.48521201425621,1.3281000000002763,314.18319999999954,8688.0,455.83788579510525,0.0,15,23,54,76,130,190,210,230,290,310,310
