Type,Name,Request Count,Failure Count,Median Response Time,Average Response Time,Min Response Time,Max Response Time,Average Content Size,Requests/s,Failures/s,50%,66%,75%,80%,90%,95%,98%,99%,99.9%,99.99%,100%
GET,/,7030,0,54,111.45564675675699,1.3906000000005747,1006.3788000000002,8688.0,363.8233314963227,0.0,54,87,120,170,260,590,750,860,990,1000,1000
,Aggregated,7030,0,54,111.45564675675699,1.3906000000005747,1006.3788000000002,8688.0,363.8233314963227,0.0,54,87,120,170,260,590,750,860,990,1000,1000
