Type,Name,Request Count,Failure Count,Median Response Time,Average Response Time,Min Response Time,Max Response Time,Average Content Size,Requests/s,Failures/s,50%,66%,75%,80%,90%,95%,98%,99%,99.9%,99.99%,100%
GET,/,9750,0,86,92.4073130769232,1.322999999999297,521.2366,8688.0,510.71530215391056,0.0,86,99,110,130,190,210,290,320,420,520,520
,Aggregated,9750,0,86,92.4073130769232,1.322999999999297,521.2366,8688.0,510.71530215391056,0.0,86,99,110,130,190,210,290,320,420,520,520
