Type,Name,Request Count,Failure Count,Median Response Time,Average Response Time,Min Response Time,Max Response Time,Average Content Size,Requests/s,Failures/s,50%,66%,75%,80%,90%,95%,98%,99%,99.9%,99.99%,100%
GET,/,7827,0,13,49.0657387760316,1.1959000000008047,363.03940000000034,8688.0,410.30796488067244,0.0,13,69,84,90,120,190,220,270,330,360,360
,Aggregated,7827,0,13,49.0657387760316,1.1959000000008047,363.03940000000034,8688.0,410.30796488067244,0.0,13,69,84,90,120,190,220,270,330,360,360
