Type,Name,Request Count,Failure Count,Median Response Time,Average Response Time,Min Response Time,Max Response Time,Average Content Size,Requests/s,Failures/s,50%,66%,75%,80%,90%,95%,98%,99%,99.9%,99.99%,100%
GET,/,7682,0,10,41.91339596459261,1.0247999999997148,369.2117999999995,8688.0,402.62511491830975,0.0,10,27,64,82,110,190,220,270,310,370,370
,Aggregated,7682,0,10,41.91339596459261,1.0247999999997148,369.2117999999995,8688.0,402.62511491830975,0.0,10,27,64,82,110,190,220,270,310,370,370
