Type,Name,Request Count,Failure Count,Median Response Time,Average Response Time,Min Response Time,Max Response Time,Average Content Size,Requests/s,Failures/s,50%,66%,75%,80%,90%,95%,98%,99%,99.9%,99.99%,100%
GET,/,7231,0,11,37.236324339648625,1.3702000000002101,330.4641999999998,8688.0,379.61921668274147,0.0,11,20,58,71,99,160,210,280,300,330,330
,Aggregated,7231,0,11,37.236324339648625,1.3702000000002101,330.4641999999998,8688.0,379.61921668274147,0.0,11,20,58,71,99,160,210,280,300,330,330
