Type,Name,Request Count,Failure Count,Median Response Time,Average Response Time,Min Response Time,Max Response Time,Average Content Size,Requests/s,Failures/s,50%,66%,75%,80%,90%,95%,98%,99%,99.9%,99.99%,100%
GET,/,9304,0,67,64.07892743981081,1.2638000000002592,319.89270000000045,8688.0,487.7914273201943,0.0,67,87,95,100,130,190,200,220,300,320,320
,Aggregated,9304,0,67,64.07892743981081,1.2638000000002592,319.89270000000045,8688.0,487.7914273201943,0.0,67,87,95,100,130,190,200,220,300,320,320
