Type,Name,Request Count,Failure Count,Median Response Time,Average Response Time,Min Response Time,Max Response Time,Average Content Size,Requests/s,Failures/s,50%,66%,75%,80%,90%,95%,98%,99%,99.9%,99.99%,100%
GET,/,8166,0,13,46.09484932647552,1.3435000000008301,371.3267,8688.0,427.63079923318656,0.0,13,35,68,82,120,190,270,290,360,370,370
,Aggregated,8166,0,13,46.09484932647552,1.3435000000008301,371.3267,8688.0,427.63079923318656,0.0,13,35,68,82,120,190,270,290,360,370,370
