Type,Name,Request Count,Failure Count,Median Response Time,Average Response Time,Min Response Time,Max Response Time,Average Content Size,Requests/s,Failures/s,50%,66%,75%,80%,90%,95%,98%,99%,99.9%,99.99%,100%
GET,/,8635,0,13,44.6419015055009,1.3231000000004656,343.0106000000004,8688.0,452.50131869862616,0.0,13,27,62,78,140,200,270,290,310,340,340
,Aggregated,8635,0,13,44.6419015055009,1.3231000000004656,343.0106000000004,8688.0,452.50131869862616,0.0,13,27,62,78,140,200,270,290,310,340,340
