Type,Name,Request Count,Failure Count,Median Response Time,Average Response Time,Min Response Time,Max Response Time,Average Content Size,Requests/s,Failures/s,50%,66%,75%,80%,90%,95%,98%,99%,99.9%,99.99%,100%
GET,/,8833,0,67,71.39063289935459,1.3380000000005055,398.935100000001,8688.0,462.820477328762,0.0,67,87,93,100,190,200,280,300,380,400,400
,Aggregated,8833,0,67,71.39063289935459,1.3380000000005055,398.935100000001,8688.0,462.820477328762,0.0,67,87,93,100,190,200,280,300,380,400,400
