Type,Name,Request Count,Failure Count,Median Response Time,Average Response Time,Min Response Time,Max Response Time,Average Content Size,Requests/s,Failures/s,50%,66%,75%,80%,90%,95%,98%,99%,99.9%,99.99%,100%
GET,/,7964,0,17,57.135360095429526,1.0994000000010828,419.66390000000064,8688.0,417.6934477068726,0.0,17,79,90,95,160,200,250,290,370,420,420
,Aggregated,7964,0,17,57.135360095429526,1.0994000000010828,419.66390000000064,8688.0,417.6934477068726,0.0,17,79,90,95,160,200,250,290,370,420,420
