Type,Name,Request Count,Failure Count,Median Response Time,Average Response Time,Min Response Time,Max Response Time,Average Content Size,Requests/s,Failures/s,50%,66%,75%,80%,90%,95%,98%,99%,99.9%,99.99%,100%
GET,/,7986,0,11,41.57235116453802,1.0614999999987162,301.2490000000003,8688.0,418.7097222369102,0.0,11,33,68,80,110,190,220,260,290,300,300
,Aggregated,7986,0,11,41.57235116453802,1.0614999999987162,301.2490000000003,8688.0,418.7097222369102,0.0,11,33,68,80,110,190,220,260,290,300,300
