Type,Name,Request Count,Failure Count,Median Response Time,Average Response Time,Min Response Time,Max Response Time,Average Content Size,Requests/s,Failures/s,50%,66%,75%,80%,90%,95%,98%,99%,99.9%,99.99%,100%
GET,/,7367,0,9,38.910529238496174,1.2638000000002592,481.60429999999985,8688.0,386.5541360156392,0.0,9,17,56,76,100,180,210,290,380,480,480
,Aggregated,7367,0,9,38.910529238496174,1.2638000000002592,481.60429999999985,8688.0,386.5541360156392,0.0,9,17,56,76,100,180,210,290,380,480,480
