Type,Name,Request Count,Failure Count,Median Response Time,Average Response Time,Min Response Time,Max Response Time,Average Content Size,Requests/s,Failures/s,50%,66%,75%,80%,90%,95%,98%,99%,99.9%,99.99%,100%
GET,/,8340,0,10,47.33638014388498,1.1909999999986098,398.2876000000006,8688.0,437.28343475798545,0.0,10,46,77,87,110,200,290,350,390,400,400
,Aggregated,8340,0,10,47.33638014388498,1.1909999999986098,398.2876000000006,8688.0,437.28343475798545,0.0,10,46,77,87,110,200,290,350,390,400,400
