Type,Name,Request Count,Failure Count,Median Response Time,Average Response Time,Min Response Time,Max Response Time,Average Content Size,Requests/s,Failures/s,50%,66%,75%,80%,90%,95%,98%,99%,99.9%,99.99%,100%
GET,/,8855,0,14,46.993333483907456,1.3098999999989758,470.1496999999994,8688.0,464.0715114133125,0.0,14,38,72,81,120,190,270,290,370,470,470
,Aggregated,8855,0,14,46.993333483907456,1.3098999999989758,470.1496999999994,8688.0,464.0715114133125,0.0,14,38,72,81,120,190,270,290,370,470,470
