Type,Name,Request Count,Failure Count,Median Response Time,Average Response Time,Min Response Time,Max Response Time,Average Content Size,Requests/s,Failures/s,50%,66%,75%,80%,90%,95%,98%,99%,99.9%,99.99%,100%
GET,/,7796,0,9,40.0319724345816,1.074700000000206,326.90719999999993,8688.0,409.0667444030568,0.0,9,20,61,75,120,190,230,240,300,330,330
,Aggregated,7796,0,9,40.0319724345816,1.074700000000206,326.90719999999993,8688.0,409.0667444030568,0.0,9,20,61,75,120,190,230,240,300,330,330
