Type,Name,Request Count,Failure Count,Median Response Time,Average Response Time,Min Response Time,Max Response Time,Average Content Size,Requests/s,Failures/s,50%,66%,75%,80%,90%,95%,98%,99%,99.9%,99.99%,100%
GET,/,9093,0,60,66.09997791707944,1.2565000000002158,464.4743,8688.0,476.26578395645623,0.0,60,86,94,100,170,190,250,270,370,460,460
,Aggregated,9093,0,60,66.09997791707944,1.2565000000002158,464.4743,8688.0,476.26578395645623,0.0,60,86,94,100,170,190,250,270,370,460,460
