Type,Name,Request Count,Failure Count,Median Response Time,Average Response Time,Min Response Time,Max Response Time,Average Content Size,Requests/s,Failures/s,50%,66%,75%,80%,90%,95%,98%,99%,99.9%,99.99%,100%
GET,/,8371,0,15,57.255193059371955,1.1699000000007231,359.1753999999998,8688.0,439.45742121659316,0.0,15,77,91,98,170,200,250,290,340,360,360
,Aggregated,8371,0,15,57.255193059371955,1.1699000000007231,359.1753999999998,8688.0,439.45742121659316,0.0,15,77,91,98,170,200,250,290,340,360,360
