Type,Name,Request Count,Failure Count,Median Response Time,Average Response Time,Min Response Time,Max Response Time,Average Content Size,Requests/s,Failures/s,50%,66%,75%,80%,90%,95%,98%,99%,99.9%,99.99%,100%
GET,/,8590,0,11,44.628914644936025,1.2848999999999222,440.42210000000017,8688.0,450.0396278662177,0.0,11,27,66,79,120,190,270,300,380,440,440
,Aggregated,8590,0,11,44.628914644936025,1.2848999999999222,440.42210000000017,8688.0,450.0396278662177,0.0,11,27,66,79,120,190,270,300,380,440,440
