Type,Name,Request Count,Failure Count,Median Response Time,Average Response Time,Min Response Time,Max Response Time,Average Content Size,Requests/s,Failures/s,50%,66%,75%,80%,90%,95%,98%,99%,99.9%,99.99%,100%
GET,/,8100,0,17,58.67660416049429,1.008500000001078,394.31800000000015,8688.0,424.542324613194,0.0,17,75,89,96,180,210,260,290,320,390,390
,Aggregated,8100,0,17,58.67660416049429,1.008500000001078,394.31800000000015,8688.0,424.542324613194,0.0,17,75,89,96,180,210,260,290,320,390,390
