Type,Name,Request Count,Failure Count,Median Response Time,Average Response Time,Min Response Time,Max Response Time,Average Content Size,Requests/s,Failures/s,50%,66%,75%,80%,90%,95%,98%,99%,99.9%,99.99%,100%
GET,/,9950,0,33,59.255209005025414,1.2811999999975399,403.58759999999984,8688.0,521.4059873578179,0.0,33,78,90,97,140,190,250,280,320,400,400
,Aggregated,9950,0,33,59.255209005025414,1.2811999999975399,403.58759999999984,8688.0,521.4059873578179,0.0,33,78,90,97,140,190,250,280,320,400,400
