Type,Name,Request Count,Failure Count,Median Response Time,Average Response Time,Min Response Time,Max Response Time,Average Content Size,Requests/s,Failures/s,50%,66%,75%,80%,90%,95%,98%,99%,99.9%,99.99%,100%
GET,/,8892,0,11,43.12668524516417,1.094999999999402,461.4607,8688.0,466.2599629164835,0.0,11,46,71,84,110,190,210,230,350,460,460
,Aggregated,8892,0,11,43.12668524516417,1.094999999999402,461.4607,8688.0,466.2599629164835,0.0,11,46,71,84,110,190,210,230,350,460,460
