Type,Name,Request Count,Failure Count,Median Response Time,Average Response Time,Min Response Time,Max Response Time,Average Content Size,Requests/s,Failures/s,50%,66%,75%,80%,90%,95%,98%,99%,99.9%,99.99%,100%
GET,/,10316,0,50,65.94168386002302,1.2043999999988841,382.6364000000009,8688.0,540.045702269447,0.0,50,82,92,100,180,200,250,270,320,350,380
,Aggregated,10316,0,50,65.94168386002302,1.2043999999988841,382.6364000000009,8688.0,540.045702269447,0.0,50,82,92,100,180,200,250,270,320,350,380
