Type,Name,Request Count,Failure Count,Median Response Time,Average Response Time,Min Response Time,Max Response Time,Average Content Size,Requests/s,Failures/s,50%,66%,75%,80%,90%,95%,98%,99%,99.9%,99.99%,100%
GET,/,9035,0,16,46.61564255672398,1.262199999999325,344.74360000000013,8688.0,473.07153350741504,0.0,16,41,70,85,130,190,220,240,340,340,340
,Aggregated,9035,0,16,46.61564255672398,1.262199999999325,344.74360000000013,8688.0,473.07153350741504,0.0,16,41,70,85,130,190,220,240,340,340,340
