Type,Name,Request Count,Failure Count,Median Response Time,Average Response Time,Min Response Time,Max Response Time,Average Content Size,Requests/s,Failures/s,50%,66%,75%,80%,90%,95%,98%,99%,99.9%,99.99%,100%
GET,/,8597,0,20,60.341653902524335,1.295200000001273,481.7463000000002,8688.0,451.69066537004346,0.0,20,73,86,93,180,210,280,350,440,480,480
,Aggregated,8597,0,20,60.341653902524335,1.295200000001273,481.7463000000002,8688.0,451.69066537004346,0.0,20,73,86,93,180,210,280,350,440,480,480
