Type,Name,Request Count,Failure Count,Median Response Time,Average Response Time,Min Response Time,Max Response Time,Average Content Size,Requests/s,Failures/s,50%,66%,75%,80%,90%,95%,98%,99%,99.9%,99.99%,100%
GET,/,9060,0,92,100.33603461368662,1.6628999999994676,360.4270999999999,8688.0,474.05351444784105,0.0,92,110,150,180,200,210,270,280,330,360,360
,Aggregated,9060,0,92,100.33603461368662,1.6628999999994676,360.4270999999999,8688.0,474.05351444784105,0.0,92,110,150,180,200,210,270,280,330,360,360
