Type,Name,Request Count,Failure Count,Median Response Time,Average Response Time,Min Response Time,Max Response Time,Average Content Size,Requests/s,Failures/s,50%,66%,75%,80%,90%,95%,98%,99%,99.9%,99.99%,100%
GET,/,10070,0,44,56.727690476663454,1.3029000000024382,317.34540000000067,8688.0,527.9899791933655,0.0,44,79,88,93,110,180,210,230,310,320,320
,Aggregated,10070,0,44,56.727690476663454,1.3029000000024382,317.34540000000067,8688.0,527.9899791933655,0.0,44,79,88,93,110,180,210,230,310,320,320
