Type,Name,Request Count,Failure Count,Median Response Time,Average Response Time,Min Response Time,Max Response Time,Average Content Size,Requests/s,Failures/s,50%,66%,75%,80%,90%,95%,98%,99%,99.9%,99.99%,100%
GET,/,7255,0,12,29.8366993521709,1.2185000000002333,385.2283999999999,8688.0,380.6911385580019,0.0,12,18,30,49,86,110,170,230,310,390,390
,Aggregated,7255,0,12,29.8366993521709,1.2185000000002333,385.2283999999999,8688.0,380.6911385580019,0.0,12,18,30,49,86,110,170,230,310,390,390
