Type,Name,Request Count,Failure Count,Median Response Time,Average Response Time,Min Response Time,Max Response Time,Average Content Size,Requests/s,Failures/s,50%,66%,75%,80%,90%,95%,98%,99%,99.9%,99.99%,100%
GET,/,8724,0,13,49.68527687987139,1.2752999999996462,363.1150999999999,8688.0,456.88510681441795,0.0,13,38,73,88,180,200,280,290,350,360,360
,Aggregated,8724,0,13,49.68527687987139,1.2752999999996462,363.1150999999999,8688.0,456.88510681441795,0.0,13,38,73,88,180,200,280,290,350,360,360
