Type,Name,Request Count,Failure Count,Median Response Time,Average Response Time,Min Response Time,Max Response Time,Average Content Size,Requests/s,Failures/s,50%,66%,75%,80%,90%,95%,98%,99%,99.9%,99.99%,100%
GET,/,8558,0,100,144.92742043701796,1.6244999999983634,723.6037999999994,8688.0,449.22403733224036,0.0,100,180,190,200,330,410,500,600,700,720,720
,Aggregated,8558,0,100,144.92742043701796,1.6244999999983634,723.6037999999994,8688.0,449.22403733224036,0.0,100,180,190,200,330,410,500,600,700,720,720
