Type,Name,Request Count,Failure Count,Median Response Time,Average Response Time,Min Response Time,Max Response Time,Average Content Size,Requests/s,Failures/s,50%,66%,75%,80%,90%,95%,98%,99%,99.9%,99.99%,100%
GET,/,7160,0,11,48.27894729050277,1.0572999999993726,358.3751,8688.0,375.33942926696307,0.0,11,61,81,88,130,200,240,260,320,360,360
,Aggregated,7160,0,11,48.27894729050277,1.0572999999993726,358.3751,8688.0,375.33942926696307,0.0,11,61,81,88,130,200,240,260,320,360,360
