Type,Name,Request Count,Failure Count,Median Response Time,Average Response Time,Min Response Time,Max Response Time,Average Content Size,Requests/s,Failures/s,50%,66%,75%,80%,90%,95%,98%,99%,99.9%,99.99%,100%
GET,/,9478,0,72,70.57954624393332,1.3367999999989166,379.06290000000007,8688.0,494.94723865148984,0.0,72,89,98,100,170,200,220,280,300,380,380
,Aggregated,9478,0,72,70.57954624393332,1.3367999999989166,379.06290000000007,8688.0,494.94723865148984,0.0,72,89,98,100,170,200,220,280,300,380,380
