Type,Name,Request Count,Failure Count,Median Response Time,Average Response Time,Min Response Time,Max Response Time,Average Content Size,Requests/s,Failures/s,50%,66%,75%,80%,90%,95%,98%,99%,99.9%,99.99%,100%
GET,/,8549,0,13,42.42277011346375,1.1293999999999471,355.9928000000001,8688.0,449.3668359472717,0.0,13,27,63,75,110,190,240,260,330,360,360
,Aggregated,8549,0,13,42.42277011346375,1.1293999999999471,355.9928000000001,8688.0,449.3668359472717,0.0,13,27,63,75,110,190,240,260,330,360,360
