Type,Name,Request Count,Failure Count,Median Response Time,Average Response Time,Min Response Time,Max Response Time,Average Content Size,Requests/s,Failures/s,50%,66%,75%,80%,90%,95%,98%,99%,99.9%,99.99%,100%
GET,/,9801,0,43,57.240052249770294,1.4479999999998938,324.9510999999998,8688.0,513.1525222038684,0.0,43,80,91,96,120,170,200,240,280,320,320
,Aggregated,9801,0,43,57.240052249770294,1.4479999999998938,324.9510999999998,8688.0,513.1525222038684,0.0,43,80,91,96,120,170,200,240,280,320,320
