Type,Name,Request Count,Failure Count,Median Response Time,Average Response Time,Min Response Time,Max Response Time,Average Content Size,Requests/s,Failures/s,50%,66%,75%,80%,90%,95%,98%,99%,99.9%,99.99%,100%
GET,/,9387,0,22,56.325268818579055,1.260500000000775,415.7705000000007,8688.0,491.46087307703834,0.0,22,72,85,94,150,190,250,270,320,420,420
,Aggregated,9387,0,22,56.325268818579055,1.260500000000775,415.7705000000007,8688.0,491.46087307703834,0.0,22,72,85,94,150,190,250,270,320,420,420
