Type,Name,Request Count,Failure Count,Median Response Time,Average Response Time,Min Response Time,Max Response Time,Average Content Size,Requests/s,Failures/s,50%,66%,75%,80%,90%,95%,98%,99%,99.9%,99.99%,100%
GET,/,8793,0,13,51.99066481291945,1.320299999999719,327.05839999999944,8688.0,461.2189507968165,0.0,13,49,74,88,190,200,250,280,310,330,330
,Aggregated,8793,0,13,51.99066481291945,1.320299999999719,327.05839999999944,8688.0,461.2189507968165,0.0,13,49,74,88,190,200,250,280,310,330,330
