Type,Name,Request Count,Failure Count,Median Response Time,Average Response Time,Min Response Time,Max Response Time,Average Content Size,Requests/s,Failures/s,50%,66%,75%,80%,90%,95%,98%,99%,99.9%,99.99%,100%
GET,/,7704,0,10,38.194633281412315,1.2247999999992487,332.8892999999997,8688.0,403.94745176992325,0.0,10,17,52,78,120,180,200,230,270,330,330
,Aggregated,7704,0,10,38.194633281412315,1.2247999999992487,332.8892999999997,8688.0,403.94745176992325,0.0,10,17,52,78,120,180,200,230,270,330,330
