Type,Name,Request Count,Failure Count,Median Response Time,Average Response Time,Min Response Time,Max Response Time,Average Content Size,Requests/s,Failures/s,50%,66%,75%,80%,90%,95%,98%,99%,99.9%,99.99%,100%
GET,/,9573,0,38,56.922254486576804,1.1697000000001623,282.0450000000001,8688.0,501.6210856179152,0.0,38,79,91,97,120,180,200,240,260,280,280
,Aggregated,9573,0,38,56.922254486576804,1.1697000000001623,282.0450000000001,8688.0,501.6210856179152,0.0,38,79,91,97,120,180,200,240,260,280,280
