Type,Name,Request Count,Failure Count,Median Response Time,Average Response Time,Min Response Time,Max Response Time,Average Content Size,Requests/s,Failures/s,50%,66%,75%,80%,90%,95%,98%,99%,99.9%,99.99%,100%
GET,/,10289,0,57,63.7335840800856,1.1723999999997403,296.2959999999999,8688.0,539.4636865753937,0.0,57,85,94,100,150,190,200,220,290,290,300
,Aggregated,10289,0,57,63.7335840800856,1.1723999999997403,296.2959999999999,8688.0,539.4636865753937,0.0,57,85,94,100,150,190,200,220,290,290,300
