Type,Name,Request Count,Failure Count,Median Response Time,Average Response Time,Min Response Time,Max Response Time,Average Content Size,Requests/s,Failures/s,50%,66%,75%,80%,90%,95%,98%,99%,99.9%,99.99%,100%
GET,/,8290,0,17,55.48391677925233,1.06509999999993,384.63780000000014,8688.0,434.86460512284526,0.0,17,75,89,96,150,190,270,290,370,380,380
,Aggregated,8290,0,17,55.48391677925233,1.06509999999993,384.63780000000014,8688.0,434.86460512284526,0.0,17,75,89,96,150,190,270,290,370,380,380
