Type,Name,Request Count,Failure Count,Median Response Time,Average Response Time,Min Response Time,Max Response Time,Average Content Size,Requests/s,Failures/s,50%,66%,75%,80%,90%,95%,98%,99%,99.9%,99.99%,100%
GET,/,9196,0,66,77.91568988690724,1.2959999999999638,674.2264000000002,8688.0,481.8270501502096,0.0,66,88,100,110,190,280,370,390,480,670,670
,Aggregated,9196,0,66,77.91568988690724,1.2959999999999638,674.2264000000002,8688.0,481.8270501502096,0.0,66,88,100,110,190,280,370,390,480,670,670
