Type,Name,Request Count,Failure Count,Median Response Time,Average Response Time,Min Response Time,Max Response Time,Average Content Size,Requests/s,Failures/s,50%,66%,75%,80%,90%,95%,98%,99%,99.9%,99.99%,100%
GET,/,9661,0,100.0,138.9980799089125,1.3045999999974356,596.8752000000013,8688.0,505.90005044746454,0.0,100,180,190,200,290,300,390,400,470,600,600
,Aggregated,9661,0,100.0,138.9980799089125,1.3045999999974356,596.8752000000013,8688.0,505.90005044746454,0.0,100,180,190,200,290,300,390,400,470,600,600
