Type,Name,Request Count,Failure Count,Median Response Time,Average Response Time,Min Response Time,Max Response Time,Average Content Size,Requests/s,Failures/s,50%,66%,75%,80%,90%,95%,98%,99%,99.9%,99.99%,100%
GET,/,8825,0,35,65.38200423796057,1.3754000000005817,490.75780000000077,8688.0,462.759057553465,0.0,35,78,91,99,180,260,290,300,400,490,490
,Aggregated,8825,0,35,65.38200423796057,1.3754000000005817,490.75780000000077,8688.0,462.759057553465,0.0,35,78,91,99,180,260,290,300,400,490,490
