Type,Name,Request Count,Failure Count,Median Response Time,Average Response Time,Min Response Time,Max Response Time,Average Content Size,Requests/s,Failures/s,50%,66%,75%,80%,90%,95%,98%,99%,99.9%,99.99%,100%
GET,/,7627,0,10,41.85395673266012,1.0452000000000794,315.50410000000005,8688.0,400.04436644353774,0.0,10,44,73,83,110,190,210,230,290,320,320
,Aggregated,7627,0,10,41.85395673266012,1.0452000000000794,315.50410000000005,8688.0,400.04436644353774,0.0,10,44,73,83,110,190,210,230,290,320,320
