Type,Name,Request Count,Failure Count,Median Response Time,Average Response Time,Min Response Time,Max Response Time,Average Content Size,Requests/s,Failures/s,50%,66%,75%,80%,90%,95%,98%,99%,99.9%,99.99%,100%
GET,/,7799,0,14,44.78156155917454,1.1863000000005286,468.98879999999997,8688.0,409.08178992849764,0.0,14,57,76,84,100,180,210,280,390,470,470
,Aggregated,7799,0,14,44.78156155917454,1.1863000000005286,468.98879999999997,8688.0,409.08178992849764,0.0,14,57,76,84,100,180,210,280,390,470,470
