Type,Name,Request Count,Failure Count,Median Response Time,Average Response Time,Min Response Time,Max Response Time,Average Content Size,Requests/s,Failures/s,50%,66%,75%,80%,90%,95%,98%,99%,99.9%,99.99%,100%
GET,/,9460,0,91,95.36040440803369,1.502999999999588,398.0731999999998,8688.0,496.8469362534895,0.0,91,100,110,170,200,210,280,290,340,400,400
,Aggregated,9460,0,91,95.36040440803369,1.502999999999588,398.0731999999998,8688.0,496.8469362534895,0.0,91,100,110,170,200,210,280,290,340,400,400
