Type,Name,Request Count,Failure Count,Median Response Time,Average Response Time,Min Response Time,Max Response Time,Average Content Size,Requests/s,Failures/s,50%,66%,75%,80%,90%,95%,98%,99%,99.9%,99.99%,100%
GET,/,8074,0,17,52.300007988605344,1.2682000000001636,352.6043999999997,8688.0,422.99626796916687,0.0,17,75,88,93,120,190,210,280,330,350,350
,Aggregated,8074,0,17,52.300007988605344,1.2682000000001636,352.6043999999997,8688.0,422.99626796916687,0.0,17,75,88,93,120,190,210,280,330,350,350
