Type,Name,Request Count,Failure Count,Median Response Time,Average Response Time,Min Response Time,Max Response Time,Average Content Size,Requests/s,Failures/s,50%,66%,75%,80%,90%,95%,98%,99%,99.9%,99.99%,100%
GET,/,8358,0,66,72.75324186408217,1.3179999999994862,415.64949999999976,8688.0,437.09337028744744,0.0,66,90,99,100,180,210,290,300,360,420,420
,Aggregated,8358,0,66,72.75324186408217,1.3179999999994862,415.64949999999976,8688.0,437.09337028744744,0.0,66,90,99,100,180,210,290,300,360,420,420
