Type,Name,Request Count,Failure Count,Median Response Time,Average Response Time,Min Response Time,Max Response Time,Average Content Size,Requests/s,Failures/s,50%,66%,75%,80%,90%,95%,98%,99%,99.9%,99.99%,100%
GET,/,8371,0,15,60.75843500179204,1.158599999996568,390.3825000000012,8688.0,438.44983094143817,0.0,15,75,96,110,190,200,250,270,350,390,390
,Aggregated,8371,0,15,60.75843500179204,1.158599999996568,390.3825000000012,8688.0,438.44983094143817,0.0,15,75,96,110,190,200,250,270,350,390,390
