Type,Name,Request Count,Failure Count,Median Response Time,Average Response Time,Min Response Time,Max Response Time,Average Content Size,Requests/s,Failures/s,50%,66%,75%,80%,90%,95%,98%,99%,99.9%,99.99%,100%
GET,/,9108,0,14,39.600792786561605,1.3627999999989981,397.4609,8688.0,477.17750717036205,0.0,14,28,60,77,100,180,200,230,300,400,400
,Aggregated,9108,0,14,39.600792786561605,1.3627999999989981,397.4609,8688.0,477.17750717036205,0.0,14,28,60,77,100,180,200,230,300,400,400
