Type,Name,Request Count,Failure Count,Median Response Time,Average Response Time,Min Response Time,Max Response Time,Average Content Size,Requests/s,Failures/s,50%,66%,75%,80%,90%,95%,98%,99%,99.9%,99.99%,100%
GET,/,8616,0,23,59.78819828226576,1.3794000000011408,344.0875000000001,8688.0,451.6043028053382,0.0,23,77,92,100,170,190,240,260,330,340,340
,Aggregated,8616,0,23,59.78819828226576,1.3794000000011408,344.0875000000001,8688.0,451.6043028053382,0.0,23,77,92,100,170,190,240,260,330,340,340
