Type,Name,Request Count,Failure Count,Median Response Time,Average Response Time,Min Response Time,Max Response Time,Average Content Size,Requests/s,Failures/s,50%,66%,75%,80%,90%,95%,98%,99%,99.9%,99.99%,100%
GET,/,9646,0,73,75.40800928882454,1.3063999999989306,484.7996999999999,8688.0,505.60586082182766,0.0,73,88,98,100,180,210,280,300,380,480,480
,Aggregated,9646,0,73,75.40800928882454,1.3063999999989306,484.7996999999999,8688.0,505.60586082182766,0.0,73,88,98,100,180,210,280,300,380,480,480
