Type,Name,Request Count,Failure Count,Median Response Time,Average Response Time,Min Response Time,Max Response Time,Average Content Size,Requests/s,Failures/s,50%,66%,75%,80%,90%,95%,98%,99%,99.9%,99.99%,100%
GET,/,8687,0,15,48.70127873834447,1.3054999999990713,307.12700000000035,8688.0,455.03620519441046,0.0,15,51,76,86,130,200,230,280,300,310,310
,Aggregated,8687,0,15,48.70127873834447,1.3054999999990713,307.12700000000035,8688.0,455.03620519441046,0.0,15,51,76,86,130,200,230,280,300,310,310
