Type,Name,Request Count,Failure Count,Median Response Time,Average Response Time,Min Response Time,Max Response Time,Average Content Size,Requests/s,Failures/s,50%,66%,75%,80%,90%,95%,98%,99%,99.9%,99.99%,100%
GET,/,7951,0,10,46.79787796503561,1.235499999999945,364.56979999999993,8688.0,416.75966818398797,0.0,10,45,77,87,150,200,250,270,330,360,360
,Aggregated,7951,0,10,46.79787796503561,1.235499999999945,364.56979999999993,8688.0,416.75966818398797,0.0,10,45,77,87,150,200,250,270,330,360,360
