Type,Name,Request Count,Failure Count,Median Response Time,Average Response Time,Min Response Time,Max Response Time,Average Content Size,Requests/s,Failures/s,50%,66%,75%,80%,90%,95%,98%,99%,99.9%,99.99%,100%
GET,/,9325,0,83,86.783928546917,1.4181000000004218,470.7965999999999,8688.0,488.11129749105913,0.0,83,95,100,120,190,250,290,300,460,470,470
,Aggregated,9325,0,83,86.783928546917,1.4181000000004218,470.7965999999999,8688.0,488.11129749105913,0.0,83,95,100,120,190,250,290,300,460,470,470
