Type,Name,Request Count,Failure Count,Median Response Time,Average Response Time,Min Response Time,Max Response Time,Average Content Size,Requests/s,Failures/s,50%,66%,75%,80%,90%,95%,98%,99%,99.9%,99.99%,100%
GET,/,9285,0,40,65.10365377490598,1.3314999999991528,503.71339999999964,8688.0,485.26282761298495,0.0,40,78,88,94,170,210,300,360,460,500,500
,Aggregated,9285,0,40,65.10365377490598,1.3314999999991528,503.71339999999964,8688.0,485.26282761298495,0.0,40,78,88,94,170,210,300,360,460,500,500
