Type,Name,Request Count,Failure Count,Median Response Time,Average Response Time,Min Response Time,Max Response Time,Average Content Size,Requests/s,Failures/s,50%,66%,75%,80%,90%,95%,98%,99%,99.9%,99.99%,100%
GET,/,7935,0,11,44.375342381852676,1.1294999999993394,401.9501000000001,8688.0,416.1388023831209,0.0,11,47,80,89,110,180,220,290,370,400,400
,Aggregated,7935,0,11,44.375342381852676,1.1294999999993394,401.9501000000001,8688.0,416.1388023831209,0.0,11,47,80,89,110,180,220,290,370,400,400
