Type,Name,Request Count,Failure Count,Median Response Time,Average Response Time,Min Response Time,Max Response Time,Average Content Size,Requests/s,Failures/s,50%,66%,75%,80%,90%,95%,98%,99%,99.9%,99.99%,100%
GET,/,7752,0,15,50.59653733230138,1.2865999999984723,365.31720000000024,8688.0,406.44779572107973,0.0,15,65,83,92,120,190,200,260,340,370,370
,Aggregated,7752,0,15,50.59653733230138,1.2865999999984723,365.31720000000024,8688.0,406.44779572107973,0.0,15,65,83,92,120,190,200,260,340,370,370
