Type,Name,Request Count,Failure Count,Median Response Time,Average Response Time,Min Response Time,Max Response Time,Average Content Size,Requests/s,Failures/s,50%,66%,75%,80%,90%,95%,98%,99%,99.9%,99.99%,100%
GET,/,7288,0,10,38.4222217480789,1.0089999999998156,313.1647000000002,8688.0,382.8027766746794,0.0,10,22,62,79,98,170,200,270,290,310,310
,Aggregated,7288,0,10,38.4222217480789,1.0089999999998156,313.1647000000002,8688.0,382.8027766746794,0.0,10,22,62,79,98,170,200,270,290,310,310
