Type,Name,Request Count,Failure Count,Median Response Time,Average Response Time,Min Response Time,Max Response Time,Average Content Size,Requests/s,Failures/s,50%,66%,75%,80%,90%,95%,98%,99%,99.9%,99.99%,100%
GET,/,10034,0,28,55.780012367948665,1.2691999999994152,306.0932000000003,8688.0,525.6655144961671,0.0,28,76,90,97,140,190,210,240,270,300,310
,Aggregated,10034,0,28,55.780012367948665,1.2691999999994152,306.0932000000003,8688.0,525.6655144961671,0.0,28,76,90,97,140,190,210,240,270,300,310
