Type,Name,Request Count,Failure Count,Median Response Time,Average Response Time,Min Response Time,Max Response Time,Average Content Size,Requests/s,Failures/s,50%,66%,75%,80%,90%,95%,98%,99%,99.9%,99.99%,100%
GET,/,8697,0,13,41.985290801426004,1.1538999999984867,321.4801000000005,8688.0,456.96821335462903,0.0,13,38,68,82,110,180,200,220,290,320,320
,Aggregated,8697,0,13,41.985290801426004,1.1538999999984867,321.4801000000005,8688.0,456.96821335462903,0.0,13,38,68,82,110,180,200,220,290,320,320
