Type,Name,Request Count,Failure Count,Median Response Time,Average Response Time,Min Response Time,Max Response Time,Average Content Size,Requests/s,Failures/s,50%,66%,75%,80%,90%,95%,98%,99%,99.9%,99.99%,100%
GET,/,9120,0,96,115.40342871710592,1.3313000000003683,416.1590999999998,8688.0,479.7129732183532,0.0,96,110,180,190,220,290,300,310,390,420,420
,Aggregated,9120,0,96,115.40342871710592,1.3313000000003683,416.1590999999998,8688.0,479.7129732183532,0.0,96,110,180,190,220,290,300,310,390,420,420
