Type,Name,Request Count,Failure Count,Median Response Time,Average Response Time,Min Response Time,Max Response Time,Average Content Size,Requests/s,Failures/s,50%,66%,75%,80%,90%,95%,98%,99%,99.9%,99.99%,100%
GET,/,9233,0,85,78.36942810570768,1.2789000000026363,316.7859000000002,8688.0,484.4631956987044,0.0,85,95,100,110,180,190,210,220,300,320,320
,Aggregated,9233,0,85,78.36942810570768,1.2789000000026363,316.7859000000002,8688.0,484.4631956987044,0.0,85,95,100,110,180,190,210,220,300,320,320
