Type,Name,Request Count,Failure Count,Median Response Time,Average Response Time,Min Response Time,Max Response Time,Average Content Size,Requests/s,Failures/s,50%,66%,75%,80%,90%,95%,98%,99%,99.9%,99.99%,100%
GET,/,7228,0,14,41.80513307969002,1.0608000000011941,379.41799999999984,8688.0,378.6867875295295,0.0,14,31,66,81,100,180,220,280,370,380,380
,Aggregated,7228,0,14,41.80513307969002,1.0608000000011941,379.41799999999984,8688.0,378.6867875295295,0.0,14,31,66,81,100,180,220,280,370,380,380
