Type,Name,Request Count,Failure Count,Median Response Time,Average Response Time,Min Response Time,Max Response Time,Average Content Size,Requests/s,Failures/s,50%,66%,75%,80%,90%,95%,98%,99%,99.9%,99.99%,100%
GET,/,8459,0,14,49.03485416715911,1.1220000000022878,345.4115,8688.0,443.4157868044913,0.0,14,65,82,90,120,190,210,240,300,350,350
,Aggregated,8459,0,14,49.03485416715911,1.1220000000022878,345.4115,8688.0,443.4157868044913,0.0,14,65,82,90,120,190,210,240,300,350,350
