Type,Name,Request Count,Failure Count,Median Response Time,Average Response Time,Min Response Time,Max Response Time,Average Content Size,Requests/s,Failures/s,50%,66%,75%,80%,90%,95%,98%,99%,99.9%,99.99%,100%
GET,/,9338,0,17,47.704110398372364,1.1977999999999156,374.0937000000004,8688.0,489.45506639415964,0.0,17,48,71,83,130,190,240,270,310,370,370
,Aggregated,9338,0,17,47.704110398372364,1.1977999999999156,374.0937000000004,8688.0,489.45506639415964,0.0,17,48,71,83,130,190,240,270,310,370,370
