Type,Name,Request Count,Failure Count,Median Response Time,Average Response Time,Min Response Time,Max Response Time,Average Content Size,Requests/s,Failures/s,50%,66%,75%,80%,90%,95%,98%,99%,99.9%,99.99%,100%
GET,/,8069,0,11,48.27351147601915,1.259499999999747,421.95049999999947,8688.0,424.3093049514978,0.0,11,25,75,88,160,210,280,300,340,420,420
,Aggregated,8069,0,11,48.27351147601915,1.259499999999747,421.95049999999947,8688.0,424.3093049514978,0.0,11,25,75,88,160,210,280,300,340,420,420
