Type,Name,Request Count,Failure Count,Median Response Time,Average Response Time,Min Response Time,Max Response Time,Average Content Size,Requests/s,Failures/s,50%,66%,75%,80%,90%,95%,98%,99%,99.9%,99.99%,100%
GET,/,9664,0,83,77.49079773385745,1.290999999999265,379.99220000000025,8688.0,507.1123375873862,0.0,83,94,100,100,170,190,250,280,300,380,380
,Aggregated,9664,0,83,77.49079773385745,1.290999999999265,379.99220000000025,8688.0,507.1123375873862,0.0,83,94,100,100,170,190,250,280,300,380,380
