Type,Name,Request Count,Failure Count,Median Response Time,Average Response Time,Min Response Time,Max Response Time,Average Content Size,Requests/s,Failures/s,50%,66%,75%,80%,90%,95%,98%,99%,99.9%,99.99%,100%
GET,/,8980,0,16,52.18098550111348,1.2227999999989692,331.8536999999999,8688.0,470.6278380305569,0.0,16,68,85,91,120,190,260,280,320,330,330
,Aggregated,8980,0,16,52.18098550111348,1.2227999999989692,331.8536999999999,8688.0,470.6278380305569,0.0,16,68,85,91,120,190,260,280,320,330,330
