Type,Name,Request Count,Failure Count,Median Response Time,Average Response Time,Min Response Time,Max Response Time,Average Content Size,Requests/s,Failures/s,50%,66%,75%,80%,90%,95%,98%,99%,99.9%,99.99%,100%
GET,/,8982,0,61,64.5457129481183,1.3154000000010768,339.7471000000003,8688.0,470.9432672527679,0.0,61,86,96,100,160,190,200,230,310,340,340
,Aggregated,8982,0,61,64.5457129481183,1.3154000000010768,339.7471000000003,8688.0,470.9432672527679,0.0,61,86,96,100,160,190,200,230,310,340,340
