Type,Name,Request Count,Failure Count,Median Response Time,Average Response Time,Min Response Time,Max Response Time,Average Content Size,Requests/s,Failures/s,50%,66%,75%,80%,90%,95%,98%,99%,99.9%,99.99%,100%
GET,/,6821,0,11,36.51071350241899,1.2492000000001724,384.39639999999997,8688.0,357.9893774959567,0.0,11,18,43,63,94,180,260,290,350,380,380
,Aggregated,6821,0,11,36.51071350241899,1.2492000000001724,384.39639999999997,8688.0,357.9893774959567,0.0,11,18,43,63,94,180,260,290,350,380,380
