Type,Name,Request Count,Failure Count,Median Response Time,Average Response Time,Min Response Time,Max Response Time,Average Content Size,Requests/s,Failures/s,50%,66%,75%,80%,90%,95%,98%,99%,99.9%,99.99%,100%
GET,/,9345,0,67,74.60946561797704,1.4867000000009511,400.17879999999997,8688.0,488.8049089089842,0.0,67,89,100,110,180,200,270,320,380,400,400
,Aggregated,9345,0,67,74.60946561797704,1.4867000000009511,400.17879999999997,8688.0,488.8049089089842,0.0,67,89,100,110,180,200,270,320,380,400,400
