Type,Name,Request Count,Failure Count,Median Response Time,Average Response Time,Min Response Time,Max Response Time,Average Content Size,Requests/s,Failures/s,50%,66%,75%,80%,90%,95%,98%,99%,99.9%,99.99%,100%
GET,/,7628,0,11,46.65214269795473,1.2110000000014054,362.33209999999974,8688.0,400.82735005223424,0.0,11,56,78,87,120,190,220,280,330,360,360
,Aggregated,7628,0,11,46.65214269795473,1.2110000000014054,362.33209999999974,8688.0,400.82735005223424,0.0,11,56,78,87,120,190,220,280,330,360,360
