Type,Name,Request Count,Failure Count,Median Response Time,Average Response Time,Min Response Time,Max Response Time,Average Content Size,Requests/s,Failures/s,50%,66%,75%,80%,90%,95%,98%,99%,99.9%,99.99%,100%
GET,/,8925,0,20,53.7296038879554,1.3623000000002605,321.30240000000043,8688.0,467.97427615349926,0.0,20,68,83,90,140,190,210,240,310,320,320
,Aggregated,8925,0,20,53.7296038879554,1.3623000000002605,321.30240000000043,8688.0,467.97427615349926,0.0,20,68,83,90,140,190,210,240,310,320,320
