Type,Name,Request Count,Failure Count,Median Response Time,Average Response Time,Min Response Time,Max Response Time,Average Content Size,Requests/s,Failures/s,50%,66%,75%,80%,90%,95%,98%,99%,99.9%,99.99%,100%
GET,/,9295,0,13,41.363171296395834,1.172699999997917,288.0609999999999,8688.0,487.26693769815034,0.0,13,40,72,83,110,160,200,220,250,290,290
,Aggregated,9295,0,13,41.363171296395834,1.172699999997917,288.0609999999999,8688.0,487.26693769815034,0.0,13,40,72,83,110,160,200,220,250,290,290
