Type,Name,Request Count,Failure Count,Median Response Time,Average Response Time,Min Response Time,Max Response Time,Average Content Size,Requests/s,Failures/s,50%,66%,75%,80%,90%,95%,98%,99%,99.9%,99.99%,100%
GET,/,8625,0,15,51.78764806956535,1.1713999999987124,371.0288000000004,8688.0,453.36057850899334,0.0,15,61,82,92,150,200,270,290,300,370,370
,Aggregated,8625,0,15,51.78764806956535,1.1713999999987124,371.0288000000004,8688.0,453.36057850899334,0.0,15,61,82,92,150,200,270,290,300,370,370
