Type,Name,Request Count,Failure Count,Median Response Time,Average Response Time,Min Response Time,Max Response Time,Average Content Size,Requests/s,Failures/s,50%,66%,75%,80%,90%,95%,98%,99%,99.9%,99.99%,100%
GET,/,10182,0,77,68.16725851502659,1.0510000000003572,321.8542000000002,8688.0,534.0045609655806,0.0,77,89,95,100,130,180,210,230,310,320,320
,Aggregated,10182,0,77,68.16725851502659,1.0510000000003572,321.8542000000002,8688.0,534.0045609655806,0.0,77,89,95,100,130,180,210,230,310,320,320
