Type,Name,Request Count,Failure Count,Median Response Time,Average Response Time,Min Response Time,Max Response Time,Average Content Size,Requests/s,Failures/s,50%,66%,75%,80%,90%,95%,98%,99%,99.9%,99.99%,100%
GET,/,9044,0,29,59.70712016806703,1.3681000000005383,423.50010000000003,8688.0,473.82822767366866,0.0,29,75,90,98,160,200,270,290,340,420,420
,Aggregated,9044,0,29,59.70712016806703,1.3681000000005383,423.50010000000003,8688.0,473.82822767366866,0.0,29,75,90,98,160,200,270,290,340,420,420
