Type,Name,Request Count,Failure Count,Median Response Time,Average Response Time,Min Response Time,Max Response Time,Average Content Size,Requests/s,Failures/s,50%,66%,75%,80%,90%,95%,98%,99%,99.9%,99.99%,100%
GET,/,10029,0,63,68.24780622195584,1.4898999999992668,403.5986000000005,8688.0,526.3400122954178,0.0,63,87,97,100,160,190,240,280,330,400,400
,Aggregated,10029,0,63,68.24780622195584,1.4898999999992668,403.5986000000005,8688.0,526.3400122954178,0.0,63,87,97,100,160,190,240,280,330,400,400
