Type,Name,Request Count,Failure Count,Median Response Time,Average Response Time,Min Response Time,Max Response Time,Average Content Size,Requests/s,Failures/s,50%,66%,75%,80%,90%,95%,98%,99%,99.9%,99.99%,100%
GET,/,9203,0,15,46.9222009453439,1.2234000000006517,336.67809999999986,8688.0,484.2809984000986,0.0,15,54,78,87,110,180,210,240,300,340,340
,Aggregated,9203,0,15,46.9222009453439,1.2234000000006517,336.67809999999986,8688.0,484.2809984000986,0.0,15,54,78,87,110,180,210,240,300,340,340
