Type,Name,Request Count,Failure Count,Median Response Time,Average Response Time,Min Response Time,Max Response Time,Average Content Size,Requests/s,Failures/s,50%,66%,75%,80%,90%,95%,98%,99%,99.9%,99.99%,100%
GET,/,9810,0,66,68.6062158715593,1.4710000000004442,342.70349999999985,8688.0,515.383657188442,0.0,66,86,95,100,160,190,240,270,330,340,340
,Aggregated,9810,0,66,68.6062158715593,1.4710000000004442,342.70349999999985,8688.0,515.383657188442,0.0,66,86,95,100,160,190,240,270,330,340,340
