Type,Name,Request Count,Failure Count,Median Response Time,Average Response Time,Min Response Time,Max Response Time,Average Content Size,Requests/s,Failures/s,50%,66%,75%,80%,90%,95%,98%,99%,99.9%,99.99%,100%
GET,/,8784,0,16,50.875330942623194,1.2886999999999205,404.32359999999966,8688.0,459.81884243307525,0.0,16,59,75,87,110,190,270,310,370,400,400
,Aggregated,8784,0,16,50.875330942623194,1.2886999999999205,404.32359999999966,8688.0,459.81884243307525,0.0,16,59,75,87,110,190,270,310,370,400,400
