Type,Name,Request Count,Failure Count,Median Response Time,Average Response Time,Min Response Time,Max Response Time,Average Content Size,Requests/s,Failures/s,50%,66%,75%,80%,90%,95%,98%,99%,99.9%,99.99%,100%
GET,/,9843,0,52,64.67254802397665,1.248300000000313,304.15089999999975,8688.0,515.500749504216,0.0,52,84,94,100,170,200,220,230,290,300,300
,Aggregated,9843,0,52,64.67254802397665,1.248300000000313,304.15089999999975,8688.0,515.500749504216,0.0,52,84,94,100,170,200,220,230,290,300,300
