Type,Name,Request Count,Failure Count,Median Response Time,Average Response Time,Min Response Time,Max Response Time,Average Content Size,Requests/s,Failures/s,50%,66%,75%,80%,90%,95%,98%,99%,99.9%,99.99%,100%
GET,/,9733,0,66,66.46016565293337,1.3462000000004082,384.1260000000002,8688.0,509.6552953504659,0.0,66,85,94,100,140,190,260,280,330,380,380
,Aggregated,9733,0,66,66.46016565293337,1.3462000000004082,384.1260000000002,8688.0,509.6552953504659,0.0,66,85,94,100,140,190,260,280,330,380,380
