Type,Name,Request Count,Failure Count,Median Response Time,Average Response Time,Min Response Time,Max Response Time,Average Content Size,Requests/s,Failures/s,50%,66%,75%,80%,90%,95%,98%,99%,99.9%,99.99%,100%
GET,/,9640,0,96,111.93894090248973,1.5370999999966273,503.1794999999999,8688.0,504.4019341256517,0.0,96,110,130,180,200,290,340,390,480,500,500
,Aggregated,9640,0,96,111.93894090248973,1.5370999999966273,503.1794999999999,8688.0,504.4019341256517,0.0,96,110,130,180,200,290,340,390,480,500,500
