Type,Name,Request Count,Failure Count,Median Response Time,Average Response Time,Min Response Time,Max Response Time,Average Content Size,Requests/s,Failures/s,50%,66%,75%,80%,90%,95%,98%,99%,99.9%,99.99%,100%
GET,/,9766,0,83,77.54366874872056,1.2591000000004016,406.07530000000037,8688.0,512.0636662713202,0.0,83,93,100,100,160,190,230,280,310,410,410
,Aggregated,9766,0,83,77.54366874872056,1.2591000000004016,406.07530000000037,8688.0,512.0636662713202,0.0,83,93,100,100,160,190,230,280,310,410,410
