Type,Name,Request Count,Failure Count,Median Response Time,Average Response Time,Min Response Time,Max Response Time,Average Content Size,Requests/s,Failures/s,50%,66%,75%,80%,90%,95%,98%,99%,99.9%,99.99%,100%
GET,/,8991,0,88,97.93605367589821,1.496399999998843,494.8505999999995,8688.0,470.81542952736737,0.0,88,100,120,160,190,280,330,380,470,490,490
,Aggregated,8991,0,88,97.93605367589821,1.496399999998843,494.8505999999995,8688.0,470.81542952736737,0.0,88,100,120,160,190,280,330,380,470,490,490
