Type,Name,Request Count,Failure Count,Median Response Time,Average Response Time,Min Response Time,Max Response Time,Average Content Size,Requests/s,Failures/s,50%,66%,75%,80%,90%,95%,98%,99%,99.9%,99.99%,100%
GET,/,8853,0,75,75.92041899920943,1.3267999999992952,384.3074,8688.0,464.02585276255485,0.0,75,89,96,100,190,250,290,300,350,380,380
,Aggregated,8853,0,75,75.92041899920943,1.3267999999992952,384.3074,8688.0,464.02585276255485,0.0,75,89,96,100,190,250,290,300,350,380,380
