Type,Name,Request Count,Failure Count,Median Response Time,Average Response Time,Min Response Time,Max Response Time,Average Content Size,Requests/s,Failures/s,50%,66%,75%,80%,90%,95%,98%,99%,99.9%,99.99%,100%
GET,/,8881,0,81,87.57619387456357,1.330700000000462,517.1115000000004,8688.0,464.4790349010671,0.0,81,94,100,120,200,280,330,400,480,520,520
,Aggregated,8881,0,81,87.57619387456357,1.330700000000462,517.1115000000004,8688.0,464.4790349010671,0.0,81,94,100,120,200,280,330,400,480,520,520
