Type,Name,Request Count,Failure Count,Median Response Time,Average Response Time,Min Response Time,Max Response Time,Average Content Size,Requests/s,Failures/s,50%,66%,75%,80%,90%,95%,98%,99%,99.9%,99.99%,100%
GET,/,9230,0,67,67.76928949079073,1.2945999999995905,426.2011000000001,8688.0,483.64014805449636,0.0,67,82,90,95,160,200,280,290,340,430,430
,Aggregated,9230,0,67,67.76928949079073,1.2945999999995905,426.2011000000001,8688.0,483.64014805449636,0.0,67,82,90,95,160,200,280,290,340,430,430
