Type,Name,Request Count,Failure Count,Median Response Time,Average Response Time,Min Response Time,Max Response Time,Average Content Size,Requests/s,Failures/s,50%,66%,75%,80%,90%,95%,98%,99%,99.9%,99.99%,100%
GET,/,9659,0,77,78.15148986437475,1.2609000000001203,396.40899999999937,8688.0,508.43931003838884,0.0,77,91,100,110,180,200,260,300,380,400,400
,Aggregated,9659,0,77,78.15148986437475,1.2609000000001203,396.40899999999937,8688.0,508.43931003838884,0.0,77,91,100,110,180,200,260,300,380,400,400
