Type,Name,Request Count,Failure Count,Median Response Time,Average Response Time,Min Response Time,Max Response Time,Average Content Size,Requests/s,Failures/s,50%,66%,75%,80%,90%,95%,98%,99%,99.9%,99.99%,100%
GET,/,9758,0,89,95.82170268497634,1.2067000000008932,330.43599999999884,8688.0,511.38628555510945,0.0,89,100,110,160,200,210,260,290,300,330,330
,Aggregated,9758,0,89,95.82170268497634,1.2067000000008932,330.43599999999884,8688.0,511.38628555510945,0.0,89,100,110,160,200,210,260,290,300,330,330
