Type,Name,Request Count,Failure Count,Median Response Time,Average Response Time,Min Response Time,Max Response Time,Average Content Size,Requests/s,Failures/s,50%,66%,75%,80%,90%,95%,98%,99%,99.9%,99.99%,100%
GET,/,9449,0,20,50.26692083818401,1.22299999999953,406.1792,8688.0,495.88174685350714,0.0,20,62,80,90,110,180,200,220,330,410,410
,Aggregated,9449,0,20,50.26692083818401,1.22299999999953,406.1792,8688.0,495.88174685350714,0.0,20,62,80,90,110,180,200,220,330,410,410
