Type,Name,Request Count,Failure Count,Median Response Time,Average Response Time,Min Response Time,Max Response Time,Average Content Size,Requests/s,Failures/s,50%,66%,75%,80%,90%,95%,98%,99%,99.9%,99.99%,100%
GET,/,8646,0,23,57.914619037705414,1.3668999999971732,357.9239000000003,8688.0,453.27129631373737,0.0,23,76,90,96,160,190,240,270,310,360,360
,Aggregated,8646,0,23,57.914619037705414,1.3668999999971732,357.9239000000003,8688.0,453.27129631373737,0.0,23,76,90,96,160,190,240,270,310,360,360
