Type,Name,Request Count,Failure Count,Median Response Time,Average Response Time,Min Response Time,Max Response Time,Average Content Size,Requests/s,Failures/s,50%,66%,75%,80%,90%,95%,98%,99%,99.9%,99.99%,100%
GET,/,9210,0,15,40.7277332030404,1.2869000000002018,363.21650000000005,8688.0,482.96152383614793,0.0,15,32,61,73,96,180,230,250,330,360,360
,Aggregated,9210,0,15,40.7277332030404,1.2869000000002018,363.21650000000005,8688.0,482.96152383614793,0.0,15,32,61,73,96,180,230,250,330,360,360
