Type,Name,Request Count,Failure Count,Median Response Time,Average Response Time,Min Response Time,Max Response Time,Average Content Size,Requests/s,Failures/s,50%,66%,75%,80%,90%,95%,98%,99%,99.9%,99.99%,100%
GET,/,10064,0,82,83.73223356518277,1.4473999999999876,295.9265000000002,8688.0,527.5761772374022,0.0,82,100,110,120,180,200,220,230,250,290,300
,Aggregated,10064,0,82,83.73223356518277,1.4473999999999876,295.9265000000002,8688.0,527.5761772374022,0.0,82,100,110,120,180,200,220,230,250,290,300
