Type,Name,Request Count,Failure Count,Median Response Time,Average Response Time,Min Response Time,Max Response Time,Average Content Size,Requests/s,Failures/s,50%,66%,75%,80%,90%,95%,98%,99%,99.9%,99.99%,100%
GET,/,9890,0,89,90.743606046512,1.5327000000020519,364.1455999999996,8688.0,519.87072833319,0.0,89,99,110,120,180,200,220,280,300,360,360
,Aggregated,9890,0,89,90.743606046512,1.5327000000020519,364.1455999999996,8688.0,519.87072833319,0.0,89,99,110,120,180,200,220,280,300,360,360
