Type,Name,Request Count,Failure Count,Median Response Time,Average Response Time,Min Response Time,Max Response Time,Average Content Size,Requests/s,Failures/s,50%,66%,75%,80%,90%,95%,98%,99%,99.9%,99.99%,100%
GET,/,8706,0,11,39.27247486790707,1.2447999999984916,375.32930000000067,8688.0,457.091214090196,0.0,11,21,52,71,100,180,270,290,320,380,380
,Aggregated,8706,0,11,39.27247486790707,1.2447999999984916,375.32930000000067,8688.0,457.091214090196,0.0,11,21,52,71,100,180,270,290,320,380,380
