Type,Name,Request Count,Failure Count,Median Response Time,Average Response Time,Min Response Time,Max Response Time,Average Content Size,Requests/s,Failures/s,50%,66%,75%,80%,90%,95%,98%,99%,99.9%,99.99%,100%
GET,/,9188,0,74,73.03403346756663,1.58880000000039,436.57370000000026,8688.0,480.8436481698583,0.0,74,85,93,100,160,200,280,300,370,440,440
,Aggregated,9188,0,74,73.03403346756663,1.58880000000039,436.57370000000026,8688.0,480.8436481698583,0.0,74,85,93,100,160,200,280,300,370,440,440
