Type,Name,Request Count,Failure Count,Median Response Time,Average Response Time,Min Response Time,Max Response Time,Average Content Size,Requests/s,Failures/s,50%,66%,75%,80%,90%,95%,98%,99%,99.9%,99.99%,100%
GET,/,9467,0,18,52.61335875145259,1.3572999999986735,328.50350000000003,8688.0,495.9141738932237,0.0,18,66,83,91,140,190,230,250,290,330,330
,Aggregated,9467,0,18,52.61335875145259,1.3572999999986735,328.50350000000003,8688.0,495.9141738932237,0.0,18,66,83,91,140,190,230,250,290,330,330
