Type,Name,Request Count,Failure Count,Median Response Time,Average Response Time,Min Response Time,Max Response Time,Average Content Size,Requests/s,Failures/s,50%,66%,75%,80%,90%,95%,98%,99%,99.9%,99.99%,100%
GET,/,9332,0,22,51.44762434633548,1.260000000000261,320.3509000000002,8688.0,488.62551714291345,0.0,22,69,80,87,110,190,220,260,300,320,320
,Aggregated,9332,0,22,51.44762434633548,1.260000000000261,320.3509000000002,8688.0,488.62551714291345,0.0,22,69,80,87,110,190,220,260,300,320,320
