Type,Name,Request Count,Failure Count,Median Response Time,Average Response Time,Min Response Time,Max Response Time,Average Content Size,Requests/s,Failures/s,50%,66%,75%,80%,90%,95%,98%,99%,99.9%,99.99%,100%
GET,/,9339,0,60,61.00425964236007,1.2182000000002802,320.0447,8688.0,490.0625256826893,0.0,60,82,92,98,120,180,210,230,310,320,320
,Aggregated,9339,0,60,61.00425964236007,1.2182000000002802,320.0447,8688.0,490.0625256826893,0.0,60,82,92,98,120,180,210,230,310,320,320
