Type,Name,Request Count,Failure Count,Median Response Time,Average Response Time,Min Response Time,Max Response Time,Average Content Size,Requests/s,Failures/s,50%,66%,75%,80%,90%,95%,98%,99%,99.9%,99.99%,100%
GET,/,9926,0,66,65.55438489824687,1.2815999999986616,369.27109999999976,8688.0,520.3928391523191,0.0,66,86,94,99,150,190,210,270,310,370,370
,Aggregated,9926,0,66,65.55438489824687,1.2815999999986616,369.27109999999976,8688.0,520.3928391523191,0.0,66,86,94,99,150,190,210,270,310,370,370
