Type,Name,Request Count,Failure Count,Median Response Time,Average Response Time,Min Response Time,Max Response Time,Average Content Size,Requests/s,Failures/s,50%,66%,75%,80%,90%,95%,98%,99%,99.9%,99.99%,100%
GET,/,8420,0,17,52.937024192398916,1.2369999999997106,395.34779999999967,8688.0,441.45173758301195,0.0,17,70,82,89,120,200,220,250,370,400,400
,Aggregated,8420,0,17,52.937024192398916,1.2369999999997106,395.34779999999967,8688.0,441.45173758301195,0.0,17,70,82,89,120,200,220,250,370,400,400
