Type,Name,Request Count,Failure Count,Median Response Time,Average Response Time,Min Response Time,Max Response Time,Average Content Size,Requests/s,Failures/s,50%,66%,75%,80%,90%,95%,98%,99%,99.9%,99.99%,100%
GET,/,7304,0,10,48.272401793537895,1.2558000000009173,376.4615,8688.0,383.16096723541347,0.0,10,48,79,89,160,200,260,280,330,380,380
,Aggregated,7304,0,10,48.272401793537895,1.2558000000009173,376.4615,8688.0,383.16096723541347,0.0,10,48,79,89,160,200,260,280,330,380,380
