Type,Name,Request Count,Failure Count,Median Response Time,Average Response Time,Min Response Time,Max Response Time,Average Content Size,Requests/s,Failures/s,50%,66%,75%,80%,90%,95%,98%,99%,99.9%,99.99%,100%
GET,/,8357,0,54,61.436395764029896,1.1607999999991847,394.96090000000004,8688.0,437.93283976690924,0.0,54,84,91,98,140,190,230,240,330,390,390
,Aggregated,8357,0,54,61.436395764029896,1.1607999999991847,394.96090000000004,8688.0,437.93283976690924,0.0,54,84,91,98,140,190,230,240,330,390,390
