Type,Name,Request Count,Failure Count,Median Response Time,Average Response Time,Min Response Time,Max Response Time,Average Content Size,Requests/s,Failures/s,50%,66%,75%,80%,90%,95%,98%,99%,99.9%,99.99%,100%
GET,/,9178,0,14,44.0095327849203,1.2577000000000282,371.25329999999934,8688.0,480.8707195103627,0.0,14,43,67,81,110,190,220,270,290,370,370
,Aggregated,9178,0,14,44.0095327849203,1.2577000000000282,371.25329999999934,8688.0,480.8707195103627,0.0,14,43,67,81,110,190,220,270,290,370,370
