Type,Name,Request Count,Failure Count,Median Response Time,Average Response Time,Min Response Time,Max Response Time,Average Content Size,Requests/s,Failures/s,50%,66%,75%,80%,90%,95%,98%,99%,99.9%,99.99%,100%
GET,/,9755,0,86,89.71425718093309,1.247299999999285,487.0011999999999,8688.0,510.3791097835671,0.0,86,98,110,120,190,220,290,300,390,490,490
,Aggregated,9755,0,86,89.71425718093309,1.247299999999285,487.0011999999999,8688.0,510.3791097835671,0.0,86,98,110,120,190,220,290,300,390,490,490
