Type,Name,Request Count,Failure Count,Median Response Time,Average Response Time,Min Response Time,Max Response Time,Average Content Size,Requests/s,Failures/s,50%,66%,75%,80%,90%,95%,98%,99%,99.9%,99.99%,100%
GET,/,10269,0,90,93.3847776414451,1.4164000000000954,484.81599999999946,8688.0,539.3933850337946,0.0,90,100,110,110,180,200,260,280,300,400,480
,Aggregated,10269,0,90,93.3847776414451,1.4164000000000954,484.81599999999946,8688.0,539.3933850337946,0.0,90,100,110,110,180,200,260,280,300,400,480
