Type,Name,Request Count,Failure Count,Median Response Time,Average Response Time,Min Response Time,Max Response Time,Average Content Size,Requests/s,Failures/s,50%,66%,75%,80%,90%,95%,98%,99%,99.9%,99.99%,100%
GET,/,8987,0,47,61.799229998887235,1.345399999999941,336.10339999999985,8688.0,471.16639417107893,0.0,47,79,90,96,180,200,240,270,300,340,340
,Aggregated,8987,0,47,61.799229998887235,1.345399999999941,336.10339999999985,8688.0,471.16639417107893,0.0,47,79,90,96,180,200,240,270,300,340,340
