Type,Name,Request Count,Failure Count,Median Response Time,Average Response Time,Min Response Time,Max Response Time,Average Content Size,Requests/s,Failures/s,50%,66%,75%,80%,90%,95%,98%,99%,99.9%,99.99%,100%
GET,/,8415,0,11,37.84492333927528,1.1665999999976862,286.8665999999997,8688.0,440.9625461042037,0.0,11,20,56,73,110,170,210,240,270,290,290
,Aggregated,8415,0,11,37.84492333927528,1.1665999999976862,286.8665999999997,8688.0,440.9625461042037,0.0,11,20,56,73,110,170,210,240,270,290,290
