Type,Name,Request Count,Failure Count,Median Response Time,Average Response Time,Min Response Time,Max Response Time,Average Content Size,Requests/s,Failures/s,50%,66%,75%,80%,90%,95%,98%,99%,99.9%,99.99%,100%
GET,/,8034,0,65,70.34566008215087,1.269600000000537,395.56659999999954,8688.0,420.8797949713084,0.0,65,87,93,99,190,200,290,310,370,400,400
,Aggregated,8034,0,65,70.34566008215087,1.269600000000537,395.56659999999954,8688.0,420.8797949713084,0.0,65,87,93,99,190,200,290,310,370,400,400
