Type,Name,Request Count,Failure Count,Median Response Time,Average Response Time,Min Response Time,Max Response Time,Average Content Size,Requests/s,Failures/s,50%,66%,75%,80%,90%,95%,98%,99%,99.9%,99.99%,100%
GET,/,8718,0,81,83.07906678137171,1.244299999999754,394.6731999999997,8688.0,457.3778000253193,0.0,81,93,100,110,190,250,290,300,380,390,390
,Aggregated,8718,0,81,83.07906678137171,1.244299999999754,394.6731999999997,8688.0,457.3778000253193,0.0,81,93,100,110,190,250,290,300,380,390,390
