Type,Name,Request Count,Failure Count,Median Response Time,Average Response Time,Min Response Time,Max Response Time,Average Content Size,Requests/s,Failures/s,50%,66%,75%,80%,90%,95%,98%,99%,99.9%,99.99%,100%
GET,/,9233,0,70,70.57243591465388,1.3176000000001409,341.4577999999997,8688.0,483.9815930566816,0.0,70,87,97,100,180,200,250,280,330,340,340
,Aggregated,9233,0,70,70.57243591465388,1.3176000000001409,341.4577999999997,8688.0,483.9815930566816,0.0,70,87,97,100,180,200,250,280,330,340,340
