Type,Name,Request Count,Failure Count,Median Response Time,Average Response Time,Min Response Time,Max Response Time,Average Content Size,Requests/s,Failures/s,50%,66%,75%,80%,90%,95%,98%,99%,99.9%,99.99%,100%
GET,/,9600,0,110.0,148.55108013541692,1.354700000000264,577.1123000000014,8688.0,502.7086926229016,0.0,110,180,190,210,300,400,470,490,510,580,580
,Aggregated,9600,0,110.0,148.55108013541692,1.354700000000264,577.1123000000014,8688.0,502.7086926229016,0.0,110,180,190,210,300,400,470,490,510,580,580
