Type,Name,Request Count,Failure Count,Median Response Time,Average Response Time,Min Response Time,Max Response Time,Average Content Size,Requests/s,Failures/s,50%,66%,75%,80%,90%,95%,98%,99%,99.9%,99.99%,100%
GET,/,9585,0,60,70.28079229003659,1.3164999999997207,433.5621999999999,8688.0,502.2000397988472,0.0,60,85,99,110,180,210,280,310,370,430,430
,Aggregated,9585,0,60,70.28079229003659,1.3164999999997207,433.5621999999999,8688.0,502.2000397988472,0.0,60,85,99,110,180,210,280,310,370,430,430
