Type,Name,Request Count,Failure Count,Median Response Time,Average Response Time,Min Response Time,Max Response Time,Average Content Size,Requests/s,Failures/s,50%,66%,75%,80%,90%,95%,98%,99%,99.9%,99.99%,100%
GET,/,9401,0,89,90.5678050101052,1.2655999999999779,341.0234000000001,8688.0,492.78741868407786,0.0,89,100,110,130,190,200,220,250,310,340,340
,Aggregated,9401,0,89,90.5678050101052,1.2655999999999779,341.0234000000001,8688.0,492.78741868407786,0.0,89,100,110,130,190,200,220,250,310,340,340
