Type,Name,Request Count,Failure Count,Median Response Time,Average Response Time,Min Response Time,Max Response Time,Average Content Size,Requests/s,Failures/s,50%,66%,75%,80%,90%,95%,98%,99%,99.9%,99.99%,100%
GET,/,9019,0,16,53.10289911298377,1.2323999999992452,358.4290000000001,8688.0,472.2994153656585,0.0,16,65,81,88,160,200,270,280,330,360,360
,Aggregated,9019,0,16,53.10289911298377,1.2323999999992452,358.4290000000001,8688.0,472.2994153656585,0.0,16,65,81,88,160,200,270,280,330,360,360
