Type,Name,Request Count,Failure Count,Median Response Time,Average Response Time,Min Response Time,Max Response Time,Average Content Size,Requests/s,Failures/s,50%,66%,75%,80%,90%,95%,98%,99%,99.9%,99.99%,100%
GET,/,9411,0,49,62.56173744554234,1.2954000000000576,387.4050000000002,8688.0,493.3976058527034,0.0,49,79,89,98,170,190,220,260,370,390,390
,Aggregated,9411,0,49,62.56173744554234,1.2954000000000576,387.4050000000002,8688.0,493.3976058527034,0.0,49,79,89,98,170,190,220,260,370,390,390
