Type,Name,Request Count,Failure Count,Median Response Time,Average Response Time,Min Response Time,Max Response Time,Average Content Size,Requests/s,Failures/s,50%,66%,75%,80%,90%,95%,98%,99%,99.9%,99.99%,100%
GET,/,9184,0,78,77.80192885452946,1.3831000000017468,408.60629999999975,8688.0,481.3643975554696,0.0,78,90,98,110,190,200,250,290,340,410,410
,Aggregated,9184,0,78,77.80192885452946,1.3831000000017468,408.60629999999975,8688.0,481.3643975554696,0.0,78,90,98,110,190,200,250,290,340,410,410
