Type,Name,Request Count,Failure Count,Median Response Time,Average Response Time,Min Response Time,Max Response Time,Average Content Size,Requests/s,Failures/s,50%,66%,75%,80%,90%,95%,98%,99%,99.9%,99.99%,100%
GET,/,8988,0,97,109.71635827770326,1.7005000000001047,401.08180000000004,8688.0,470.6489559003737,0.0,97,110,170,180,200,250,290,300,380,400,400
,Aggregated,8988,0,97,109.71635827770326,1.7005000000001047,401.08180000000004,8688.0,470.6489559003737,0.0,97,110,170,180,200,250,290,300,380,400,400
