Type,Name,Request Count,Failure Count,Median Response Time,Average Response Time,Min Response Time,Max Response Time,Average Content Size,Requests/s,Failures/s,50%,66%,75%,80%,90%,95%,98%,99%,99.9%,99.99%,100%
GET,/,7432,0,10,38.4722573062432,1.1744999999994121,362.03509999999994,8688.0,389.9664853478216,0.0,10,17,59,74,100,180,210,270,300,360,360
,Aggregated,7432,0,10,38.4722573062432,1.1744999999994121,362.03509999999994,8688.0,389.9664853478216,0.0,10,17,59,74,100,180,210,270,300,360,360
