Type,Name,Request Count,Failure Count,Median Response Time,Average Response Time,Min Response Time,Max Response Time,Average Content Size,Requests/s,Failures/s,50%,66%,75%,80%,90%,95%,98%,99%,99.9%,99.99%,100%
GET,/,8755,0,66,67.64462513991981,1.4082999999995849,353.71819999999985,8688.0,458.5939687409903,0.0,66,85,94,100,160,200,260,270,330,350,350
,Aggregated,8755,0,66,67.64462513991981,1.4082999999995849,353.71819999999985,8688.0,458.5939687409903,0.0,66,85,94,100,160,200,260,270,330,350,350
