Type,Name,Request Count,Failure Count,Median Response Time,Average Response Time,Min Response Time,Max Response Time,Average Content Size,Requests/s,Failures/s,50%,66%,75%,80%,90%,95%,98%,99%,99.9%,99.99%,100%
GET,/,8028,0,22,61.13560845789739,1.3313000000003683,378.6711999999999,8688.0,421.5141542765672,0.0,22,80,89,95,190,200,270,290,350,380,380
,Aggregated,8028,0,22,61.13560845789739,1.3313000000003683,378.6711999999999,8688.0,421.5141542765672,0.0,22,80,89,95,190,200,270,290,350,380,380
