Type,Name,Request Count,Failure Count,Median Response Time,Average Response Time,Min Response Time,Max Response Time,Average Content Size,Requests/s,Failures/s,50%,66%,75%,80%,90%,95%,98%,99%,99.9%,99.99%,100%
GET,/,9039,0,38,65.86937317181079,1.1615999999996518,464.2539000000001,8688.0,472.7786803919995,0.0,38,84,97,110,190,210,270,300,380,460,460
,Aggregated,9039,0,38,65.86937317181079,1.1615999999996518,464.2539000000001,8688.0,472.7786803919995,0.0,38,84,97,110,190,210,270,300,380,460,460
