Type,Name,Request Count,Failure Count,Median Response Time,Average Response Time,Min Response Time,Max Response Time,Average Content Size,Requests/s,Failures/s,50%,66%,75%,80%,90%,95%,98%,99%,99.9%,99.99%,100%
GET,/,9366,0,20,56.12808971812926,1.2689000000030148,387.6894000000002,8688.0,492.2306572723815,0.0,20,73,86,95,140,200,280,290,360,390,390
,Aggregated,9366,0,20,56.12808971812926,1.2689000000030148,387.6894000000002,8688.0,492.2306572723815,0.0,20,73,86,95,140,200,280,290,360,390,390
