Type,Name,Request Count,Failure Count,Median Response Time,Average Response Time,Min Response Time,Max Response Time,Average Content Size,Requests/s,Failures/s,50%,66%,75%,80%,90%,95%,98%,99%,99.9%,99.99%,100%
GET,/,7808,0,11,44.53442402663943,1.249399999998957,387.3439999999997,8688.0,409.7017260775468,0.0,11,47,72,85,110,190,200,270,300,390,390
,Aggregated,7808,0,11,44.53442402663943,1.249399999998957,387.3439999999997,8688.0,409.7017260775468,0.0,11,47,72,85,110,190,200,270,300,390,390
