Type,Name,Request Count,Failure Count,Median Response Time,Average Response Time,Min Response Time,Max Response Time,Average Content Size,Requests/s,Failures/s,50%,66%,75%,80%,90%,95%,98%,99%,99.9%,99.99%,100%
GET,/,8818,0,20,57.474335370832165,1.2100000000003774,506.9754,8688.0,462.36823275091024,0.0,20,73,83,88,110,200,300,400,480,510,510
,Aggregated,8818,0,20,57.474335370832165,1.2100000000003774,506.9754,8688.0,462.36823275091024,0.0,20,73,83,88,110,200,300,400,480,510,510
