Type,Name,Request Count,Failure Count,Median Response Time,Average Response Time,Min Response Time,Max Response Time,Average Content Size,Requests/s,Failures/s,50%,66%,75%,80%,90%,95%,98%,99%,99.9%,99.99%,100%
GET,/,8347,0,20,55.49882060620577,1.2391999999987746,379.88619999999963,8688.0,437.3929444866104,0.0,20,73,86,92,140,200,230,270,350,380,380
,Aggregated,8347,0,20,55.49882060620577,1.2391999999987746,379.88619999999963,8688.0,437.3929444866104,0.0,20,73,86,92,140,200,230,270,350,380,380
