Type,Name,Request Count,Failure Count,Median Response Time,Average Response Time,Min Response Time,Max Response Time,Average Content Size,Requests/s,Failures/s,50%,66%,75%,80%,90%,95%,98%,99%,99.9%,99.99%,100%
GET,/,8762,0,12,46.45048076923074,1.1887000000001535,384.1184000000002,8688.0,459.37554121839713,0.0,12,45,69,79,120,190,270,290,380,380,380
,Aggregated,8762,0,12,46.45048076923074,1.1887000000001535,384.1184000000002,8688.0,459.37554121839713,0.0,12,45,69,79,120,190,270,290,380,380,380
