Type,Name,Request Count,Failure Count,Median Response Time,Average Response Time,Min Response Time,Max Response Time,Average Content Size,Requests/s,Failures/s,50%,66%,75%,80%,90%,95%,98%,99%,99.9%,99.99%,100%
GET,/,9720,0,88,90.11349685185179,1.371299999998854,438.91530000000057,8688.0,510.4867197447887,0.0,88,100,110,120,190,200,270,280,340,440,440
,Aggregated,9720,0,88,90.11349685185179,1.371299999998854,438.91530000000057,8688.0,510.4867197447887,0.0,88,100,110,120,190,200,270,280,340,440,440
