Type,Name,Request Count,Failure Count,Median Response Time,Average Response Time,Min Response Time,Max Response Time,Average Content Size,Requests/s,Failures/s,50%,66%,75%,80%,90%,95%,98%,99%,99.9%,99.99%,100%
GET,/,8017,0,11,50.16046358987124,1.1795000000009992,390.5422999999999,8688.0,420.48288697075634,0.0,11,51,73,85,180,200,270,280,330,390,390
,Aggregated,8017,0,11,50.16046358987124,1.1795000000009992,390.5422999999999,8688.0,420.48288697075634,0.0,11,51,73,85,180,200,270,280,330,390,390
