Type,Name,Request Count,Failure Count,Median Response Time,Average Response Time,Min Response Time,Max Response Time,Average Content Size,Requests/s,Failures/s,50%,66%,75%,80%,90%,95%,98%,99%,99.9%,99.99%,100%
GET,/,10041,0,91,101.82199613584284,1.8580999999997516,473.3402,8688.0,526.0178185807725,0.0,91,100,110,150,200,240,300,340,380,410,470
,Aggregated,10041,0,91,101.82199613584284,1.8580999999997516,473.3402,8688.0,526.0178185807725,0.0,91,100,110,150,200,240,300,340,380,410,470
