Type,Name,Request Count,Failure Count,Median Response Time,Average Response Time,Min Response Time,Max Response Time,Average Content Size,Requests/s,Failures/s,50%,66%,75%,80%,90%,95%,98%,99%,99.9%,99.99%,100%
GET,/,8608,0,48,63.82645126626393,1.1862999999987522,386.9451999999978,8688.0,451.07165099817894,0.0,48,83,92,97,170,210,290,300,350,390,390
,Aggregated,8608,0,48,63.82645126626393,1.1862999999987522,386.9451999999978,8688.0,451.07165099817894,0.0,48,83,92,97,170,210,290,300,350,390,390
