Type,Name,Request Count,Failure Count,Median Response Time,Average Response Time,Min Response Time,Max Response Time,Average Content Size,Requests/s,Failures/s,50%,66%,75%,80%,90%,95%,98%,99%,99.9%,99.99%,100%
GET,/,9507,0,34,61.22630467024272,1.208800000000565,397.25560000000024,8688.0,499.4113323773084,0.0,34,78,90,98,180,200,270,280,310,400,400
,Aggregated,9507,0,34,61.22630467024272,1.208800000000565,397.25560000000024,8688.0,499.4113323773084,0.0,34,78,90,98,180,200,270,280,310,400,400
