Type,Name,Request Count,Failure Count,Median Response Time,Average Response Time,Min Response Time,Max Response Time,Average Content Size,Requests/s,Failures/s,50%,66%,75%,80%,90%,95%,98%,99%,99.9%,99.99%,100%
GET,/,8885,0,18,53.101926842993755,1.2458999999998,466.1469999999994,8688.0,464.9086656676213,0.0,18,58,79,88,160,190,270,290,430,470,470
,Aggregated,8885,0,18,53.101926842993755,1.2458999999998,466.1469999999994,8688.0,464.9086656676213,0.0,18,58,79,88,160,190,270,290,430,470,470
