Type,Name,Request Count,Failure Count,Median Response Time,Average Response Time,Min Response Time,Max Response Time,Average Content Size,Requests/s,Failures/s,50%,66%,75%,80%,90%,95%,98%,99%,99.9%,99.99%,100%
GET,/,7923,0,15,54.26126808027246,1.2124000000000024,396.25350000000026,8688.0,415.8775626538502,0.0,15,69,83,91,130,200,280,300,380,400,400
,Aggregated,7923,0,15,54.26126808027246,1.2124000000000024,396.25350000000026,8688.0,415.8775626538502,0.0,15,69,83,91,130,200,280,300,380,400,400
