Type,Name,Request Count,Failure Count,Median Response Time,Average Response Time,Min Response Time,Max Response Time,Average Content Size,Requests/s,Failures/s,50%,66%,75%,80%,90%,95%,98%,99%,99.9%,99.99%,100%
GET,/,8852,0,20,53.00360250790776,1.2902000000014624,402.4606000000004,8688.0,463.6542991191575,0.0,20,73,85,91,120,190,220,260,300,400,400
,Aggregated,8852,0,20,53.00360250790776,1.2902000000014624,402.4606000000004,8688.0,463.6542991191575,0.0,20,73,85,91,120,190,220,260,300,400,400
