Type,Name,Request Count,Failure Count,Median Response Time,Average Response Time,Min Response Time,Max Response Time,Average Content Size,Requests/s,Failures/s,50%,66%,75%,80%,90%,95%,98%,99%,99.9%,99.99%,100%
GET,/,10008,0,37,60.01329886091098,1.3526000000005922,397.03510000000006,8688.0,524.6792747984161,0.0,37,77,89,96,140,190,280,300,370,390,400
,Aggregated,10008,0,37,60.01329886091098,1.3526000000005922,397.03510000000006,8688.0,524.6792747984161,0.0,37,77,89,96,140,190,280,300,370,390,400
