Type,Name,Request Count,Failure Count,Median Response Time,Average Response Time,Min Response Time,Max Response Time,Average Content Size,Requests/s,Failures/s,50%,66%,75%,80%,90%,95%,98%,99%,99.9%,99.99%,100%
GET,/,8848,0,15,49.73970797920467,1.2847000000002495,566.2985999999996,8688.0,464.60121651970275,0.0,15,56,74,83,120,190,280,310,470,570,570
,Aggregated,8848,0,15,49.73970797920467,1.2847000000002495,566.2985999999996,8688.0,464.60121651970275,0.0,15,56,74,83,120,190,280,310,470,570,570
