Type,Name,Request Count,Failure Count,Median Response Time,Average Response Time,Min Response Time,Max Response Time,Average Content Size,Requests/s,Failures/s,50%,66%,75%,80%,90%,95%,98%,99%,99.9%,99.99%,100%
GET,/,6671,0,64,68.36412431419573,1.3012999999997277,370.7622000000002,8688.0,350.0825651382841,0.0,64,90,96,100,190,210,290,290,320,370,370
,Aggregated,6671,0,64,68.36412431419573,1.3012999999997277,370.7622000000002,8688.0,350.0825651382841,0.0,64,90,96,100,190,210,290,290,320,370,370
