Type,Name,Request Count,Failure Count,Median Response Time,Average Response Time,Min Response Time,Max Response Time,Average Content Size,Requests/s,Failures/s,50%,66%,75%,80%,90%,95%,98%,99%,99.9%,99.99%,100%
GET,/,8536,0,12,44.9768791588568,1.19209999999903,292.462,8688.0,447.2399040272314,0.0,12,45,77,85,120,190,210,230,270,290,290
,Aggregated,8536,0,12,44.9768791588568,1.19209999999903,292.462,8688.0,447.2399040272314,0.0,12,45,77,85,120,190,210,230,270,290,290
