Type,Name,Request Count,Failure Count,Median Response Time,Average Response Time,Min Response Time,Max Response Time,Average Content Size,Requests/s,Failures/s,50%,66%,75%,80%,90%,95%,98%,99%,99.9%,99.99%,100%
GET,/,9442,0,28,56.052664520228745,1.2970000000009918,363.19760000000036,8688.0,495.3244943018123,0.0,28,74,83,90,120,190,270,280,340,360,360
,Aggregated,9442,0,28,56.052664520228745,1.2970000000009918,363.19760000000036,8688.0,495.3244943018123,0.0,28,74,83,90,120,190,270,280,340,360,360
