Type,Name,Request Count,Failure Count,Median Response Time,Average Response Time,Min Response Time,Max Response Time,Average Content Size,Requests/s,Failures/s,50%,66%,75%,80%,90%,95%,98%,99%,99.9%,99.99%,100%
GET,/,8463,0,12,49.8427613021385,1.194299999998094,442.50160000000085,8688.0,443.5187230641215,0.0,12,52,75,84,120,200,290,340,400,440,440
,Aggregated,8463,0,12,49.8427613021385,1.194299999998094,442.50160000000085,8688.0,443.5187230641215,0.0,12,52,75,84,120,200,290,340,400,440,440
