Type,Name,Request Count,Failure Count,Median Response Time,Average Response Time,Min Response Time,Max Response Time,Average Content Size,Requests/s,Failures/s,50%,66%,75%,80%,90%,95%,98%,99%,99.9%,99.99%,100%
GET,/,9108,0,97,109.50572782169543,1.3237000000003718,398.07280000000003,8688.0,478.57409224065026,0.0,98,110,170,180,200,220,290,310,350,400,400
,Aggregated,9108,0,97,109.50572782169543,1.3237000000003718,398.07280000000003,8688.0,478.57409224065026,0.0,98,110,170,180,200,220,290,310,350,400,400
