Type,Name,Request Count,Failure Count,Median Response Time,Average Response Time,Min Response Time,Max Response Time,Average Content Size,Requests/s,Failures/s,50%,66%,75%,80%,90%,95%,98%,99%,99.9%,99.99%,100%
GET,/,8818,0,62,73.12125591970957,1.3460999999992396,481.78430000000014,8688.0,462.12860992714974,0.0,62,86,95,100,180,280,340,380,420,480,480
,Aggregated,8818,0,62,73.12125591970957,1.3460999999992396,481.78430000000014,8688.0,462.12860992714974,0.0,62,86,95,100,180,280,340,380,420,480,480
