Type,Name,Request Count,Failure Count,Median Response Time,Average Response Time,Min Response Time,Max Response Time,Average Content Size,Requests/s,Failures/s,50%,66%,75%,80%,90%,95%,98%,99%,99.9%,99.99%,100%
GET,/,8511,0,43,63.39081023381499,1.3068000000000524,419.77000000000066,8688.0,448.19329839696763,0.0,43,80,88,94,180,210,270,290,350,420,420
,Aggregated,8511,0,43,63.39081023381499,1.3068000000000524,419.77000000000066,8688.0,448.19329839696763,0.0,43,80,88,94,180,210,270,290,350,420,420
