Type,Name,Request Count,Failure Count,Median Response Time,Average Response Time,Min Response Time,Max Response Time,Average Content Size,Requests/s,Failures/s,50%,66%,75%,80%,90%,95%,98%,99%,99.9%,99.99%,100%
GET,/,7616,0,9,45.64628794642872,1.2086000000017805,426.94580000000036,8688.0,400.24159051876137,0.0,9,49,75,82,110,200,290,300,350,430,430
,Aggregated,7616,0,9,45.64628794642872,1.2086000000017805,426.94580000000036,8688.0,400.24159051876137,0.0,9,49,75,82,110,200,290,300,350,430,430
