Type,Name,Request Count,Failure Count,Median Response Time,Average Response Time,Min Response Time,Max Response Time,Average Content Size,Requests/s,Failures/s,50%,66%,75%,80%,90%,95%,98%,99%,99.9%,99.99%,100%
GET,/,7800,0,11,47.39498771794877,1.2335000000014418,398.5609999999999,8688.0,408.62201759378405,0.0,11,36,69,79,180,200,260,280,330,400,400
,Aggregated,7800,0,11,47.39498771794877,1.2335000000014418,398.5609999999999,8688.0,408.62201759378405,0.0,11,36,69,79,180,200,260,280,330,400,400
