Type,Name,Request Count,Failure Count,Median Response Time,Average Response Time,Min Response Time,Max Response Time,Average Content Size,Requests/s,Failures/s,50%,66%,75%,80%,90%,95%,98%,99%,99.9%,99.99%,100%
GET,/,9083,0,86,83.765491797864,1.234100000001348,409.4435000000001,8688.0,476.1584605851817,0.0,86,95,100,110,180,200,270,290,370,410,410
,Aggregated,9083,0,86,83.765491797864,1.234100000001348,409.4435000000001,8688.0,476.1584605851817,0.0,86,95,100,110,180,200,270,290,370,410,410
