Type,Name,Request Count,Failure Count,Median Response Time,Average Response Time,Min Response Time,Max Response Time,Average Content Size,Requests/s,Failures/s,50%,66%,75%,80%,90%,95%,98%,99%,99.9%,99.99%,100%
GET,/,8537,0,25,63.276826929834925,1.2615999999994187,341.8351000000008,8688.0,447.07029446108646,0.0,25,81,96,100,180,210,250,290,310,340,340
,Aggregated,8537,0,25,63.276826929834925,1.2615999999994187,341.8351000000008,8688.0,447.07029446108646,0.0,25,81,96,100,180,210,250,290,310,340,340
