Type,Name,Request Count,Failure Count,Median Response Time,Average Response Time,Min Response Time,Max Response Time,Average Content Size,Requests/s,Failures/s,50%,66%,75%,80%,90%,95%,98%,99%,99.9%,99.99%,100%
GET,/,9830,0,83,82.06955240081398,1.2457999999995195,393.6530000000005,8688.0,514.1338435149479,0.0,83,94,100,110,170,200,260,270,360,390,390
,Aggregated,9830,0,83,82.06955240081398,1.2457999999995195,393.6530000000005,8688.0,514.1338435149479,0.0,83,94,100,110,170,200,260,270,360,390,390
