Type,Name,Request Count,Failure Count,Median Response Time,Average Response Time,Min Response Time,Max Response Time,Average Content Size,Requests/s,Failures/s,50%,66%,75%,80%,90%,95%,98%,99%,99.9%,99.99%,100%
GET,/,8969,0,46,61.755154877912666,1.3047999999997728,403.73519999999985,8688.0,470.6448860806478,0.0,46,85,92,96,110,190,290,300,370,400,400
,Aggregated,8969,0,46,61.755154877912666,1.3047999999997728,403.73519999999985,8688.0,470.6448860806478,0.0,46,85,92,96,110,190,290,300,370,400,400
