Type,Name,Request Count,Failure Count,Median Response Time,Average Response Time,Min Response Time,Max Response Time,Average Content Size,Requests/s,Failures/s,50%,66%,75%,80%,90%,95%,98%,99%,99.9%,99.99%,100%
GET,/,9146,0,84,80.96720857205355,1.3716000000005835,345.2334000000006,8688.0,478.9898557589049,0.0,84,94,100,110,180,210,280,290,330,350,350
,Aggregated,9146,0,84,80.96720857205355,1.3716000000005835,345.2334000000006,8688.0,478.9898557589049,0.0,84,94,100,110,180,210,280,290,330,350,350
