Type,Name,Request Count,Failure Count,Median Response Time,Average Response Time,Min Response Time,Max Response Time,Average Content Size,Requests/s,Failures/s,50%,66%,75%,80%,90%,95%,98%,99%,99.9%,99.99%,100%
GET,/,10172,0,64,63.37545810066822,1.5605000000000757,329.83150000000006,8688.0,534.2058905255356,0.0,64,84,94,100,130,180,210,230,310,330,330
,Aggregated,10172,0,64,63.37545810066822,1.5605000000000757,329.83150000000006,8688.0,534.2058905255356,0.0,64,84,94,100,130,180,210,230,310,330,330
