Type,Name,Request Count,Failure Count,Median Response Time,Average Response Time,Min Response Time,Max Response Time,Average Content Size,Requests/s,Failures/s,50%,66%,75%,80%,90%,95%,98%,99%,99.9%,99.99%,100%
GET,/,9224,0,16,48.290003198178525,1.2521999999997036,374.9077000000001,8688.0,483.429210641304,0.0,16,62,79,86,110,190,240,270,330,370,370
,Aggregated,9224,0,16,48.290003198178525,1.2521999999997036,374.9077000000001,8688.0,483.429210641304,0.0,16,62,79,86,110,190,240,270,330,370,370
