Type,Name,Request Count,Failure Count,Median Response Time,Average Response Time,Min Response Time,Max Response Time,Average Content Size,Requests/s,Failures/s,50%,66%,75%,80%,90%,95%,98%,99%,99.9%,99.99%,100%
GET,/,9577,0,70,78.22869894539038,1.2633999999991374,464.2330999999995,8688.0,502.7341273172286,0.0,70,90,100,120,200,210,280,290,360,460,460
,Aggregated,9577,0,70,78.22869894539038,1.2633999999991374,464.2330999999995,8688.0,502.7341273172286,0.0,70,90,100,120,200,210,280,290,360,460,460
