Type,Name,Request Count,Failure Count,Median Response Time,Average Response Time,Min Response Time,Max Response Time,Average Content Size,Requests/s,Failures/s,50%,66%,75%,80%,90%,95%,98%,99%,99.9%,99.99%,100%
GET,/,9413,0,92,92.38560812705812,1.1374999999986812,391.00590000000057,8688.0,494.41567836712045,0.0,92,99,100,110,180,200,280,290,350,390,390
,Aggregated,9413,0,92,92.38560812705812,1.1374999999986812,391.00590000000057,8688.0,494.41567836712045,0.0,92,99,100,110,180,200,280,290,350,390,390
