Type,Name,Request Count,Failure Count,Median Response Time,Average Response Time,Min Response Time,Max Response Time,Average Content Size,Requests/s,Failures/s,50%,66%,75%,80%,90%,95%,98%,99%,99.9%,99.99%,100%
GET,/,8432,0,92,95.41630667694497,1.3546999999993758,440.20530000000014,8688.0,441.724765445001,0.0,92,98,100,110,190,250,290,310,370,440,440
,Aggregated,8432,0,92,95.41630667694497,1.3546999999993758,440.20530000000014,8688.0,441.724765445001,0.0,92,98,100,110,190,250,290,310,370,440,440
