Type,Name,Request Count,Failure Count,Median Response Time,Average Response Time,Min Response Time,Max Response Time,Average Content Size,Requests/s,Failures/s,50%,66%,75%,80%,90%,95%,98%,99%,99.9%,99.99%,100%
GET,/,8865,0,48,61.064683835306866,1.1943999999992627,378.6282000000005,8688.0,464.45019964704414,0.0,48,86,94,100,160,190,210,230,300,380,380
,Aggregated,8865,0,48,61.064683835306866,1.1943999999992627,378.6282000000005,8688.0,464.45019964704414,0.0,48,86,94,100,160,190,210,230,300,380,380
