Type,Name,Request Count,Failure Count,Median Response Time,Average Response Time,Min Response Time,Max Response Time,Average Content Size,Requests/s,Failures/s,50%,66%,75%,80%,90%,95%,98%,99%,99.9%,99.99%,100%
GET,/,7193,0,9,32.194138092590066,1.2059000000022024,388.33270000000033,8688.0,377.37681896896106,0.0,9,14,32,53,91,180,200,260,310,390,390
,Aggregated,7193,0,9,32.194138092590066,1.2059000000022024,388.33270000000033,8688.0,377.37681896896106,0.0,9,14,32,53,91,180,200,260,310,390,390
