Type,Name,Request Count,Failure Count,Median Response Time,Average Response Time,Min Response Time,Max Response Time,Average Content Size,Requests/s,Failures/s,50%,66%,75%,80%,90%,95%,98%,99%,99.9%,99.99%,100%
GET,/,9239,0,15,47.87238099361394,1.2018000000004747,341.4034000000004,8688.0,483.9350806344405,0.0,15,57,80,89,120,190,210,220,320,340,340
,Aggregated,9239,0,15,47.87238099361394,1.2018000000004747,341.4034000000004,8688.0,483.9350806344405,0.0,15,57,80,89,120,190,210,220,320,340,340
