Type,Name,Request Count,Failure Count,Median Response Time,Average Response Time,Min Response Time,Max Response Time,Average Content Size,Requests/s,Failures/s,50%,66%,75%,80%,90%,95%,98%,99%,99.9%,99.99%,100%
GET,/,9144,0,83,78.67392812773399,1.3614999999997934,429.73539999999934,8688.0,478.3864380474868,0.0,83,94,100,110,170,200,230,290,310,430,430
,Aggregated,9144,0,83,78.67392812773399,1.3614999999997934,429.73539999999934,8688.0,478.3864380474868,0.0,83,94,100,110,170,200,230,290,310,430,430
