Type,Name,Request Count,Failure Count,Median Response Time,Average Response Time,Min Response Time,Max Response Time,Average Content Size,Requests/s,Failures/s,50%,66%,75%,80%,90%,95%,98%,99%,99.9%,99.99%,100%
GET,/,8989,0,12,44.20182228279007,1.2310000000006482,390.2435000000004,8688.0,471.0561407243819,0.0,12,30,58,73,120,200,270,310,360,390,390
,Aggregated,8989,0,12,44.20182228279007,1.2310000000006482,390.2435000000004,8688.0,471.0561407243819,0.0,12,30,58,73,120,200,270,310,360,390,390
