Type,Name,Request Count,Failure Count,Median Response Time,Average Response Time,Min Response Time,Max Response Time,Average Content Size,Requests/s,Failures/s,50%,66%,75%,80%,90%,95%,98%,99%,99.9%,99.99%,100%
GET,/,9715,0,81,81.93278555841457,1.2155000000007021,372.42890000000006,8688.0,509.19305954179043,0.0,81,91,99,110,190,210,290,310,370,370,370
,Aggregated,9715,0,81,81.93278555841457,1.2155000000007021,372.42890000000006,8688.0,509.19305954179043,0.0,81,91,99,110,190,210,290,310,370,370,370
