Type,Name,Request Count,Failure Count,Median Response Time,Average Response Time,Min Response Time,Max Response Time,Average Content Size,Requests/s,Failures/s,50%,66%,75%,80%,90%,95%,98%,99%,99.9%,99.99%,100%
GET,/,8383,0,12,47.397794119050545,1.3047999999997728,418.3991999999996,8688.0,439.4573956297369,0.0,12,44,73,84,140,200,280,300,390,420,420
,Aggregated,8383,0,12,47.397794119050545,1.3047999999997728,418.3991999999996,8688.0,439.4573956297369,0.0,12,44,73,84,140,200,280,300,390,420,420
