Type,Name,Request Count,Failure Count,Median Response Time,Average Response Time,Min Response Time,Max Response Time,Average Content Size,Requests/s,Failures/s,50%,66%,75%,80%,90%,95%,98%,99%,99.9%,99.99%,100%
GET,/,9274,0,74,70.44753895837788,1.2802999999994569,291.8750000000001,8688.0,485.7008082369755,0.0,74,88,97,100,170,190,220,230,250,290,290
,Aggregated,9274,0,74,70.44753895837788,1.2802999999994569,291.8750000000001,8688.0,485.7008082369755,0.0,74,88,97,100,170,190,220,230,250,290,290
