Type,Name,Request Count,Failure Count,Median Response Time,Average Response Time,Min Response Time,Max Response Time,Average Content Size,Requests/s,Failures/s,50%,66%,75%,80%,90%,95%,98%,99%,99.9%,99.99%,100%
GET,/,8444,0,28,57.016786771672045,1.1953000000008984,318.8075000000001,8688.0,442.7251846340259,0.0,28,78,87,92,120,190,220,270,300,320,320
,Aggregated,8444,0,28,57.016786771672045,1.1953000000008984,318.8075000000001,8688.0,442.7251846340259,0.0,28,78,87,92,120,190,220,270,300,320,320
