Type,Name,Request Count,Failure Count,Median Response Time,Average Response Time,Min Response Time,Max Response Time,Average Content Size,Requests/s,Failures/s,50%,66%,75%,80%,90%,95%,98%,99%,99.9%,99.99%,100%
GET,/,8694,0,16,43.89531755233486,1.2255000000003236,299.34280000000024,8688.0,455.583354949379,0.0,16,46,71,81,110,180,220,230,270,300,300
,Aggregated,8694,0,16,43.89531755233486,1.2255000000003236,299.34280000000024,8688.0,455.583354949379,0.0,16,46,71,81,110,180,220,230,270,300,300
