Type,Name,Request Count,Failure Count,Median Response Time,Average Response Time,Min Response Time,Max Response Time,Average Content Size,Requests/s,Failures/s,50%,66%,75%,80%,90%,95%,98%,99%,99.9%,99.99%,100%
GET,/,9085,0,89,92.35210392955418,1.2849999999993145,380.1232000000008,8688.0,476.56411065614196,0.0,89,100,110,120,190,210,280,290,350,380,380
,Aggregated,9085,0,89,92.35210392955418,1.2849999999993145,380.1232000000008,8688.0,476.56411065614196,0.0,89,100,110,120,190,210,280,290,350,380,380
