Type,Name,Request Count,Failure Count,Median Response Time,Average Response Time,Min Response Time,Max Response Time,Average Content Size,Requests/s,Failures/s,50%,66%,75%,80%,90%,95%,98%,99%,99.9%,99.99%,100%
GET,/,8792,0,70,69.60397819608708,1.3369999999994775,344.09069999999974,8688.0,462.64689821451543,0.0,70,88,95,100,170,200,250,280,330,340,340
,Aggregated,8792,0,70,69.60397819608708,1.3369999999994775,344.09069999999974,8688.0,462.64689821451543,0.0,70,88,95,100,170,200,250,280,330,340,340
