Type,Name,Request Count,Failure Count,Median Response Time,Average Response Time,Min Response Time,Max Response Time,Average Content Size,Requests/s,Failures/s,50%,66%,75%,80%,90%,95%,98%,99%,99.9%,99.99%,100%
GET,/,9515,0,76,69.96955949553318,1.2503000000005926,296.7009000000003,8688.0,498.6838532282026,0.0,76,89,97,100,140,190,210,230,290,300,300
,Aggregated,9515,0,76,69.96955949553318,1.2503000000005926,296.7009000000003,8688.0,498.6838532282026,0.0,76,89,97,100,140,190,210,230,290,300,300
