Type,Name,Request Count,Failure Count,Median Response Time,Average Response Time,Min Response Time,Max Response Time,Average Content Size,Requests/s,Failures/s,50%,66%,75%,80%,90%,95%,98%,99%,99.9%,99.99%,100%
GET,/,7414,0,12,47.007541070946615,1.2275999999999954,378.0532999999999,8688.0,388.9539095937133,0.0,12,53,79,86,110,200,230,280,320,380,380
,Aggregated,7414,0,12,47.007541070946615,1.2275999999999954,378.0532999999999,8688.0,388.9539095937133,0.0,12,53,79,86,110,200,230,280,320,380,380
