Type,Name,Request Count,Failure Count,Median Response Time,Average Response Time,Min Response Time,Max Response Time,Average Content Size,Requests/s,Failures/s,50%,66%,75%,80%,90%,95%,98%,99%,99.9%,99.99%,100%
GET,/,7574,0,11,46.09739982836061,1.2579999999999814,368.67319999999995,8688.0,397.1595597057392,0.0,11,56,78,90,110,180,230,260,360,370,370
,Aggregated,7574,0,11,46.09739982836061,1.2579999999999814,368.67319999999995,8688.0,397.1595597057392,0.0,11,56,78,90,110,180,230,260,360,370,370
