Type,Name,Request Count,Failure Count,Median Response Time,Average Response Time,Min Response Time,Max Response Time,Average Content Size,Requests/s,Failures/s,50%,66%,75%,80%,90%,95%,98%,99%,99.9%,99.99%,100%
GET,/,9034,0,86,91.53122466238662,1.5760000000000218,379.2823999999997,8688.0,473.7935530422977,0.0,86,100,110,130,190,210,280,300,370,380,380
,Aggregated,9034,0,86,91.53122466238662,1.5760000000000218,379.2823999999997,8688.0,473.7935530422977,0.0,86,100,110,130,190,210,280,300,370,380,380
