Type,Name,Request Count,Failure Count,Median Response Time,Average Response Time,Min Response Time,Max Response Time,Average Content Size,Requests/s,Failures/s,50%,66%,75%,80%,90%,95%,98%,99%,99.9%,99.99%,100%
GET,/,9435,0,60,65.61362607313222,1.2735999999993197,400.4970000000005,8688.0,495.293419541753,0.0,60,87,95,100,160,200,250,280,310,400,400
,Aggregated,9435,0,60,65.61362607313222,1.2735999999993197,400.4970000000005,8688.0,495.293419541753,0.0,60,87,95,100,160,200,250,280,310,400,400
