Type,Name,Request Count,Failure Count,Median Response Time,Average Response Time,Min Response Time,Max Response Time,Average Content Size,Requests/s,Failures/s,50%,66%,75%,80%,90%,95%,98%,99%,99.9%,99.99%,100%
GET,/,8850,0,57,66.99550082485885,1.244299999999754,386.64229999999924,8688.0,463.5525002601892,0.0,57,88,96,100,180,200,240,270,290,390,390
,Aggregated,8850,0,57,66.99550082485885,1.244299999999754,386.64229999999924,8688.0,463.5525002601892,0.0,57,88,96,100,180,200,240,270,290,390,390
