Type,Name,Request Count,Failure Count,Median Response Time,Average Response Time,Min Response Time,Max Response Time,Average Content Size,Requests/s,Failures/s,50%,66%,75%,80%,90%,95%,98%,99%,99.9%,99.99%,100%
GET,/,8652,0,16,51.19569727230702,1.1754999999986637,404.42209999999966,8688.0,453.329150894493,0.0,16,61,76,83,150,190,250,270,360,400,400
,Aggregated,8652,0,16,51.19569727230702,1.1754999999986637,404.42209999999966,8688.0,453.329150894493,0.0,16,61,76,83,150,190,250,270,360,400,400
