Type,Name,Request Count,Failure Count,Median Response Time,Average Response Time,Min Response Time,Max Response Time,Average Content Size,Requests/s,Failures/s,50%,66%,75%,80%,90%,95%,98%,99%,99.9%,99.99%,100%
GET,/,7246,0,9,41.0276083218327,1.2263000000007906,476.59140000000025,8688.0,380.004887660847,0.0,9,16,50,70,120,200,290,300,380,480,480
,Aggregated,7246,0,9,41.0276083218327,1.2263000000007906,476.59140000000025,8688.0,380.004887660847,0.0,9,16,50,70,120,200,290,300,380,480,480
