Type,Name,Request Count,Failure Count,Median Response Time,Average Response Time,Min Response Time,Max Response Time,Average Content Size,Requests/s,Failures/s,50%,66%,75%,80%,90%,95%,98%,99%,99.9%,99.99%,100%
GET,/,7824,0,12,51.268199258691304,1.2079000000007056,429.67399999999986,8688.0,410.2447607814212,0.0,12,67,82,90,140,200,240,280,350,430,430
,Aggregated,7824,0,12,51.268199258691304,1.2079000000007056,429.67399999999986,8688.0,410.2447607814212,0.0,12,67,82,90,140,200,240,280,350,430,430
