Type,Name,Request Count,Failure Count,Median Response Time,Average Response Time,Min Response Time,Max Response Time,Average Content Size,Requests/s,Failures/s,50%,66%,75%,80%,90%,95%,98%,99%,99.9%,99.99%,100%
GET,/,9092,0,98,114.51260295864513,1.8004000000004794,405.6312000000002,8688.0,478.2163432120196,0.0,98,110,170,180,200,250,280,290,340,410,410
,Aggregated,9092,0,98,114.51260295864513,1.8004000000004794,405.6312000000002,8688.0,478.2163432120196,0.0,98,110,170,180,200,250,280,290,340,410,410
