Type,Name,Request Count,Failure Count,Median Response Time,Average Response Time,Min Response Time,Max Response Time,Average Content Size,Requests/s,Failures/s,50%,66%,75%,80%,90%,95%,98%,99%,99.9%,99.99%,100%
GET,/,9717,0,62,66.7941863846867,1.2591999999997938,373.7439,8688.0,510.0211273567408,0.0,62,83,92,100,160,190,210,270,310,370,370
,Aggregated,9717,0,62,66.7941863846867,1.2591999999997938,373.7439,8688.0,510.0211273567408,0.0,62,83,92,100,160,190,210,270,310,370,370
