Type,Name,Request Count,Failure Count,Median Response Time,Average Response Time,Min Response Time,Max Response Time,Average Content Size,Requests/s,Failures/s,50%,66%,75%,80%,90%,95%,98%,99%,99.9%,99.99%,100%
GET,/,8604,0,78,88.45574496745691,1.4629999999975496,492.8112000000002,8688.0,450.71633144362687,0.0,78,96,110,150,200,280,310,360,440,490,490
,Aggregated,8604,0,78,88.45574496745691,1.4629999999975496,492.8112000000002,8688.0,450.71633144362687,0.0,78,96,110,150,200,280,310,360,440,490,490
