Type,Name,Request Count,Failure Count,Median Response Time,Average Response Time,Min Response Time,Max Response Time,Average Content Size,Requests/s,Failures/s,50%,66%,75%,80%,90%,95%,98%,99%,99.9%,99.99%,100%
GET,/,8962,0,20,52.65999774603885,1.3363999999995713,388.8846999999993,8688.0,471.29853971794245,0.0,20,69,81,87,120,180,240,270,360,390,390
,Aggregated,8962,0,20,52.65999774603885,1.3363999999995713,388.8846999999993,8688.0,471.29853971794245,0.0,20,69,81,87,120,180,240,270,360,390,390
