Type,Name,Request Count,Failure Count,Median Response Time,Average Response Time,Min Response Time,Max Response Time,Average Content Size,Requests/s,Failures/s,50%,66%,75%,80%,90%,95%,98%,99%,99.9%,99.99%,100%
GET,/,8224,0,99,121.31788561527222,1.7514999999992398,693.6966,8688.0,430.95682339114774,0.0,99,120,180,190,210,290,390,420,510,690,690
,Aggregated,8224,0,99,121.31788561527222,1.7514999999992398,693.6966,8688.0,430.95682339114774,0.0,99,120,180,190,210,290,390,420,510,690,690
