Type,Name,Request Count,Failure Count,Median Response Time,Average Response Time,Min Response Time,Max Response Time,Average Content Size,Requests/s,Failures/s,50%,66%,75%,80%,90%,95%,98%,99%,99.9%,99.99%,100%
GET,/,8349,0,17,74.36329477781793,1.2001000000001483,580.4774000000003,8688.0,437.72296267055896,0.0,17,74,100,140,220,300,380,390,470,580,580
,Aggregated,8349,0,17,74.36329477781793,1.2001000000001483,580.4774000000003,8688.0,437.72296267055896,0.0,17,74,100,140,220,300,380,390,470,580,580
