Type,Name,Request Count,Failure Count,Median Response Time,Average Response Time,Min Response Time,Max Response Time,Average Content Size,Requests/s,Failures/s,50%,66%,75%,80%,90%,95%,98%,99%,99.9%,99.99%,100%
GET,/,9797,0,80,89.03855682351774,1.476300000000208,392.5938000000002,8688.0,512.7901580460451,0.0,80,97,110,140,190,240,280,290,330,390,390
,Aggregated,9797,0,80,89.03855682351774,1.476300000000208,392.5938000000002,8688.0,512.7901580460451,0.0,80,97,110,140,190,240,280,290,330,390,390
