Type,Name,Request Count,Failure Count,Median Response Time,Average Response Time,Min Response Time,Max Response Time,Average Content Size,Requests/s,Failures/s,50%,66%,75%,80%,90%,95%,98%,99%,99.9%,99.99%,100%
GET,/,7028,0,11,43.564129282868564,1.236300000000412,384.79370000000034,8688.0,368.72321422674514,0.0,11,44,70,80,110,190,240,270,360,380,380
,Aggregated,7028,0,11,43.564129282868564,1.236300000000412,384.79370000000034,8688.0,368.72321422674514,0.0,11,44,70,80,110,190,240,270,360,380,380
