Type,Name,Request Count,Failure Count,Median Response Time,Average Response Time,Min Response Time,Max Response Time,Average Content Size,Requests/s,Failures/s,50%,66%,75%,80%,90%,95%,98%,99%,99.9%,99.99%,100%
GET,/,9227,0,67,68.67496596943745,1.6929999999995005,395.7967,8688.0,484.60837813035323,0.0,67,83,93,98,140,200,290,300,370,400,400
,Aggregated,9227,0,67,68.67496596943745,1.6929999999995005,395.7967,8688.0,484.60837813035323,0.0,67,83,93,98,140,200,290,300,370,400,400
