Type,Name,Request Count,Failure Count,Median Response Time,Average Response Time,Min Response Time,Max Response Time,Average Content Size,Requests/s,Failures/s,50%,66%,75%,80%,90%,95%,98%,99%,99.9%,99.99%,100%
GET,/,8683,0,41,66.57899568121611,1.3033999999976231,496.9440999999994,8688.0,455.96804412492486,0.0,41,75,90,99,180,260,320,380,460,500,500
,Aggregated,8683,0,41,66.57899568121611,1.3033999999976231,496.9440999999994,8688.0,455.96804412492486,0.0,41,75,90,99,180,260,320,380,460,500,500
