Type,Name,Request Count,Failure Count,Median Response Time,Average Response Time,Min Response Time,Max Response Time,Average Content Size,Requests/s,Failures/s,50%,66%,75%,80%,90%,95%,98%,99%,99.9%,99.99%,100%
GET,/,8888,0,78,79.54679368811887,1.305099999999726,404.83080000000007,8688.0,466.3029605937011,0.0,78,92,99,110,180,210,280,290,370,400,400
,Aggregated,8888,0,78,79.54679368811887,1.305099999999726,404.83080000000007,8688.0,466.3029605937011,0.0,78,92,99,110,180,210,280,290,370,400,400
