Type,Name,Request Count,Failure Count,Median Response Time,Average Response Time,Min Response Time,Max Response Time,Average Content Size,Requests/s,Failures/s,50%,66%,75%,80%,90%,95%,98%,99%,99.9%,99.99%,100%
GET,/,9442,0,52,59.838812635034934,1.210999999999629,322.23500000000007,8688.0,495.1299669363817,0.0,52,76,87,95,140,180,220,250,280,320,320
,Aggregated,9442,0,52,59.838812635034934,1.210999999999629,322.23500000000007,8688.0,495.1299669363817,0.0,52,76,87,95,140,180,220,250,280,320,320
