Type,Name,Request Count,Failure Count,Median Response Time,Average Response Time,Min Response Time,Max Response Time,Average Content Size,Requests/s,Failures/s,50%,66%,75%,80%,90%,95%,98%,99%,99.9%,99.99%,100%
GET,/,9770,0,23,54.9475953735925,1.3746000000001146,384.8023000000005,8688.0,511.68872569243337,0.0,23,67,81,87,130,190,280,290,360,380,380
,Aggregated,9770,0,23,54.9475953735925,1.3746000000001146,384.8023000000005,8688.0,511.68872569243337,0.0,23,67,81,87,130,190,280,290,360,380,380
