Type,Name,Request Count,Failure Count,Median Response Time,Average Response Time,Min Response Time,Max Response Time,Average Content Size,Requests/s,Failures/s,50%,66%,75%,80%,90%,95%,98%,99%,99.9%,99.99%,100%
GET,/,8942,0,85,91.9749656117197,1.2170000000004677,485.56120000000027,8688.0,469.40463946492366,0.0,85,97,110,140,200,270,290,300,390,490,490
,Aggregated,8942,0,85,91.9749656117197,1.2170000000004677,485.56120000000027,8688.0,469.40463946492366,0.0,85,97,110,140,200,270,290,300,390,490,490
