Type,Name,Request Count,Failure Count,Median Response Time,Average Response Time,Min Response Time,Max Response Time,Average Content Size,Requests/s,Failures/s,50%,66%,75%,80%,90%,95%,98%,99%,99.9%,99.99%,100%
GET,/,8736,0,14,47.29729209020153,1.2365999999985888,323.66899999999976,8688.0,457.8301262077107,0.0,14,60,79,88,120,190,230,240,260,320,320
,Aggregated,8736,0,14,47.29729209020153,1.2365999999985888,323.66899999999976,8688.0,457.8301262077107,0.0,14,60,79,88,120,190,230,240,260,320,320
