Type,Name,Request Count,Failure Count,Median Response Time,Average Response Time,Min Response Time,Max Response Time,Average Content Size,Requests/s,Failures/s,50%,66%,75%,80%,90%,95%,98%,99%,99.9%,99.99%,100%
GET,/,8358,0,110.0,136.94952048336987,1.2449000000032129,504.1139000000001,8688.0,437.24375123035634,0.0,110,180,190,200,270,290,340,390,440,500,500
,Aggregated,8358,0,110.0,136.94952048336987,1.2449000000032129,504.1139000000001,8688.0,437.24375123035634,0.0,110,180,190,200,270,290,340,390,440,500,500
