Type,Name,Request Count,Failure Count,Median Response Time,Average Response Time,Min Response Time,Max Response Time,Average Content Size,Requests/s,Failures/s,50%,66%,75%,80%,90%,95%,98%,99%,99.9%,99.99%,100%
GET,/,7532,0,10,37.360751354221875,1.2513999999992365,371.0497999999998,8688.0,394.77268922814125,0.0,10,16,47,65,110,180,240,280,340,370,370
,Aggregated,7532,0,10,37.360751354221875,1.2513999999992365,371.0497999999998,8688.0,394.77268922814125,0.0,10,16,47,65,110,180,240,280,340,370,370
