Type,Name,Request Count,Failure Count,Median Response Time,Average Response Time,Min Response Time,Max Response Time,Average Content Size,Requests/s,Failures/s,50%,66%,75%,80%,90%,95%,98%,99%,99.9%,99.99%,100%
GET,/,8978,0,21,43.17711970372029,1.2465000000005944,350.16279999999966,8688.0,472.5832984938776,0.0,21,47,65,76,96,150,210,250,340,350,350
,Aggregated,8978,0,21,43.17711970372029,1.2465000000005944,350.16279999999966,8688.0,472.5832984938776,0.0,21,47,65,76,96,150,210,250,340,350,350
