Type,Name,Request Count,Failure Count,Median Response Time,Average Response Time,Min Response Time,Max Response Time,Average Content Size,Requests/s,Failures/s,50%,66%,75%,80%,90%,95%,98%,99%,99.9%,99.99%,100%
GET,/,9548,0,85,92.49617864474244,1.1555999999970368,381.43420000000015,8688.0,500.1430482630647,0.0,85,100,110,140,190,210,270,300,360,380,380
,Aggregated,9548,0,85,92.49617864474244,1.1555999999970368,381.43420000000015,8688.0,500.1430482630647,0.0,85,100,110,140,190,210,270,300,360,380,380
