Type,Name,Request Count,Failure Count,Median Response Time,Average Response Time,Min Response Time,Max Response Time,Average Content Size,Requests/s,Failures/s,50%,66%,75%,80%,90%,95%,98%,99%,99.9%,99.99%,100%
GET,/,9712,0,82,90.44382289950599,1.4047000000001475,403.2391000000004,8688.0,508.349487479652,0.0,82,96,110,140,200,250,280,300,360,400,400
,Aggregated,9712,0,82,90.44382289950599,1.4047000000001475,403.2391000000004,8688.0,508.349487479652,0.0,82,96,110,140,200,250,280,300,360,400,400
