Type,Name,Request Count,Failure Count,Median Response Time,Average Response Time,Min Response Time,Max Response Time,Average Content Size,Requests/s,Failures/s,50%,66%,75%,80%,90%,95%,98%,99%,99.9%,99.99%,100%
GET,/,9555,0,77,85.77712289900578,1.277399999999318,446.2351,8688.0,500.6827034834166,0.0,77,96,110,130,190,210,280,300,430,450,450
,Aggregated,9555,0,77,85.77712289900578,1.277399999999318,446.2351,8688.0,500.6827034834166,0.0,77,96,110,130,190,210,280,300,430,450,450
