Type,Name,Request Count,Failure Count,Median Response Time,Average Response Time,Min Response Time,Max Response Time,Average Content Size,Requests/s,Failures/s,50%,66%,75%,80%,90%,95%,98%,99%,99.9%,99.99%,100%
GET,/,8968,0,19,51.018741636931374,1.3060000000013616,359.1372000000002,8688.0,470.9065390845602,0.0,19,62,83,90,130,180,210,230,330,360,360
,Aggregated,8968,0,19,51.018741636931374,1.3060000000013616,359.1372000000002,8688.0,470.9065390845602,0.0,19,62,83,90,130,180,210,230,330,360,360
