Type,Name,Request Count,Failure Count,Median Response Time,Average Response Time,Min Response Time,Max Response Time,Average Content Size,Requests/s,Failures/s,50%,66%,75%,80%,90%,95%,98%,99%,99.9%,99.99%,100%
GET,/,7720,0,12,40.45782656735741,1.2886999999999205,459.0665,8688.0,404.7330640164931,0.0,12,27,59,72,100,170,250,330,370,460,460
,Aggregated,7720,0,12,40.45782656735741,1.2886999999999205,459.0665,8688.0,404.7330640164931,0.0,12,27,59,72,100,170,250,330,370,460,460
