Type,Name,Request Count,Failure Count,Median Response Time,Average Response Time,Min Response Time,Max Response Time,Average Content Size,Requests/s,Failures/s,50%,66%,75%,80%,90%,95%,98%,99%,99.9%,99.99%,100%
GET,/,8661,0,72,74.16740193973028,1.546400000000503,382.3780999999986,8688.0,454.70853171490035,0.0,72,86,95,100,170,200,280,300,330,380,380
,Aggregated,8661,0,72,74.16740193973028,1.546400000000503,382.3780999999986,8688.0,454.70853171490035,0.0,72,86,95,100,170,200,280,300,330,380,380
