Type,Name,Request Count,Failure Count,Median Response Time,Average Response Time,Min Response Time,Max Response Time,Average Content Size,Requests/s,Failures/s,50%,66%,75%,80%,90%,95%,98%,99%,99.9%,99.99%,100%
GET,/,8736,0,12,46.94805479624531,1.2241999999993425,400.9551,8688.0,457.6984374721874,0.0,12,39,66,80,150,210,260,300,370,400,400
,Aggregated,8736,0,12,46.94805479624531,1.2241999999993425,400.9551,8688.0,457.6984374721874,0.0,12,39,66,80,150,210,260,300,370,400,400
