Type,Name,Request Count,Failure Count,Median Response Time,Average Response Time,Min Response Time,Max Response Time,Average Content Size,Requests/s,Failures/s,50%,66%,75%,80%,90%,95%,98%,99%,99.9%,99.99%,100%
GET,/,7140,0,13,35.84053228291321,1.256800000000169,369.2649000000001,8688.0,374.02035786310455,0.0,13,22,45,58,89,150,230,270,340,370,370
,Aggregated,7140,0,13,35.84053228291321,1.256800000000169,369.2649000000001,8688.0,374.02035786310455,0.0,13,22,45,58,89,150,230,270,340,370,370
