Type,Name,Request Count,Failure Count,Median Response Time,Average Response Time,Min Response Time,Max Response Time,Average Content Size,Requests/s,Failures/s,50%,66%,75%,80%,90%,95%,98%,99%,99.9%,99.99%,100%
GET,/,7641,0,19,61.95165949483077,1.3421000000004568,394.96959999999956,8688.0,400.49748795230704,0.0,19,71,93,100,190,220,280,300,360,390,390
,Aggregated,7641,0,19,61.95165949483077,1.3421000000004568,394.96959999999956,8688.0,400.49748795230704,0.0,19,71,93,100,190,220,280,300,360,390,390
