Type,Name,Request Count,Failure Count,Median Response Time,Average Response Time,Min Response Time,Max Response Time,Average Content Size,Requests/s,Failures/s,50%,66%,75%,80%,90%,95%,98%,99%,99.9%,99.99%,100%
GET,/,9119,0,68,74.45010615199021,1.2393999999993355,400.6480999999997,8688.0,477.9287715799267,0.0,68,89,100,110,190,200,280,300,380,400,400
,Aggregated,9119,0,68,74.45010615199021,1.2393999999993355,400.6480999999997,8688.0,477.9287715799267,0.0,68,89,100,110,190,200,280,300,380,400,400
