Type,Name,Request Count,Failure Count,Median Response Time,Average Response Time,Min Response Time,Max Response Time,Average Content Size,Requests/s,Failures/s,50%,66%,75%,80%,90%,95%,98%,99%,99.9%,99.99%,100%
GET,/,7406,0,76,70.80533155549551,1.2319000000005076,467.5236000000007,8688.0,388.3835749950769,0.0,76,90,95,99,150,210,250,280,400,470,470
,Aggregated,7406,0,76,70.80533155549551,1.2319000000005076,467.5236000000007,8688.0,388.3835749950769,0.0,76,90,95,99,150,210,250,280,400,470,470
