Type,Name,Request Count,Failure Count,Median Response Time,Average Response Time,Min Response Time,Max Response Time,Average Content Size,Requests/s,Failures/s,50%,66%,75%,80%,90%,95%,98%,99%,99.9%,99.99%,100%
GET,/,8155,0,86,91.95956576333504,1.4373000000000857,404.5949999999996,8688.0,429.72090625483133,0.0,86,96,110,120,200,270,290,310,380,400,400
,Aggregated,8155,0,86,91.95956576333504,1.4373000000000857,404.5949999999996,8688.0,429.72090625483133,0.0,86,96,110,120,200,270,290,310,380,400,400
