Type,Name,Request Count,Failure Count,Median Response Time,Average Response Time,Min Response Time,Max Response Time,Average Content Size,Requests/s,Failures/s,50%,66%,75%,80%,90%,95%,98%,99%,99.9%,99.99%,100%
GET,/,9402,0,19,55.60383129121441,1.3649000000004463,382.83730000000025,8688.0,494.08957939776116,0.0,19,66,79,90,170,200,260,280,320,380,380
,Aggregated,9402,0,19,55.60383129121441,1.3649000000004463,382.83730000000025,8688.0,494.08957939776116,0.0,19,66,79,90,170,200,260,280,320,380,380
