Type,Name,Request Count,Failure Count,Median Response Time,Average Response Time,Min Response Time,Max Response Time,Average Content Size,Requests/s,Failures/s,50%,66%,75%,80%,90%,95%,98%,99%,99.9%,99.99%,100%
GET,/,8328,0,77,88.23398254082595,1.3228999999999047,493.30150000000117,8688.0,436.0786720189528,0.0,77,97,120,170,200,280,310,360,400,490,490
,Aggregated,8328,0,77,88.23398254082595,1.3228999999999047,493.30150000000117,8688.0,436.0786720189528,0.0,77,97,120,170,200,280,310,360,400,490,490
