Type,Name,Request Count,Failure Count,Median Response Time,Average Response Time,Min Response Time,Max Response Time,Average Content Size,Requests/s,Failures/s,50%,66%,75%,80%,90%,95%,98%,99%,99.9%,99.99%,100%
GET,/,7534,0,94,102.53783469604446,1.2323999999992452,390.4861000000004,8688.0,395.85187254831675,0.0,94,100,170,190,200,220,290,300,380,390,390
,Aggregated,7534,0,94,102.53783469604446,1.2323999999992452,390.4861000000004,8688.0,395.85187254831675,0.0,94,100,170,190,200,220,290,300,380,390,390
