Type,Name,Request Count,Failure Count,Median Response Time,Average Response Time,Min Response Time,Max Response Time,Average Content Size,Requests/s,Failures/s,50%,66%,75%,80%,90%,95%,98%,99%,99.9%,99.99%,100%
GET,/,8304,0,16,50.90749488198476,1.1953999999985143,389.0016999999997,8688.0,436.3214521828049,0.0,16,60,78,87,120,200,270,290,370,390,390
,Aggregated,8304,0,16,50.90749488198476,1.1953999999985143,389.0016999999997,8688.0,436.3214521828049,0.0,16,60,78,87,120,200,270,290,370,390,390
