Type,Name,Request Count,Failure Count,Median Response Time,Average Response Time,Min Response Time,Max Response Time,Average Content Size,Requests/s,Failures/s,50%,66%,75%,80%,90%,95%,98%,99%,99.9%,99.99%,100%
GET,/,7120,0,11,38.915389578651485,1.2357000000005058,385.4135999999997,8688.0,374.2719408693475,0.0,11,19,54,67,100,190,210,290,380,390,390
,Aggregated,7120,0,11,38.915389578651485,1.2357000000005058,385.4135999999997,8688.0,374.2719408693475,0.0,11,19,54,67,100,190,210,290,380,390,390
