Type,Name,Request Count,Failure Count,Median Response Time,Average Response Time,Min Response Time,Max Response Time,Average Content Size,Requests/s,Failures/s,50%,66%,75%,80%,90%,95%,98%,99%,99.9%,99.99%,100%
GET,/,8448,0,92,102.76376418087156,1.2950000000007122,489.7960000000001,8688.0,443.64378790110277,0.0,92,100,110,160,200,260,290,310,490,490,490
,Aggregated,8448,0,92,102.76376418087156,1.2950000000007122,489.7960000000001,8688.0,443.64378790110277,0.0,92,100,110,160,200,260,290,310,490,490,490
