Type,Name,Request Count,Failure Count,Median Response Time,Average Response Time,Min Response Time,Max Response Time,Average Content Size,Requests/s,Failures/s,50%,66%,75%,80%,90%,95%,98%,99%,99.9%,99.99%,100%
GET,/,8060,0,23,56.803862394540914,1.3419999999975118,336.45100000000025,8688.0,422.01090769078434,0.0,23,70,84,92,150,200,240,280,320,340,340
,Aggregated,8060,0,23,56.803862394540914,1.3419999999975118,336.45100000000025,8688.0,422.01090769078434,0.0,23,70,84,92,150,200,240,280,320,340,340
