Type,Name,Request Count,Failure Count,Median Response Time,Average Response Time,Min Response Time,Max Response Time,Average Content Size,Requests/s,Failures/s,50%,66%,75%,80%,90%,95%,98%,99%,99.9%,99.99%,100%
GET,/,9481,0,96,107.54622057799781,1.723200000000702,430.53829999999937,8688.0,496.5067803193704,0.0,96,110,150,180,200,240,290,300,380,430,430
,Aggregated,9481,0,96,107.54622057799781,1.723200000000702,430.53829999999937,8688.0,496.5067803193704,0.0,96,110,150,180,200,240,290,300,380,430,430
