Type,Name,Request Count,Failure Count,Median Response Time,Average Response Time,Min Response Time,Max Response Time,Average Content Size,Requests/s,Failures/s,50%,66%,75%,80%,90%,95%,98%,99%,99.9%,99.99%,100%
GET,/,8808,0,80,82.49932710036312,1.244200000002138,415.7435999999999,8688.0,461.9399578568311,0.0,80,92,100,110,190,210,290,300,370,420,420
,Aggregated,8808,0,80,82.49932710036312,1.244200000002138,415.7435999999999,8688.0,461.9399578568311,0.0,80,92,100,110,190,210,290,300,370,420,420
