Type,Name,Request Count,Failure Count,Median Response Time,Average Response Time,Min Response Time,Max Response Time,Average Content Size,Requests/s,Failures/s,50%,66%,75%,80%,90%,95%,98%,99%,99.9%,99.99%,100%
GET,/,7712,0,52,65.92833769450193,1.3163999999994402,387.86529999999965,8688.0,404.2381531557584,0.0,52,80,88,95,190,230,290,300,370,390,390
,Aggregated,7712,0,52,65.92833769450193,1.3163999999994402,387.86529999999965,8688.0,404.2381531557584,0.0,52,80,88,95,190,230,290,300,370,390,390
