Type,Name,Request Count,Failure Count,Median Response Time,Average Response Time,Min Response Time,Max Response Time,Average Content Size,Requests/s,Failures/s,50%,66%,75%,80%,90%,95%,98%,99%,99.9%,99.99%,100%
GET,/,8667,0,18,49.02440223837545,1.3745000000007224,399.19659999999976,8688.0,454.33034618148946,0.0,18,49,71,81,140,200,240,260,320,400,400
,Aggregated,8667,0,18,49.02440223837545,1.3745000000007224,399.19659999999976,8688.0,454.33034618148946,0.0,18,49,71,81,140,200,240,260,320,400,400
