Type,Name,Request Count,Failure Count,Median Response Time,Average Response Time,Min Response Time,Max Response Time,Average Content Size,Requests/s,Failures/s,50%,66%,75%,80%,90%,95%,98%,99%,99.9%,99.99%,100%
GET,/,9084,0,16,48.22701906649039,1.2468000000005475,460.0672000000001,8688.0,477.4075770974921,0.0,16,52,70,81,110,200,280,290,360,460,460
,Aggregated,9084,0,16,48.22701906649039,1.2468000000005475,460.0672000000001,8688.0,477.4075770974921,0.0,16,52,70,81,110,200,280,290,360,460,460
