Type,Name,Request Count,Failure Count,Median Response Time,Average Response Time,Min Response Time,Max Response Time,Average Content Size,Requests/s,Failures/s,50%,66%,75%,80%,90%,95%,98%,99%,99.9%,99.99%,100%
GET,/,7503,0,19,55.58986753298674,1.2161000000006084,401.3846000000001,8688.0,393.48723538477697,0.0,19,73,83,89,150,200,260,290,390,400,400
,Aggregated,7503,0,19,55.58986753298674,1.2161000000006084,401.3846000000001,8688.0,393.48723538477697,0.0,19,73,83,89,150,200,260,290,390,400,400
