Type,Name,Request Count,Failure Count,Median Response Time,Average Response Time,Min Response Time,Max Response Time,Average Content Size,Requests/s,Failures/s,50%,66%,75%,80%,90%,95%,98%,99%,99.9%,99.99%,100%
GET,/,7208,0,14,42.099987236403884,1.251700000000966,323.46740000000017,8688.0,378.2022088728782,0.0,14,50,73,82,99,150,210,230,270,320,320
,Aggregated,7208,0,14,42.099987236403884,1.251700000000966,323.46740000000017,8688.0,378.2022088728782,0.0,14,50,73,82,99,150,210,230,270,320,320
