Type,Name,Request Count,Failure Count,Median Response Time,Average Response Time,Min Response Time,Max Response Time,Average Content Size,Requests/s,Failures/s,50%,66%,75%,80%,90%,95%,98%,99%,99.9%,99.99%,100%
GET,/,9693,0,69,70.78748142989726,1.1870999999992193,354.03589999999997,8688.0,509.656589038894,0.0,69,87,96,100,160,200,250,290,350,350,350
,Aggregated,9693,0,69,70.78748142989726,1.1870999999992193,354.03589999999997,8688.0,509.656589038894,0.0,69,87,96,100,160,200,250,290,350,350,350
