Type,Name,Request Count,Failure Count,Median Response Time,Average Response Time,Min Response Time,Max Response Time,Average Content Size,Requests/s,Failures/s,50%,66%,75%,80%,90%,95%,98%,99%,99.9%,99.99%,100%
GET,/,9303,0,17,46.70710778243584,1.2416999999995681,347.76030000000003,8688.0,487.40640332001277,0.0,17,60,78,85,100,170,220,240,320,350,350
,Aggregated,9303,0,17,46.70710778243584,1.2416999999995681,347.76030000000003,8688.0,487.40640332001277,0.0,17,60,78,85,100,170,220,240,320,350,350
