Type,Name,Request Count,Failure Count,Median Response Time,Average Response Time,Min Response Time,Max Response Time,Average Content Size,Requests/s,Failures/s,50%,66%,75%,80%,90%,95%,98%,99%,99.9%,99.99%,100%
GET,/,8601,0,15,47.89780136030693,1.2887999999993127,429.6033999999995,8688.0,451.152471907933,0.0,15,40,72,88,140,190,240,270,410,430,430
,Aggregated,8601,0,15,47.89780136030693,1.2887999999993127,429.6033999999995,8688.0,451.152471907933,0.0,15,40,72,88,140,190,240,270,410,430,430
