Type,Name,Request Count,Failure Count,Median Response Time,Average Response Time,Min Response Time,Max Response Time,Average Content Size,Requests/s,Failures/s,50%,66%,75%,80%,90%,95%,98%,99%,99.9%,99.99%,100%
GET,/,7487,0,67,68.10518637638538,1.304000000001082,481.8228000000002,8688.0,392.93350360126385,0.0,67,86,92,97,170,210,280,310,400,480,480
,Aggregated,7487,0,67,68.10518637638538,1.304000000001082,481.8228000000002,8688.0,392.93350360126385,0.0,67,86,92,97,170,210,280,310,400,480,480
