Type,Name,Request Count,Failure Count,Median Response Time,Average Response Time,Min Response Time,Max Response Time,Average Content Size,Requests/s,Failures/s,50%,66%,75%,80%,90%,95%,98%,99%,99.9%,99.99%,100%
GET,/,9412,0,71,78.18502812367133,1.3926999999966938,373.4371000000003,8688.0,493.42576987930136,0.0,71,95,110,120,190,210,270,290,320,370,370
,Aggregated,9412,0,71,78.18502812367133,1.3926999999966938,373.4371000000003,8688.0,493.42576987930136,0.0,71,95,110,120,190,210,270,290,320,370,370
