Type,Name,Request Count,Failure Count,Median Response Time,Average Response Time,Min Response Time,Max Response Time,Average Content Size,Requests/s,Failures/s,50%,66%,75%,80%,90%,95%,98%,99%,99.9%,99.99%,100%
GET,/,8966,0,11,44.700985757305745,1.2538000000006377,403.3769999999999,8688.0,470.1219111696173,0.0,11,24,61,78,110,210,290,300,390,400,400
,Aggregated,8966,0,11,44.700985757305745,1.2538000000006377,403.3769999999999,8688.0,470.1219111696173,0.0,11,24,61,78,110,210,290,300,390,400,400
