Type,Name,Request Count,Failure Count,Median Response Time,Average Response Time,Min Response Time,Max Response Time,Average Content Size,Requests/s,Failures/s,50%,66%,75%,80%,90%,95%,98%,99%,99.9%,99.99%,100%
GET,/,7826,0,26,70.1519729746996,1.1721999999991795,503.9415999999992,8688.0,410.4926438998642,0.0,27,77,93,110,200,280,310,390,420,500,500
,Aggregated,7826,0,26,70.1519729746996,1.1721999999991795,503.9415999999992,8688.0,410.4926438998642,0.0,27,77,93,110,200,280,310,390,420,500,500
