Type,Name,Request Count,Failure Count,Median Response Time,Average Response Time,Min Response Time,Max Response Time,Average Content Size,Requests/s,Failures/s,50%,66%,75%,80%,90%,95%,98%,99%,99.9%,99.99%,100%
GET,/,8576,0,15,44.54661110074599,1.1931999999994503,422.83579999999967,8688.0,449.6707416455786,0.0,15,51,68,76,110,180,200,270,310,420,420
,Aggregated,8576,0,15,44.54661110074599,1.1931999999994503,422.83579999999967,8688.0,449.6707416455786,0.0,15,51,68,76,110,180,200,270,310,420,420
