Type,Name,Request Count,Failure Count,Median Response Time,Average Response Time,Min Response Time,Max Response Time,Average Content Size,Requests/s,Failures/s,50%,66%,75%,80%,90%,95%,98%,99%,99.9%,99.99%,100%
GET,/,8946,0,90,104.91222493852004,1.7010000000006187,704.0671999999998,8688.0,468.5878416668421,0.0,90,110,140,180,200,280,380,420,510,700,700
,Aggregated,8946,0,90,104.91222493852004,1.7010000000006187,704.0671999999998,8688.0,468.5878416668421,0.0,90,110,140,180,200,280,380,420,510,700,700
