Type,Name,Request Count,Failure Count,Median Response Time,Average Response Time,Min Response Time,Max Response Time,Average Content Size,Requests/s,Failures/s,50%,66%,75%,80%,90%,95%,98%,99%,99.9%,99.99%,100%
GET,/,8533,0,13,42.47777028008892,1.239700000001065,300.34399999999994,8688.0,448.2444213101258,0.0,13,25,55,73,120,190,220,260,290,300,300
,Aggregated,8533,0,13,42.47777028008892,1.239700000001065,300.34399999999994,8688.0,448.2444213101258,0.0,13,25,55,73,120,190,220,260,290,300,300
