Type,Name,Request Count,Failure Count,Median Response Time,Average Response Time,Min Response Time,Max Response Time,Average Content Size,Requests/s,Failures/s,50%,66%,75%,80%,90%,95%,98%,99%,99.9%,99.99%,100%
GET,/,9365,0,28,55.45882655632701,1.277899999999832,382.7702000000004,8688.0,490.651483185684,0.0,28,71,83,90,120,190,220,250,320,380,380
,Aggregated,9365,0,28,55.45882655632701,1.277899999999832,382.7702000000004,8688.0,490.651483185684,0.0,28,71,83,90,120,190,220,250,320,380,380
