Type,Name,Request Count,Failure Count,Median Response Time,Average Response Time,Min Response Time,Max Response Time,Average Content Size,Requests/s,Failures/s,50%,66%,75%,80%,90%,95%,98%,99%,99.9%,99.99%,100%
GET,/,9046,0,78,79.76240522883093,1.3482000000006877,415.42639999999943,8688.0,474.1047392362792,0.0,78,91,99,100,180,220,300,330,410,420,420
,Aggregated,9046,0,78,79.76240522883093,1.3482000000006877,415.42639999999943,8688.0,474.1047392362792,0.0,78,91,99,100,180,220,300,330,410,420,420
