Type,Name,Request Count,Failure Count,Median Response Time,Average Response Time,Min Response Time,Max Response Time,Average Content Size,Requests/s,Failures/s,50%,66%,75%,80%,90%,95%,98%,99%,99.9%,99.99%,100%
GET,/,9605,0,81,94.56392630921364,1.4009000000001492,667.5976999999999,8688.0,503.54095284246546,0.0,81,96,110,140,200,280,350,430,570,670,670
,Aggregated,9605,0,81,94.56392630921364,1.4009000000001492,667.5976999999999,8688.0,503.54095284246546,0.0,81,96,110,140,200,280,350,430,570,670,670
