Type,Name,Request Count,Failure Count,Median Response Time,Average Response Time,Min Response Time,Max Response Time,Average Content Size,Requests/s,Failures/s,50%,66%,75%,80%,90%,95%,98%,99%,99.9%,99.99%,100%
GET,/,8965,0,77,84.75742122699374,1.332599999999573,498.1169000000003,8688.0,471.1552059613503,0.0,77,92,100,110,190,270,310,360,430,500,500
,Aggregated,8965,0,77,84.75742122699374,1.332599999999573,498.1169000000003,8688.0,471.1552059613503,0.0,77,92,100,110,190,270,310,360,430,500,500
