Type,Name,Request Count,Failure Count,Median Response Time,Average Response Time,Min Response Time,Max Response Time,Average Content Size,Requests/s,Failures/s,50%,66%,75%,80%,90%,95%,98%,99%,99.9%,99.99%,100%
GET,/,9263,0,91,95.53686792615765,1.4428999999989145,381.6486000000001,8688.0,485.45428420877926,0.0,91,100,110,140,190,210,250,280,330,380,380
,Aggregated,9263,0,91,95.53686792615765,1.4428999999989145,381.6486000000001,8688.0,485.45428420877926,0.0,91,100,110,140,190,210,250,280,330,380,380
