Type,Name,Request Count,Failure Count,Median Response Time,Average Response Time,Min Response Time,Max Response Time,Average Content Size,Requests/s,Failures/s,50%,66%,75%,80%,90%,95%,98%,99%,99.9%,99.99%,100%
GET,/,8376,0,11,43.05139081900665,1.2572000000012906,404.0385999999998,8688.0,440.13125582987874,0.0,11,28,60,73,130,200,240,280,400,400,400
,Aggregated,8376,0,11,43.05139081900665,1.2572000000012906,404.0385999999998,8688.0,440.13125582987874,0.0,11,28,60,73,130,200,240,280,400,400,400
