Type,Name,Request Count,Failure Count,Median Response Time,Average Response Time,Min Response Time,Max Response Time,Average Content Size,Requests/s,Failures/s,50%,66%,75%,80%,90%,95%,98%,99%,99.9%,99.99%,100%
GET,/,7487,0,79,86.76071530653138,1.4458000000008298,498.8103000000006,8688.0,392.66072983200957,0.0,79,92,100,130,200,270,300,370,410,500,500
,Aggregated,7487,0,79,86.76071530653138,1.4458000000008298,498.8103000000006,8688.0,392.66072983200957,0.0,79,92,100,130,200,270,300,370,410,500,500
