Type,Name,Request Count,Failure Count,Median Response Time,Average Response Time,Min Response Time,Max Response Time,Average Content Size,Requests/s,Failures/s,50%,66%,75%,80%,90%,95%,98%,99%,99.9%,99.99%,100%
GET,/,9433,0,39,59.07669655464864,1.430400000000276,344.2601000000001,8688.0,494.62253128130584,0.0,39,75,90,99,140,180,220,280,340,340,340
,Aggregated,9433,0,39,59.07669655464864,1.430400000000276,344.2601000000001,8688.0,494.62253128130584,0.0,39,75,90,99,140,180,220,280,340,340,340
