Type,Name,Request Count,Failure Count,Median Response Time,Average Response Time,Min Response Time,Max Response Time,Average Content Size,Requests/s,Failures/s,50%,66%,75%,80%,90%,95%,98%,99%,99.9%,99.99%,100%
GET,/,8160,0,72,73.84094234068635,1.2695000000011447,400.7043999999995,8688.0,427.970846706776,0.0,72,87,95,100,190,230,300,310,380,400,400
,Aggregated,8160,0,72,73.84094234068635,1.2695000000011447,400.7043999999995,8688.0,427.970846706776,0.0,72,87,95,100,190,230,300,310,380,400,400
