Type,Name,Request Count,Failure Count,Median Response Time,Average Response Time,Min Response Time,Max Response Time,Average Content Size,Requests/s,Failures/s,50%,66%,75%,80%,90%,95%,98%,99%,99.9%,99.99%,100%
GET,/,8903,0,31,60.06843766146264,1.267799999999042,494.6358000000002,8688.0,467.06367629616375,0.0,31,74,88,95,150,200,290,370,400,490,490
,Aggregated,8903,0,31,60.06843766146264,1.267799999999042,494.6358000000002,8688.0,467.06367629616375,0.0,31,74,88,95,150,200,290,370,400,490,490
