Type,Name,Request Count,Failure Count,Median Response Time,Average Response Time,Min Response Time,Max Response Time,Average Content Size,Requests/s,Failures/s,50%,66%,75%,80%,90%,95%,98%,99%,99.9%,99.99%,100%
GET,/,9864,0,18,47.63946850162229,1.2443999999991462,346.4563000000003,8688.0,517.2307549749091,0.0,18,56,75,83,120,170,210,250,310,350,350
,Aggregated,9864,0,18,47.63946850162229,1.2443999999991462,346.4563000000003,8688.0,517.2307549749091,0.0,18,56,75,83,120,170,210,250,310,350,350
