Type,Name,Request Count,Failure Count,Median Response Time,Average Response Time,Min Response Time,Max Response Time,Average Content Size,Requests/s,Failures/s,50%,66%,75%,80%,90%,95%,98%,99%,99.9%,99.99%,100%
GET,/,6986,0,10,40.18318766103647,1.2383000000006916,336.85289999999935,8688.0,366.3527051128065,0.0,10,16,53,76,110,190,250,260,310,340,340
,Aggregated,6986,0,10,40.18318766103647,1.2383000000006916,336.85289999999935,8688.0,366.3527051128065,0.0,10,16,53,76,110,190,250,260,310,340,340
