Type,Name,Request Count,Failure Count,Median Response Time,Average Response Time,Min Response Time,Max Response Time,Average Content Size,Requests/s,Failures/s,50%,66%,75%,80%,90%,95%,98%,99%,99.9%,99.99%,100%
GET,/,7352,0,88,106.45684170293765,1.1774999999998315,605.4130000000022,8688.0,386.27011903822427,0.0,88,100,110,180,240,300,410,490,580,610,610
,Aggregated,7352,0,88,106.45684170293765,1.1774999999998315,605.4130000000022,8688.0,386.27011903822427,0.0,88,100,110,180,240,300,410,490,580,610,610
