Type,Name,Request Count,Failure Count,Median Response Time,Average Response Time,Min Response Time,Max Response Time,Average Content Size,Requests/s,Failures/s,50%,66%,75%,80%,90%,95%,98%,99%,99.9%,99.99%,100%
GET,/,8364,0,14,47.86138462458148,1.2046000000012214,364.1932000000008,8688.0,438.3498444777872,0.0,14,52,73,83,120,190,210,280,350,360,360
,Aggregated,8364,0,14,47.86138462458148,1.2046000000012214,364.1932000000008,8688.0,438.3498444777872,0.0,14,52,73,83,120,190,210,280,350,360,360
