Type,Name,Request Count,Failure Count,Median Response Time,Average Response Time,Min Response Time,Max Response Time,Average Content Size,Requests/s,Failures/s,50%,66%,75%,80%,90%,95%,98%,99%,99.9%,99.99%,100%
GET,/,7473,0,11,38.647145202729575,1.259899999997316,389.7516999999997,8688.0,391.9830178893083,0.0,11,22,59,72,97,170,210,300,380,390,390
,Aggregated,7473,0,11,38.647145202729575,1.259899999997316,389.7516999999997,8688.0,391.9830178893083,0.0,11,22,59,72,97,170,210,300,380,390,390
