Type,Name,Request Count,Failure Count,Median Response Time,Average Response Time,Min Response Time,Max Response Time,Average Content Size,Requests/s,Failures/s,50%,66%,75%,80%,90%,95%,98%,99%,99.9%,99.99%,100%
GET,/,9338,0,27,55.44501093381891,1.1568999999997942,396.06489999999985,8688.0,489.1463777352136,0.0,27,71,83,90,130,190,220,290,390,400,400
,Aggregated,9338,0,27,55.44501093381891,1.1568999999997942,396.06489999999985,8688.0,489.1463777352136,0.0,27,71,83,90,130,190,220,290,390,400,400
