Type,Name,Request Count,Failure Count,Median Response Time,Average Response Time,Min Response Time,Max Response Time,Average Content Size,Requests/s,Failures/s,50%,66%,75%,80%,90%,95%,98%,99%,99.9%,99.99%,100%
GET,/,7923,0,190.0,208.40851067777243,1.5096999999997252,799.8783000000013,8688.0,415.69237953629096,0.0,190,220,290,300,400,490,520,590,690,800,800
,Aggregated,7923,0,190.0,208.40851067777243,1.5096999999997252,799.8783000000013,8688.0,415.69237953629096,0.0,190,220,290,300,400,490,520,590,690,800,800
