Type,Name,Request Count,Failure Count,Median Response Time,Average Response Time,Min Response Time,Max Response Time,Average Content Size,Requests/s,Failures/s,50%,66%,75%,80%,90%,95%,98%,99%,99.9%,99.99%,100%
GET,/,7944,0,11,36.74120980614301,1.3099000000007521,375.02060000000006,8688.0,417.63481214064217,0.0,11,18,49,64,100,170,200,260,300,380,380
,Aggregated,7944,0,11,36.74120980614301,1.3099000000007521,375.02060000000006,8688.0,417.63481214064217,0.0,11,18,49,64,100,170,200,260,300,380,380
