Type,Name,Request Count,Failure Count,Median Response Time,Average Response Time,Min Response Time,Max Response Time,Average Content Size,Requests/s,Failures/s,50%,66%,75%,80%,90%,95%,98%,99%,99.9%,99.99%,100%
GET,/,9457,0,91,101.26212511367277,1.338999999999757,384.93219999999974,8688.0,496.6869730793643,0.0,91,100,120,160,200,280,290,300,360,380,380
,Aggregated,9457,0,91,101.26212511367277,1.338999999999757,384.93219999999974,8688.0,496.6869730793643,0.0,91,100,120,160,200,280,290,300,360,380,380
