Type,Name,Request Count,Failure Count,Median Response Time,Average Response Time,Min Response Time,Max Response Time,Average Content Size,Requests/s,Failures/s,50%,66%,75%,80%,90%,95%,98%,99%,99.9%,99.99%,100%
GET,/,7003,0,16,54.48704932171906,1.2286000000010233,408.45380000000023,8688.0,368.06801439555704,0.0,16,72,82,89,160,200,270,290,360,410,410
,Aggregated,7003,0,16,54.48704932171906,1.2286000000010233,408.45380000000023,8688.0,368.06801439555704,0.0,16,72,82,89,160,200,270,290,360,410,410
