Type,Name,Request Count,Failure Count,Median Response Time,Average Response Time,Min Response Time,Max Response Time,Average Content Size,Requests/s,Failures/s,50%,66%,75%,80%,90%,95%,98%,99%,99.9%,99.99%,100%
GET,/,9895,0,32,55.86746122283953,1.3789000000006268,402.7322,8688.0,518.8531249424922,0.0,32,75,86,91,110,180,210,280,390,400,400
,Aggregated,9895,0,32,55.86746122283953,1.3789000000006268,402.7322,8688.0,518.8531249424922,0.0,32,75,86,91,110,180,210,280,390,400,400
