Type,Name,Request Count,Failure Count,Median Response Time,Average Response Time,Min Response Time,Max Response Time,Average Content Size,Requests/s,Failures/s,50%,66%,75%,80%,90%,95%,98%,99%,99.9%,99.99%,100%
GET,/,8888,0,110.0,127.76027175967612,1.3738999999990398,378.3422999999999,8688.0,466.4406421618017,0.0,110,180,190,200,210,280,300,300,330,380,380
,Aggregated,8888,0,110.0,127.76027175967612,1.3738999999990398,378.3422999999999,8688.0,466.4406421618017,0.0,110,180,190,200,210,280,300,300,330,380,380
