Type,Name,Request Count,Failure Count,Median Response Time,Average Response Time,Min Response Time,Max Response Time,Average Content Size,Requests/s,Failures/s,50%,66%,75%,80%,90%,95%,98%,99%,99.9%,99.99%,100%
GET,/,9068,0,80,87.76833371195379,1.4213000000005138,337.9094,8688.0,475.24475152727905,0.0,80,100,130,170,190,210,250,270,320,340,340
,Aggregated,9068,0,80,87.76833371195379,1.4213000000005138,337.9094,8688.0,475.24475152727905,0.0,80,100,130,170,190,210,250,270,320,340,340
