Type,Name,Request Count,Failure Count,Median Response Time,Average Response Time,Min Response Time,Max Response Time,Average Content Size,Requests/s,Failures/s,50%,66%,75%,80%,90%,95%,98%,99%,99.9%,99.99%,100%
GET,/,9724,0,170.0,171.58152848622004,1.3105000000006584,800.1680999999996,8688.0,507.9201757056034,0.0,170,200,230,270,300,330,410,480,720,800,800
,Aggregated,9724,0,170.0,171.58152848622004,1.3105000000006584,800.1680999999996,8688.0,507.9201757056034,0.0,170,200,230,270,300,330,410,480,720,800,800
