Type,Name,Request Count,Failure Count,Median Response Time,Average Response Time,Min Response Time,Max Response Time,Average Content Size,Requests/s,Failures/s,50%,66%,75%,80%,90%,95%,98%,99%,99.9%,99.99%,100%
GET,/,9534,0,26,60.17269634990577,1.369399999999743,395.9836000000001,8688.0,500.76498627578025,0.0,26,70,83,94,160,220,280,300,360,400,400
,Aggregated,9534,0,26,60.17269634990577,1.369399999999743,395.9836000000001,8688.0,500.76498627578025,0.0,26,70,83,94,160,220,280,300,360,400,400
