Type,Name,Request Count,Failure Count,Median Response Time,Average Response Time,Min Response Time,Max Response Time,Average Content Size,Requests/s,Failures/s,50%,66%,75%,80%,90%,95%,98%,99%,99.9%,99.99%,100%
GET,/,8522,0,43,63.32262262379733,1.205000000002343,370.93419999999975,8688.0,446.7862485588824,0.0,43,83,96,100,180,200,220,230,300,370,370
,Aggregated,8522,0,43,63.32262262379733,1.205000000002343,370.93419999999975,8688.0,446.7862485588824,0.0,43,83,96,100,180,200,220,230,300,370,370
