Type,Name,Request Count,Failure Count,Median Response Time,Average Response Time,Min Response Time,Max Response Time,Average Content Size,Requests/s,Failures/s,50%,66%,75%,80%,90%,95%,98%,99%,99.9%,99.99%,100%
GET,/,9569,0,86,89.96671813146611,1.2217999999997176,482.8897999999997,8688.0,502.71751013281164,0.0,86,97,100,110,180,220,300,350,390,480,480
,Aggregated,9569,0,86,89.96671813146611,1.2217999999997176,482.8897999999997,8688.0,502.71751013281164,0.0,86,97,100,110,180,220,300,350,390,480,480
