Type,Name,Request Count,Failure Count,Median Response Time,Average Response Time,Min Response Time,Max Response Time,Average Content Size,Requests/s,Failures/s,50%,66%,75%,80%,90%,95%,98%,99%,99.9%,99.99%,100%
GET,/,9757,0,61,66.58961109972304,1.1119000000014978,360.5383,8688.0,510.8527417452407,0.0,61,83,94,100,160,190,220,230,320,360,360
,Aggregated,9757,0,61,66.58961109972304,1.1119000000014978,360.5383,8688.0,510.8527417452407,0.0,61,83,94,100,160,190,220,230,320,360,360
