Type,Name,Request Count,Failure Count,Median Response Time,Average Response Time,Min Response Time,Max Response Time,Average Content Size,Requests/s,Failures/s,50%,66%,75%,80%,90%,95%,98%,99%,99.9%,99.99%,100%
GET,/,8759,0,32,66.73973162461479,1.3598999999970829,385.5611999999997,8688.0,459.0957083717044,0.0,32,78,94,100,190,210,290,300,370,390,390
,Aggregated,8759,0,32,66.73973162461479,1.3598999999970829,385.5611999999997,8688.0,459.0957083717044,0.0,32,78,94,100,190,210,290,300,370,390,390
