Type,Name,Request Count,Failure Count,Median Response Time,Average Response Time,Min Response Time,Max Response Time,Average Content Size,Requests/s,Failures/s,50%,66%,75%,80%,90%,95%,98%,99%,99.9%,99.99%,100%
GET,/,7488,0,42,59.85660848023478,1.2658000000005387,377.66009999999994,8688.0,393.1542939925194,0.0,42,80,89,95,170,200,220,230,300,380,380
,Aggregated,7488,0,42,59.85660848023478,1.2658000000005387,377.66009999999994,8688.0,393.1542939925194,0.0,42,80,89,95,170,200,220,230,300,380,380
