Type,Name,Request Count,Failure Count,Median Response Time,Average Response Time,Min Response Time,Max Response Time,Average Content Size,Requests/s,Failures/s,50%,66%,75%,80%,90%,95%,98%,99%,99.9%,99.99%,100%
GET,/,9201,0,67,68.7064010651018,1.6411999999998983,347.8378000000002,8688.0,483.9935086427208,0.0,67,85,93,99,160,200,250,270,320,350,350
,Aggregated,9201,0,67,68.7064010651018,1.6411999999998983,347.8378000000002,8688.0,483.9935086427208,0.0,67,85,93,99,160,200,250,270,320,350,350
