Type,Name,Request Count,Failure Count,Median Response Time,Average Response Time,Min Response Time,Max Response Time,Average Content Size,Requests/s,Failures/s,50%,66%,75%,80%,90%,95%,98%,99%,99.9%,99.99%,100%
GET,/,9140,0,17,49.04914299781167,1.3690000000003977,320.4934000000002,8688.0,479.5578873494751,0.0,17,63,79,86,110,180,240,260,280,320,320
,Aggregated,9140,0,17,49.04914299781167,1.3690000000003977,320.4934000000002,8688.0,479.5578873494751,0.0,17,63,79,86,110,180,240,260,280,320,320
