Type,Name,Request Count,Failure Count,Median Response Time,Average Response Time,Min Response Time,Max Response Time,Average Content Size,Requests/s,Failures/s,50%,66%,75%,80%,90%,95%,98%,99%,99.9%,99.99%,100%
GET,/,9519,0,30,56.42612551738597,1.2625000000028308,392.26310000000007,8688.0,499.32848673861577,0.0,30,73,85,92,120,190,250,280,300,390,390
,Aggregated,9519,0,30,56.42612551738597,1.2625000000028308,392.26310000000007,8688.0,499.32848673861577,0.0,30,73,85,92,120,190,250,280,300,390,390
