Type,Name,Request Count,Failure Count,Median Response Time,Average Response Time,Min Response Time,Max Response Time,Average Content Size,Requests/s,Failures/s,50%,66%,75%,80%,90%,95%,98%,99%,99.9%,99.99%,100%
GET,/,7233,0,8,35.66804624637082,1.1849000000001553,330.62340000000034,8688.0,379.7747729130339,0.0,8,11,40,59,110,200,230,270,310,330,330
,Aggregated,7233,0,8,35.66804624637082,1.1849000000001553,330.62340000000034,8688.0,379.7747729130339,0.0,8,11,40,59,110,200,230,270,310,330,330
