Type,Name,Request Count,Failure Count,Median Response Time,Average Response Time,Min Response Time,Max Response Time,Average Content Size,Requests/s,Failures/s,50%,66%,75%,80%,90%,95%,98%,99%,99.9%,99.99%,100%
GET,/,9183,0,59,65.1333865621256,1.3716999999999757,383.2983999999993,8688.0,481.8410585650598,0.0,59,84,92,97,150,190,260,290,330,380,380
,Aggregated,9183,0,59,65.1333865621256,1.3716999999999757,383.2983999999993,8688.0,481.8410585650598,0.0,59,84,92,97,150,190,260,290,330,380,380
