Type,Name,Request Count,Failure Count,Median Response Time,Average Response Time,Min Response Time,Max Response Time,Average Content Size,Requests/s,Failures/s,50%,66%,75%,80%,90%,95%,98%,99%,99.9%,99.99%,100%
GET,/,7192,0,9,44.13379785873203,1.3002000000010838,462.9751999999998,8688.0,377.3760996401674,0.0,9,23,68,83,150,190,270,290,420,460,460
,Aggregated,7192,0,9,44.13379785873203,1.3002000000010838,462.9751999999998,8688.0,377.3760996401674,0.0,9,23,68,83,150,190,270,290,420,460,460
