Type,Name,Request Count,Failure Count,Median Response Time,Average Response Time,Min Response Time,Max Response Time,Average Content Size,Requests/s,Failures/s,50%,66%,75%,80%,90%,95%,98%,99%,99.9%,99.99%,100%
GET,/,7636,0,13,36.20937585123113,1.2515999999997973,363.9804,8688.0,400.4274383936756,0.0,13,23,54,69,94,150,190,240,360,360,360
,Aggregated,7636,0,13,36.20937585123113,1.2515999999997973,363.9804,8688.0,400.4274383936756,0.0,13,23,54,69,94,150,190,240,360,360,360
