Type,Name,Request Count,Failure Count,Median Response Time,Average Response Time,Min Response Time,Max Response Time,Average Content Size,Requests/s,Failures/s,50%,66%,75%,80%,90%,95%,98%,99%,99.9%,99.99%,100%
GET,/,6024,0,30,132.3773966301459,1.2954000000000576,1501.4091,8688.0,316.01875893999653,0.0,30,96,180,200,390,610,900,1100,1300,1500,1500
,Aggregated,6024,0,30,132.3773966301459,1.2954000000000576,1501.4091,8688.0,316.01875893999653,0.0,30,96,180,200,390,610,900,1100,1300,1500,1500
