Type,Name,Request Count,Failure Count,Median Response Time,Average Response Time,Min Response Time,Max Response Time,Average Content Size,Requests/s,Failures/s,50%,66%,75%,80%,90%,95%,98%,99%,99.9%,99.99%,100%
GET,/,6242,0,6,33.75624275873123,1.193100000000058,395.7675000000007,8688.0,327.2194790139228,0.0,6,9,33,64,95,190,270,290,360,400,400
,Aggregated,6242,0,6,33.75624275873123,1.193100000000058,395.7675000000007,8688.0,327.2194790139228,0.0,6,9,33,64,95,190,270,290,360,400,400
