Type,Name,Request Count,Failure Count,Median Response Time,Average Response Time,Min Response Time,Max Response Time,Average Content Size,Requests/s,Failures/s,50%,66%,75%,80%,90%,95%,98%,99%,99.9%,99.99%,100%
GET,/,4711,0,6,32.73031142008062,1.184000000000296,572.8521,8688.0,247.48734228219158,0.0,6,8,12,50,91,180,290,300,550,570,570
,Aggregated,4711,0,6,32.73031142008062,1.184000000000296,572.8521,8688.0,247.48734228219158,0.0,6,8,12,50,91,180,290,300,550,570,570
