Type,Name,Request Count,Failure Count,Median Response Time,Average Response Time,Min Response Time,Max Response Time,Average Content Size,Requests/s,Failures/s,50%,66%,75%,80%,90%,95%,98%,99%,99.9%,99.99%,100%
GET,/,5784,0,10,29.238077472337476,1.243599999998679,570.9849,8688.0,303.77827989287005,0.0,10,14,20,44,84,100,200,280,540,570,570
,Aggregated,5784,0,10,29.238077472337476,1.243599999998679,570.9849,8688.0,303.77827989287005,0.0,10,14,20,44,84,100,200,280,540,570,570
