Type,Name,Request Count,Failure Count,Median Response Time,Average Response Time,Min Response Time,Max Response Time,Average Content Size,Requests/s,Failures/s,50%,66%,75%,80%,90%,95%,98%,99%,99.9%,99.99%,100%
GET,/,7539,0,9,35.59608676217016,1.233199999997936,434.51600000000036,8688.0,396.1301943151297,0.0,9,14,42,63,98,180,220,290,410,430,430
,Aggregated,7539,0,9,35.59608676217016,1.233199999997936,434.51600000000036,8688.0,396.1301943151297,0.0,9,14,42,63,98,180,220,290,410,430,430
