Type,Name,Request Count,Failure Count,Median Response Time,Average Response Time,Min Response Time,Max Response Time,Average Content Size,Requests/s,Failures/s,50%,66%,75%,80%,90%,95%,98%,99%,99.9%,99.99%,100%
GET,/,6758,0,8,34.65391399822439,1.2516999999991896,413.96299999999985,8688.0,355.2552479256217,0.0,8,13,49,70,97,170,200,260,350,410,410
,Aggregated,6758,0,8,34.65391399822439,1.2516999999991896,413.96299999999985,8688.0,355.2552479256217,0.0,8,13,49,70,97,170,200,260,350,410,410
