Type,Name,Request Count,Failure Count,Median Response Time,Average Response Time,Min Response Time,Max Response Time,Average Content Size,Requests/s,Failures/s,50%,66%,75%,80%,90%,95%,98%,99%,99.9%,99.99%,100%
GET,/,8318,0,14,57.11374028612633,1.3089000000015005,486.1879,8688.0,436.0356852107225,0.0,14,72,89,95,150,240,290,310,400,490,490
,Aggregated,8318,0,14,57.11374028612633,1.3089000000015005,486.1879,8688.0,436.0356852107225,0.0,14,72,89,95,150,240,290,310,400,490,490
