Type,Name,Request Count,Failure Count,Median Response Time,Average Response Time,Min Response Time,Max Response Time,Average Content Size,Requests/s,Failures/s,50%,66%,75%,80%,90%,95%,98%,99%,99.9%,99.99%,100%
GET,/,4533,0,6,26.942825545996143,1.1932000000003384,467.4524,8688.0,238.37104363493054,0.0,6,8,11,14,89,100,290,370,400,470,470
,Aggregated,4533,0,6,26.942825545996143,1.1932000000003384,467.4524,8688.0,238.37104363493054,0.0,6,8,11,14,89,100,290,370,400,470,470
