Type,Name,Request Count,Failure Count,Median Response Time,Average Response Time,Min Response Time,Max Response Time,Average Content Size,Requests/s,Failures/s,50%,66%,75%,80%,90%,95%,98%,99%,99.9%,99.99%,100%
GET,/,3648,0,6,32.8942145285087,1.130400000000975,498.3650000000002,8688.0,192.12545857603723,0.0,6,7,10,39,94,190,300,400,490,500,500
,Aggregated,3648,0,6,32.8942145285087,1.130400000000975,498.3650000000002,8688.0,192.12545857603723,0.0,6,7,10,39,94,190,300,400,490,500,500
