Type,Name,Request Count,Failure Count,Median Response Time,Average Response Time,Min Response Time,Max Response Time,Average Content Size,Requests/s,Failures/s,50%,66%,75%,80%,90%,95%,98%,99%,99.9%,99.99%,100%
GET,/,8459,0,14,59.09395559758858,1.2633000000015215,537.1277000000001,8688.0,443.15265665699593,0.0,14,74,88,94,170,200,320,390,480,540,540
,Aggregated,8459,0,14,59.09395559758858,1.2633000000015215,537.1277000000001,8688.0,443.15265665699593,0.0,14,74,88,94,170,200,320,390,480,540,540
