Type,Name,Request Count,Failure Count,Median Response Time,Average Response Time,Min Response Time,Max Response Time,Average Content Size,Requests/s,Failures/s,50%,66%,75%,80%,90%,95%,98%,99%,99.9%,99.99%,100%
GET,/,6848,0,8,35.17181314252332,1.3004000000016447,428.2244999999998,8688.0,359.4019325118638,0.0,8,13,39,64,100,180,240,290,380,430,430
,Aggregated,6848,0,8,35.17181314252332,1.3004000000016447,428.2244999999998,8688.0,359.4019325118638,0.0,8,13,39,64,100,180,240,290,380,430,430
