Type,Name,Request Count,Failure Count,Median Response Time,Average Response Time,Min Response Time,Max Response Time,Average Content Size,Requests/s,Failures/s,50%,66%,75%,80%,90%,95%,98%,99%,99.9%,99.99%,100%
GET,/,6935,0,8,32.19131129055516,1.3767999999991787,452.1093000000001,8688.0,364.0694119919734,0.0,8,12,32,57,94,160,200,270,380,450,450
,Aggregated,6935,0,8,32.19131129055516,1.3767999999991787,452.1093000000001,8688.0,364.0694119919734,0.0,8,12,32,57,94,160,200,270,380,450,450
