Type,Name,Request Count,Failure Count,Median Response Time,Average Response Time,Min Response Time,Max Response Time,Average Content Size,Requests/s,Failures/s,50%,66%,75%,80%,90%,95%,98%,99%,99.9%,99.99%,100%
GET,/,4812,0,6,33.59997784704901,1.285300000001044,421.2310000000001,8688.0,253.05076066656832,0.0,6,9,32,63,96,180,250,300,390,420,420
,Aggregated,4812,0,6,33.59997784704901,1.285300000001044,421.2310000000001,8688.0,253.05076066656832,0.0,6,9,32,63,96,180,250,300,390,420,420
