Type,Name,Request Count,Failure Count,Median Response Time,Average Response Time,Min Response Time,Max Response Time,Average Content Size,Requests/s,Failures/s,50%,66%,75%,80%,90%,95%,98%,99%,99.9%,99.99%,100%
GET,/,6273,0,8,30.31657119400594,1.205399999999912,337.5908999999999,8688.0,330.48981623174944,0.0,8,13,38,60,88,130,190,240,290,340,340
,Aggregated,6273,0,8,30.31657119400594,1.205399999999912,337.5908999999999,8688.0,330.48981623174944,0.0,8,13,38,60,88,130,190,240,290,340,340
