Type,Name,Request Count,Failure Count,Median Response Time,Average Response Time,Min Response Time,Max Response Time,Average Content Size,Requests/s,Failures/s,50%,66%,75%,80%,90%,95%,98%,99%,99.9%,99.99%,100%
GET,/,6908,0,9,36.0761278372899,1.2097999999980402,439.5129,8688.0,362.2280337280948,0.0,9,14,43,65,98,180,270,290,430,440,440
,Aggregated,6908,0,9,36.0761278372899,1.2097999999980402,439.5129,8688.0,362.2280337280948,0.0,9,14,43,65,98,180,270,290,430,440,440
