Type,Name,Request Count,Failure Count,Median Response Time,Average Response Time,Min Response Time,Max Response Time,Average Content Size,Requests/s,Failures/s,50%,66%,75%,80%,90%,95%,98%,99%,99.9%,99.99%,100%
GET,/,5864,0,8,26.861701313096827,1.3155999999998613,389.35910000000007,8688.0,309.79299495266656,0.0,8,13,25,48,85,98,180,190,360,390,390
,Aggregated,5864,0,8,26.861701313096827,1.3155999999998613,389.35910000000007,8688.0,309.79299495266656,0.0,8,13,25,48,85,98,180,190,360,390,390
