Type,Name,Request Count,Failure Count,Median Response Time,Average Response Time,Min Response Time,Max Response Time,Average Content Size,Requests/s,Failures/s,50%,66%,75%,80%,90%,95%,98%,99%,99.9%,99.99%,100%
GET,/,6104,0,8,26.915749950851758,1.2677000000032024,396.59069999999997,8688.0,321.19386233687203,0.0,8,11,15,28,79,130,230,290,380,400,400
,Aggregated,6104,0,8,26.915749950851758,1.2677000000032024,396.59069999999997,8688.0,321.19386233687203,0.0,8,11,15,28,79,130,230,290,380,400,400
