Type,Name,Request Count,Failure Count,Median Response Time,Average Response Time,Min Response Time,Max Response Time,Average Content Size,Requests/s,Failures/s,50%,66%,75%,80%,90%,95%,98%,99%,99.9%,99.99%,100%
GET,/,6017,0,6,34.39407271065315,1.1284000000024719,455.1578000000003,8688.0,316.258653888797,0.0,6,10,45,67,94,190,250,280,390,460,460
,Aggregated,6017,0,6,34.39407271065315,1.1284000000024719,455.1578000000003,8688.0,316.258653888797,0.0,6,10,45,67,94,190,250,280,390,460,460
