Type,Name,Request Count,Failure Count,Median Response Time,Average Response Time,Min Response Time,Max Response Time,Average Content Size,Requests/s,Failures/s,50%,66%,75%,80%,90%,95%,98%,99%,99.9%,99.99%,100%
GET,/,7402,0,9,37.28401118616577,1.2347999999988701,425.119,8688.0,387.93705946315004,0.0,9,15,61,75,99,180,200,240,350,430,430
,Aggregated,7402,0,9,37.28401118616577,1.2347999999988701,425.119,8688.0,387.93705946315004,0.0,9,15,61,75,99,180,200,240,350,430,430
