Type,Name,Request Count,Failure Count,Median Response Time,Average Response Time,Min Response Time,Max Response Time,Average Content Size,Requests/s,Failures/s,50%,66%,75%,80%,90%,95%,98%,99%,99.9%,99.99%,100%
GET,/,4680,0,11,64.91680010683754,1.1817999999994555,622.2145000000002,8688.0,246.2091918274525,0.0,12,92,98,100,190,200,300,400,500,620,620
,Aggregated,4680,0,11,64.91680010683754,1.1817999999994555,622.2145000000002,8688.0,246.2091918274525,0.0,12,92,98,100,190,200,300,400,500,620,620
