Type,Name,Request Count,Failure Count,Median Response Time,Average Response Time,Min Response Time,Max Response Time,Average Content Size,Requests/s,Failures/s,50%,66%,75%,80%,90%,95%,98%,99%,99.9%,99.99%,100%
GET,/,7816,0,9,37.94041083674511,1.2748000000009085,522.6904000000001,8688.0,409.748892384177,0.0,9,14,52,71,99,190,230,290,410,520,520
,Aggregated,7816,0,9,37.94041083674511,1.2748000000009085,522.6904000000001,8688.0,409.748892384177,0.0,9,14,52,71,99,190,230,290,410,520,520
