Type,Name,Request Count,Failure Count,Median Response Time,Average Response Time,Min Response Time,Max Response Time,Average Content Size,Requests/s,Failures/s,50%,66%,75%,80%,90%,95%,98%,99%,99.9%,99.99%,100%
GET,/,4849,0,77,76.51720032996488,1.1884999999995927,580.1305000000001,8688.0,254.93357014945607,0.0,77,94,98,100,200,290,310,400,560,580,580
,Aggregated,4849,0,77,76.51720032996488,1.1884999999995927,580.1305000000001,8688.0,254.93357014945607,0.0,77,94,98,100,200,290,310,400,560,580,580
