Type,Name,Request Count,Failure Count,Median Response Time,Average Response Time,Min Response Time,Max Response Time,Average Content Size,Requests/s,Failures/s,50%,66%,75%,80%,90%,95%,98%,99%,99.9%,99.99%,100%
GET,/,6663,0,10,31.743554900195072,1.2042999999994919,397.14709999999974,8688.0,350.35787805489014,0.0,10,14,34,56,94,120,200,250,380,400,400
,Aggregated,6663,0,10,31.743554900195072,1.2042999999994919,397.14709999999974,8688.0,350.35787805489014,0.0,10,14,34,56,94,120,200,250,380,400,400
