Type,Name,Request Count,Failure Count,Median Response Time,Average Response Time,Min Response Time,Max Response Time,Average Content Size,Requests/s,Failures/s,50%,66%,75%,80%,90%,95%,98%,99%,99.9%,99.99%,100%
GET,/,3852,0,5,26.320464979231453,1.2577999999994205,478.7005,8688.0,202.7428715932454,0.0,5,7,9,11,83,160,280,340,450,480,480
,Aggregated,3852,0,5,26.320464979231453,1.2577999999994205,478.7005,8688.0,202.7428715932454,0.0,5,7,9,11,83,160,280,340,450,480,480
