Type,Name,Request Count,Failure Count,Median Response Time,Average Response Time,Min Response Time,Max Response Time,Average Content Size,Requests/s,Failures/s,50%,66%,75%,80%,90%,95%,98%,99%,99.9%,99.99%,100%
GET,/,5099,0,7,31.691517630908017,1.2119000000012647,452.8574000000001,8688.0,268.0710064482047,0.0,7,9,18,67,94,150,240,290,370,450,450
,Aggregated,5099,0,7,31.691517630908017,1.2119000000012647,452.8574000000001,8688.0,268.0710064482047,0.0,7,9,18,67,94,150,240,290,370,450,450
