Type,Name,Request Count,Failure Count,Median Response Time,Average Response Time,Min Response Time,Max Response Time,Average Content Size,Requests/s,Failures/s,50%,66%,75%,80%,90%,95%,98%,99%,99.9%,99.99%,100%
GET,/,6451,0,8,32.90790651061847,1.1237999999984538,326.8203999999999,8688.0,339.4542307609361,0.0,8,13,34,58,97,170,230,270,300,330,330
,Aggregated,6451,0,8,32.90790651061847,1.1237999999984538,326.8203999999999,8688.0,339.4542307609361,0.0,8,13,34,58,97,170,230,270,300,330,330
