Type,Name,Request Count,Failure Count,Median Response Time,Average Response Time,Min Response Time,Max Response Time,Average Content Size,Requests/s,Failures/s,50%,66%,75%,80%,90%,95%,98%,99%,99.9%,99.99%,100%
GET,/,3124,0,7,23.775949295774588,1.1361999999994765,262.1207999999999,8688.0,166.35450015579144,0.0,7,10,14,21,81,100,170,200,260,260,260
,Aggregated,3124,0,7,23.775949295774588,1.1361999999994765,262.1207999999999,8688.0,166.35450015579144,0.0,7,10,14,21,81,100,170,200,260,260,260
