Type,Name,Request Count,Failure Count,Median Response Time,Average Response Time,Min Response Time,Max Response Time,Average Content Size,Requests/s,Failures/s,50%,66%,75%,80%,90%,95%,98%,99%,99.9%,99.99%,100%
GET,/,6251,0,9,30.860776883698826,1.3259000000012122,465.2061999999999,8688.0,328.7267656297615,0.0,9,16,33,56,88,100,190,270,460,470,470
,Aggregated,6251,0,9,30.860776883698826,1.3259000000012122,465.2061999999999,8688.0,328.7267656297615,0.0,9,16,33,56,88,100,190,270,460,470,470
