Type,Name,Request Count,Failure Count,Median Response Time,Average Response Time,Min Response Time,Max Response Time,Average Content Size,Requests/s,Failures/s,50%,66%,75%,80%,90%,95%,98%,99%,99.9%,99.99%,100%
GET,/,6632,0,11,31.6718434258142,1.2302999999995734,353.9584000000002,8688.0,347.72293624079987,0.0,11,16,27,52,95,140,200,240,290,350,350
,Aggregated,6632,0,11,31.6718434258142,1.2302999999995734,353.9584000000002,8688.0,347.72293624079987,0.0,11,16,27,52,95,140,200,240,290,350,350
