Type,Name,Request Count,Failure Count,Median Response Time,Average Response Time,Min Response Time,Max Response Time,Average Content Size,Requests/s,Failures/s,50%,66%,75%,80%,90%,95%,98%,99%,99.9%,99.99%,100%
GET,/,5781,0,6,41.30477931153789,1.189899999999966,599.6987999999997,8688.0,303.4176204791725,0.0,6,10,52,72,100,200,380,410,480,600,600
,Aggregated,5781,0,6,41.30477931153789,1.189899999999966,599.6987999999997,8688.0,303.4176204791725,0.0,6,10,52,72,100,200,380,410,480,600,600
