Type,Name,Request Count,Failure Count,Median Response Time,Average Response Time,Min Response Time,Max Response Time,Average Content Size,Requests/s,Failures/s,50%,66%,75%,80%,90%,95%,98%,99%,99.9%,99.99%,100%
GET,/,7532,0,11,39.066725504514075,1.2356000000011136,474.91549999999984,8688.0,395.57564456427326,0.0,11,22,62,75,99,160,220,290,390,470,470
,Aggregated,7532,0,11,39.066725504514075,1.2356000000011136,474.91549999999984,8688.0,395.57564456427326,0.0,11,22,62,75,99,160,220,290,390,470,470
