Type,Name,Request Count,Failure Count,Median Response Time,Average Response Time,Min Response Time,Max Response Time,Average Content Size,Requests/s,Failures/s,50%,66%,75%,80%,90%,95%,98%,99%,99.9%,99.99%,100%
GET,/,4867,0,6,30.758648202178,1.263200000000353,556.8127000000001,8688.0,255.22834174086907,0.0,6,8,13,54,91,130,240,360,530,560,560
,Aggregated,4867,0,6,30.758648202178,1.263200000000353,556.8127000000001,8688.0,255.22834174086907,0.0,6,8,13,54,91,130,240,360,530,560,560
