Type,Name,Request Count,Failure Count,Median Response Time,Average Response Time,Min Response Time,Max Response Time,Average Content Size,Requests/s,Failures/s,50%,66%,75%,80%,90%,95%,98%,99%,99.9%,99.99%,100%
GET,/,3412,0,6,22.21650334114885,1.214700000000235,349.5033000000003,8688.0,181.73621466000813,0.0,6,9,10,12,69,140,200,240,350,350,350
,Aggregated,3412,0,6,22.21650334114885,1.214700000000235,349.5033000000003,8688.0,181.73621466000813,0.0,6,9,10,12,69,140,200,240,350,350,350
