Type,Name,Request Count,Failure Count,Median Response Time,Average Response Time,Min Response Time,Max Response Time,Average Content Size,Requests/s,Failures/s,50%,66%,75%,80%,90%,95%,98%,99%,99.9%,99.99%,100%
GET,/,5850,0,7,30.76519569230751,1.2121999999994415,594.3209,8688.0,306.7350355857058,0.0,7,11,19,47,93,150,250,270,510,590,590
,Aggregated,5850,0,7,30.76519569230751,1.2121999999994415,594.3209,8688.0,306.7350355857058,0.0,7,11,19,47,93,150,250,270,510,590,590
