Type,Name,Request Count,Failure Count,Median Response Time,Average Response Time,Min Response Time,Max Response Time,Average Content Size,Requests/s,Failures/s,50%,66%,75%,80%,90%,95%,98%,99%,99.9%,99.99%,100%
GET,/,6857,0,8,34.810606212629516,1.2961000000011325,469.9645000000001,8688.0,360.32489452290883,0.0,8,13,21,55,100,190,260,290,380,470,470
,Aggregated,6857,0,8,34.810606212629516,1.2961000000011325,469.9645000000001,8688.0,360.32489452290883,0.0,8,13,21,55,100,190,260,290,380,470,470
