Type,Name,Request Count,Failure Count,Median Response Time,Average Response Time,Min Response Time,Max Response Time,Average Content Size,Requests/s,Failures/s,50%,66%,75%,80%,90%,95%,98%,99%,99.9%,99.99%,100%
GET,/,4499,0,7,25.939663036230286,1.2311000000000405,307.40290000000005,8688.0,238.54805059366694,0.0,7,10,13,20,87,130,200,210,300,310,310
,Aggregated,4499,0,7,25.939663036230286,1.2311000000000405,307.40290000000005,8688.0,238.54805059366694,0.0,7,10,13,20,87,130,200,210,300,310,310
