Type,Name,Request Count,Failure Count,Median Response Time,Average Response Time,Min Response Time,Max Response Time,Average Content Size,Requests/s,Failures/s,50%,66%,75%,80%,90%,95%,98%,99%,99.9%,99.99%,100%
GET,/,5394,0,6,33.831006525769446,1.2024999999997732,666.0499,8688.0,283.6254641508781,0.0,6,8,12,41,93,190,340,400,570,670,670
,Aggregated,5394,0,6,33.831006525769446,1.2024999999997732,666.0499,8688.0,283.6254641508781,0.0,6,8,12,41,93,190,340,400,570,670,670
