Type,Name,Request Count,Failure Count,Median Response Time,Average Response Time,Min Response Time,Max Response Time,Average Content Size,Requests/s,Failures/s,50%,66%,75%,80%,90%,95%,98%,99%,99.9%,99.99%,100%
GET,/,7142,0,10,37.05121496779621,1.2486000000002662,411.2209999999994,8688.0,375.2987931592647,0.0,10,17,48,67,98,180,280,290,380,410,410
,Aggregated,7142,0,10,37.05121496779621,1.2486000000002662,411.2209999999994,8688.0,375.2987931592647,0.0,10,17,48,67,98,180,280,290,380,410,410
