Type,Name,Request Count,Failure Count,Median Response Time,Average Response Time,Min Response Time,Max Response Time,Average Content Size,Requests/s,Failures/s,50%,66%,75%,80%,90%,95%,98%,99%,99.9%,99.99%,100%
GET,/,5077,0,6,28.825485069923296,1.2223999999996238,359.9047,8688.0,267.1221088235435,0.0,6,9,13,48,89,150,240,270,340,360,360
,Aggregated,5077,0,6,28.825485069923296,1.2223999999996238,359.9047,8688.0,267.1221088235435,0.0,6,9,13,48,89,150,240,270,340,360,360
