Type,Name,Request Count,Failure Count,Median Response Time,Average Response Time,Min Response Time,Max Response Time,Average Content Size,Requests/s,Failures/s,50%,66%,75%,80%,90%,95%,98%,99%,99.9%,99.99%,100%
GET,/,5754,0,6,35.702619047618974,1.199500000000242,453.50420000000025,8688.0,302.565807975671,0.0,6,9,19,61,100,200,290,300,420,450,450
,Aggregated,5754,0,6,35.702619047618974,1.199500000000242,453.50420000000025,8688.0,302.565807975671,0.0,6,9,19,61,100,200,290,300,420,450,450
