Type,Name,Request Count,Failure Count,Median Response Time,Average Response Time,Min Response Time,Max Response Time,Average Content Size,Requests/s,Failures/s,50%,66%,75%,80%,90%,95%,98%,99%,99.9%,99.99%,100%
GET,/,5464,0,10,29.297571193265068,1.2938000000008998,404.3394,8688.0,287.3097856674902,0.0,10,16,22,46,89,130,190,240,320,400,400
,Aggregated,5464,0,10,29.297571193265068,1.2938000000008998,404.3394,8688.0,287.3097856674902,0.0,10,16,22,46,89,130,190,240,320,400,400
