Type,Name,Request Count,Failure Count,Median Response Time,Average Response Time,Min Response Time,Max Response Time,Average Content Size,Requests/s,Failures/s,50%,66%,75%,80%,90%,95%,98%,99%,99.9%,99.99%,100%
GET,/,5398,0,9,29.842742237865856,1.229099999999761,388.5208,8688.0,284.4343308901169,0.0,9,13,21,44,92,140,200,250,340,390,390
,Aggregated,5398,0,9,29.842742237865856,1.229099999999761,388.5208,8688.0,284.4343308901169,0.0,9,13,21,44,92,140,200,250,340,390,390
