Type,Name,Request Count,Failure Count,Median Response Time,Average Response Time,Min Response Time,Max Response Time,Average Content Size,Requests/s,Failures/s,50%,66%,75%,80%,90%,95%,98%,99%,99.9%,99.99%,100%
GET,/,8054,0,10,35.12847679413971,1.2606000000001671,356.9918999999997,8688.0,422.2358621477883,0.0,10,18,48,63,97,160,200,250,350,360,360
,Aggregated,8054,0,10,35.12847679413971,1.2606000000001671,356.9918999999997,8688.0,422.2358621477883,0.0,10,18,48,63,97,160,200,250,350,360,360
