Type,Name,Request Count,Failure Count,Median Response Time,Average Response Time,Min Response Time,Max Response Time,Average Content Size,Requests/s,Failures/s,50%,66%,75%,80%,90%,95%,98%,99%,99.9%,99.99%,100%
GET,/,6211,0,7,38.67120737401375,1.1650000000003047,479.3096000000001,8688.0,326.4706171681481,0.0,7,12,64,79,98,190,280,290,450,480,480
,Aggregated,6211,0,7,38.67120737401375,1.1650000000003047,479.3096000000001,8688.0,326.4706171681481,0.0,7,12,64,79,98,190,280,290,450,480,480
