Type,Name,Request Count,Failure Count,Median Response Time,Average Response Time,Min Response Time,Max Response Time,Average Content Size,Requests/s,Failures/s,50%,66%,75%,80%,90%,95%,98%,99%,99.9%,99.99%,100%
GET,/,3106,0,5,26.696189922730206,1.1577000000002613,314.15570000000014,8688.0,164.07773583220344,0.0,5,7,9,36,89,190,210,290,310,310,310
,Aggregated,3106,0,5,26.696189922730206,1.1577000000002613,314.15570000000014,8688.0,164.07773583220344,0.0,5,7,9,36,89,190,210,290,310,310,310
