Type,Name,Request Count,Failure Count,Median Response Time,Average Response Time,Min Response Time,Max Response Time,Average Content Size,Requests/s,Failures/s,50%,66%,75%,80%,90%,95%,98%,99%,99.9%,99.99%,100%
GET,/,5527,0,9,28.203883625836898,1.255400000001572,310.648,8688.0,291.7000401488483,0.0,9,14,21,45,87,110,200,230,310,310,310
,Aggregated,5527,0,9,28.203883625836898,1.255400000001572,310.648,8688.0,291.7000401488483,0.0,9,14,21,45,87,110,200,230,310,310,310
