Type,Name,Request Count,Failure Count,Median Response Time,Average Response Time,Min Response Time,Max Response Time,Average Content Size,Requests/s,Failures/s,50%,66%,75%,80%,90%,95%,98%,99%,99.9%,99.99%,100%
GET,/,6907,0,11,54.59910608078765,1.170999999999367,620.5940999999999,8688.0,362.5125859689314,0.0,11,74,87,92,120,200,290,480,530,620,620
,Aggregated,6907,0,11,54.59910608078765,1.170999999999367,620.5940999999999,8688.0,362.5125859689314,0.0,11,74,87,92,120,200,290,480,530,620,620
