Type,Name,Request Count,Failure Count,Median Response Time,Average Response Time,Min Response Time,Max Response Time,Average Content Size,Requests/s,Failures/s,50%,66%,75%,80%,90%,95%,98%,99%,99.9%,99.99%,100%
GET,/,3831,0,5,36.7558752806055,1.215299999998365,457.73049999999984,8688.0,201.77376690917373,0.0,5,7,10,49,100,230,320,360,450,460,460
,Aggregated,3831,0,5,36.7558752806055,1.215299999998365,457.73049999999984,8688.0,201.77376690917373,0.0,5,7,10,49,100,230,320,360,450,460,460
