Type,Name,Request Count,Failure Count,Median Response Time,Average Response Time,Min Response Time,Max Response Time,Average Content Size,Requests/s,Failures/s,50%,66%,75%,80%,90%,95%,98%,99%,99.9%,99.99%,100%
GET,/,7787,0,11,35.766815949659936,1.3201999999985503,382.46549999999945,8688.0,408.5456412996254,0.0,11,18,51,69,99,160,200,240,300,380,380
,Aggregated,7787,0,11,35.766815949659936,1.3201999999985503,382.46549999999945,8688.0,408.5456412996254,0.0,11,18,51,69,99,160,200,240,300,380,380
