Type,Name,Request Count,Failure Count,Median Response Time,Average Response Time,Min Response Time,Max Response Time,Average Content Size,Requests/s,Failures/s,50%,66%,75%,80%,90%,95%,98%,99%,99.9%,99.99%,100%
GET,/,5490,0,6,32.414813406192906,1.188599999998985,413.8231000000001,8688.0,288.27694141663363,0.0,6,9,19,59,100,190,230,290,370,410,410
,Aggregated,5490,0,6,32.414813406192906,1.188599999998985,413.8231000000001,8688.0,288.27694141663363,0.0,6,9,19,59,100,190,230,290,370,410,410
