Type,Name,Request Count,Failure Count,Median Response Time,Average Response Time,Min Response Time,Max Response Time,Average Content Size,Requests/s,Failures/s,50%,66%,75%,80%,90%,95%,98%,99%,99.9%,99.99%,100%
GET,/,5909,0,8,28.497714740226805,1.198199999999261,406.14980000000014,8688.0,310.3600082288007,0.0,8,11,18,41,88,110,200,290,400,410,410
,Aggregated,5909,0,8,28.497714740226805,1.198199999999261,406.14980000000014,8688.0,310.3600082288007,0.0,8,11,18,41,88,110,200,290,400,410,410
