Type,Name,Request Count,Failure Count,Median Response Time,Average Response Time,Min Response Time,Max Response Time,Average Content Size,Requests/s,Failures/s,50%,66%,75%,80%,90%,95%,98%,99%,99.9%,99.99%,100%
GET,/,5958,0,8,28.32700736824447,1.2550000000004502,339.47939999999966,8688.0,313.7502167592483,0.0,8,12,17,43,90,130,200,220,340,340,340
,Aggregated,5958,0,8,28.32700736824447,1.2550000000004502,339.47939999999966,8688.0,313.7502167592483,0.0,8,12,17,43,90,130,200,220,340,340,340
