Type,Name,Request Count,Failure Count,Median Response Time,Average Response Time,Min Response Time,Max Response Time,Average Content Size,Requests/s,Failures/s,50%,66%,75%,80%,90%,95%,98%,99%,99.9%,99.99%,100%
GET,/,6616,0,9,32.27349165659018,1.2767000000000195,390.89459999999974,8688.0,347.4736448406957,0.0,9,15,38,58,95,130,220,280,370,390,390
,Aggregated,6616,0,9,32.27349165659018,1.2767000000000195,390.89459999999974,8688.0,347.4736448406957,0.0,9,15,38,58,95,130,220,280,370,390,390
