Type,Name,Request Count,Failure Count,Median Response Time,Average Response Time,Min Response Time,Max Response Time,Average Content Size,Requests/s,Failures/s,50%,66%,75%,80%,90%,95%,98%,99%,99.9%,99.99%,100%
GET,/,3070,0,4,25.857846970683937,1.1048999999978548,332.4084999999999,8688.0,162.014159870725,0.0,4,5,8,17,88,170,230,250,320,330,330
,Aggregated,3070,0,4,25.857846970683937,1.1048999999978548,332.4084999999999,8688.0,162.014159870725,0.0,4,5,8,17,88,170,230,250,320,330,330
