Type,Name,Request Count,Failure Count,Median Response Time,Average Response Time,Min Response Time,Max Response Time,Average Content Size,Requests/s,Failures/s,50%,66%,75%,80%,90%,95%,98%,99%,99.9%,99.99%,100%
GET,/,4536,0,6,45.81331452821856,1.2182000000002802,507.07400000000024,8688.0,238.6670764427971,0.0,6,44,88,92,98,190,340,400,480,510,510
,Aggregated,4536,0,6,45.81331452821856,1.2182000000002802,507.07400000000024,8688.0,238.6670764427971,0.0,6,44,88,92,98,190,340,400,480,510,510
