Type,Name,Request Count,Failure Count,Median Response Time,Average Response Time,Min Response Time,Max Response Time,Average Content Size,Requests/s,Failures/s,50%,66%,75%,80%,90%,95%,98%,99%,99.9%,99.99%,100%
GET,/,4805,0,6,26.46463450572324,1.2232999999994831,371.18319999999994,8688.0,253.2853832553049,0.0,6,8,10,31,80,110,260,290,360,370,370
,Aggregated,4805,0,6,26.46463450572324,1.2232999999994831,371.18319999999994,8688.0,253.2853832553049,0.0,6,8,10,31,80,110,260,290,360,370,370
