Type,Name,Request Count,Failure Count,Median Response Time,Average Response Time,Min Response Time,Max Response Time,Average Content Size,Requests/s,Failures/s,50%,66%,75%,80%,90%,95%,98%,99%,99.9%,99.99%,100%
GET,/,7241,0,11,35.24882289738988,1.254199999999983,391.6328,8688.0,379.7053352235071,0.0,11,19,45,63,94,160,210,280,380,390,390
,Aggregated,7241,0,11,35.24882289738988,1.254199999999983,391.6328,8688.0,379.7053352235071,0.0,11,19,45,63,94,160,210,280,380,390,390
