Type,Name,Request Count,Failure Count,Median Response Time,Average Response Time,Min Response Time,Max Response Time,Average Content Size,Requests/s,Failures/s,50%,66%,75%,80%,90%,95%,98%,99%,99.9%,99.99%,100%
GET,/,2728,0,5,23.145745784457393,1.105100000000192,366.2942,8688.0,144.95756146252552,0.0,5,7,9,18,75,97,220,230,330,370,370
,Aggregated,2728,0,5,23.145745784457393,1.105100000000192,366.2942,8688.0,144.95756146252552,0.0,5,7,9,18,75,97,220,230,330,370,370
