Type,Name,Request Count,Failure Count,Median Response Time,Average Response Time,Min Response Time,Max Response Time,Average Content Size,Requests/s,Failures/s,50%,66%,75%,80%,90%,95%,98%,99%,99.9%,99.99%,100%
GET,/,6643,0,12,63.80888949269936,1.2652000000006325,451.6795,8688.0,348.3149916078283,0.0,12,86,97,100,190,240,300,330,420,450,450
,Aggregated,6643,0,12,63.80888949269936,1.2652000000006325,451.6795,8688.0,348.3149916078283,0.0,12,86,97,100,190,240,300,330,420,450,450
