Type,Name,Request Count,Failure Count,Median Response Time,Average Response Time,Min Response Time,Max Response Time,Average Content Size,Requests/s,Failures/s,50%,66%,75%,80%,90%,95%,98%,99%,99.9%,99.99%,100%
GET,/,5642,0,8,27.178327649769535,1.312000000000424,315.55769999999984,8688.0,295.75593907415424,0.0,8,10,14,36,85,130,200,220,260,320,320
,Aggregated,5642,0,8,27.178327649769535,1.312000000000424,315.55769999999984,8688.0,295.75593907415424,0.0,8,10,14,36,85,130,200,220,260,320,320
