Type,Name,Request Count,Failure Count,Median Response Time,Average Response Time,Min Response Time,Max Response Time,Average Content Size,Requests/s,Failures/s,50%,66%,75%,80%,90%,95%,98%,99%,99.9%,99.99%,100%
GET,/,4634,0,6,26.502364803625397,1.1974999999999625,447.31340000000006,8688.0,243.63839790556568,0.0,6,8,13,41,84,100,220,290,350,450,450
,Aggregated,4634,0,6,26.502364803625397,1.1974999999999625,447.31340000000006,8688.0,243.63839790556568,0.0,6,8,13,41,84,100,220,290,350,450,450
