Type,Name,Request Count,Failure Count,Median Response Time,Average Response Time,Min Response Time,Max Response Time,Average Content Size,Requests/s,Failures/s,50%,66%,75%,80%,90%,95%,98%,99%,99.9%,99.99%,100%
GET,/,6852,0,9,32.140215119673115,1.26990000000049,362.13859999999977,8688.0,360.51943542725405,0.0,9,14,37,59,93,160,190,250,350,360,360
,Aggregated,6852,0,9,32.140215119673115,1.26990000000049,362.13859999999977,8688.0,360.51943542725405,0.0,9,14,37,59,93,160,190,250,350,360,360
