Type,Name,Request Count,Failure Count,Median Response Time,Average Response Time,Min Response Time,Max Response Time,Average Content Size,Requests/s,Failures/s,50%,66%,75%,80%,90%,95%,98%,99%,99.9%,99.99%,100%
GET,/,5128,0,9,27.16591686817463,1.1996999999999147,298.8382999999999,8688.0,271.7764217844883,0.0,9,12,16,31,85,130,200,230,290,300,300
,Aggregated,5128,0,9,27.16591686817463,1.1996999999999147,298.8382999999999,8688.0,271.7764217844883,0.0,9,12,16,31,85,130,200,230,290,300,300
