Type,Name,Request Count,Failure Count,Median Response Time,Average Response Time,Min Response Time,Max Response Time,Average Content Size,Requests/s,Failures/s,50%,66%,75%,80%,90%,95%,98%,99%,99.9%,99.99%,100%
GET,/,6324,0,290.0,304.8797753478807,3.697400000000073,990.1140999999996,8688.0,332.2796399609484,0.0,290,360,400,410,500,590,610,690,790,990,990
,Aggregated,6324,0,290.0,304.8797753478807,3.697400000000073,990.1140999999996,8688.0,332.2796399609484,0.0,290,360,400,410,500,590,610,690,790,990,990
