Type,Name,Request Count,Failure Count,Median Response Time,Average Response Time,Min Response Time,Max Response Time,Average Content Size,Requests/s,Failures/s,50%,66%,75%,80%,90%,95%,98%,99%,99.9%,99.99%,100%
GET,/,5837,0,8,34.97221005653583,1.2375000000020009,395.48720000000026,8688.0,306.8684770548992,0.0,8,13,47,69,97,190,230,260,360,400,400
,Aggregated,5837,0,8,34.97221005653583,1.2375000000020009,395.48720000000026,8688.0,306.8684770548992,0.0,8,13,47,69,97,190,230,260,360,400,400
