Type,Name,Request Count,Failure Count,Median Response Time,Average Response Time,Min Response Time,Max Response Time,Average Content Size,Requests/s,Failures/s,50%,66%,75%,80%,90%,95%,98%,99%,99.9%,99.99%,100%
GET,/,5633,0,6,40.15959151429077,1.2077000000001448,494.0819999999997,8688.0,295.66817057532035,0.0,6,10,43,73,100,210,300,390,410,490,490
,Aggregated,5633,0,6,40.15959151429077,1.2077000000001448,494.0819999999997,8688.0,295.66817057532035,0.0,6,10,43,73,100,210,300,390,410,490,490
