Type,Name,Request Count,Failure Count,Median Response Time,Average Response Time,Min Response Time,Max Response Time,Average Content Size,Requests/s,Failures/s,50%,66%,75%,80%,90%,95%,98%,99%,99.9%,99.99%,100%
GET,/,6774,0,9,40.850239164452255,1.304899999999165,542.5988000000004,8688.0,356.1244078075887,0.0,9,15,58,77,100,190,280,350,490,540,540
,Aggregated,6774,0,9,40.850239164452255,1.304899999999165,542.5988000000004,8688.0,356.1244078075887,0.0,9,15,58,77,100,190,280,350,490,540,540
