Type,Name,Request Count,Failure Count,Median Response Time,Average Response Time,Min Response Time,Max Response Time,Average Content Size,Requests/s,Failures/s,50%,66%,75%,80%,90%,95%,98%,99%,99.9%,99.99%,100%
GET,/,4873,0,6,27.537791976195383,1.2315999999987781,364.4457999999999,8688.0,256.78266397816924,0.0,6,9,13,46,83,120,230,270,340,360,360
,Aggregated,4873,0,6,27.537791976195383,1.2315999999987781,364.4457999999999,8688.0,256.78266397816924,0.0,6,9,13,46,83,120,230,270,340,360,360
