Type,Name,Request Count,Failure Count,Median Response Time,Average Response Time,Min Response Time,Max Response Time,Average Content Size,Requests/s,Failures/s,50%,66%,75%,80%,90%,95%,98%,99%,99.9%,99.99%,100%
GET,/,7552,0,10,41.66975276747883,1.2468999999999397,455.5199999999999,8688.0,396.53679051304704,0.0,10,33,70,81,100,180,270,290,360,460,460
,Aggregated,7552,0,10,41.66975276747883,1.2468999999999397,455.5199999999999,8688.0,396.53679051304704,0.0,10,33,70,81,100,180,270,290,360,460,460
