Type,Name,Request Count,Failure Count,Median Response Time,Average Response Time,Min Response Time,Max Response Time,Average Content Size,Requests/s,Failures/s,50%,66%,75%,80%,90%,95%,98%,99%,99.9%,99.99%,100%
GET,/,2710,0,5,23.557044686346863,1.192300000000479,341.8145000000001,8688.0,143.7321069611244,0.0,5,6,7,30,82,99,220,240,340,340,340
,Aggregated,2710,0,5,23.557044686346863,1.192300000000479,341.8145000000001,8688.0,143.7321069611244,0.0,5,6,7,30,82,99,220,240,340,340,340
