Type,Name,Request Count,Failure Count,Median Response Time,Average Response Time,Min Response Time,Max Response Time,Average Content Size,Requests/s,Failures/s,50%,66%,75%,80%,90%,95%,98%,99%,99.9%,99.99%,100%
GET,/,8020,0,13,37.76871488778058,1.2913000000001063,315.79330000000016,8688.0,420.98902525354595,0.0,13,32,64,74,94,120,190,210,300,320,320
,Aggregated,8020,0,13,37.76871488778058,1.2913000000001063,315.79330000000016,8688.0,420.98902525354595,0.0,13,32,64,74,94,120,190,210,300,320,320
