Type,Name,Request Count,Failure Count,Median Response Time,Average Response Time,Min Response Time,Max Response Time,Average Content Size,Requests/s,Failures/s,50%,66%,75%,80%,90%,95%,98%,99%,99.9%,99.99%,100%
GET,/,8580,0,13,42.35903175990662,1.2775000000004866,479.6221000000003,8688.0,450.12804681985426,0.0,13,28,63,75,100,180,270,290,400,480,480
,Aggregated,8580,0,13,42.35903175990662,1.2775000000004866,479.6221000000003,8688.0,450.12804681985426,0.0,13,28,63,75,100,180,270,290,400,480,480
