Type,Name,Request Count,Failure Count,Median Response Time,Average Response Time,Min Response Time,Max Response Time,Average Content Size,Requests/s,Failures/s,50%,66%,75%,80%,90%,95%,98%,99%,99.9%,99.99%,100%
GET,/,5812,0,5,33.623399690295955,1.2597000000003078,499.65290000000005,8688.0,305.13608336431764,0.0,5,8,14,53,100,200,290,300,450,500,500
,Aggregated,5812,0,5,33.623399690295955,1.2597000000003078,499.65290000000005,8688.0,305.13608336431764,0.0,5,8,14,53,100,200,290,300,450,500,500
