Type,Name,Request Count,Failure Count,Median Response Time,Average Response Time,Min Response Time,Max Response Time,Average Content Size,Requests/s,Failures/s,50%,66%,75%,80%,90%,95%,98%,99%,99.9%,99.99%,100%
GET,/,6872,0,8,35.01353764551795,1.2494000000007333,486.3643999999998,8688.0,360.2236714719432,0.0,8,12,24,57,100,190,260,300,390,490,490
,Aggregated,6872,0,8,35.01353764551795,1.2494000000007333,486.3643999999998,8688.0,360.2236714719432,0.0,8,12,24,57,100,190,260,300,390,490,490
