Type,Name,Request Count,Failure Count,Median Response Time,Average Response Time,Min Response Time,Max Response Time,Average Content Size,Requests/s,Failures/s,50%,66%,75%,80%,90%,95%,98%,99%,99.9%,99.99%,100%
GET,/,8298,0,13,46.99313058568319,1.2933999999980017,308.6425999999998,8688.0,435.374367594288,0.0,13,59,81,91,110,190,230,280,300,310,310
,Aggregated,8298,0,13,46.99313058568319,1.2933999999980017,308.6425999999998,8688.0,435.374367594288,0.0,13,59,81,91,110,190,230,280,300,310,310
