Type,Name,Request Count,Failure Count,Median Response Time,Average Response Time,Min Response Time,Max Response Time,Average Content Size,Requests/s,Failures/s,50%,66%,75%,80%,90%,95%,98%,99%,99.9%,99.99%,100%
GET,/,5976,0,8,27.414528982596895,1.2680000000031555,470.7024999999998,8688.0,314.5069777314176,0.0,8,12,16,32,89,100,200,280,460,470,470
,Aggregated,5976,0,8,27.414528982596895,1.2680000000031555,470.7024999999998,8688.0,314.5069777314176,0.0,8,12,16,32,89,100,200,280,460,470,470
