Type,Name,Request Count,Failure Count,Median Response Time,Average Response Time,Min Response Time,Max Response Time,Average Content Size,Requests/s,Failures/s,50%,66%,75%,80%,90%,95%,98%,99%,99.9%,99.99%,100%
GET,/,6056,0,11,30.144914217305146,1.3852999999990345,369.84930000000026,8688.0,319.04929846837604,0.0,11,18,37,59,83,100,170,190,340,370,370
,Aggregated,6056,0,11,30.144914217305146,1.3852999999990345,369.84930000000026,8688.0,319.04929846837604,0.0,11,18,37,59,83,100,170,190,340,370,370
