Type,Name,Request Count,Failure Count,Median Response Time,Average Response Time,Min Response Time,Max Response Time,Average Content Size,Requests/s,Failures/s,50%,66%,75%,80%,90%,95%,98%,99%,99.9%,99.99%,100%
GET,/,3178,0,7,21.141673348017587,1.3693000000003508,320.85230000000007,8688.0,169.8656531536956,0.0,7,10,14,17,65,94,160,230,240,320,320
,Aggregated,3178,0,7,21.141673348017587,1.3693000000003508,320.85230000000007,8688.0,169.8656531536956,0.0,7,10,14,17,65,94,160,230,240,320,320
