Type,Name,Request Count,Failure Count,Median Response Time,Average Response Time,Min Response Time,Max Response Time,Average Content Size,Requests/s,Failures/s,50%,66%,75%,80%,90%,95%,98%,99%,99.9%,99.99%,100%
GET,/,4890,0,7,28.267826748466263,1.1700000000001154,348.4586000000003,8688.0,257.7843053062377,0.0,7,9,12,43,92,150,200,240,320,350,350
,Aggregated,4890,0,7,28.267826748466263,1.1700000000001154,348.4586000000003,8688.0,257.7843053062377,0.0,7,9,12,43,92,150,200,240,320,350,350
