Type,Name,Request Count,Failure Count,Median Response Time,Average Response Time,Min Response Time,Max Response Time,Average Content Size,Requests/s,Failures/s,50%,66%,75%,80%,90%,95%,98%,99%,99.9%,99.99%,100%
GET,/,6905,0,29,67.93921730629997,1.247499999999846,402.8523000000002,8688.0,362.5575806464798,0.0,29,91,96,100,200,270,290,300,390,400,400
,Aggregated,6905,0,29,67.93921730629997,1.247499999999846,402.8523000000002,8688.0,362.5575806464798,0.0,29,91,96,100,200,270,290,300,390,400,400
