Type,Name,Request Count,Failure Count,Median Response Time,Average Response Time,Min Response Time,Max Response Time,Average Content Size,Requests/s,Failures/s,50%,66%,75%,80%,90%,95%,98%,99%,99.9%,99.99%,100%
GET,/,7285,0,11,32.62618999313672,1.3620999999996997,366.0964,8688.0,383.27266222903086,0.0,11,18,43,61,91,120,190,250,300,370,370
,Aggregated,7285,0,11,32.62618999313672,1.3620999999996997,366.0964,8688.0,383.27266222903086,0.0,11,18,43,61,91,120,190,250,300,370,370
