Type,Name,Request Count,Failure Count,Median Response Time,Average Response Time,Min Response Time,Max Response Time,Average Content Size,Requests/s,Failures/s,50%,66%,75%,80%,90%,95%,98%,99%,99.9%,99.99%,100%
GET,/,3628,0,6,23.736163092612987,1.2570000000025061,461.13859999999994,8688.0,193.07888368790492,0.0,6,8,10,13,75,110,250,270,460,460,460
,Aggregated,3628,0,6,23.736163092612987,1.2570000000025061,461.13859999999994,8688.0,193.07888368790492,0.0,6,8,10,13,75,110,250,270,460,460,460
