Type,Name,Request Count,Failure Count,Median Response Time,Average Response Time,Min Response Time,Max Response Time,Average Content Size,Requests/s,Failures/s,50%,66%,75%,80%,90%,95%,98%,99%,99.9%,99.99%,100%
GET,/,6430,0,7,30.14849578538129,1.2302999999995734,384.1036,8688.0,338.04566444754244,0.0,7,11,31,54,93,140,190,200,380,380,380
,Aggregated,6430,0,7,30.14849578538129,1.2302999999995734,384.1036,8688.0,338.04566444754244,0.0,7,11,31,54,93,140,190,200,380,380,380
