Type,Name,Request Count,Failure Count,Median Response Time,Average Response Time,Min Response Time,Max Response Time,Average Content Size,Requests/s,Failures/s,50%,66%,75%,80%,90%,95%,98%,99%,99.9%,99.99%,100%
GET,/,4652,0,11,29.391555245055887,1.3035999999999603,327.45679999999976,8688.0,245.43799597211486,0.0,11,16,30,48,88,120,190,210,300,330,330
,Aggregated,4652,0,11,29.391555245055887,1.3035999999999603,327.45679999999976,8688.0,245.43799597211486,0.0,11,16,30,48,88,120,190,210,300,330,330
