Type,Name,Request Count,Failure Count,Median Response Time,Average Response Time,Min Response Time,Max Response Time,Average Content Size,Requests/s,Failures/s,50%,66%,75%,80%,90%,95%,98%,99%,99.9%,99.99%,100%
GET,/,4075,0,6,26.63098252760729,1.1159999999996728,390.7246999999998,8688.0,213.65443463246677,0.0,6,8,10,20,87,140,200,300,380,390,390
,Aggregated,4075,0,6,26.63098252760729,1.1159999999996728,390.7246999999998,8688.0,213.65443463246677,0.0,6,8,10,20,87,140,200,300,380,390,390
