Type,Name,Request Count,Failure Count,Median Response Time,Average Response Time,Min Response Time,Max Response Time,Average Content Size,Requests/s,Failures/s,50%,66%,75%,80%,90%,95%,98%,99%,99.9%,99.99%,100%
GET,/,2566,0,5,25.66875604052995,1.2220000000020548,290.2002000000001,8688.0,135.61008568776853,0.0,5,8,11,29,85,100,190,270,290,290,290
,Aggregated,2566,0,5,25.66875604052995,1.2220000000020548,290.2002000000001,8688.0,135.61008568776853,0.0,5,8,11,29,85,100,190,270,290,290,290
