Type,Name,Request Count,Failure Count,Median Response Time,Average Response Time,Min Response Time,Max Response Time,Average Content Size,Requests/s,Failures/s,50%,66%,75%,80%,90%,95%,98%,99%,99.9%,99.99%,100%
GET,/,5873,0,7,34.23993340711747,1.2135000000004226,397.4280000000001,8688.0,308.4099031426171,0.0,7,11,45,66,98,180,210,290,390,400,400
,Aggregated,5873,0,7,34.23993340711747,1.2135000000004226,397.4280000000001,8688.0,308.4099031426171,0.0,7,11,45,66,98,180,210,290,390,400,400
