Type,Name,Request Count,Failure Count,Median Response Time,Average Response Time,Min Response Time,Max Response Time,Average Content Size,Requests/s,Failures/s,50%,66%,75%,80%,90%,95%,98%,99%,99.9%,99.99%,100%
GET,/,5573,0,6,34.883415682756116,1.1790000000004852,566.5078000000001,8688.0,292.5935009345087,0.0,6,9,45,72,93,170,290,370,470,570,570
,Aggregated,5573,0,6,34.883415682756116,1.1790000000004852,566.5078000000001,8688.0,292.5935009345087,0.0,6,9,45,72,93,170,290,370,470,570,570
