Type,Name,Request Count,Failure Count,Median Response Time,Average Response Time,Min Response Time,Max Response Time,Average Content Size,Requests/s,Failures/s,50%,66%,75%,80%,90%,95%,98%,99%,99.9%,99.99%,100%
GET,/,6556,0,8,46.94380988407547,1.2001999999995405,356.9102000000002,8688.0,345.3366515362261,0.0,8,48,88,93,110,200,290,300,340,360,360
,Aggregated,6556,0,8,46.94380988407547,1.2001999999995405,356.9102000000002,8688.0,345.3366515362261,0.0,8,48,88,93,110,200,290,300,340,360,360
