Type,Name,Request Count,Failure Count,Median Response Time,Average Response Time,Min Response Time,Max Response Time,Average Content Size,Requests/s,Failures/s,50%,66%,75%,80%,90%,95%,98%,99%,99.9%,99.99%,100%
GET,/,5196,0,7,25.47656279830645,1.3728000000021723,311.63119999999986,8688.0,275.99242869878054,0.0,7,10,14,37,83,100,190,200,290,310,310
,Aggregated,5196,0,7,25.47656279830645,1.3728000000021723,311.63119999999986,8688.0,275.99242869878054,0.0,7,10,14,37,83,100,190,200,290,310,310
