Type,Name,Request Count,Failure Count,Median Response Time,Average Response Time,Min Response Time,Max Response Time,Average Content Size,Requests/s,Failures/s,50%,66%,75%,80%,90%,95%,98%,99%,99.9%,99.99%,100%
GET,/,1918,0,5,19.37543972888419,1.2748000000000204,322.61170000000016,8688.0,102.89057547571547,0.0,5,6,7,7,45,98,220,300,320,320,320
,Aggregated,1918,0,5,19.37543972888419,1.2748000000000204,322.61170000000016,8688.0,102.89057547571547,0.0,5,6,7,7,45,98,220,300,320,320,320
