Type,Name,Request Count,Failure Count,Median Response Time,Average Response Time,Min Response Time,Max Response Time,Average Content Size,Requests/s,Failures/s,50%,66%,75%,80%,90%,95%,98%,99%,99.9%,99.99%,100%
GET,/,5496,0,10,28.848472470887902,1.2761000000018896,428.4572,8688.0,289.1104722218212,0.0,10,15,34,55,84,100,180,200,380,430,430
,Aggregated,5496,0,10,28.848472470887902,1.2761000000018896,428.4572,8688.0,289.1104722218212,0.0,10,15,34,55,84,100,180,200,380,430,430
