Type,Name,Request Count,Failure Count,Median Response Time,Average Response Time,Min Response Time,Max Response Time,Average Content Size,Requests/s,Failures/s,50%,66%,75%,80%,90%,95%,98%,99%,99.9%,99.99%,100%
GET,/,8771,0,58,76.18668288678606,1.3472000000014361,510.64320000000055,8688.0,459.6133509085025,0.0,58,87,97,110,200,280,380,400,490,510,510
,Aggregated,8771,0,58,76.18668288678606,1.3472000000014361,510.64320000000055,8688.0,459.6133509085025,0.0,58,87,97,110,200,280,380,400,490,510,510
