Type,Name,Request Count,Failure Count,Median Response Time,Average Response Time,Min Response Time,Max Response Time,Average Content Size,Requests/s,Failures/s,50%,66%,75%,80%,90%,95%,98%,99%,99.9%,99.99%,100%
GET,/,5865,0,7,38.65907834612097,1.2126999999999555,616.9220000000001,8688.0,307.9074733747314,0.0,7,12,57,77,97,190,270,390,580,620,620
,Aggregated,5865,0,7,38.65907834612097,1.2126999999999555,616.9220000000001,8688.0,307.9074733747314,0.0,7,12,57,77,97,190,270,390,580,620,620
