Type,Name,Request Count,Failure Count,Median Response Time,Average Response Time,Min Response Time,Max Response Time,Average Content Size,Requests/s,Failures/s,50%,66%,75%,80%,90%,95%,98%,99%,99.9%,99.99%,100%
GET,/,3799,0,12,604.6572927612552,1.293600000000339,8339.782599999999,8688.0,199.48151973988294,0.0,12,86,120,190,760,5500,7600,7900,8300,8300,8300
,Aggregated,3799,0,12,604.6572927612552,1.293600000000339,8339.782599999999,8688.0,199.48151973988294,0.0,12,86,120,190,760,5500,7600,7900,8300,8300,8300
