Type,Name,Request Count,Failure Count,Median Response Time,Average Response Time,Min Response Time,Max Response Time,Average Content Size,Requests/s,Failures/s,50%,66%,75%,80%,90%,95%,98%,99%,99.9%,99.99%,100%
GET,/,7338,0,10,35.73898995639137,1.252800000000498,412.5331000000001,8688.0,385.5751084404057,0.0,10,17,50,65,95,170,250,280,390,410,410
,Aggregated,7338,0,10,35.73898995639137,1.252800000000498,412.5331000000001,8688.0,385.5751084404057,0.0,10,17,50,65,95,170,250,280,390,410,410
