Type,Name,Request Count,Failure Count,Median Response Time,Average Response Time,Min Response Time,Max Response Time,Average Content Size,Requests/s,Failures/s,50%,66%,75%,80%,90%,95%,98%,99%,99.9%,99.99%,100%
GET,/,5557,0,7,38.88327342091049,1.1474999999983027,420.98710000000005,8688.0,292.0900025423434,0.0,7,12,59,79,100,200,250,310,390,420,420
,Aggregated,5557,0,7,38.88327342091049,1.1474999999983027,420.98710000000005,8688.0,292.0900025423434,0.0,7,12,59,79,100,200,250,310,390,420,420
