Type,Name,Request Count,Failure Count,Median Response Time,Average Response Time,Min Response Time,Max Response Time,Average Content Size,Requests/s,Failures/s,50%,66%,75%,80%,90%,95%,98%,99%,99.9%,99.99%,100%
GET,/,8042,0,13,50.537382417309,1.283799999999502,491.41600000000005,8688.0,422.68751689608206,0.0,13,57,82,91,120,200,250,290,400,490,490
,Aggregated,8042,0,13,50.537382417309,1.283799999999502,491.41600000000005,8688.0,422.68751689608206,0.0,13,57,82,91,120,200,250,290,400,490,490
