Type,Name,Request Count,Failure Count,Median Response Time,Average Response Time,Min Response Time,Max Response Time,Average Content Size,Requests/s,Failures/s,50%,66%,75%,80%,90%,95%,98%,99%,99.9%,99.99%,100%
GET,/,8488,0,13,54.09223356503281,1.2229000000001378,627.4828000000001,8688.0,444.74966074664894,0.0,13,69,87,92,130,200,290,300,530,630,630
,Aggregated,8488,0,13,54.09223356503281,1.2229000000001378,627.4828000000001,8688.0,444.74966074664894,0.0,13,69,87,92,130,200,290,300,530,630,630
