Type,Name,Request Count,Failure Count,Median Response Time,Average Response Time,Min Response Time,Max Response Time,Average Content Size,Requests/s,Failures/s,50%,66%,75%,80%,90%,95%,98%,99%,99.9%,99.99%,100%
GET,/,7914,0,13,35.94358866565571,1.3452999999987725,460.05689999999964,8688.0,415.20896717786513,0.0,13,21,42,58,98,160,210,270,360,460,460
,Aggregated,7914,0,13,35.94358866565571,1.3452999999987725,460.05689999999964,8688.0,415.20896717786513,0.0,13,21,42,58,98,160,210,270,360,460,460
