Type,Name,Request Count,Failure Count,Median Response Time,Average Response Time,Min Response Time,Max Response Time,Average Content Size,Requests/s,Failures/s,50%,66%,75%,80%,90%,95%,98%,99%,99.9%,99.99%,100%
GET,/,7510,0,11,37.54302633821568,1.2553000000004033,350.76869999999974,8688.0,394.0187854027575,0.0,11,18,57,72,100,180,210,250,330,350,350
,Aggregated,7510,0,11,37.54302633821568,1.2553000000004033,350.76869999999974,8688.0,394.0187854027575,0.0,11,18,57,72,100,180,210,250,330,350,350
