Type,Name,Request Count,Failure Count,Median Response Time,Average Response Time,Min Response Time,Max Response Time,Average Content Size,Requests/s,Failures/s,50%,66%,75%,80%,90%,95%,98%,99%,99.9%,99.99%,100%
GET,/,6488,0,8,29.65040289765723,1.2275999999999954,399.5424000000001,8688.0,341.2415560577557,0.0,8,12,19,50,87,110,200,290,380,400,400
,Aggregated,6488,0,8,29.65040289765723,1.2275999999999954,399.5424000000001,8688.0,341.2415560577557,0.0,8,12,19,50,87,110,200,290,380,400,400
