Type,Name,Request Count,Failure Count,Median Response Time,Average Response Time,Min Response Time,Max Response Time,Average Content Size,Requests/s,Failures/s,50%,66%,75%,80%,90%,95%,98%,99%,99.9%,99.99%,100%
GET,/,6939,0,17,61.02179312581027,1.2617999999999796,487.47129999999925,8688.0,364.11327628962675,0.0,17,84,91,94,180,200,290,300,390,490,490
,Aggregated,6939,0,17,61.02179312581027,1.2617999999999796,487.47129999999925,8688.0,364.11327628962675,0.0,17,84,91,94,180,200,290,300,390,490,490
