Type,Name,Request Count,Failure Count,Median Response Time,Average Response Time,Min Response Time,Max Response Time,Average Content Size,Requests/s,Failures/s,50%,66%,75%,80%,90%,95%,98%,99%,99.9%,99.99%,100%
GET,/,7642,0,10,40.32921913111735,1.3067000000006601,974.4973999999997,8688.0,400.6953944821573,0.0,10,15,47,69,100,180,260,360,820,970,970
,Aggregated,7642,0,10,40.32921913111735,1.3067000000006601,974.4973999999997,8688.0,400.6953944821573,0.0,10,15,47,69,100,180,260,360,820,970,970
