Type,Name,Request Count,Failure Count,Median Response Time,Average Response Time,Min Response Time,Max Response Time,Average Content Size,Requests/s,Failures/s,50%,66%,75%,80%,90%,95%,98%,99%,99.9%,99.99%,100%
GET,/,2486,0,5,39.29249871279153,1.1582000000007753,590.4413000000002,8688.0,131.1140312503136,0.0,5,8,29,67,100,250,320,380,490,590,590
,Aggregated,2486,0,5,39.29249871279153,1.1582000000007753,590.4413000000002,8688.0,131.1140312503136,0.0,5,8,29,67,100,250,320,380,490,590,590
