Type,Name,Request Count,Failure Count,Median Response Time,Average Response Time,Min Response Time,Max Response Time,Average Content Size,Requests/s,Failures/s,50%,66%,75%,80%,90%,95%,98%,99%,99.9%,99.99%,100%
GET,/,5476,0,7,33.77990147918185,1.1745000000011885,390.37279999999976,8688.0,287.0998145226901,0.0,7,10,53,68,95,170,200,280,360,390,390
,Aggregated,5476,0,7,33.77990147918185,1.1745000000011885,390.37279999999976,8688.0,287.0998145226901,0.0,7,10,53,68,95,170,200,280,360,390,390
