Type,Name,Request Count,Failure Count,Median Response Time,Average Response Time,Min Response Time,Max Response Time,Average Content Size,Requests/s,Failures/s,50%,66%,75%,80%,90%,95%,98%,99%,99.9%,99.99%,100%
GET,/,3802,0,7,26.071962019989492,1.2241999999993425,396.8004000000001,8688.0,201.16540316776707,0.0,7,10,13,17,86,120,210,290,380,400,400
,Aggregated,3802,0,7,26.071962019989492,1.2241999999993425,396.8004000000001,8688.0,201.16540316776707,0.0,7,10,13,17,86,120,210,290,380,400,400
