Type,Name,Request Count,Failure Count,Median Response Time,Average Response Time,Min Response Time,Max Response Time,Average Content Size,Requests/s,Failures/s,50%,66%,75%,80%,90%,95%,98%,99%,99.9%,99.99%,100%
GET,/,4866,0,76,74.44966000822032,1.183899999997351,651.7756000000002,8688.0,255.09710626564603,0.0,76,94,98,100,200,250,300,450,560,650,650
,Aggregated,4866,0,76,74.44966000822032,1.183899999997351,651.7756000000002,8688.0,255.09710626564603,0.0,76,94,98,100,200,250,300,450,560,650,650
