Type,Name,Request Count,Failure Count,Median Response Time,Average Response Time,Min Response Time,Max Response Time,Average Content Size,Requests/s,Failures/s,50%,66%,75%,80%,90%,95%,98%,99%,99.9%,99.99%,100%
GET,/,8856,0,46,61.67284447831965,1.3239999999985486,404.20509999999956,8688.0,464.31905840052065,0.0,46,85,94,98,180,200,220,280,390,400,400
,Aggregated,8856,0,46,61.67284447831965,1.3239999999985486,404.20509999999956,8688.0,464.31905840052065,0.0,46,85,94,98,180,200,220,280,390,400,400
