Type,Name,Request Count,Failure Count,Median Response Time,Average Response Time,Min Response Time,Max Response Time,Average Content Size,Requests/s,Failures/s,50%,66%,75%,80%,90%,95%,98%,99%,99.9%,99.99%,100%
GET,/,5117,0,97,123.89060459253498,1.2103000000003306,706.5246999999997,8688.0,269.15680507448513,0.0,97,110,200,200,300,340,450,500,590,710,710
,Aggregated,5117,0,97,123.89060459253498,1.2103000000003306,706.5246999999997,8688.0,269.15680507448513,0.0,97,110,200,200,300,340,450,500,590,710,710
