Type,Name,Request Count,Failure Count,Median Response Time,Average Response Time,Min Response Time,Max Response Time,Average Content Size,Requests/s,Failures/s,50%,66%,75%,80%,90%,95%,98%,99%,99.9%,99.99%,100%
GET,/,7220,0,89,85.38622627423814,1.3838000000001571,493.5881999999996,8688.0,378.64521300847423,0.0,89,96,100,110,190,220,300,350,410,490,490
,Aggregated,7220,0,89,85.38622627423814,1.3838000000001571,493.5881999999996,8688.0,378.64521300847423,0.0,89,96,100,110,190,220,300,350,410,490,490
