Type,Name,Request Count,Failure Count,Median Response Time,Average Response Time,Min Response Time,Max Response Time,Average Content Size,Requests/s,Failures/s,50%,66%,75%,80%,90%,95%,98%,99%,99.9%,99.99%,100%
GET,/,5141,0,6,32.112526512351685,1.2216000000000449,392.1159999999997,8688.0,270.2078970257205,0.0,6,8,32,60,95,180,270,300,370,390,390
,Aggregated,5141,0,6,32.112526512351685,1.2216000000000449,392.1159999999997,8688.0,270.2078970257205,0.0,6,8,32,60,95,180,270,300,370,390,390
