Type,Name,Request Count,Failure Count,Median Response Time,Average Response Time,Min Response Time,Max Response Time,Average Content Size,Requests/s,Failures/s,50%,66%,75%,80%,90%,95%,98%,99%,99.9%,99.99%,100%
GET,/,3422,0,4,34.7430803623612,1.1215999999993898,484.1610000000003,8688.0,180.37605660886047,0.0,4,6,9,48,100,210,290,350,400,480,480
,Aggregated,3422,0,4,34.7430803623612,1.1215999999993898,484.1610000000003,8688.0,180.37605660886047,0.0,4,6,9,48,100,210,290,350,400,480,480
