Type,Name,Request Count,Failure Count,Median Response Time,Average Response Time,Min Response Time,Max Response Time,Average Content Size,Requests/s,Failures/s,50%,66%,75%,80%,90%,95%,98%,99%,99.9%,99.99%,100%
GET,/,6592,0,7,31.31261445691725,1.2386999999982606,340.8005000000003,8688.0,346.13988450315964,0.0,7,11,42,64,95,150,200,240,290,340,340
,Aggregated,6592,0,7,31.31261445691725,1.2386999999982606,340.8005000000003,8688.0,346.13988450315964,0.0,7,11,42,64,95,150,200,240,290,340,340
