Type,Name,Request Count,Failure Count,Median Response Time,Average Response Time,Min Response Time,Max Response Time,Average Content Size,Requests/s,Failures/s,50%,66%,75%,80%,90%,95%,98%,99%,99.9%,99.99%,100%
GET,/,6193,0,7,37.30410340707259,1.2004000000018777,875.5026000000004,8688.0,325.42661169132515,0.0,7,13,31,59,93,130,290,620,760,880,880
,Aggregated,6193,0,7,37.30410340707259,1.2004000000018777,875.5026000000004,8688.0,325.42661169132515,0.0,7,13,31,59,93,130,290,620,760,880,880
