Type,Name,Request Count,Failure Count,Median Response Time,Average Response Time,Min Response Time,Max Response Time,Average Content Size,Requests/s,Failures/s,50%,66%,75%,80%,90%,95%,98%,99%,99.9%,99.99%,100%
GET,/,6123,0,10,60.435544161358614,1.1358000000001311,911.1426999999992,8688.0,321.5462616864613,0.0,10,54,88,98,190,270,310,390,910,910,910
,Aggregated,6123,0,10,60.435544161358614,1.1358000000001311,911.1426999999992,8688.0,321.5462616864613,0.0,10,54,88,98,190,270,310,390,910,910,910
