Type,Name,Request Count,Failure Count,Median Response Time,Average Response Time,Min Response Time,Max Response Time,Average Content Size,Requests/s,Failures/s,50%,66%,75%,80%,90%,95%,98%,99%,99.9%,99.99%,100%
GET,/,7331,0,8,35.61736868094397,1.3171999999990192,437.42459999999994,8688.0,385.14368602478504,0.0,8,12,40,63,100,180,270,290,400,440,440
,Aggregated,7331,0,8,35.61736868094397,1.3171999999990192,437.42459999999994,8688.0,385.14368602478504,0.0,8,12,40,63,100,180,270,290,400,440,440
