Type,Name,Request Count,Failure Count,Median Response Time,Average Response Time,Min Response Time,Max Response Time,Average Content Size,Requests/s,Failures/s,50%,66%,75%,80%,90%,95%,98%,99%,99.9%,99.99%,100%
GET,/,5174,0,89,83.66340655199109,1.1934999999994034,465.75310000000013,8688.0,271.94783372478474,0.0,89,96,100,100,200,300,310,370,460,470,470
,Aggregated,5174,0,89,83.66340655199109,1.1934999999994034,465.75310000000013,8688.0,271.94783372478474,0.0,89,96,100,100,200,300,310,370,460,470,470
