Type,Name,Request Count,Failure Count,Median Response Time,Average Response Time,Min Response Time,Max Response Time,Average Content Size,Requests/s,Failures/s,50%,66%,75%,80%,90%,95%,98%,99%,99.9%,99.99%,100%
GET,/,6898,0,8,36.90606142360095,1.1838000000006232,488.2697999999994,8688.0,361.7108273339197,0.0,8,15,48,67,98,180,290,370,400,490,490
,Aggregated,6898,0,8,36.90606142360095,1.1838000000006232,488.2697999999994,8688.0,361.7108273339197,0.0,8,15,48,67,98,180,290,370,400,490,490
