Type,Name,Request Count,Failure Count,Median Response Time,Average Response Time,Min Response Time,Max Response Time,Average Content Size,Requests/s,Failures/s,50%,66%,75%,80%,90%,95%,98%,99%,99.9%,99.99%,100%
GET,/,2476,0,11,18.189638408723734,1.4196999999995796,157.09539999999998,8688.0,133.3378738062311,0.0,11,15,19,21,47,74,91,150,160,160,160
,Aggregated,2476,0,11,18.189638408723734,1.4196999999995796,157.09539999999998,8688.0,133.3378738062311,0.0,11,15,19,21,47,74,91,150,160,160,160
