Type,Name,Request Count,Failure Count,Median Response Time,Average Response Time,Min Response Time,Max Response Time,Average Content Size,Requests/s,Failures/s,50%,66%,75%,80%,90%,95%,98%,99%,99.9%,99.99%,100%
GET,/,4921,0,96,113.48896970128021,1.1897000000011815,576.1961999999983,8688.0,260.2737616575267,0.0,96,100,140,190,300,380,400,440,500,580,580
,Aggregated,4921,0,96,113.48896970128021,1.1897000000011815,576.1961999999983,8688.0,260.2737616575267,0.0,96,100,140,190,300,380,400,440,500,580,580
