Type,Name,Request Count,Failure Count,Median Response Time,Average Response Time,Min Response Time,Max Response Time,Average Content Size,Requests/s,Failures/s,50%,66%,75%,80%,90%,95%,98%,99%,99.9%,99.99%,100%
GET,/,7277,0,10,32.40790353167525,1.2482000000009208,387.3023,8688.0,382.7237141188879,0.0,10,17,33,54,90,140,200,270,350,390,390
,Aggregated,7277,0,10,32.40790353167525,1.2482000000009208,387.3023,8688.0,382.7237141188879,0.0,10,17,33,54,90,140,200,270,350,390,390
