Type,Name,Request Count,Failure Count,Median Response Time,Average Response Time,Min Response Time,Max Response Time,Average Content Size,Requests/s,Failures/s,50%,66%,75%,80%,90%,95%,98%,99%,99.9%,99.99%,100%
GET,/,5799,0,6,37.20231914123133,1.3025999999989324,575.1841999999998,8688.0,304.98780866014357,0.0,6,11,51,70,100,200,240,290,550,580,580
,Aggregated,5799,0,6,37.20231914123133,1.3025999999989324,575.1841999999998,8688.0,304.98780866014357,0.0,6,11,51,70,100,200,240,290,550,580,580
