Type,Name,Request Count,Failure Count,Median Response Time,Average Response Time,Min Response Time,Max Response Time,Average Content Size,Requests/s,Failures/s,50%,66%,75%,80%,90%,95%,98%,99%,99.9%,99.99%,100%
GET,/,7409,0,9,36.103410865163994,1.3545999999990954,497.0942000000003,8688.0,388.7103955169389,0.0,9,13,44,62,97,190,240,300,480,500,500
,Aggregated,7409,0,9,36.103410865163994,1.3545999999990954,497.0942000000003,8688.0,388.7103955169389,0.0,9,13,44,62,97,190,240,300,480,500,500
