Type,Name,Request Count,Failure Count,Median Response Time,Average Response Time,Min Response Time,Max Response Time,Average Content Size,Requests/s,Failures/s,50%,66%,75%,80%,90%,95%,98%,99%,99.9%,99.99%,100%
GET,/,5576,0,7,26.687031025825082,1.2407000000003165,332.15430000000003,8688.0,294.0729427279209,0.0,7,10,15,31,91,110,200,240,330,330,330
,Aggregated,5576,0,7,26.687031025825082,1.2407000000003165,332.15430000000003,8688.0,294.0729427279209,0.0,7,10,15,31,91,110,200,240,330,330,330
