Type,Name,Request Count,Failure Count,Median Response Time,Average Response Time,Min Response Time,Max Response Time,Average Content Size,Requests/s,Failures/s,50%,66%,75%,80%,90%,95%,98%,99%,99.9%,99.99%,100%
GET,/,6154,0,8,37.58467785180379,1.24379999999924,399.4662,8688.0,323.46011906386525,0.0,8,16,63,76,96,170,250,280,370,400,400
,Aggregated,6154,0,8,37.58467785180379,1.24379999999924,399.4662,8688.0,323.46011906386525,0.0,8,16,63,76,96,170,250,280,370,400,400
