Type,Name,Request Count,Failure Count,Median Response Time,Average Response Time,Min Response Time,Max Response Time,Average Content Size,Requests/s,Failures/s,50%,66%,75%,80%,90%,95%,98%,99%,99.9%,99.99%,100%
GET,/,2296,0,5,22.488064895470387,1.2360999999998512,439.1735000000001,8688.0,122.33507105792772,0.0,5,9,11,13,65,93,250,310,360,440,440
,Aggregated,2296,0,5,22.488064895470387,1.2360999999998512,439.1735000000001,8688.0,122.33507105792772,0.0,5,9,11,13,65,93,250,310,360,440,440
