Type,Name,Request Count,Failure Count,Median Response Time,Average Response Time,Min Response Time,Max Response Time,Average Content Size,Requests/s,Failures/s,50%,66%,75%,80%,90%,95%,98%,99%,99.9%,99.99%,100%
GET,/,5993,0,8,33.62802307692314,1.190299999997535,459.3489000000002,8688.0,315.15856607956135,0.0,8,13,48,66,89,150,250,290,430,460,460
,Aggregated,5993,0,8,33.62802307692314,1.190299999997535,459.3489000000002,8688.0,315.15856607956135,0.0,8,13,48,66,89,150,250,290,430,460,460
