Type,Name,Request Count,Failure Count,Median Response Time,Average Response Time,Min Response Time,Max Response Time,Average Content Size,Requests/s,Failures/s,50%,66%,75%,80%,90%,95%,98%,99%,99.9%,99.99%,100%
GET,/,7793,0,12,34.764689914025546,1.2289999999994805,392.8088000000001,8688.0,409.1511609254377,0.0,12,20,47,64,95,130,200,250,330,390,390
,Aggregated,7793,0,12,34.764689914025546,1.2289999999994805,392.8088000000001,8688.0,409.1511609254377,0.0,12,20,47,64,95,130,200,250,330,390,390
