Type,Name,Request Count,Failure Count,Median Response Time,Average Response Time,Min Response Time,Max Response Time,Average Content Size,Requests/s,Failures/s,50%,66%,75%,80%,90%,95%,98%,99%,99.9%,99.99%,100%
GET,/,5423,0,6,30.630569315876844,1.173699999998945,571.0131999999999,8688.0,284.5586794397683,0.0,6,9,14,41,81,110,280,460,560,570,570
,Aggregated,5423,0,6,30.630569315876844,1.173699999998945,571.0131999999999,8688.0,284.5586794397683,0.0,6,9,14,41,81,110,280,460,560,570,570
