Type,Name,Request Count,Failure Count,Median Response Time,Average Response Time,Min Response Time,Max Response Time,Average Content Size,Requests/s,Failures/s,50%,66%,75%,80%,90%,95%,98%,99%,99.9%,99.99%,100%
GET,/,6030,0,6,35.37877444444459,1.1859000000011832,399.45190000000076,8688.0,315.96741493245855,0.0,6,11,46,69,94,180,270,300,380,400,400
,Aggregated,6030,0,6,35.37877444444459,1.1859000000011832,399.45190000000076,8688.0,315.96741493245855,0.0,6,11,46,69,94,180,270,300,380,400,400
