Type,Name,Request Count,Failure Count,Median Response Time,Average Response Time,Min Response Time,Max Response Time,Average Content Size,Requests/s,Failures/s,50%,66%,75%,80%,90%,95%,98%,99%,99.9%,99.99%,100%
GET,/,5528,0,7,28.872131222865438,1.174699999999973,396.8766000000001,8688.0,291.4477374496257,0.0,7,11,15,19,86,180,250,300,390,400,400
,Aggregated,5528,0,7,28.872131222865438,1.174699999999973,396.8766000000001,8688.0,291.4477374496257,0.0,7,11,15,19,86,180,250,300,390,400,400
