Type,Name,Request Count,Failure Count,Median Response Time,Average Response Time,Min Response Time,Max Response Time,Average Content Size,Requests/s,Failures/s,50%,66%,75%,80%,90%,95%,98%,99%,99.9%,99.99%,100%
GET,/,6047,0,6,31.6131667438399,1.1896000000000129,386.37049999999994,8688.0,318.00961781705524,0.0,6,9,35,62,96,180,200,240,370,390,390
,Aggregated,6047,0,6,31.6131667438399,1.1896000000000129,386.37049999999994,8688.0,318.00961781705524,0.0,6,9,35,62,96,180,200,240,370,390,390
