Type,Name,Request Count,Failure Count,Median Response Time,Average Response Time,Min Response Time,Max Response Time,Average Content Size,Requests/s,Failures/s,50%,66%,75%,80%,90%,95%,98%,99%,99.9%,99.99%,100%
GET,/,5042,0,7,25.68594827449424,1.2769000000005803,399.34089999999986,8688.0,264.9523165454708,0.0,7,10,13,19,79,130,190,280,390,400,400
,Aggregated,5042,0,7,25.68594827449424,1.2769000000005803,399.34089999999986,8688.0,264.9523165454708,0.0,7,10,13,19,79,130,190,280,390,400,400
