Type,Name,Request Count,Failure Count,Median Response Time,Average Response Time,Min Response Time,Max Response Time,Average Content Size,Requests/s,Failures/s,50%,66%,75%,80%,90%,95%,98%,99%,99.9%,99.99%,100%
GET,/,5254,0,72,68.12782767415341,1.188599999998985,492.8392000000001,8688.0,275.4521489353601,0.0,73,93,97,99,150,210,320,390,410,490,490
,Aggregated,5254,0,72,68.12782767415341,1.188599999998985,492.8392000000001,8688.0,275.4521489353601,0.0,73,93,97,99,150,210,320,390,410,490,490
