Type,Name,Request Count,Failure Count,Median Response Time,Average Response Time,Min Response Time,Max Response Time,Average Content Size,Requests/s,Failures/s,50%,66%,75%,80%,90%,95%,98%,99%,99.9%,99.99%,100%
GET,/,6094,0,8,29.44283697079091,1.273100000000582,486.7105,8688.0,320.67098308889217,0.0,8,12,20,38,82,140,230,290,380,490,490
,Aggregated,6094,0,8,29.44283697079091,1.273100000000582,486.7105,8688.0,320.67098308889217,0.0,8,12,20,38,82,140,230,290,380,490,490
