Type,Name,Request Count,Failure Count,Median Response Time,Average Response Time,Min Response Time,Max Response Time,Average Content Size,Requests/s,Failures/s,50%,66%,75%,80%,90%,95%,98%,99%,99.9%,99.99%,100%
GET,/,5319,0,110.0,173.0060383342735,1.3085000000003788,1097.035599999998,8688.0,279.3017118358884,0.0,110,200,210,290,390,490,580,610,800,1100,1100
,Aggregated,5319,0,110.0,173.0060383342735,1.3085000000003788,1097.035599999998,8688.0,279.3017118358884,0.0,110,200,210,290,390,490,580,610,800,1100,1100
