Type,Name,Request Count,Failure Count,Median Response Time,Average Response Time,Min Response Time,Max Response Time,Average Content Size,Requests/s,Failures/s,50%,66%,75%,80%,90%,95%,98%,99%,99.9%,99.99%,100%
GET,/,4074,0,8,26.023765660284706,1.296800000000431,403.72470000000015,8688.0,216.05474690168776,0.0,8,12,15,24,82,100,200,290,400,400,400
,Aggregated,4074,0,8,26.023765660284706,1.296800000000431,403.72470000000015,8688.0,216.05474690168776,0.0,8,12,15,24,82,100,200,290,400,400,400
