Type,Name,Request Count,Failure Count,Median Response Time,Average Response Time,Min Response Time,Max Response Time,Average Content Size,Requests/s,Failures/s,50%,66%,75%,80%,90%,95%,98%,99%,99.9%,99.99%,100%
GET,/,4074,0,5,23.9146454590082,1.1692999999972642,430.5156999999999,8688.0,216.24977563300246,0.0,5,8,10,13,77,100,230,270,360,430,430
,Aggregated,4074,0,5,23.9146454590082,1.1692999999972642,430.5156999999999,8688.0,216.24977563300246,0.0,5,8,10,13,77,100,230,270,360,430,430
