Type,Name,Request Count,Failure Count,Median Response Time,Average Response Time,Min Response Time,Max Response Time,Average Content Size,Requests/s,Failures/s,50%,66%,75%,80%,90%,95%,98%,99%,99.9%,99.99%,100%
GET,/,6100,0,6,33.91735878688522,1.1852000000001084,324.5085999999997,8688.0,320.74804243780983,0.0,6,9,43,66,100,190,210,240,300,320,320
,Aggregated,6100,0,6,33.91735878688522,1.1852000000001084,324.5085999999997,8688.0,320.74804243780983,0.0,6,9,43,66,100,190,210,240,300,320,320
