Type,Name,Request Count,Failure Count,Median Response Time,Average Response Time,Min Response Time,Max Response Time,Average Content Size,Requests/s,Failures/s,50%,66%,75%,80%,90%,95%,98%,99%,99.9%,99.99%,100%
GET,/,7125,0,87,99.75472589473648,1.2617000000005874,799.6783,8688.0,375.1699549341588,0.0,87,99,120,190,230,300,400,490,590,800,800
,Aggregated,7125,0,87,99.75472589473648,1.2617000000005874,799.6783,8688.0,375.1699549341588,0.0,87,99,120,190,230,300,400,490,590,800,800
