Type,Name,Request Count,Failure Count,Median Response Time,Average Response Time,Min Response Time,Max Response Time,Average Content Size,Requests/s,Failures/s,50%,66%,75%,80%,90%,95%,98%,99%,99.9%,99.99%,100%
GET,/,5619,0,210.0,240.79043171382827,1.6999000000001985,791.727599999998,8688.0,294.87370912176164,0.0,210,300,300,310,400,490,510,600,700,790,790
,Aggregated,5619,0,210.0,240.79043171382827,1.6999000000001985,791.727599999998,8688.0,294.87370912176164,0.0,210,300,300,310,400,490,510,600,700,790,790
