Type,Name,Request Count,Failure Count,Median Response Time,Average Response Time,Min Response Time,Max Response Time,Average Content Size,Requests/s,Failures/s,50%,66%,75%,80%,90%,95%,98%,99%,99.9%,99.99%,100%
GET,/,6329,0,7,71.70447325011894,1.1302000000021906,2017.9047000000003,8688.0,333.11736446644295,0.0,7,34,78,90,190,240,410,1500,1900,2000,2000
,Aggregated,6329,0,7,71.70447325011894,1.1302000000021906,2017.9047000000003,8688.0,333.11736446644295,0.0,7,34,78,90,190,240,410,1500,1900,2000,2000
