Type,Name,Request Count,Failure Count,Median Response Time,Average Response Time,Min Response Time,Max Response Time,Average Content Size,Requests/s,Failures/s,50%,66%,75%,80%,90%,95%,98%,99%,99.9%,99.99%,100%
GET,/,8359,0,12,48.5711763847349,1.4007999999989806,492.6035000000004,8688.0,437.92286793031263,0.0,12,42,70,82,140,200,290,370,480,490,490
,Aggregated,8359,0,12,48.5711763847349,1.4007999999989806,492.6035000000004,8688.0,437.92286793031263,0.0,12,42,70,82,140,200,290,370,480,490,490
