Type,Name,Request Count,Failure Count,Median Response Time,Average Response Time,Min Response Time,Max Response Time,Average Content Size,Requests/s,Failures/s,50%,66%,75%,80%,90%,95%,98%,99%,99.9%,99.99%,100%
GET,/,6776,0,8,31.22792347992923,1.2994000000006167,428.52639999999997,8688.0,355.99021225584374,0.0,8,11,17,47,97,180,220,280,370,430,430
,Aggregated,6776,0,8,31.22792347992923,1.2994000000006167,428.52639999999997,8688.0,355.99021225584374,0.0,8,11,17,47,97,180,220,280,370,430,430
