Type,Name,Request Count,Failure Count,Median Response Time,Average Response Time,Min Response Time,Max Response Time,Average Content Size,Requests/s,Failures/s,50%,66%,75%,80%,90%,95%,98%,99%,99.9%,99.99%,100%
GET,/,7189,0,8,38.08985861733215,1.2326000000006943,493.0533000000006,8688.0,377.64681846674864,0.0,8,16,55,75,100,180,250,290,380,490,490
,Aggregated,7189,0,8,38.08985861733215,1.2326000000006943,493.0533000000006,8688.0,377.64681846674864,0.0,8,16,55,75,100,180,250,290,380,490,490
