Type,Name,Request Count,Failure Count,Median Response Time,Average Response Time,Min Response Time,Max Response Time,Average Content Size,Requests/s,Failures/s,50%,66%,75%,80%,90%,95%,98%,99%,99.9%,99.99%,100%
GET,/,6459,0,8,42.79801105434279,1.2411000000014383,473.02869999999996,8688.0,339.85813898987413,0.0,8,28,74,85,99,190,290,310,430,470,470
,Aggregated,6459,0,8,42.79801105434279,1.2411000000014383,473.02869999999996,8688.0,339.85813898987413,0.0,8,28,74,85,99,190,290,310,430,470,470
