Type,Name,Request Count,Failure Count,Median Response Time,Average Response Time,Min Response Time,Max Response Time,Average Content Size,Requests/s,Failures/s,50%,66%,75%,80%,90%,95%,98%,99%,99.9%,99.99%,100%
GET,/,6620,0,11,54.36422181268898,1.2180999999991116,688.3345999999992,8688.0,347.44344121197145,0.0,11,51,82,93,190,210,300,390,580,690,690
,Aggregated,6620,0,11,54.36422181268898,1.2180999999991116,688.3345999999992,8688.0,347.44344121197145,0.0,11,51,82,93,190,210,300,390,580,690,690
