Type,Name,Request Count,Failure Count,Median Response Time,Average Response Time,Min Response Time,Max Response Time,Average Content Size,Requests/s,Failures/s,50%,66%,75%,80%,90%,95%,98%,99%,99.9%,99.99%,100%
GET,/,2677,0,98,129.50606574523724,1.2018000000004747,618.2717,8688.0,141.24856822962107,0.0,98,100,200,200,300,390,430,510,610,620,620
,Aggregated,2677,0,98,129.50606574523724,1.2018000000004747,618.2717,8688.0,141.24856822962107,0.0,98,100,200,200,300,390,430,510,610,620,620
