Type,Name,Request Count,Failure Count,Median Response Time,Average Response Time,Min Response Time,Max Response Time,Average Content Size,Requests/s,Failures/s,50%,66%,75%,80%,90%,95%,98%,99%,99.9%,99.99%,100%
GET,/,7692,0,8,39.312540119604705,1.254199999999983,320.3559999999999,8688.0,403.05148689902217,0.0,8,17,66,80,100,190,210,280,310,320,320
,Aggregated,7692,0,8,39.312540119604705,1.254199999999983,320.3559999999999,8688.0,403.05148689902217,0.0,8,17,66,80,100,190,210,280,310,320,320
