Type,Name,Request Count,Failure Count,Median Response Time,Average Response Time,Min Response Time,Max Response Time,Average Content Size,Requests/s,Failures/s,50%,66%,75%,80%,90%,95%,98%,99%,99.9%,99.99%,100%
GET,/,5366,0,8,26.555471505777188,1.28649999999908,376.19800000000004,8688.0,284.4727375222171,0.0,8,12,25,46,83,97,160,200,310,380,380
,Aggregated,5366,0,8,26.555471505777188,1.28649999999908,376.19800000000004,8688.0,284.4727375222171,0.0,8,12,25,46,83,97,160,200,310,380,380
