Type,Name,Request Count,Failure Count,Median Response Time,Average Response Time,Min Response Time,Max Response Time,Average Content Size,Requests/s,Failures/s,50%,66%,75%,80%,90%,95%,98%,99%,99.9%,99.99%,100%
GET,/,3178,0,4,26.111233322844527,1.1486999999998915,533.6458000000001,8688.0,167.09862110742395,0.0,4,6,8,10,84,100,310,340,530,530,530
,Aggregated,3178,0,4,26.111233322844527,1.1486999999998915,533.6458000000001,8688.0,167.09862110742395,0.0,4,6,8,10,84,100,310,340,530,530,530
