Type,Name,Request Count,Failure Count,Median Response Time,Average Response Time,Min Response Time,Max Response Time,Average Content Size,Requests/s,Failures/s,50%,66%,75%,80%,90%,95%,98%,99%,99.9%,99.99%,100%
GET,/,7015,0,11,38.41810212402009,1.2080999999994901,382.5075,8688.0,367.7258817294142,0.0,11,22,59,73,96,170,240,280,370,380,380
,Aggregated,7015,0,11,38.41810212402009,1.2080999999994901,382.5075,8688.0,367.7258817294142,0.0,11,22,59,73,96,170,240,280,370,380,380
