Type,Name,Request Count,Failure Count,Median Response Time,Average Response Time,Min Response Time,Max Response Time,Average Content Size,Requests/s,Failures/s,50%,66%,75%,80%,90%,95%,98%,99%,99.9%,99.99%,100%
GET,/,7041,0,11,38.110231998295696,1.2807999999999709,307.1418000000001,8688.0,368.97776125221145,0.0,11,24,64,76,97,160,190,260,290,310,310
,Aggregated,7041,0,11,38.110231998295696,1.2807999999999709,307.1418000000001,8688.0,368.97776125221145,0.0,11,24,64,76,97,160,190,260,290,310,310
