Type,Name,Request Count,Failure Count,Median Response Time,Average Response Time,Min Response Time,Max Response Time,Average Content Size,Requests/s,Failures/s,50%,66%,75%,80%,90%,95%,98%,99%,99.9%,99.99%,100%
GET,/,3866,0,4,33.88125100879458,1.1779999999994573,577.2651999999998,8688.0,203.1934675657689,0.0,4,6,8,11,90,220,330,420,550,580,580
,Aggregated,3866,0,4,33.88125100879458,1.1779999999994573,577.2651999999998,8688.0,203.1934675657689,0.0,4,6,8,11,90,220,330,420,550,580,580
