Type,Name,Request Count,Failure Count,Median Response Time,Average Response Time,Min Response Time,Max Response Time,Average Content Size,Requests/s,Failures/s,50%,66%,75%,80%,90%,95%,98%,99%,99.9%,99.99%,100%
GET,/,6781,0,46,71.8814115174755,1.2185000000002333,476.3884000000003,8688.0,355.7743427329904,0.0,46,89,99,110,200,260,290,340,390,480,480
,Aggregated,6781,0,46,71.8814115174755,1.2185000000002333,476.3884000000003,8688.0,355.7743427329904,0.0,46,89,99,110,200,260,290,340,390,480,480
