Type,Name,Request Count,Failure Count,Median Response Time,Average Response Time,Min Response Time,Max Response Time,Average Content Size,Requests/s,Failures/s,50%,66%,75%,80%,90%,95%,98%,99%,99.9%,99.99%,100%
GET,/,3734,0,6,28.2555315479378,1.1987999999991672,370.59460000000047,8688.0,197.95359422861165,0.0,6,9,15,20,80,190,250,300,360,370,370
,Aggregated,3734,0,6,28.2555315479378,1.1987999999991672,370.59460000000047,8688.0,197.95359422861165,0.0,6,9,15,20,80,190,250,300,360,370,370
