Type,Name,Request Count,Failure Count,Median Response Time,Average Response Time,Min Response Time,Max Response Time,Average Content Size,Requests/s,Failures/s,50%,66%,75%,80%,90%,95%,98%,99%,99.9%,99.99%,100%
GET,/,5862,0,6,31.562448157625493,1.2259999999990612,382.9461000000003,8688.0,308.26145435254915,0.0,6,9,25,58,91,180,260,290,380,380,380
,Aggregated,5862,0,6,31.562448157625493,1.2259999999990612,382.9461000000003,8688.0,308.26145435254915,0.0,6,9,25,58,91,180,260,290,380,380,380
