Type,Name,Request Count,Failure Count,Median Response Time,Average Response Time,Min Response Time,Max Response Time,Average Content Size,Requests/s,Failures/s,50%,66%,75%,80%,90%,95%,98%,99%,99.9%,99.99%,100%
GET,/,3340,0,7,31.40569443113763,1.2182000000002802,584.8879000000018,8688.0,175.32322418186712,0.0,7,9,12,42,85,170,290,340,490,580,580
,Aggregated,3340,0,7,31.40569443113763,1.2182000000002802,584.8879000000018,8688.0,175.32322418186712,0.0,7,9,12,42,85,170,290,340,490,580,580
