Type,Name,Request Count,Failure Count,Median Response Time,Average Response Time,Min Response Time,Max Response Time,Average Content Size,Requests/s,Failures/s,50%,66%,75%,80%,90%,95%,98%,99%,99.9%,99.99%,100%
GET,/,3955,0,6,24.477487332490604,1.2591999999997938,567.1483,8688.0,209.43231281165947,0.0,6,8,11,13,63,100,290,380,470,570,570
,Aggregated,3955,0,6,24.477487332490604,1.2591999999997938,567.1483,8688.0,209.43231281165947,0.0,6,8,11,13,63,100,290,380,470,570,570
