Type,Name,Request Count,Failure Count,Median Response Time,Average Response Time,Min Response Time,Max Response Time,Average Content Size,Requests/s,Failures/s,50%,66%,75%,80%,90%,95%,98%,99%,99.9%,99.99%,100%
GET,/,5401,0,8,35.0122096278468,1.2404000000003634,552.4982999999999,8688.0,283.764876594404,0.0,8,13,20,45,90,190,300,410,550,550,550
,Aggregated,5401,0,8,35.0122096278468,1.2404000000003634,552.4982999999999,8688.0,283.764876594404,0.0,8,13,20,45,90,190,300,410,550,550,550
