Type,Name,Request Count,Failure Count,Median Response Time,Average Response Time,Min Response Time,Max Response Time,Average Content Size,Requests/s,Failures/s,50%,66%,75%,80%,90%,95%,98%,99%,99.9%,99.99%,100%
GET,/,2650,0,6,56.87054615094352,1.15360000000031,577.2119,8688.0,139.38054146596295,0.0,6,81,90,94,110,290,310,490,500,580,580
,Aggregated,2650,0,6,56.87054615094352,1.15360000000031,577.2119,8688.0,139.38054146596295,0.0,6,81,90,94,110,290,310,490,500,580,580
