Type,Name,Request Count,Failure Count,Median Response Time,Average Response Time,Min Response Time,Max Response Time,Average Content Size,Requests/s,Failures/s,50%,66%,75%,80%,90%,95%,98%,99%,99.9%,99.99%,100%
GET,/,5624,0,7,26.35729809743948,1.3345999999998526,444.5878999999997,8688.0,298.42532484549923,0.0,7,10,15,23,84,120,200,280,400,440,440
,Aggregated,5624,0,7,26.35729809743948,1.3345999999998526,444.5878999999997,8688.0,298.42532484549923,0.0,7,10,15,23,84,120,200,280,400,440,440
