Type,Name,Request Count,Failure Count,Median Response Time,Average Response Time,Min Response Time,Max Response Time,Average Content Size,Requests/s,Failures/s,50%,66%,75%,80%,90%,95%,98%,99%,99.9%,99.99%,100%
GET,/,4873,0,8,24.132564498255665,1.2410000000002697,333.21049999999985,8688.0,259.1559585222015,0.0,8,14,20,31,77,92,160,190,310,330,330
,Aggregated,4873,0,8,24.132564498255665,1.2410000000002697,333.21049999999985,8688.0,259.1559585222015,0.0,8,14,20,31,77,92,160,190,310,330,330
