Type,Name,Request Count,Failure Count,Median Response Time,Average Response Time,Min Response Time,Max Response Time,Average Content Size,Requests/s,Failures/s,50%,66%,75%,80%,90%,95%,98%,99%,99.9%,99.99%,100%
GET,/,5230,0,7,26.859431395793717,1.1495000000003586,335.5381000000004,8688.0,276.8771255158485,0.0,7,10,15,30,91,120,200,260,310,340,340
,Aggregated,5230,0,7,26.859431395793717,1.1495000000003586,335.5381000000004,8688.0,276.8771255158485,0.0,7,10,15,30,91,120,200,260,310,340,340
