Type,Name,Request Count,Failure Count,Median Response Time,Average Response Time,Min Response Time,Max Response Time,Average Content Size,Requests/s,Failures/s,50%,66%,75%,80%,90%,95%,98%,99%,99.9%,99.99%,100%
GET,/,5179,0,6,29.029044603205136,1.1769999999984293,429.0749,8688.0,272.3697786023684,0.0,6,9,13,56,91,140,200,250,340,430,430
,Aggregated,5179,0,6,29.029044603205136,1.1769999999984293,429.0749,8688.0,272.3697786023684,0.0,6,9,13,56,91,140,200,250,340,430,430
