Type,Name,Request Count,Failure Count,Median Response Time,Average Response Time,Min Response Time,Max Response Time,Average Content Size,Requests/s,Failures/s,50%,66%,75%,80%,90%,95%,98%,99%,99.9%,99.99%,100%
GET,/,2409,0,5,32.1698417185554,1.2414000000000591,561.778799999999,8688.0,126.61042933296307,0.0,5,7,10,23,88,190,340,430,490,560,560
,Aggregated,2409,0,5,32.1698417185554,1.2414000000000591,561.778799999999,8688.0,126.61042933296307,0.0,5,7,10,23,88,190,340,430,490,560,560
