Type,Name,Request Count,Failure Count,Median Response Time,Average Response Time,Min Response Time,Max Response Time,Average Content Size,Requests/s,Failures/s,50%,66%,75%,80%,90%,95%,98%,99%,99.9%,99.99%,100%
GET,/,4142,0,5,25.482497851279536,1.162700000000072,453.6536,8688.0,218.30164621222585,0.0,5,8,10,14,81,100,260,350,440,450,450
,Aggregated,4142,0,5,25.482497851279536,1.162700000000072,453.6536,8688.0,218.30164621222585,0.0,5,8,10,14,81,100,260,350,440,450,450
