Type,Name,Request Count,Failure Count,Median Response Time,Average Response Time,Min Response Time,Max Response Time,Average Content Size,Requests/s,Failures/s,50%,66%,75%,80%,90%,95%,98%,99%,99.9%,99.99%,100%
GET,/,7821,0,12,32.97346394322964,1.3244999999990625,376.25710000000015,8688.0,411.5306325108839,0.0,12,26,45,58,85,110,170,220,350,380,380
,Aggregated,7821,0,12,32.97346394322964,1.3244999999990625,376.25710000000015,8688.0,411.5306325108839,0.0,12,26,45,58,85,110,170,220,350,380,380
