Type,Name,Request Count,Failure Count,Median Response Time,Average Response Time,Min Response Time,Max Response Time,Average Content Size,Requests/s,Failures/s,50%,66%,75%,80%,90%,95%,98%,99%,99.9%,99.99%,100%
GET,/,3853,0,6,25.960538930703454,1.118100000001121,394.8654,8688.0,203.70840331009748,0.0,6,9,12,14,81,150,220,290,370,390,390
,Aggregated,3853,0,6,25.960538930703454,1.118100000001121,394.8654,8688.0,203.70840331009748,0.0,6,9,12,14,81,150,220,290,370,390,390
