Type,Name,Request Count,Failure Count,Median Response Time,Average Response Time,Min Response Time,Max Response Time,Average Content Size,Requests/s,Failures/s,50%,66%,75%,80%,90%,95%,98%,99%,99.9%,99.99%,100%
GET,/,5697,0,8,35.71571739512021,1.2134999999986462,460.77909999999986,8688.0,299.03620021318403,0.0,8,14,38,60,92,200,250,290,430,460,460
,Aggregated,5697,0,8,35.71571739512021,1.2134999999986462,460.77909999999986,8688.0,299.03620021318403,0.0,8,14,38,60,92,200,250,290,430,460,460
