Type,Name,Request Count,Failure Count,Median Response Time,Average Response Time,Min Response Time,Max Response Time,Average Content Size,Requests/s,Failures/s,50%,66%,75%,80%,90%,95%,98%,99%,99.9%,99.99%,100%
GET,/,2620,0,7,22.674781221374037,1.2977999999996825,282.9731,8688.0,140.19626702894692,0.0,7,13,16,31,74,89,160,190,200,280,280
,Aggregated,2620,0,7,22.674781221374037,1.2977999999996825,282.9731,8688.0,140.19626702894692,0.0,7,13,16,31,74,89,160,190,200,280,280
