Type,Name,Request Count,Failure Count,Median Response Time,Average Response Time,Min Response Time,Max Response Time,Average Content Size,Requests/s,Failures/s,50%,66%,75%,80%,90%,95%,98%,99%,99.9%,99.99%,100%
GET,/,6674,0,11,35.871380251723124,1.2172999999986445,292.3122,8688.0,350.8882103413052,0.0,11,18,59,75,98,150,190,200,290,290,290
,Aggregated,6674,0,11,35.871380251723124,1.2172999999986445,292.3122,8688.0,350.8882103413052,0.0,11,18,59,75,98,150,190,200,290,290,290
