Type,Name,Request Count,Failure Count,Median Response Time,Average Response Time,Min Response Time,Max Response Time,Average Content Size,Requests/s,Failures/s,50%,66%,75%,80%,90%,95%,98%,99%,99.9%,99.99%,100%
GET,/,8061,0,15,35.52757231112764,1.3010999999991668,708.9387,8688.0,423.1473460249102,0.0,15,26,46,59,87,120,190,230,620,710,710
,Aggregated,8061,0,15,35.52757231112764,1.3010999999991668,708.9387,8688.0,423.1473460249102,0.0,15,26,46,59,87,120,190,230,620,710,710
