Type,Name,Request Count,Failure Count,Median Response Time,Average Response Time,Min Response Time,Max Response Time,Average Content Size,Requests/s,Failures/s,50%,66%,75%,80%,90%,95%,98%,99%,99.9%,99.99%,100%
GET,/,3991,0,5,25.774834728138305,1.2025999999991654,528.0083000000002,8688.0,209.2960049072348,0.0,5,7,9,11,83,130,250,400,500,530,530
,Aggregated,3991,0,5,25.774834728138305,1.2025999999991654,528.0083000000002,8688.0,209.2960049072348,0.0,5,7,9,11,83,130,250,400,500,530,530
