Type,Name,Request Count,Failure Count,Median Response Time,Average Response Time,Min Response Time,Max Response Time,Average Content Size,Requests/s,Failures/s,50%,66%,75%,80%,90%,95%,98%,99%,99.9%,99.99%,100%
GET,/,8358,0,10,50.18823844221091,1.217399999999813,390.04279999999983,8688.0,438.3319853063226,0.0,10,61,84,91,150,200,280,290,370,390,390
,Aggregated,8358,0,10,50.18823844221091,1.217399999999813,390.04279999999983,8688.0,438.3319853063226,0.0,10,61,84,91,150,200,280,290,370,390,390
