Type,Name,Request Count,Failure Count,Median Response Time,Average Response Time,Min Response Time,Max Response Time,Average Content Size,Requests/s,Failures/s,50%,66%,75%,80%,90%,95%,98%,99%,99.9%,99.99%,100%
GET,/,6426,0,11,34.29189365079355,1.2153000000001413,388.2323000000003,8688.0,337.3606242415046,0.0,11,17,46,62,98,160,190,210,310,390,390
,Aggregated,6426,0,11,34.29189365079355,1.2153000000001413,388.2323000000003,8688.0,337.3606242415046,0.0,11,17,46,62,98,160,190,210,310,390,390
