Type,Name,Request Count,Failure Count,Median Response Time,Average Response Time,Min Response Time,Max Response Time,Average Content Size,Requests/s,Failures/s,50%,66%,75%,80%,90%,95%,98%,99%,99.9%,99.99%,100%
GET,/,3592,0,4,28.55818257238309,1.1793999999998306,584.9042999999998,8688.0,189.10587144314238,0.0,4,5,6,8,79,200,300,330,480,580,580
,Aggregated,3592,0,4,28.55818257238309,1.1793999999998306,584.9042999999998,8688.0,189.10587144314238,0.0,4,5,6,8,79,200,300,330,480,580,580
