Type,Name,Request Count,Failure Count,Median Response Time,Average Response Time,Min Response Time,Max Response Time,Average Content Size,Requests/s,Failures/s,50%,66%,75%,80%,90%,95%,98%,99%,99.9%,99.99%,100%
GET,/,7903,0,110.0,148.97472406680984,1.4083000000013612,668.2211000000002,8688.0,415.8803197164571,0.0,110,190,200,210,300,380,400,490,590,670,670
,Aggregated,7903,0,110.0,148.97472406680984,1.4083000000013612,668.2211000000002,8688.0,415.8803197164571,0.0,110,190,200,210,300,380,400,490,590,670,670
