Type,Name,Request Count,Failure Count,Median Response Time,Average Response Time,Min Response Time,Max Response Time,Average Content Size,Requests/s,Failures/s,50%,66%,75%,80%,90%,95%,98%,99%,99.9%,99.99%,100%
GET,/,6912,0,7,32.40635147569446,1.1316000000007875,392.23039999999986,8688.0,364.0927069444733,0.0,7,12,21,54,99,190,210,240,310,390,390
,Aggregated,6912,0,7,32.40635147569446,1.1316000000007875,392.23039999999986,8688.0,364.0927069444733,0.0,7,12,21,54,99,190,210,240,310,390,390
