Type,Name,Request Count,Failure Count,Median Response Time,Average Response Time,Min Response Time,Max Response Time,Average Content Size,Requests/s,Failures/s,50%,66%,75%,80%,90%,95%,98%,99%,99.9%,99.99%,100%
GET,/,7505,0,8,35.08128138574292,1.262999999999792,399.1007000000004,8688.0,393.6935091129914,0.0,8,14,41,63,98,190,250,290,380,400,400
,Aggregated,7505,0,8,35.08128138574292,1.262999999999792,399.1007000000004,8688.0,393.6935091129914,0.0,8,14,41,63,98,190,250,290,380,400,400
