Type,Name,Request Count,Failure Count,Median Response Time,Average Response Time,Min Response Time,Max Response Time,Average Content Size,Requests/s,Failures/s,50%,66%,75%,80%,90%,95%,98%,99%,99.9%,99.99%,100%
GET,/,7373,0,11,48.360163257832774,1.3009000000003823,465.53300000000064,8688.0,386.7350489532814,0.0,11,50,82,93,140,200,260,280,370,470,470
,Aggregated,7373,0,11,48.360163257832774,1.3009000000003823,465.53300000000064,8688.0,386.7350489532814,0.0,11,50,82,93,140,200,260,280,370,470,470
