Type,Name,Request Count,Failure Count,Median Response Time,Average Response Time,Min Response Time,Max Response Time,Average Content Size,Requests/s,Failures/s,50%,66%,75%,80%,90%,95%,98%,99%,99.9%,99.99%,100%
GET,/,5927,0,13,233.27794081322884,1.4340999999973292,2684.7065,8688.0,310.73824963032735,0.0,13,89,120,200,800,1800,2000,2400,2600,2700,2700
,Aggregated,5927,0,13,233.27794081322884,1.4340999999973292,2684.7065,8688.0,310.73824963032735,0.0,13,89,120,200,800,1800,2000,2400,2600,2700,2700
