Type,Name,Request Count,Failure Count,Median Response Time,Average Response Time,Min Response Time,Max Response Time,Average Content Size,Requests/s,Failures/s,50%,66%,75%,80%,90%,95%,98%,99%,99.9%,99.99%,100%
GET,/,3371,0,86,1066.5917116285977,1.1958000000014124,9904.8992,8688.0,176.68767433600874,0.0,86,140,200,250,7200,9500,9600,9600,9900,9900,9900
,Aggregated,3371,0,86,1066.5917116285977,1.1958000000014124,9904.8992,8688.0,176.68767433600874,0.0,86,140,200,250,7200,9500,9600,9600,9900,9900,9900
