Type,Name,Request Count,Failure Count,Median Response Time,Average Response Time,Min Response Time,Max Response Time,Average Content Size,Requests/s,Failures/s,50%,66%,75%,80%,90%,95%,98%,99%,99.9%,99.99%,100%
GET,/,6371,0,7,39.62164628786691,1.2815000000001575,493.2663000000002,8688.0,334.62187919476196,0.0,7,12,57,73,96,190,290,370,480,490,490
,Aggregated,6371,0,7,39.62164628786691,1.2815000000001575,493.2663000000002,8688.0,334.62187919476196,0.0,7,12,57,73,96,190,290,370,480,490,490
