Type,Name,Request Count,Failure Count,Median Response Time,Average Response Time,Min Response Time,Max Response Time,Average Content Size,Requests/s,Failures/s,50%,66%,75%,80%,90%,95%,98%,99%,99.9%,99.99%,100%
GET,/,6121,0,6,35.76351496487504,1.252599999999049,359.0226999999997,8688.0,320.82968381049267,0.0,6,11,54,74,100,180,240,280,330,360,360
,Aggregated,6121,0,6,35.76351496487504,1.252599999999049,359.0226999999997,8688.0,320.82968381049267,0.0,6,11,54,74,100,180,240,280,330,360,360
