Type,Name,Request Count,Failure Count,Median Response Time,Average Response Time,Min Response Time,Max Response Time,Average Content Size,Requests/s,Failures/s,50%,66%,75%,80%,90%,95%,98%,99%,99.9%,99.99%,100%
GET,/,4850,0,31,75.81585558762887,1.1752999999998792,538.6357000000004,8688.0,254.44284465467035,0.0,31,93,98,100,200,300,400,440,500,540,540
,Aggregated,4850,0,31,75.81585558762887,1.1752999999998792,538.6357000000004,8688.0,254.44284465467035,0.0,31,93,98,100,200,300,400,440,500,540,540
