Type,Name,Request Count,Failure Count,Median Response Time,Average Response Time,Min Response Time,Max Response Time,Average Content Size,Requests/s,Failures/s,50%,66%,75%,80%,90%,95%,98%,99%,99.9%,99.99%,100%
GET,/,5230,0,6,27.603655315487558,1.132300000000086,467.49609999999996,8688.0,274.8716099602163,0.0,6,10,14,34,85,120,210,290,380,470,470
,Aggregated,5230,0,6,27.603655315487558,1.132300000000086,467.49609999999996,8688.0,274.8716099602163,0.0,6,10,14,34,85,120,210,290,380,470,470
