Type,Name,Request Count,Failure Count,Median Response Time,Average Response Time,Min Response Time,Max Response Time,Average Content Size,Requests/s,Failures/s,50%,66%,75%,80%,90%,95%,98%,99%,99.9%,99.99%,100%
GET,/,6017,0,9,39.484471547282666,1.2428000000008765,797.8334,8688.0,316.38005335672506,0.0,9,16,63,77,96,160,270,370,740,800,800
,Aggregated,6017,0,9,39.484471547282666,1.2428000000008765,797.8334,8688.0,316.38005335672506,0.0,9,16,63,77,96,160,270,370,740,800,800
