Type,Name,Request Count,Failure Count,Median Response Time,Average Response Time,Min Response Time,Max Response Time,Average Content Size,Requests/s,Failures/s,50%,66%,75%,80%,90%,95%,98%,99%,99.9%,99.99%,100%
GET,/,2314,0,4,20.617826490924696,1.1977000000005233,379.5662000000002,8688.0,122.89819768158769,0.0,4,5,6,9,68,96,210,270,370,380,380
,Aggregated,2314,0,4,20.617826490924696,1.1977000000005233,379.5662000000002,8688.0,122.89819768158769,0.0,4,5,6,9,68,96,210,270,370,380,380
