Type,Name,Request Count,Failure Count,Median Response Time,Average Response Time,Min Response Time,Max Response Time,Average Content Size,Requests/s,Failures/s,50%,66%,75%,80%,90%,95%,98%,99%,99.9%,99.99%,100%
GET,/,5043,0,6,29.271189886972067,1.2101000000006579,447.01420000000036,8688.0,265.67849065188534,0.0,6,8,11,45,92,180,220,260,420,450,450
,Aggregated,5043,0,6,29.271189886972067,1.2101000000006579,447.01420000000036,8688.0,265.67849065188534,0.0,6,8,11,45,92,180,220,260,420,450,450
