Type,Name,Request Count,Failure Count,Median Response Time,Average Response Time,Min Response Time,Max Response Time,Average Content Size,Requests/s,Failures/s,50%,66%,75%,80%,90%,95%,98%,99%,99.9%,99.99%,100%
GET,/,3383,0,4,32.613685072420935,1.1820000000000164,451.8802000000002,8688.0,177.85662763233492,0.0,4,5,7,13,96,210,300,340,400,450,450
,Aggregated,3383,0,4,32.613685072420935,1.1820000000000164,451.8802000000002,8688.0,177.85662763233492,0.0,4,5,7,13,96,210,300,340,400,450,450
