Type,Name,Request Count,Failure Count,Median Response Time,Average Response Time,Min Response Time,Max Response Time,Average Content Size,Requests/s,Failures/s,50%,66%,75%,80%,90%,95%,98%,99%,99.9%,99.99%,100%
GET,/,5128,0,10,24.41103697347891,1.3304999999999012,356.4841000000003,8688.0,271.64771008981893,0.0,10,14,20,31,72,97,150,190,330,360,360
,Aggregated,5128,0,10,24.41103697347891,1.3304999999999012,356.4841000000003,8688.0,271.64771008981893,0.0,10,14,20,31,72,97,150,190,330,360,360
