Type,Name,Request Count,Failure Count,Median Response Time,Average Response Time,Min Response Time,Max Response Time,Average Content Size,Requests/s,Failures/s,50%,66%,75%,80%,90%,95%,98%,99%,99.9%,99.99%,100%
GET,/,4652,0,9,30.115729772141176,1.2171999999992522,356.75979999999987,8688.0,244.92315953011624,0.0,9,13,21,48,83,150,250,270,350,360,360
,Aggregated,4652,0,9,30.115729772141176,1.2171999999992522,356.75979999999987,8688.0,244.92315953011624,0.0,9,13,21,48,83,150,250,270,350,360,360
