Type,Name,Request Count,Failure Count,Median Response Time,Average Response Time,Min Response Time,Max Response Time,Average Content Size,Requests/s,Failures/s,50%,66%,75%,80%,90%,95%,98%,99%,99.9%,99.99%,100%
GET,/,5226,0,15,87.17981249521617,1.1171999999994853,960.9269999999999,8688.0,274.6424037545791,0.0,15,81,100,110,250,390,670,710,850,960,960
,Aggregated,5226,0,15,87.17981249521617,1.1171999999994853,960.9269999999999,8688.0,274.6424037545791,0.0,15,81,100,110,250,390,670,710,850,960,960
