Type,Name,Request Count,Failure Count,Median Response Time,Average Response Time,Min Response Time,Max Response Time,Average Content Size,Requests/s,Failures/s,50%,66%,75%,80%,90%,95%,98%,99%,99.9%,99.99%,100%
GET,/,6764,0,8,32.1553788438793,1.2700999999992746,405.57310000000024,8688.0,356.5636524235287,0.0,8,12,18,46,97,160,240,300,390,410,410
,Aggregated,6764,0,8,32.1553788438793,1.2700999999992746,405.57310000000024,8688.0,356.5636524235287,0.0,8,12,18,46,97,160,240,300,390,410,410
