Type,Name,Request Count,Failure Count,Median Response Time,Average Response Time,Min Response Time,Max Response Time,Average Content Size,Requests/s,Failures/s,50%,66%,75%,80%,90%,95%,98%,99%,99.9%,99.99%,100%
GET,/,5976,0,11,30.21702854752335,1.1818999999988478,471.8580999999999,8688.0,314.4068170336531,0.0,11,18,31,53,86,100,190,210,290,470,470
,Aggregated,5976,0,11,30.21702854752335,1.1818999999988478,471.8580999999999,8688.0,314.4068170336531,0.0,11,18,31,53,86,100,190,210,290,470,470
