Type,Name,Request Count,Failure Count,Median Response Time,Average Response Time,Min Response Time,Max Response Time,Average Content Size,Requests/s,Failures/s,50%,66%,75%,80%,90%,95%,98%,99%,99.9%,99.99%,100%
GET,/,9719,0,69,70.74923559008168,1.2974999999997294,362.99519999999984,8688.0,509.4261893618305,0.0,69,88,96,100,180,200,250,270,330,360,360
,Aggregated,9719,0,69,70.74923559008168,1.2974999999997294,362.99519999999984,8688.0,509.4261893618305,0.0,69,88,96,100,180,200,250,270,330,360,360
