Type,Name,Request Count,Failure Count,Median Response Time,Average Response Time,Min Response Time,Max Response Time,Average Content Size,Requests/s,Failures/s,50%,66%,75%,80%,90%,95%,98%,99%,99.9%,99.99%,100%
GET,/,9170,0,81,82.40892773173393,1.3462000000004082,389.15029999999985,8688.0,480.68889476092806,0.0,81,95,100,110,190,210,260,280,310,390,390
,Aggregated,9170,0,81,82.40892773173393,1.3462000000004082,389.15029999999985,8688.0,480.68889476092806,0.0,81,95,100,110,190,210,260,280,310,390,390
