Type,Name,Request Count,Failure Count,Median Response Time,Average Response Time,Min Response Time,Max Response Time,Average Content Size,Requests/s,Failures/s,50%,66%,75%,80%,90%,95%,98%,99%,99.9%,99.99%,100%
GET,/,8991,0,15,47.69340374819266,1.2356000000011136,384.83339999999976,8688.0,471.3149644957646,0.0,15,53,69,80,120,190,230,280,320,380,380
,Aggregated,8991,0,15,47.69340374819266,1.2356000000011136,384.83339999999976,8688.0,471.3149644957646,0.0,15,53,69,80,120,190,230,280,320,380,380
