Type,Name,Request Count,Failure Count,Median Response Time,Average Response Time,Min Response Time,Max Response Time,Average Content Size,Requests/s,Failures/s,50%,66%,75%,80%,90%,95%,98%,99%,99.9%,99.99%,100%
GET,/,7561,0,9,41.993018846713184,1.2182000000002802,401.6125000000006,8688.0,397.4748831152616,0.0,9,18,62,77,110,190,280,300,380,400,400
,Aggregated,7561,0,9,41.993018846713184,1.2182000000002802,401.6125000000006,8688.0,397.4748831152616,0.0,9,18,62,77,110,190,280,300,380,400,400
