Type,Name,Request Count,Failure Count,Median Response Time,Average Response Time,Min Response Time,Max Response Time,Average Content Size,Requests/s,Failures/s,50%,66%,75%,80%,90%,95%,98%,99%,99.9%,99.99%,100%
GET,/,7866,0,10,34.24855479277892,1.2627999999992312,320.0232999999999,8688.0,412.5308658467997,0.0,10,15,27,53,110,190,230,260,310,320,320
,Aggregated,7866,0,10,34.24855479277892,1.2627999999992312,320.0232999999999,8688.0,412.5308658467997,0.0,10,15,27,53,110,190,230,260,310,320,320
