Type,Name,Request Count,Failure Count,Median Response Time,Average Response Time,Min Response Time,Max Response Time,Average Content Size,Requests/s,Failures/s,50%,66%,75%,80%,90%,95%,98%,99%,99.9%,99.99%,100%
GET,/,7936,0,13,45.819349747983594,1.3374999999999915,412.2456000000003,8688.0,416.93663453087703,0.0,13,37,68,79,120,200,270,290,350,410,410
,Aggregated,7936,0,13,45.819349747983594,1.3374999999999915,412.2456000000003,8688.0,416.93663453087703,0.0,13,37,68,79,120,200,270,290,350,410,410
