Type,Name,Request Count,Failure Count,Median Response Time,Average Response Time,Min Response Time,Max Response Time,Average Content Size,Requests/s,Failures/s,50%,66%,75%,80%,90%,95%,98%,99%,99.9%,99.99%,100%
GET,/,9266,0,79,77.42384716166636,1.5174000000008903,345.03839999999997,8688.0,487.2829952112777,0.0,79,93,100,110,170,190,230,240,270,350,350
,Aggregated,9266,0,79,77.42384716166636,1.5174000000008903,345.03839999999997,8688.0,487.2829952112777,0.0,79,93,100,110,170,190,230,240,270,350,350
