Type,Name,Request Count,Failure Count,Median Response Time,Average Response Time,Min Response Time,Max Response Time,Average Content Size,Requests/s,Failures/s,50%,66%,75%,80%,90%,95%,98%,99%,99.9%,99.99%,100%
GET,/,8347,0,15,50.28986120761969,1.2673000000003043,403.64419999999956,8688.0,437.43250036937025,0.0,15,50,73,84,140,220,270,300,370,400,400
,Aggregated,8347,0,15,50.28986120761969,1.2673000000003043,403.64419999999956,8688.0,437.43250036937025,0.0,15,50,73,84,140,220,270,300,370,400,400
