Type,Name,Request Count,Failure Count,Median Response Time,Average Response Time,Min Response Time,Max Response Time,Average Content Size,Requests/s,Failures/s,50%,66%,75%,80%,90%,95%,98%,99%,99.9%,99.99%,100%
GET,/,7074,0,8,41.01730463669751,1.2860999999997347,492.53389999999973,8688.0,370.94582940608797,0.0,8,15,45,64,120,200,290,380,440,490,490
,Aggregated,7074,0,8,41.01730463669751,1.2860999999997347,492.53389999999973,8688.0,370.94582940608797,0.0,8,15,45,64,120,200,290,380,440,490,490
