Type,Name,Request Count,Failure Count,Median Response Time,Average Response Time,Min Response Time,Max Response Time,Average Content Size,Requests/s,Failures/s,50%,66%,75%,80%,90%,95%,98%,99%,99.9%,99.99%,100%
GET,/,7573,0,10,46.59399899643467,1.225399999999155,349.10659999999984,8688.0,398.09541883004044,0.0,10,55,77,84,140,190,240,260,330,350,350
,Aggregated,7573,0,10,46.59399899643467,1.225399999999155,349.10659999999984,8688.0,398.09541883004044,0.0,10,55,77,84,140,190,240,260,330,350,350
