Type,Name,Request Count,Failure Count,Median Response Time,Average Response Time,Min Response Time,Max Response Time,Average Content Size,Requests/s,Failures/s,50%,66%,75%,80%,90%,95%,98%,99%,99.9%,99.99%,100%
GET,/,8805,0,64,72.37825226575809,1.2217000000003253,606.4543999999996,8688.0,461.64833126454704,0.0,64,84,95,100,190,230,280,300,400,610,610
,Aggregated,8805,0,64,72.37825226575809,1.2217000000003253,606.4543999999996,8688.0,461.64833126454704,0.0,64,84,95,100,190,230,280,300,400,610,610
