Type,Name,Request Count,Failure Count,Median Response Time,Average Response Time,Min Response Time,Max Response Time,Average Content Size,Requests/s,Failures/s,50%,66%,75%,80%,90%,95%,98%,99%,99.9%,99.99%,100%
GET,/,9262,0,15,45.00532279205343,1.3094000000002382,326.5735000000003,8688.0,485.0496525316789,0.0,15,51,74,85,120,170,200,230,310,330,330
,Aggregated,9262,0,15,45.00532279205343,1.3094000000002382,326.5735000000003,8688.0,485.0496525316789,0.0,15,51,74,85,120,170,200,230,310,330,330
