Type,Name,Request Count,Failure Count,Median Response Time,Average Response Time,Min Response Time,Max Response Time,Average Content Size,Requests/s,Failures/s,50%,66%,75%,80%,90%,95%,98%,99%,99.9%,99.99%,100%
GET,/,8037,0,11,40.08368626353118,1.2384000000000839,309.056,8688.0,421.27443619762596,0.0,11,20,62,74,110,190,210,250,280,310,310
,Aggregated,8037,0,11,40.08368626353118,1.2384000000000839,309.056,8688.0,421.27443619762596,0.0,11,20,62,74,110,190,210,250,280,310,310
