Type,Name,Request Count,Failure Count,Median Response Time,Average Response Time,Min Response Time,Max Response Time,Average Content Size,Requests/s,Failures/s,50%,66%,75%,80%,90%,95%,98%,99%,99.9%,99.99%,100%
GET,/,8649,0,17,49.559241461440685,1.1860000000005755,314.8381000000002,8688.0,453.6301026474896,0.0,17,66,79,88,120,190,210,220,300,310,310
,Aggregated,8649,0,17,49.559241461440685,1.1860000000005755,314.8381000000002,8688.0,453.6301026474896,0.0,17,66,79,88,120,190,210,220,300,310,310
