Type,Name,Request Count,Failure Count,Median Response Time,Average Response Time,Min Response Time,Max Response Time,Average Content Size,Requests/s,Failures/s,50%,66%,75%,80%,90%,95%,98%,99%,99.9%,99.99%,100%
GET,/,9649,0,94,108.65396898124125,2.1886999999995993,524.5341999999997,8688.0,504.7845749714089,0.0,94,110,170,180,210,260,310,390,420,520,520
,Aggregated,9649,0,94,108.65396898124125,2.1886999999995993,524.5341999999997,8688.0,504.7845749714089,0.0,94,110,170,180,210,260,310,390,420,520,520
