Type,Name,Request Count,Failure Count,Median Response Time,Average Response Time,Min Response Time,Max Response Time,Average Content Size,Requests/s,Failures/s,50%,66%,75%,80%,90%,95%,98%,99%,99.9%,99.99%,100%
GET,/,8335,0,49,62.37628130773844,1.3809000000009064,359.95,8688.0,436.80673435214146,0.0,49,80,89,96,160,200,250,280,350,360,360
,Aggregated,8335,0,49,62.37628130773844,1.3809000000009064,359.95,8688.0,436.80673435214146,0.0,49,80,89,96,160,200,250,280,350,360,360
