Type,Name,Request Count,Failure Count,Median Response Time,Average Response Time,Min Response Time,Max Response Time,Average Content Size,Requests/s,Failures/s,50%,66%,75%,80%,90%,95%,98%,99%,99.9%,99.99%,100%
GET,/,9088,0,18,52.867630380721984,1.3372000000000384,355.9166999999999,8688.0,477.7399066040628,0.0,18,60,78,88,160,200,270,270,330,360,360
,Aggregated,9088,0,18,52.867630380721984,1.3372000000000384,355.9166999999999,8688.0,477.7399066040628,0.0,18,60,78,88,160,200,270,270,330,360,360
