Type,Name,Request Count,Failure Count,Median Response Time,Average Response Time,Min Response Time,Max Response Time,Average Content Size,Requests/s,Failures/s,50%,66%,75%,80%,90%,95%,98%,99%,99.9%,99.99%,100%
GET,/,9518,0,93,98.28156117881913,1.2854999999998284,388.65440000000007,8688.0,498.60515891051557,0.0,93,100,110,150,190,210,280,290,310,390,390
,Aggregated,9518,0,93,98.28156117881913,1.2854999999998284,388.65440000000007,8688.0,498.60515891051557,0.0,93,100,110,150,190,210,280,290,310,390,390
