Type,Name,Request Count,Failure Count,Median Response Time,Average Response Time,Min Response Time,Max Response Time,Average Content Size,Requests/s,Failures/s,50%,66%,75%,80%,90%,95%,98%,99%,99.9%,99.99%,100%
GET,/,9826,0,65,65.85103357419065,1.368899999999229,373.0932000000005,8688.0,515.5420502662001,0.0,65,84,94,100,140,190,200,220,280,370,370
,Aggregated,9826,0,65,65.85103357419065,1.368899999999229,373.0932000000005,8688.0,515.5420502662001,0.0,65,84,94,100,140,190,200,220,280,370,370
