Type,Name,Request Count,Failure Count,Median Response Time,Average Response Time,Min Response Time,Max Response Time,Average Content Size,Requests/s,Failures/s,50%,66%,75%,80%,90%,95%,98%,99%,99.9%,99.99%,100%
GET,/,9678,0,22,53.801522473651666,1.3823000000012797,399.00139999999993,8688.0,507.74010824574464,0.0,22,66,79,89,130,200,260,270,290,400,400
,Aggregated,9678,0,22,53.801522473651666,1.3823000000012797,399.00139999999993,8688.0,507.74010824574464,0.0,22,66,79,89,130,200,260,270,290,400,400
