Type,Name,Request Count,Failure Count,Median Response Time,Average Response Time,Min Response Time,Max Response Time,Average Content Size,Requests/s,Failures/s,50%,66%,75%,80%,90%,95%,98%,99%,99.9%,99.99%,100%
GET,/,8865,0,12,43.2544300282009,1.2793999999995975,359.90529999999944,8688.0,465.15972525098823,0.0,12,38,68,79,110,180,260,280,360,360,360
,Aggregated,8865,0,12,43.2544300282009,1.2793999999995975,359.90529999999944,8688.0,465.15972525098823,0.0,12,38,68,79,110,180,260,280,360,360,360
