Type,Name,Request Count,Failure Count,Median Response Time,Average Response Time,Min Response Time,Max Response Time,Average Content Size,Requests/s,Failures/s,50%,66%,75%,80%,90%,95%,98%,99%,99.9%,99.99%,100%
GET,/,9332,0,81,80.04858104372059,1.375499999999974,518.5746,8688.0,489.96527488449664,0.0,82,92,99,100,170,200,290,300,410,520,520
,Aggregated,9332,0,81,80.04858104372059,1.375499999999974,518.5746,8688.0,489.96527488449664,0.0,82,92,99,100,170,200,290,300,410,520,520
