Type,Name,Request Count,Failure Count,Median Response Time,Average Response Time,Min Response Time,Max Response Time,Average Content Size,Requests/s,Failures/s,50%,66%,75%,80%,90%,95%,98%,99%,99.9%,99.99%,100%
GET,/,7322,0,8,35.702017645452116,1.2959999999999638,305.5061000000006,8688.0,384.6951591861663,0.0,8,16,45,64,110,180,220,250,300,310,310
,Aggregated,7322,0,8,35.702017645452116,1.2959999999999638,305.5061000000006,8688.0,384.6951591861663,0.0,8,16,45,64,110,180,220,250,300,310,310
