Type,Name,Request Count,Failure Count,Median Response Time,Average Response Time,Min Response Time,Max Response Time,Average Content Size,Requests/s,Failures/s,50%,66%,75%,80%,90%,95%,98%,99%,99.9%,99.99%,100%
GET,/,9018,0,61,70.31663163672674,1.3945999999993575,384.43070000000023,8688.0,472.4224883806693,0.0,61,83,94,100,180,230,290,300,320,380,380
,Aggregated,9018,0,61,70.31663163672674,1.3945999999993575,384.43070000000023,8688.0,472.4224883806693,0.0,61,83,94,100,180,230,290,300,320,380,380
