Type,Name,Request Count,Failure Count,Median Response Time,Average Response Time,Min Response Time,Max Response Time,Average Content Size,Requests/s,Failures/s,50%,66%,75%,80%,90%,95%,98%,99%,99.9%,99.99%,100%
GET,/,8636,0,15,50.308674305233986,1.185399999998893,303.5006999999998,8688.0,454.3428381215092,0.0,15,58,80,91,150,200,230,250,290,300,300
,Aggregated,8636,0,15,50.308674305233986,1.185399999998893,303.5006999999998,8688.0,454.3428381215092,0.0,15,58,80,91,150,200,230,250,290,300,300
