Type,Name,Request Count,Failure Count,Median Response Time,Average Response Time,Min Response Time,Max Response Time,Average Content Size,Requests/s,Failures/s,50%,66%,75%,80%,90%,95%,98%,99%,99.9%,99.99%,100%
GET,/,9733,0,73,76.48645552244928,1.4465000000001282,387.6149,8688.0,510.63710746201326,0.0,73,89,99,110,180,200,260,290,310,390,390
,Aggregated,9733,0,73,76.48645552244928,1.4465000000001282,387.6149,8688.0,510.63710746201326,0.0,73,89,99,110,180,200,260,290,310,390,390
