Type,Name,Request Count,Failure Count,Median Response Time,Average Response Time,Min Response Time,Max Response Time,Average Content Size,Requests/s,Failures/s,50%,66%,75%,80%,90%,95%,98%,99%,99.9%,99.99%,100%
GET,/,10208,0,74,76.04720302703788,1.7034000000002436,336.07299999999896,8688.0,535.0795863153304,0.0,74,91,100,110,180,200,220,250,290,310,340
,Aggregated,10208,0,74,76.04720302703788,1.7034000000002436,336.07299999999896,8688.0,535.0795863153304,0.0,74,91,100,110,180,200,220,250,290,310,340
