Type,Name,Request Count,Failure Count,Median Response Time,Average Response Time,Min Response Time,Max Response Time,Average Content Size,Requests/s,Failures/s,50%,66%,75%,80%,90%,95%,98%,99%,99.9%,99.99%,100%
GET,/,9517,0,86,85.32932995691905,1.4623000000000275,415.2898,8688.0,498.5714357193591,0.0,86,95,100,110,180,210,280,300,410,420,420
,Aggregated,9517,0,86,85.32932995691905,1.4623000000000275,415.2898,8688.0,498.5714357193591,0.0,86,95,100,110,180,210,280,300,410,420,420
