Type,Name,Request Count,Failure Count,Median Response Time,Average Response Time,Min Response Time,Max Response Time,Average Content Size,Requests/s,Failures/s,50%,66%,75%,80%,90%,95%,98%,99%,99.9%,99.99%,100%
GET,/,9074,0,21,53.89205461758863,1.3286000000007903,386.49610000000047,8688.0,476.5334434970065,0.0,21,68,83,88,130,190,250,280,300,390,390
,Aggregated,9074,0,21,53.89205461758863,1.3286000000007903,386.49610000000047,8688.0,476.5334434970065,0.0,21,68,83,88,130,190,250,280,300,390,390
