Type,Name,Request Count,Failure Count,Median Response Time,Average Response Time,Min Response Time,Max Response Time,Average Content Size,Requests/s,Failures/s,50%,66%,75%,80%,90%,95%,98%,99%,99.9%,99.99%,100%
GET,/,9935,0,17,41.07881409159548,1.3749000000000677,322.19649999999956,8688.0,521.8162794507416,0.0,17,46,65,76,100,130,190,200,300,320,320
,Aggregated,9935,0,17,41.07881409159548,1.3749000000000677,322.19649999999956,8688.0,521.8162794507416,0.0,17,46,65,76,100,130,190,200,300,320,320
