Type,Name,Request Count,Failure Count,Median Response Time,Average Response Time,Min Response Time,Max Response Time,Average Content Size,Requests/s,Failures/s,50%,66%,75%,80%,90%,95%,98%,99%,99.9%,99.99%,100%
GET,/,9801,0,69,69.7409716661564,1.4409999999998035,356.5182,8688.0,514.3882501617459,0.0,69,85,94,100,170,190,220,270,300,360,360
,Aggregated,9801,0,69,69.7409716661564,1.4409999999998035,356.5182,8688.0,514.3882501617459,0.0,69,85,94,100,170,190,220,270,300,360,360
