Type,Name,Request Count,Failure Count,Median Response Time,Average Response Time,Min Response Time,Max Response Time,Average Content Size,Requests/s,Failures/s,50%,66%,75%,80%,90%,95%,98%,99%,99.9%,99.99%,100%
GET,/,7167,0,10,38.026232747314154,1.2150999999995804,341.2421999999999,8688.0,376.2282238219611,0.0,10,15,55,70,110,180,230,250,270,340,340
,Aggregated,7167,0,10,38.026232747314154,1.2150999999995804,341.2421999999999,8688.0,376.2282238219611,0.0,10,15,55,70,110,180,230,250,270,340,340
