Type,Name,Request Count,Failure Count,Median Response Time,Average Response Time,Min Response Time,Max Response Time,Average Content Size,Requests/s,Failures/s,50%,66%,75%,80%,90%,95%,98%,99%,99.9%,99.99%,100%
GET,/,8406,0,10,42.783181084939216,1.260500000000775,461.5868000000001,8688.0,440.72469578840037,0.0,10,19,54,72,120,200,280,300,450,460,460
,Aggregated,8406,0,10,42.783181084939216,1.260500000000775,461.5868000000001,8688.0,440.72469578840037,0.0,10,19,54,72,120,200,280,300,450,460,460
