Type,Name,Request Count,Failure Count,Median Response Time,Average Response Time,Min Response Time,Max Response Time,Average Content Size,Requests/s,Failures/s,50%,66%,75%,80%,90%,95%,98%,99%,99.9%,99.99%,100%
GET,/,8739,0,87,94.63910978372819,1.595200000000574,412.3443,8688.0,458.14647151377267,0.0,87,100,120,160,200,210,270,290,390,410,410
,Aggregated,8739,0,87,94.63910978372819,1.595200000000574,412.3443,8688.0,458.14647151377267,0.0,87,100,120,160,200,210,270,290,390,410,410
