Type,Name,Request Count,Failure Count,Median Response Time,Average Response Time,Min Response Time,Max Response Time,Average Content Size,Requests/s,Failures/s,50%,66%,75%,80%,90%,95%,98%,99%,99.9%,99.99%,100%
GET,/,9763,0,78,77.79823617740459,1.3503999999997518,315.61550000000074,8688.0,511.24918213095214,0.0,78,92,100,110,180,200,250,270,300,320,320
,Aggregated,9763,0,78,77.79823617740459,1.3503999999997518,315.61550000000074,8688.0,511.24918213095214,0.0,78,92,100,110,180,200,250,270,300,320,320
