Type,Name,Request Count,Failure Count,Median Response Time,Average Response Time,Min Response Time,Max Response Time,Average Content Size,Requests/s,Failures/s,50%,66%,75%,80%,90%,95%,98%,99%,99.9%,99.99%,100%
GET,/,8436,0,14,49.012453579895805,1.231700000001723,369.09420000000017,8688.0,442.86397280471414,0.0,14,60,79,88,120,190,200,270,300,370,370
,Aggregated,8436,0,14,49.012453579895805,1.231700000001723,369.09420000000017,8688.0,442.86397280471414,0.0,14,60,79,88,120,190,200,270,300,370,370
