Type,Name,Request Count,Failure Count,Median Response Time,Average Response Time,Min Response Time,Max Response Time,Average Content Size,Requests/s,Failures/s,50%,66%,75%,80%,90%,95%,98%,99%,99.9%,99.99%,100%
GET,/,9665,0,16,43.212460475944006,1.2982000000008043,378.8777999999997,8688.0,506.20527645439176,0.0,16,43,66,74,100,180,210,280,370,380,380
,Aggregated,9665,0,16,43.212460475944006,1.2982000000008043,378.8777999999997,8688.0,506.20527645439176,0.0,16,43,66,74,100,180,210,280,370,380,380
