Type,Name,Request Count,Failure Count,Median Response Time,Average Response Time,Min Response Time,Max Response Time,Average Content Size,Requests/s,Failures/s,50%,66%,75%,80%,90%,95%,98%,99%,99.9%,99.99%,100%
GET,/,7596,0,15,51.786684031068795,1.1799999999979605,375.99929999999927,8688.0,397.9985799191007,0.0,15,68,80,88,120,200,280,290,370,380,380
,Aggregated,7596,0,15,51.786684031068795,1.1799999999979605,375.99929999999927,8688.0,397.9985799191007,0.0,15,68,80,88,120,200,280,290,370,380,380
