Type,Name,Request Count,Failure Count,Median Response Time,Average Response Time,Min Response Time,Max Response Time,Average Content Size,Requests/s,Failures/s,50%,66%,75%,80%,90%,95%,98%,99%,99.9%,99.99%,100%
GET,/,7580,0,16,50.182742097625216,1.394599999997581,395.5428000000003,8688.0,397.29357914644675,0.0,16,58,76,86,120,200,270,290,360,400,400
,Aggregated,7580,0,16,50.182742097625216,1.394599999997581,395.5428000000003,8688.0,397.29357914644675,0.0,16,58,76,86,120,200,270,290,360,400,400
