Type,Name,Request Count,Failure Count,Median Response Time,Average Response Time,Min Response Time,Max Response Time,Average Content Size,Requests/s,Failures/s,50%,66%,75%,80%,90%,95%,98%,99%,99.9%,99.99%,100%
GET,/,9203,0,20,49.24226413126127,1.387799999999828,385.98949999999996,8688.0,483.6765526101684,0.0,20,59,77,88,110,180,220,270,310,390,390
,Aggregated,9203,0,20,49.24226413126127,1.387799999999828,385.98949999999996,8688.0,483.6765526101684,0.0,20,59,77,88,110,180,220,270,310,390,390
