Type,Name,Request Count,Failure Count,Median Response Time,Average Response Time,Min Response Time,Max Response Time,Average Content Size,Requests/s,Failures/s,50%,66%,75%,80%,90%,95%,98%,99%,99.9%,99.99%,100%
GET,/,8694,0,12,43.16653289625052,1.254000000002975,410.25769999999983,8688.0,455.64456801795455,0.0,12,23,56,73,130,200,260,290,330,410,410
,Aggregated,8694,0,12,43.16653289625052,1.254000000002975,410.25769999999983,8688.0,455.64456801795455,0.0,12,23,56,73,130,200,260,290,330,410,410
