Type,Name,Request Count,Failure Count,Median Response Time,Average Response Time,Min Response Time,Max Response Time,Average Content Size,Requests/s,Failures/s,50%,66%,75%,80%,90%,95%,98%,99%,99.9%,99.99%,100%
GET,/,9466,0,33,65.14871214874283,1.361800000001523,396.70000000000005,8688.0,496.21293549193865,0.0,33,75,93,100,190,210,290,300,370,400,400
,Aggregated,9466,0,33,65.14871214874283,1.361800000001523,396.70000000000005,8688.0,496.21293549193865,0.0,33,75,93,100,190,210,290,300,370,400,400
