Type,Name,Request Count,Failure Count,Median Response Time,Average Response Time,Min Response Time,Max Response Time,Average Content Size,Requests/s,Failures/s,50%,66%,75%,80%,90%,95%,98%,99%,99.9%,99.99%,100%
GET,/,8439,0,11,43.655077295888034,1.3119000000010317,399.9362,8688.0,442.6147372118246,0.0,11,28,62,78,120,190,240,290,350,400,400
,Aggregated,8439,0,11,43.655077295888034,1.3119000000010317,399.9362,8688.0,442.6147372118246,0.0,11,28,62,78,120,190,240,290,350,400,400
