Type,Name,Request Count,Failure Count,Median Response Time,Average Response Time,Min Response Time,Max Response Time,Average Content Size,Requests/s,Failures/s,50%,66%,75%,80%,90%,95%,98%,99%,99.9%,99.99%,100%
GET,/,7462,0,10,34.40778091664431,1.2638000000002592,356.22940000000017,8688.0,392.3077893296441,0.0,10,16,50,69,99,150,190,250,330,360,360
,Aggregated,7462,0,10,34.40778091664431,1.2638000000002592,356.22940000000017,8688.0,392.3077893296441,0.0,10,16,50,69,99,150,190,250,330,360,360
