Type,Name,Request Count,Failure Count,Median Response Time,Average Response Time,Min Response Time,Max Response Time,Average Content Size,Requests/s,Failures/s,50%,66%,75%,80%,90%,95%,98%,99%,99.9%,99.99%,100%
GET,/,10012,0,26,59.16116249500601,1.275500000000207,411.32719999999966,8688.0,524.708239573267,0.0,26,67,85,94,170,210,280,300,390,400,410
,Aggregated,10012,0,26,59.16116249500601,1.275500000000207,411.32719999999966,8688.0,524.708239573267,0.0,26,67,85,94,170,210,280,300,390,400,410
