Type,Name,Request Count,Failure Count,Median Response Time,Average Response Time,Min Response Time,Max Response Time,Average Content Size,Requests/s,Failures/s,50%,66%,75%,80%,90%,95%,98%,99%,99.9%,99.99%,100%
GET,/,7460,0,11,40.78149028150164,1.201899999999867,370.4449000000003,8688.0,391.51795651089276,0.0,11,30,65,78,100,180,250,270,350,370,370
,Aggregated,7460,0,11,40.78149028150164,1.201899999999867,370.4449000000003,8688.0,391.51795651089276,0.0,11,30,65,78,100,180,250,270,350,370,370
