Type,Name,Request Count,Failure Count,Median Response Time,Average Response Time,Min Response Time,Max Response Time,Average Content Size,Requests/s,Failures/s,50%,66%,75%,80%,90%,95%,98%,99%,99.9%,99.99%,100%
GET,/,9382,0,16,47.942620677894034,1.3015999999996808,363.2219999999999,8688.0,490.8820739542268,0.0,16,50,69,78,130,190,250,280,360,360,360
,Aggregated,9382,0,16,47.942620677894034,1.3015999999996808,363.2219999999999,8688.0,490.8820739542268,0.0,16,50,69,78,130,190,250,280,360,360,360
