Type,Name,Request Count,Failure Count,Median Response Time,Average Response Time,Min Response Time,Max Response Time,Average Content Size,Requests/s,Failures/s,50%,66%,75%,80%,90%,95%,98%,99%,99.9%,99.99%,100%
GET,/,9743,0,25,51.640229149132665,1.339500000000271,305.2080999999998,8688.0,511.7939862424515,0.0,25,72,85,90,100,180,210,240,290,310,310
,Aggregated,9743,0,25,51.640229149132665,1.339500000000271,305.2080999999998,8688.0,511.7939862424515,0.0,25,72,85,90,100,180,210,240,290,310,310
