Type,Name,Request Count,Failure Count,Median Response Time,Average Response Time,Min Response Time,Max Response Time,Average Content Size,Requests/s,Failures/s,50%,66%,75%,80%,90%,95%,98%,99%,99.9%,99.99%,100%
GET,/,7636,0,72,206.64457392613897,1.2783999999985696,2995.1654,8688.0,399.77151033101444,0.0,72,92,110,190,310,1700,2400,2500,2800,3000,3000
,Aggregated,7636,0,72,206.64457392613897,1.2783999999985696,2995.1654,8688.0,399.77151033101444,0.0,72,92,110,190,310,1700,2400,2500,2800,3000,3000
