Type,Name,Request Count,Failure Count,Median Response Time,Average Response Time,Min Response Time,Max Response Time,Average Content Size,Requests/s,Failures/s,50%,66%,75%,80%,90%,95%,98%,99%,99.9%,99.99%,100%
GET,/,9656,0,78,86.10146334921274,1.4205000000000467,398.1426999999993,8688.0,507.1517044690051,0.0,78,95,110,120,200,230,290,300,380,400,400
,Aggregated,9656,0,78,86.10146334921274,1.4205000000000467,398.1426999999993,8688.0,507.1517044690051,0.0,78,95,110,120,200,230,290,300,380,400,400
