Type,Name,Request Count,Failure Count,Median Response Time,Average Response Time,Min Response Time,Max Response Time,Average Content Size,Requests/s,Failures/s,50%,66%,75%,80%,90%,95%,98%,99%,99.9%,99.99%,100%
GET,/,9127,0,66,69.78988753149945,1.2975000000006176,445.66269999999975,8688.0,479.43215645974107,0.0,66,81,90,96,170,230,290,300,370,450,450
,Aggregated,9127,0,66,69.78988753149945,1.2975000000006176,445.66269999999975,8688.0,479.43215645974107,0.0,66,81,90,96,170,230,290,300,370,450,450
