Type,Name,Request Count,Failure Count,Median Response Time,Average Response Time,Min Response Time,Max Response Time,Average Content Size,Requests/s,Failures/s,50%,66%,75%,80%,90%,95%,98%,99%,99.9%,99.99%,100%
GET,/,8426,0,81,82.01833763351533,1.583500000000626,398.1440000000003,8688.0,440.99843711691597,0.0,81,92,99,110,190,270,290,340,380,400,400
,Aggregated,8426,0,81,82.01833763351533,1.583500000000626,398.1440000000003,8688.0,440.99843711691597,0.0,81,92,99,110,190,270,290,340,380,400,400
