Type,Name,Request Count,Failure Count,Median Response Time,Average Response Time,Min Response Time,Max Response Time,Average Content Size,Requests/s,Failures/s,50%,66%,75%,80%,90%,95%,98%,99%,99.9%,99.99%,100%
GET,/,8312,0,120.0,157.8660613089511,1.4877000000002027,520.665300000001,8688.0,436.1507249863768,0.0,120,190,200,220,300,360,400,400,500,520,520
,Aggregated,8312,0,120.0,157.8660613089511,1.4877000000002027,520.665300000001,8688.0,436.1507249863768,0.0,120,190,200,220,300,360,400,400,500,520,520
