Type,Name,Request Count,Failure Count,Median Response Time,Average Response Time,Min Response Time,Max Response Time,Average Content Size,Requests/s,Failures/s,50%,66%,75%,80%,90%,95%,98%,99%,99.9%,99.99%,100%
GET,/,8251,0,76,89.11516496182294,1.7209999999998615,495.89389999999867,8688.0,433.46202978359105,0.0,76,97,110,160,210,280,300,330,400,500,500
,Aggregated,8251,0,76,89.11516496182294,1.7209999999998615,495.89389999999867,8688.0,433.46202978359105,0.0,76,97,110,160,210,280,300,330,400,500,500
