Type,Name,Request Count,Failure Count,Median Response Time,Average Response Time,Min Response Time,Max Response Time,Average Content Size,Requests/s,Failures/s,50%,66%,75%,80%,90%,95%,98%,99%,99.9%,99.99%,100%
GET,/,8254,0,13,43.27319078022793,1.157600000000869,346.8730999999998,8688.0,432.7556511557304,0.0,13,48,69,78,100,180,230,260,300,350,350
,Aggregated,8254,0,13,43.27319078022793,1.157600000000869,346.8730999999998,8688.0,432.7556511557304,0.0,13,48,69,78,100,180,230,260,300,350,350
