Type,Name,Request Count,Failure Count,Median Response Time,Average Response Time,Min Response Time,Max Response Time,Average Content Size,Requests/s,Failures/s,50%,66%,75%,80%,90%,95%,98%,99%,99.9%,99.99%,100%
GET,/,8208,0,13,44.2966305433723,1.2642999999989968,345.31890000000055,8688.0,430.35594623625695,0.0,13,44,68,80,120,190,260,280,330,350,350
,Aggregated,8208,0,13,44.2966305433723,1.2642999999989968,345.31890000000055,8688.0,430.35594623625695,0.0,13,44,68,80,120,190,260,280,330,350,350
