Type,Name,Request Count,Failure Count,Median Response Time,Average Response Time,Min Response Time,Max Response Time,Average Content Size,Requests/s,Failures/s,50%,66%,75%,80%,90%,95%,98%,99%,99.9%,99.99%,100%
GET,/,9732,0,73,73.92629670160296,1.2757000000007679,330.8260000000001,8688.0,510.13536060909456,0.0,73,89,98,110,170,190,220,240,270,330,330
,Aggregated,9732,0,73,73.92629670160296,1.2757000000007679,330.8260000000001,8688.0,510.13536060909456,0.0,73,89,98,110,170,190,220,240,270,330,330
