Type,Name,Request Count,Failure Count,Median Response Time,Average Response Time,Min Response Time,Max Response Time,Average Content Size,Requests/s,Failures/s,50%,66%,75%,80%,90%,95%,98%,99%,99.9%,99.99%,100%
GET,/,7714,0,17,55.57824690173711,1.2073000000007994,380.2151,8688.0,405.3950698234768,0.0,17,72,83,89,160,200,270,280,370,380,380
,Aggregated,7714,0,17,55.57824690173711,1.2073000000007994,380.2151,8688.0,405.3950698234768,0.0,17,72,83,89,160,200,270,280,370,380,380
