Type,Name,Request Count,Failure Count,Median Response Time,Average Response Time,Min Response Time,Max Response Time,Average Content Size,Requests/s,Failures/s,50%,66%,75%,80%,90%,95%,98%,99%,99.9%,99.99%,100%
GET,/,8450,0,12,43.872220792899476,1.269600000000537,341.91980000000035,8688.0,442.71128727970546,0.0,12,45,69,81,110,190,230,250,320,340,340
,Aggregated,8450,0,12,43.872220792899476,1.269600000000537,341.91980000000035,8688.0,442.71128727970546,0.0,12,45,69,81,110,190,230,250,320,340,340
