Type,Name,Request Count,Failure Count,Median Response Time,Average Response Time,Min Response Time,Max Response Time,Average Content Size,Requests/s,Failures/s,50%,66%,75%,80%,90%,95%,98%,99%,99.9%,99.99%,100%
GET,/,8648,0,19,50.938385222016656,1.5298000000001366,316.7290000000005,8688.0,453.41560912561835,0.0,19,63,79,87,120,190,220,280,300,320,320
,Aggregated,8648,0,19,50.938385222016656,1.5298000000001366,316.7290000000005,8688.0,453.41560912561835,0.0,19,63,79,87,120,190,220,280,300,320,320
