Type,Name,Request Count,Failure Count,Median Response Time,Average Response Time,Min Response Time,Max Response Time,Average Content Size,Requests/s,Failures/s,50%,66%,75%,80%,90%,95%,98%,99%,99.9%,99.99%,100%
GET,/,8776,0,20,60.831745476298835,1.3081000000010334,394.99630000000076,8688.0,459.71745871939834,0.0,20,75,85,92,190,230,290,290,320,390,390
,Aggregated,8776,0,20,60.831745476298835,1.3081000000010334,394.99630000000076,8688.0,459.71745871939834,0.0,20,75,85,92,190,230,290,290,320,390,390
