Type,Name,Request Count,Failure Count,Median Response Time,Average Response Time,Min Response Time,Max Response Time,Average Content Size,Requests/s,Failures/s,50%,66%,75%,80%,90%,95%,98%,99%,99.9%,99.99%,100%
GET,/,9657,0,18,46.113107020814,1.2854000000004362,373.24040000000025,8688.0,506.98452167669456,0.0,18,45,67,76,130,180,230,270,320,370,370
,Aggregated,9657,0,18,46.113107020814,1.2854000000004362,373.24040000000025,8688.0,506.98452167669456,0.0,18,45,67,76,130,180,230,270,320,370,370
