Type,Name,Request Count,Failure Count,Median Response Time,Average Response Time,Min Response Time,Max Response Time,Average Content Size,Requests/s,Failures/s,50%,66%,75%,80%,90%,95%,98%,99%,99.9%,99.99%,100%
GET,/,9394,0,27,52.59014635937834,1.348600000000033,371.01770000000033,8688.0,493.17357840336035,0.0,27,68,81,87,110,190,230,260,300,370,370
,Aggregated,9394,0,27,52.59014635937834,1.348600000000033,371.01770000000033,8688.0,493.17357840336035,0.0,27,68,81,87,110,190,230,260,300,370,370
