Type,Name,Request Count,Failure Count,Median Response Time,Average Response Time,Min Response Time,Max Response Time,Average Content Size,Requests/s,Failures/s,50%,66%,75%,80%,90%,95%,98%,99%,99.9%,99.99%,100%
GET,/,9324,0,63,68.26497365937367,1.3585999999996545,340.0118999999999,8688.0,488.4749634989853,0.0,63,83,92,100,180,200,250,280,330,340,340
,Aggregated,9324,0,63,68.26497365937367,1.3585999999996545,340.0118999999999,8688.0,488.4749634989853,0.0,63,83,92,100,180,200,250,280,330,340,340
