Type,Name,Request Count,Failure Count,Median Response Time,Average Response Time,Min Response Time,Max Response Time,Average Content Size,Requests/s,Failures/s,50%,66%,75%,80%,90%,95%,98%,99%,99.9%,99.99%,100%
GET,/,6315,0,84,83.39466319873286,1.2936999999997312,535.8450000000001,8688.0,444.5604780992739,0.0,84,97,110,120,190,200,210,280,310,540,540
,Aggregated,6315,0,84,83.39466319873286,1.2936999999997312,535.8450000000001,8688.0,444.5604780992739,0.0,84,97,110,120,190,200,210,280,310,540,540
