Type,Name,Request Count,Failure Count,Median Response Time,Average Response Time,Min Response Time,Max Response Time,Average Content Size,Requests/s,Failures/s,50%,66%,75%,80%,90%,95%,98%,99%,99.9%,99.99%,100%
GET,/,9116,0,41,58.69927725976337,1.232800000000367,363.4524999999993,8688.0,479.39936956208174,0.0,41,73,82,87,120,200,270,280,340,360,360
,Aggregated,9116,0,41,58.69927725976337,1.232800000000367,363.4524999999993,8688.0,479.39936956208174,0.0,41,73,82,87,120,200,270,280,340,360,360
