Type,Name,Request Count,Failure Count,Median Response Time,Average Response Time,Min Response Time,Max Response Time,Average Content Size,Requests/s,Failures/s,50%,66%,75%,80%,90%,95%,98%,99%,99.9%,99.99%,100%
GET,/,8904,0,15,53.47339953953283,1.2602999999984377,366.19270000000006,8688.0,466.7786104931739,0.0,15,61,78,90,160,200,280,290,360,370,370
,Aggregated,8904,0,15,53.47339953953283,1.2602999999984377,366.19270000000006,8688.0,466.7786104931739,0.0,15,61,78,90,160,200,280,290,360,370,370
