Type,Name,Request Count,Failure Count,Median Response Time,Average Response Time,Min Response Time,Max Response Time,Average Content Size,Requests/s,Failures/s,50%,66%,75%,80%,90%,95%,98%,99%,99.9%,99.99%,100%
GET,/,9773,0,31,57.551043640642504,1.4272999999995761,336.4107999999999,8688.0,512.7129978141962,0.0,31,68,85,95,150,190,250,280,300,340,340
,Aggregated,9773,0,31,57.551043640642504,1.4272999999995761,336.4107999999999,8688.0,512.7129978141962,0.0,31,68,85,95,150,190,250,280,300,340,340
