Type,Name,Request Count,Failure Count,Median Response Time,Average Response Time,Min Response Time,Max Response Time,Average Content Size,Requests/s,Failures/s,50%,66%,75%,80%,90%,95%,98%,99%,99.9%,99.99%,100%
GET,/,8389,0,24,61.737039766360596,1.3018000000002417,382.49360000000013,8688.0,439.85603160961546,0.0,24,76,91,100,180,210,250,280,310,380,380
,Aggregated,8389,0,24,61.737039766360596,1.3018000000002417,382.49360000000013,8688.0,439.85603160961546,0.0,24,76,91,100,180,210,250,280,310,380,380
