Type,Name,Request Count,Failure Count,Median Response Time,Average Response Time,Min Response Time,Max Response Time,Average Content Size,Requests/s,Failures/s,50%,66%,75%,80%,90%,95%,98%,99%,99.9%,99.99%,100%
GET,/,9903,0,100.0,124.53153169746597,1.8420999999992915,421.4428999999989,8688.0,520.1499440474483,0.0,100,140,180,190,220,280,300,320,380,420,420
,Aggregated,9903,0,100.0,124.53153169746597,1.8420999999992915,421.4428999999989,8688.0,520.1499440474483,0.0,100,140,180,190,220,280,300,320,380,420,420
