Type,Name,Request Count,Failure Count,Median Response Time,Average Response Time,Min Response Time,Max Response Time,Average Content Size,Requests/s,Failures/s,50%,66%,75%,80%,90%,95%,98%,99%,99.9%,99.99%,100%
GET,/,8715,0,14,44.88616909925419,1.3046000000009883,405.2604999999998,8688.0,456.66510123847064,0.0,14,48,70,85,120,180,230,250,330,410,410
,Aggregated,8715,0,14,44.88616909925419,1.3046000000009883,405.2604999999998,8688.0,456.66510123847064,0.0,14,48,70,85,120,180,230,250,330,410,410
