Type,Name,Request Count,Failure Count,Median Response Time,Average Response Time,Min Response Time,Max Response Time,Average Content Size,Requests/s,Failures/s,50%,66%,75%,80%,90%,95%,98%,99%,99.9%,99.99%,100%
GET,/,8990,0,15,38.190066162402815,1.2430000000005492,311.22700000000015,8688.0,471.21893912884366,0.0,15,30,58,73,100,140,180,220,250,310,310
,Aggregated,8990,0,15,38.190066162402815,1.2430000000005492,311.22700000000015,8688.0,471.21893912884366,0.0,15,30,58,73,100,140,180,220,250,310,310
