Type,Name,Request Count,Failure Count,Median Response Time,Average Response Time,Min Response Time,Max Response Time,Average Content Size,Requests/s,Failures/s,50%,66%,75%,80%,90%,95%,98%,99%,99.9%,99.99%,100%
GET,/,9692,0,50,62.740226826248374,1.4739999999999753,403.6223000000012,8688.0,508.3117643919527,0.0,51,78,89,97,150,190,270,300,370,400,400
,Aggregated,9692,0,50,62.740226826248374,1.4739999999999753,403.6223000000012,8688.0,508.3117643919527,0.0,51,78,89,97,150,190,270,300,370,400,400
