Type,Name,Request Count,Failure Count,Median Response Time,Average Response Time,Min Response Time,Max Response Time,Average Content Size,Requests/s,Failures/s,50%,66%,75%,80%,90%,95%,98%,99%,99.9%,99.99%,100%
GET,/,7264,0,11,41.0274370181718,1.2471999999998928,324.73889999999983,8688.0,380.74631732386115,0.0,11,24,62,75,110,200,230,250,280,320,320
,Aggregated,7264,0,11,41.0274370181718,1.2471999999998928,324.73889999999983,8688.0,380.74631732386115,0.0,11,24,62,75,110,200,230,250,280,320,320
