Type,Name,Request Count,Failure Count,Median Response Time,Average Response Time,Min Response Time,Max Response Time,Average Content Size,Requests/s,Failures/s,50%,66%,75%,80%,90%,95%,98%,99%,99.9%,99.99%,100%
GET,/,8460,0,12,46.279588416075654,1.2796999999995506,458.9963000000008,8688.0,443.6020557921429,0.0,12,34,65,78,160,200,270,290,370,460,460
,Aggregated,8460,0,12,46.279588416075654,1.2796999999995506,458.9963000000008,8688.0,443.6020557921429,0.0,12,34,65,78,160,200,270,290,370,460,460
