Type,Name,Request Count,Failure Count,Median Response Time,Average Response Time,Min Response Time,Max Response Time,Average Content Size,Requests/s,Failures/s,50%,66%,75%,80%,90%,95%,98%,99%,99.9%,99.99%,100%
GET,/,8718,0,67,68.12219146593254,1.2039000000001465,352.58349999999973,8688.0,456.91175488878605,0.0,68,87,95,100,160,200,250,280,320,350,350
,Aggregated,8718,0,67,68.12219146593254,1.2039000000001465,352.58349999999973,8688.0,456.91175488878605,0.0,68,87,95,100,160,200,250,280,320,350,350
