Type,Name,Request Count,Failure Count,Median Response Time,Average Response Time,Min Response Time,Max Response Time,Average Content Size,Requests/s,Failures/s,50%,66%,75%,80%,90%,95%,98%,99%,99.9%,99.99%,100%
GET,/,9361,0,55,67.08619352633258,1.2654999999988092,363.90599999999915,8688.0,492.64773723138427,0.0,55,85,96,110,180,200,250,270,330,360,360
,Aggregated,9361,0,55,67.08619352633258,1.2654999999988092,363.90599999999915,8688.0,492.64773723138427,0.0,55,85,96,110,180,200,250,270,330,360,360
