Type,Name,Request Count,Failure Count,Median Response Time,Average Response Time,Min Response Time,Max Response Time,Average Content Size,Requests/s,Failures/s,50%,66%,75%,80%,90%,95%,98%,99%,99.9%,99.99%,100%
GET,/,8470,0,11,46.55796373081442,1.2657999999987624,420.3709,8688.0,443.8904735744028,0.0,11,24,67,82,180,210,280,300,320,420,420
,Aggregated,8470,0,11,46.55796373081442,1.2657999999987624,420.3709,8688.0,443.8904735744028,0.0,11,24,67,82,180,210,280,300,320,420,420
