Type,Name,Request Count,Failure Count,Median Response Time,Average Response Time,Min Response Time,Max Response Time,Average Content Size,Requests/s,Failures/s,50%,66%,75%,80%,90%,95%,98%,99%,99.9%,99.99%,100%
GET,/,7198,0,9,38.738769380383296,1.2173999999980367,463.64729999999986,8688.0,378.43938425989955,0.0,9,17,56,71,100,190,260,280,400,460,460
,Aggregated,7198,0,9,38.738769380383296,1.2173999999980367,463.64729999999986,8688.0,378.43938425989955,0.0,9,17,56,71,100,190,260,280,400,460,460
