Type,Name,Request Count,Failure Count,Median Response Time,Average Response Time,Min Response Time,Max Response Time,Average Content Size,Requests/s,Failures/s,50%,66%,75%,80%,90%,95%,98%,99%,99.9%,99.99%,100%
GET,/,9940,0,18,47.70900759557361,1.2143000000008897,343.9768000000001,8688.0,521.2276621217471,0.0,18,56,75,83,110,180,230,270,330,340,340
,Aggregated,9940,0,18,47.70900759557361,1.2143000000008897,343.9768000000001,8688.0,521.2276621217471,0.0,18,56,75,83,110,180,230,270,330,340,340
