Type,Name,Request Count,Failure Count,Median Response Time,Average Response Time,Min Response Time,Max Response Time,Average Content Size,Requests/s,Failures/s,50%,66%,75%,80%,90%,95%,98%,99%,99.9%,99.99%,100%
GET,/,7795,0,43,60.71973535599746,1.2331999999997123,504.62039999999985,8688.0,408.55578242408114,0.0,43,86,94,98,120,200,220,290,490,500,500
,Aggregated,7795,0,43,60.71973535599746,1.2331999999997123,504.62039999999985,8688.0,408.55578242408114,0.0,43,86,94,98,120,200,220,290,490,500,500
