Type,Name,Request Count,Failure Count,Median Response Time,Average Response Time,Min Response Time,Max Response Time,Average Content Size,Requests/s,Failures/s,50%,66%,75%,80%,90%,95%,98%,99%,99.9%,99.99%,100%
GET,/,9533,0,79,74.40373312703233,1.3411000000012052,372.35949999999997,8688.0,499.86937700083297,0.0,79,90,97,100,170,190,270,280,370,370,370
,Aggregated,9533,0,79,74.40373312703233,1.3411000000012052,372.35949999999997,8688.0,499.86937700083297,0.0,79,90,97,100,170,190,270,280,370,370,370
