Type,Name,Request Count,Failure Count,Median Response Time,Average Response Time,Min Response Time,Max Response Time,Average Content Size,Requests/s,Failures/s,50%,66%,75%,80%,90%,95%,98%,99%,99.9%,99.99%,100%
GET,/,8134,0,89,89.5631158716499,1.2905000000005273,349.4444999999997,8688.0,426.2719015608814,0.0,89,98,110,140,200,210,280,300,340,350,350
,Aggregated,8134,0,89,89.5631158716499,1.2905000000005273,349.4444999999997,8688.0,426.2719015608814,0.0,89,98,110,140,200,210,280,300,340,350,350
