Type,Name,Request Count,Failure Count,Median Response Time,Average Response Time,Min Response Time,Max Response Time,Average Content Size,Requests/s,Failures/s,50%,66%,75%,80%,90%,95%,98%,99%,99.9%,99.99%,100%
GET,/,8666,0,13,47.39058839141452,1.2777000000028238,402.9580999999993,8688.0,455.29424729003335,0.0,13,43,71,81,120,210,280,290,360,400,400
,Aggregated,8666,0,13,47.39058839141452,1.2777000000028238,402.9580999999993,8688.0,455.29424729003335,0.0,13,43,71,81,120,210,280,290,360,400,400
