Type,Name,Request Count,Failure Count,Median Response Time,Average Response Time,Min Response Time,Max Response Time,Average Content Size,Requests/s,Failures/s,50%,66%,75%,80%,90%,95%,98%,99%,99.9%,99.99%,100%
GET,/,8377,0,12,44.57659065297841,1.230400000000742,304.2961000000002,8688.0,438.6476931525976,0.0,12,25,68,83,140,190,240,260,290,300,300
,Aggregated,8377,0,12,44.57659065297841,1.230400000000742,304.2961000000002,8688.0,438.6476931525976,0.0,12,25,68,83,140,190,240,260,290,300,300
