Type,Name,Request Count,Failure Count,Median Response Time,Average Response Time,Min Response Time,Max Response Time,Average Content Size,Requests/s,Failures/s,50%,66%,75%,80%,90%,95%,98%,99%,99.9%,99.99%,100%
GET,/,7741,0,15,44.24631051543728,1.2710000000026866,395.70189999999974,8688.0,407.22827631895,0.0,15,51,74,81,100,170,220,250,350,400,400
,Aggregated,7741,0,15,44.24631051543728,1.2710000000026866,395.70189999999974,8688.0,407.22827631895,0.0,15,51,74,81,100,170,220,250,350,400,400
