Type,Name,Request Count,Failure Count,Median Response Time,Average Response Time,Min Response Time,Max Response Time,Average Content Size,Requests/s,Failures/s,50%,66%,75%,80%,90%,95%,98%,99%,99.9%,99.99%,100%
GET,/,8899,0,12,42.132388942577876,1.285900000000062,280.62389999999925,8688.0,467.689584954266,0.0,12,43,70,83,110,180,200,220,250,280,280
,Aggregated,8899,0,12,42.132388942577876,1.285900000000062,280.62389999999925,8688.0,467.689584954266,0.0,12,43,70,83,110,180,200,220,250,280,280
