Type,Name,Request Count,Failure Count,Median Response Time,Average Response Time,Min Response Time,Max Response Time,Average Content Size,Requests/s,Failures/s,50%,66%,75%,80%,90%,95%,98%,99%,99.9%,99.99%,100%
GET,/,7558,0,11,45.8410041413072,1.1719999999986186,322.24489999999986,8688.0,396.32132710983785,0.0,11,58,77,86,110,190,200,220,300,320,320
,Aggregated,7558,0,11,45.8410041413072,1.1719999999986186,322.24489999999986,8688.0,396.32132710983785,0.0,11,58,77,86,110,190,200,220,300,320,320
