Type,Name,Request Count,Failure Count,Median Response Time,Average Response Time,Min Response Time,Max Response Time,Average Content Size,Requests/s,Failures/s,50%,66%,75%,80%,90%,95%,98%,99%,99.9%,99.99%,100%
GET,/,9485,0,69,67.6142004322616,1.2316000000005545,518.6283999999998,8688.0,498.59250186710693,0.0,69,87,93,96,150,200,280,310,510,520,520
,Aggregated,9485,0,69,67.6142004322616,1.2316000000005545,518.6283999999998,8688.0,498.59250186710693,0.0,69,87,93,96,150,200,280,310,510,520,520
