Type,Name,Request Count,Failure Count,Median Response Time,Average Response Time,Min Response Time,Max Response Time,Average Content Size,Requests/s,Failures/s,50%,66%,75%,80%,90%,95%,98%,99%,99.9%,99.99%,100%
GET,/,8353,0,13,50.638673494552904,1.220699999997521,401.7438999999996,8688.0,438.146356926874,0.0,13,57,75,86,130,200,290,300,380,400,400
,Aggregated,8353,0,13,50.638673494552904,1.220699999997521,401.7438999999996,8688.0,438.146356926874,0.0,13,57,75,86,130,200,290,300,380,400,400
