Type,Name,Request Count,Failure Count,Median Response Time,Average Response Time,Min Response Time,Max Response Time,Average Content Size,Requests/s,Failures/s,50%,66%,75%,80%,90%,95%,98%,99%,99.9%,99.99%,100%
GET,/,8276,0,11,43.487703479941615,1.2402999999991948,339.5619999999999,8688.0,433.8695047722876,0.0,11,31,71,85,120,190,220,240,320,340,340
,Aggregated,8276,0,11,43.487703479941615,1.2402999999991948,339.5619999999999,8688.0,433.8695047722876,0.0,11,31,71,85,120,190,220,240,320,340,340
