Type,Name,Request Count,Failure Count,Median Response Time,Average Response Time,Min Response Time,Max Response Time,Average Content Size,Requests/s,Failures/s,50%,66%,75%,80%,90%,95%,98%,99%,99.9%,99.99%,100%
GET,/,8448,0,17,57.809140613162775,1.2462000000006412,484.03200000000004,8688.0,442.5100877145439,0.0,17,73,86,92,140,220,300,320,410,480,480
,Aggregated,8448,0,17,57.809140613162775,1.2462000000006412,484.03200000000004,8688.0,442.5100877145439,0.0,17,73,86,92,140,220,300,320,410,480,480
