Type,Name,Request Count,Failure Count,Median Response Time,Average Response Time,Min Response Time,Max Response Time,Average Content Size,Requests/s,Failures/s,50%,66%,75%,80%,90%,95%,98%,99%,99.9%,99.99%,100%
GET,/,9318,0,83,83.93876157973804,1.480800000001281,393.8158,8688.0,487.893552199128,0.0,83,95,100,110,190,200,240,280,350,390,390
,Aggregated,9318,0,83,83.93876157973804,1.480800000001281,393.8158,8688.0,487.893552199128,0.0,83,95,100,110,190,200,240,280,350,390,390
