Type,Name,Request Count,Failure Count,Median Response Time,Average Response Time,Min Response Time,Max Response Time,Average Content Size,Requests/s,Failures/s,50%,66%,75%,80%,90%,95%,98%,99%,99.9%,99.99%,100%
GET,/,8806,0,14,43.43869122189418,1.2959000000005716,467.68419999999986,8688.0,461.3963238115404,0.0,14,35,65,77,100,190,270,290,370,470,470
,Aggregated,8806,0,14,43.43869122189418,1.2959000000005716,467.68419999999986,8688.0,461.3963238115404,0.0,14,35,65,77,100,190,270,290,370,470,470
