Type,Name,Request Count,Failure Count,Median Response Time,Average Response Time,Min Response Time,Max Response Time,Average Content Size,Requests/s,Failures/s,50%,66%,75%,80%,90%,95%,98%,99%,99.9%,99.99%,100%
GET,/,9574,0,18,50.479175475245626,1.309199999997901,388.5923999999994,8688.0,501.7953848301824,0.0,18,59,78,86,120,200,230,280,380,390,390
,Aggregated,9574,0,18,50.479175475245626,1.309199999997901,388.5923999999994,8688.0,501.7953848301824,0.0,18,59,78,86,120,200,230,280,380,390,390
