Type,Name,Request Count,Failure Count,Median Response Time,Average Response Time,Min Response Time,Max Response Time,Average Content Size,Requests/s,Failures/s,50%,66%,75%,80%,90%,95%,98%,99%,99.9%,99.99%,100%
GET,/,9536,0,91,104.1886605390103,1.353899999999797,494.09559999999965,8688.0,499.58186041272,0.0,91,100,130,170,200,270,310,350,400,490,490
,Aggregated,9536,0,91,104.1886605390103,1.353899999999797,494.09559999999965,8688.0,499.58186041272,0.0,91,100,130,170,200,270,310,350,400,490,490
