Type,Name,Request Count,Failure Count,Median Response Time,Average Response Time,Min Response Time,Max Response Time,Average Content Size,Requests/s,Failures/s,50%,66%,75%,80%,90%,95%,98%,99%,99.9%,99.99%,100%
GET,/,7733,0,15,55.5451359239621,1.289399999999219,376.2965999999999,8688.0,405.62579953217636,0.0,15,75,89,95,170,200,220,290,310,380,380
,Aggregated,7733,0,15,55.5451359239621,1.289399999999219,376.2965999999999,8688.0,405.62579953217636,0.0,15,75,89,95,170,200,220,290,310,380,380
