Type,Name,Request Count,Failure Count,Median Response Time,Average Response Time,Min Response Time,Max Response Time,Average Content Size,Requests/s,Failures/s,50%,66%,75%,80%,90%,95%,98%,99%,99.9%,99.99%,100%
GET,/,7285,0,8,37.14071855868229,1.2659999999975469,338.80269999999956,8688.0,381.9530990091334,0.0,8,14,53,70,110,190,240,260,330,340,340
,Aggregated,7285,0,8,37.14071855868229,1.2659999999975469,338.80269999999956,8688.0,381.9530990091334,0.0,8,14,53,70,110,190,240,260,330,340,340
