Type,Name,Request Count,Failure Count,Median Response Time,Average Response Time,Min Response Time,Max Response Time,Average Content Size,Requests/s,Failures/s,50%,66%,75%,80%,90%,95%,98%,99%,99.9%,99.99%,100%
GET,/,8767,0,16,54.229876080757414,1.2798000000007193,421.71320000000014,8688.0,460.44034637259693,0.0,16,73,84,91,160,190,270,300,340,420,420
,Aggregated,8767,0,16,54.229876080757414,1.2798000000007193,421.71320000000014,8688.0,460.44034637259693,0.0,16,73,84,91,160,190,270,300,340,420,420
