Type,Name,Request Count,Failure Count,Median Response Time,Average Response Time,Min Response Time,Max Response Time,Average Content Size,Requests/s,Failures/s,50%,66%,75%,80%,90%,95%,98%,99%,99.9%,99.99%,100%
GET,/,8925,0,66,68.10557163025214,1.3833000000005313,376.08279999999985,8688.0,469.16015709891093,0.0,66,86,94,100,170,200,270,290,330,380,380
,Aggregated,8925,0,66,68.10557163025214,1.3833000000005313,376.08279999999985,8688.0,469.16015709891093,0.0,66,86,94,100,170,200,270,290,330,380,380
