Type,Name,Request Count,Failure Count,Median Response Time,Average Response Time,Min Response Time,Max Response Time,Average Content Size,Requests/s,Failures/s,50%,66%,75%,80%,90%,95%,98%,99%,99.9%,99.99%,100%
GET,/,9885,0,27,59.51630528072852,1.4286999999999495,482.8841000000006,8688.0,517.8038749664232,0.0,27,74,86,96,160,200,260,300,380,480,480
,Aggregated,9885,0,27,59.51630528072852,1.4286999999999495,482.8841000000006,8688.0,517.8038749664232,0.0,27,74,86,96,160,200,260,300,380,480,480
