Type,Name,Request Count,Failure Count,Median Response Time,Average Response Time,Min Response Time,Max Response Time,Average Content Size,Requests/s,Failures/s,50%,66%,75%,80%,90%,95%,98%,99%,99.9%,99.99%,100%
GET,/,9432,0,19,50.37086762086494,1.2910999999995454,441.7976000000001,8688.0,493.53693881279395,0.0,19,64,76,83,110,190,260,270,350,440,440
,Aggregated,9432,0,19,50.37086762086494,1.2910999999995454,441.7976000000001,8688.0,493.53693881279395,0.0,19,64,76,83,110,190,260,270,350,440,440
