Type,Name,Request Count,Failure Count,Median Response Time,Average Response Time,Min Response Time,Max Response Time,Average Content Size,Requests/s,Failures/s,50%,66%,75%,80%,90%,95%,98%,99%,99.9%,99.99%,100%
GET,/,7877,0,11,40.99269324615941,1.2199999999999989,398.2853000000004,8688.0,413.0399375351862,0.0,11,46,72,85,100,160,190,220,360,400,400
,Aggregated,7877,0,11,40.99269324615941,1.2199999999999989,398.2853000000004,8688.0,413.0399375351862,0.0,11,46,72,85,100,160,190,220,360,400,400
