Type,Name,Request Count,Failure Count,Median Response Time,Average Response Time,Min Response Time,Max Response Time,Average Content Size,Requests/s,Failures/s,50%,66%,75%,80%,90%,95%,98%,99%,99.9%,99.99%,100%
GET,/,8551,0,12,48.40814594784245,1.2118000000000961,312.67120000000006,8688.0,448.064890446862,0.0,12,65,83,92,120,190,210,230,280,310,310
,Aggregated,8551,0,12,48.40814594784245,1.2118000000000961,312.67120000000006,8688.0,448.064890446862,0.0,12,65,83,92,120,190,210,230,280,310,310
