Type,Name,Request Count,Failure Count,Median Response Time,Average Response Time,Min Response Time,Max Response Time,Average Content Size,Requests/s,Failures/s,50%,66%,75%,80%,90%,95%,98%,99%,99.9%,99.99%,100%
GET,/,9215,0,12,36.990986304937756,1.318400000000608,382.3455999999998,8688.0,484.40253084628864,0.0,12,24,47,71,100,150,200,230,300,380,380
,Aggregated,9215,0,12,36.990986304937756,1.318400000000608,382.3455999999998,8688.0,484.40253084628864,0.0,12,24,47,71,100,150,200,230,300,380,380
