Type,Name,Request Count,Failure Count,Median Response Time,Average Response Time,Min Response Time,Max Response Time,Average Content Size,Requests/s,Failures/s,50%,66%,75%,80%,90%,95%,98%,99%,99.9%,99.99%,100%
GET,/,8848,0,63,67.25525505198944,1.2603999999996063,341.71870000000035,8688.0,463.4484892312033,0.0,63,85,94,100,180,200,250,280,310,340,340
,Aggregated,8848,0,63,67.25525505198944,1.2603999999996063,341.71870000000035,8688.0,463.4484892312033,0.0,63,85,94,100,180,200,250,280,310,340,340
