Type,Name,Request Count,Failure Count,Median Response Time,Average Response Time,Min Response Time,Max Response Time,Average Content Size,Requests/s,Failures/s,50%,66%,75%,80%,90%,95%,98%,99%,99.9%,99.99%,100%
GET,/,8280,0,15,56.48844619565234,1.2021000000004278,598.7084000000004,8688.0,434.5534477846717,0.0,15,61,77,87,170,270,300,380,440,600,600
,Aggregated,8280,0,15,56.48844619565234,1.2021000000004278,598.7084000000004,8688.0,434.5534477846717,0.0,15,61,77,87,170,270,300,380,440,600,600
