Type,Name,Request Count,Failure Count,Median Response Time,Average Response Time,Min Response Time,Max Response Time,Average Content Size,Requests/s,Failures/s,50%,66%,75%,80%,90%,95%,98%,99%,99.9%,99.99%,100%
GET,/,7187,0,11,49.727848086823286,1.1662000000001171,570.6085999999999,8688.0,377.6457547288117,0.0,11,47,74,83,120,210,310,380,410,570,570
,Aggregated,7187,0,11,49.727848086823286,1.1662000000001171,570.6085999999999,8688.0,377.6457547288117,0.0,11,47,74,83,120,210,310,380,410,570,570
