Type,Name,Request Count,Failure Count,Median Response Time,Average Response Time,Min Response Time,Max Response Time,Average Content Size,Requests/s,Failures/s,50%,66%,75%,80%,90%,95%,98%,99%,99.9%,99.99%,100%
GET,/,8817,0,79,75.9576212090279,1.2144999999996742,403.54739999999987,8688.0,462.7194961047655,0.0,79,90,97,100,170,200,280,320,390,400,400
,Aggregated,8817,0,79,75.9576212090279,1.2144999999996742,403.54739999999987,8688.0,462.7194961047655,0.0,79,90,97,100,170,200,280,320,390,400,400
