Type,Name,Request Count,Failure Count,Median Response Time,Average Response Time,Min Response Time,Max Response Time,Average Content Size,Requests/s,Failures/s,50%,66%,75%,80%,90%,95%,98%,99%,99.9%,99.99%,100%
GET,/,7578,0,10,43.162666165215064,1.2331999999997123,338.71249999999975,8688.0,397.49878484021144,0.0,10,26,59,73,130,210,240,280,330,340,340
,Aggregated,7578,0,10,43.162666165215064,1.2331999999997123,338.71249999999975,8688.0,397.49878484021144,0.0,10,26,59,73,130,210,240,280,330,340,340
