Type,Name,Request Count,Failure Count,Median Response Time,Average Response Time,Min Response Time,Max Response Time,Average Content Size,Requests/s,Failures/s,50%,66%,75%,80%,90%,95%,98%,99%,99.9%,99.99%,100%
GET,/,8205,0,13,51.672521474710514,1.3147999999993942,476.2621000000005,8688.0,429.8220835754608,0.0,13,49,75,84,160,220,300,330,390,480,480
,Aggregated,8205,0,13,51.672521474710514,1.3147999999993942,476.2621000000005,8688.0,429.8220835754608,0.0,13,49,75,84,160,220,300,330,390,480,480
