Type,Name,Request Count,Failure Count,Median Response Time,Average Response Time,Min Response Time,Max Response Time,Average Content Size,Requests/s,Failures/s,50%,66%,75%,80%,90%,95%,98%,99%,99.9%,99.99%,100%
GET,/,9162,0,68,67.01734055882949,1.357399999999842,303.2396999999998,8688.0,480.652881389716,0.0,68,86,95,100,180,190,210,220,300,300,300
,Aggregated,9162,0,68,67.01734055882949,1.357399999999842,303.2396999999998,8688.0,480.652881389716,0.0,68,86,95,100,180,190,210,220,300,300,300
