Type,Name,Request Count,Failure Count,Median Response Time,Average Response Time,Min Response Time,Max Response Time,Average Content Size,Requests/s,Failures/s,50%,66%,75%,80%,90%,95%,98%,99%,99.9%,99.99%,100%
GET,/,8669,0,16,40.22227671011661,1.2795999999966057,304.07960000000014,8688.0,455.50169994371186,0.0,16,40,63,77,95,140,200,220,300,300,300
,Aggregated,8669,0,16,40.22227671011661,1.2795999999966057,304.07960000000014,8688.0,455.50169994371186,0.0,16,40,63,77,95,140,200,220,300,300,300
