Type,Name,Request Count,Failure Count,Median Response Time,Average Response Time,Min Response Time,Max Response Time,Average Content Size,Requests/s,Failures/s,50%,66%,75%,80%,90%,95%,98%,99%,99.9%,99.99%,100%
GET,/,9647,0,91,96.44565833938006,1.4424000000001769,390.0566000000003,8688.0,504.9320952139929,0.0,91,100,120,160,190,210,280,290,380,390,390
,Aggregated,9647,0,91,96.44565833938006,1.4424000000001769,390.0566000000003,8688.0,504.9320952139929,0.0,91,100,120,160,190,210,280,290,380,390,390
