Type,Name,Request Count,Failure Count,Median Response Time,Average Response Time,Min Response Time,Max Response Time,Average Content Size,Requests/s,Failures/s,50%,66%,75%,80%,90%,95%,98%,99%,99.9%,99.99%,100%
GET,/,7575,0,12,44.99819576237623,1.278199999999785,347.99839999999983,8688.0,398.53732661422947,0.0,12,46,73,84,120,190,250,270,340,350,350
,Aggregated,7575,0,12,44.99819576237623,1.278199999999785,347.99839999999983,8688.0,398.53732661422947,0.0,12,46,73,84,120,190,250,270,340,350,350
