Type,Name,Request Count,Failure Count,Median Response Time,Average Response Time,Min Response Time,Max Response Time,Average Content Size,Requests/s,Failures/s,50%,66%,75%,80%,90%,95%,98%,99%,99.9%,99.99%,100%
GET,/,7352,0,11,40.64715254352553,1.241600000000176,374.5940000000001,8688.0,385.83455900918926,0.0,11,26,68,78,99,180,260,280,360,370,370
,Aggregated,7352,0,11,40.64715254352553,1.241600000000176,374.5940000000001,8688.0,385.83455900918926,0.0,11,26,68,78,99,180,260,280,360,370,370
