Type,Name,Request Count,Failure Count,Median Response Time,Average Response Time,Min Response Time,Max Response Time,Average Content Size,Requests/s,Failures/s,50%,66%,75%,80%,90%,95%,98%,99%,99.9%,99.99%,100%
GET,/,7701,0,9,43.82628781976374,1.2855999999992207,346.99740000000025,8688.0,403.63550482524994,0.0,9,20,67,83,150,190,230,250,330,350,350
,Aggregated,7701,0,9,43.82628781976374,1.2855999999992207,346.99740000000025,8688.0,403.63550482524994,0.0,9,20,67,83,150,190,230,250,330,350,350
