Type,Name,Request Count,Failure Count,Median Response Time,Average Response Time,Min Response Time,Max Response Time,Average Content Size,Requests/s,Failures/s,50%,66%,75%,80%,90%,95%,98%,99%,99.9%,99.99%,100%
GET,/,8573,0,19,53.42956149539238,1.4826999999995039,360.41849999999977,8688.0,449.14009803952916,0.0,19,66,80,92,140,190,230,250,350,360,360
,Aggregated,8573,0,19,53.42956149539238,1.4826999999995039,360.41849999999977,8688.0,449.14009803952916,0.0,19,66,80,92,140,190,230,250,350,360,360
