Type,Name,Request Count,Failure Count,Median Response Time,Average Response Time,Min Response Time,Max Response Time,Average Content Size,Requests/s,Failures/s,50%,66%,75%,80%,90%,95%,98%,99%,99.9%,99.99%,100%
GET,/,8812,0,34,57.311039185201984,1.217399999999813,333.20469999999955,8688.0,462.0153429986585,0.0,34,79,89,95,130,180,210,230,300,330,330
,Aggregated,8812,0,34,57.311039185201984,1.217399999999813,333.20469999999955,8688.0,462.0153429986585,0.0,34,79,89,95,130,180,210,230,300,330,330
