Type,Name,Request Count,Failure Count,Median Response Time,Average Response Time,Min Response Time,Max Response Time,Average Content Size,Requests/s,Failures/s,50%,66%,75%,80%,90%,95%,98%,99%,99.9%,99.99%,100%
GET,/,9314,0,15,52.007599581275485,1.219299999998924,487.15200000000004,8688.0,489.26783644592024,0.0,15,66,81,89,110,190,290,330,380,490,490
,Aggregated,9314,0,15,52.007599581275485,1.219299999998924,487.15200000000004,8688.0,489.26783644592024,0.0,15,66,81,89,110,190,290,330,380,490,490
