Type,Name,Request Count,Failure Count,Median Response Time,Average Response Time,Min Response Time,Max Response Time,Average Content Size,Requests/s,Failures/s,50%,66%,75%,80%,90%,95%,98%,99%,99.9%,99.99%,100%
GET,/,9229,0,24,56.823931704410164,1.2725000000006759,330.25479999999965,8688.0,484.56672072907924,0.0,24,75,86,93,150,190,230,260,300,330,330
,Aggregated,9229,0,24,56.823931704410164,1.2725000000006759,330.25479999999965,8688.0,484.56672072907924,0.0,24,75,86,93,150,190,230,260,300,330,330
