Type,Name,Request Count,Failure Count,Median Response Time,Average Response Time,Min Response Time,Max Response Time,Average Content Size,Requests/s,Failures/s,50%,66%,75%,80%,90%,95%,98%,99%,99.9%,99.99%,100%
GET,/,9675,0,24,52.215954335917154,1.2514000000010128,315.79369999999994,8688.0,507.7188003020497,0.0,24,70,86,93,110,180,200,230,290,320,320
,Aggregated,9675,0,24,52.215954335917154,1.2514000000010128,315.79369999999994,8688.0,507.7188003020497,0.0,24,70,86,93,110,180,200,230,290,320,320
