Type,Name,Request Count,Failure Count,Median Response Time,Average Response Time,Min Response Time,Max Response Time,Average Content Size,Requests/s,Failures/s,50%,66%,75%,80%,90%,95%,98%,99%,99.9%,99.99%,100%
GET,/,8728,0,18,53.22981358845097,1.3074999999993508,391.76379999999966,8688.0,457.59554054948813,0.0,18,74,84,90,110,190,270,290,350,390,390
,Aggregated,8728,0,18,53.22981358845097,1.3074999999993508,391.76379999999966,8688.0,457.59554054948813,0.0,18,74,84,90,110,190,270,290,350,390,390
