Type,Name,Request Count,Failure Count,Median Response Time,Average Response Time,Min Response Time,Max Response Time,Average Content Size,Requests/s,Failures/s,50%,66%,75%,80%,90%,95%,98%,99%,99.9%,99.99%,100%
GET,/,10208,0,63,68.61860890478042,1.4211000000017293,373.6772999999998,8688.0,534.216869005627,0.0,63,87,99,110,170,190,230,270,300,340,370
,Aggregated,10208,0,63,68.61860890478042,1.4211000000017293,373.6772999999998,8688.0,534.216869005627,0.0,63,87,99,110,170,190,230,270,300,340,370
