Type,Name,Request Count,Failure Count,Median Response Time,Average Response Time,Min Response Time,Max Response Time,Average Content Size,Requests/s,Failures/s,50%,66%,75%,80%,90%,95%,98%,99%,99.9%,99.99%,100%
GET,/,8383,0,11,43.60548451628288,1.3177999999989254,406.69440000000014,8688.0,439.82354285956745,0.0,11,39,72,84,120,190,210,270,290,410,410
,Aggregated,8383,0,11,43.60548451628288,1.3177999999989254,406.69440000000014,8688.0,439.82354285956745,0.0,11,39,72,84,120,190,210,270,290,410,410
