Type,Name,Request Count,Failure Count,Median Response Time,Average Response Time,Min Response Time,Max Response Time,Average Content Size,Requests/s,Failures/s,50%,66%,75%,80%,90%,95%,98%,99%,99.9%,99.99%,100%
GET,/,8821,0,14,48.18510798095426,1.2007000000000545,405.3704000000007,8688.0,462.2331359913557,0.0,14,66,78,84,100,190,220,280,380,410,410
,Aggregated,8821,0,14,48.18510798095426,1.2007000000000545,405.3704000000007,8688.0,462.2331359913557,0.0,14,66,78,84,100,190,220,280,380,410,410
