Type,Name,Request Count,Failure Count,Median Response Time,Average Response Time,Min Response Time,Max Response Time,Average Content Size,Requests/s,Failures/s,50%,66%,75%,80%,90%,95%,98%,99%,99.9%,99.99%,100%
GET,/,9383,0,65,67.61914374933383,1.2463000000000335,367.8866999999997,8688.0,492.5646242063317,0.0,65,87,95,100,170,190,220,270,310,370,370
,Aggregated,9383,0,65,67.61914374933383,1.2463000000000335,367.8866999999997,8688.0,492.5646242063317,0.0,65,87,95,100,170,190,220,270,310,370,370
