Type,Name,Request Count,Failure Count,Median Response Time,Average Response Time,Min Response Time,Max Response Time,Average Content Size,Requests/s,Failures/s,50%,66%,75%,80%,90%,95%,98%,99%,99.9%,99.99%,100%
GET,/,8631,0,21,58.51005175530068,1.269100000000023,402.8651999999999,8688.0,452.0325582475015,0.0,21,71,82,89,170,210,280,290,340,400,400
,Aggregated,8631,0,21,58.51005175530068,1.269100000000023,402.8651999999999,8688.0,452.0325582475015,0.0,21,71,82,89,170,210,280,290,340,400,400
