Type,Name,Request Count,Failure Count,Median Response Time,Average Response Time,Min Response Time,Max Response Time,Average Content Size,Requests/s,Failures/s,50%,66%,75%,80%,90%,95%,98%,99%,99.9%,99.99%,100%
GET,/,7838,0,50,63.1675148634857,1.255099999998066,333.7775999999999,8688.0,411.38672407476713,0.0,50,86,93,100,180,200,230,280,310,330,330
,Aggregated,7838,0,50,63.1675148634857,1.255099999998066,333.7775999999999,8688.0,411.38672407476713,0.0,50,86,93,100,180,200,230,280,310,330,330
