Type,Name,Request Count,Failure Count,Median Response Time,Average Response Time,Min Response Time,Max Response Time,Average Content Size,Requests/s,Failures/s,50%,66%,75%,80%,90%,95%,98%,99%,99.9%,99.99%,100%
GET,/,9007,0,15,46.371597324303316,1.2767000000000195,283.83480000000014,8688.0,472.2062744952163,0.0,15,57,77,84,110,190,210,230,260,280,280
,Aggregated,9007,0,15,46.371597324303316,1.2767000000000195,283.83480000000014,8688.0,472.2062744952163,0.0,15,57,77,84,110,190,210,230,260,280,280
