Type,Name,Request Count,Failure Count,Median Response Time,Average Response Time,Min Response Time,Max Response Time,Average Content Size,Requests/s,Failures/s,50%,66%,75%,80%,90%,95%,98%,99%,99.9%,99.99%,100%
GET,/,9140,0,40,57.04512120350122,1.3602000000005887,308.7534999999999,8688.0,479.5028052259886,0.0,41,82,93,98,120,190,200,230,290,310,310
,Aggregated,9140,0,40,57.04512120350122,1.3602000000005887,308.7534999999999,8688.0,479.5028052259886,0.0,41,82,93,98,120,190,200,230,290,310,310
