Type,Name,Request Count,Failure Count,Median Response Time,Average Response Time,Min Response Time,Max Response Time,Average Content Size,Requests/s,Failures/s,50%,66%,75%,80%,90%,95%,98%,99%,99.9%,99.99%,100%
GET,/,9327,0,34,59.26880022515304,1.2921000000005733,394.1736999999996,8688.0,488.431750973264,0.0,34,78,89,94,150,200,260,270,320,390,390
,Aggregated,9327,0,34,59.26880022515304,1.2921000000005733,394.1736999999996,8688.0,488.431750973264,0.0,34,78,89,94,150,200,260,270,320,390,390
