Type,Name,Request Count,Failure Count,Median Response Time,Average Response Time,Min Response Time,Max Response Time,Average Content Size,Requests/s,Failures/s,50%,66%,75%,80%,90%,95%,98%,99%,99.9%,99.99%,100%
GET,/,9125,0,64,68.64948526027423,1.2284999999998547,397.71629999999993,8688.0,478.5501917600543,0.0,64,86,96,100,180,200,260,280,390,400,400
,Aggregated,9125,0,64,68.64948526027423,1.2284999999998547,397.71629999999993,8688.0,478.5501917600543,0.0,64,86,96,100,180,200,260,280,390,400,400
