Type,Name,Request Count,Failure Count,Median Response Time,Average Response Time,Min Response Time,Max Response Time,Average Content Size,Requests/s,Failures/s,50%,66%,75%,80%,90%,95%,98%,99%,99.9%,99.99%,100%
GET,/,8007,0,9,43.59980355938553,1.2609000000001203,367.12599999999986,8688.0,419.68331593660406,0.0,9,45,75,83,110,180,250,260,290,370,370
,Aggregated,8007,0,9,43.59980355938553,1.2609000000001203,367.12599999999986,8688.0,419.68331593660406,0.0,9,45,75,83,110,180,250,260,290,370,370
