Type,Name,Request Count,Failure Count,Median Response Time,Average Response Time,Min Response Time,Max Response Time,Average Content Size,Requests/s,Failures/s,50%,66%,75%,80%,90%,95%,98%,99%,99.9%,99.99%,100%
GET,/,9415,0,19,46.69991188528951,1.2468999999999397,373.1636999999992,8688.0,493.6241984854334,0.0,19,40,65,84,140,190,210,270,310,370,370
,Aggregated,9415,0,19,46.69991188528951,1.2468999999999397,373.1636999999992,8688.0,493.6241984854334,0.0,19,40,65,84,140,190,210,270,310,370,370
