Type,Name,Request Count,Failure Count,Median Response Time,Average Response Time,Min Response Time,Max Response Time,Average Content Size,Requests/s,Failures/s,50%,66%,75%,80%,90%,95%,98%,99%,99.9%,99.99%,100%
GET,/,9182,0,50,57.8298656501851,1.4554999999987217,317.09809999999993,8688.0,480.796819897786,0.0,50,78,88,95,120,180,200,230,280,320,320
,Aggregated,9182,0,50,57.8298656501851,1.4554999999987217,317.09809999999993,8688.0,480.796819897786,0.0,50,78,88,95,120,180,200,230,280,320,320
