Type,Name,Request Count,Failure Count,Median Response Time,Average Response Time,Min Response Time,Max Response Time,Average Content Size,Requests/s,Failures/s,50%,66%,75%,80%,90%,95%,98%,99%,99.9%,99.99%,100%
GET,/,8888,0,21,57.63051549279902,1.3024999999995401,422.32430000000056,8688.0,467.58868903939435,0.0,21,73,88,96,160,200,260,300,340,420,420
,Aggregated,8888,0,21,57.63051549279902,1.3024999999995401,422.32430000000056,8688.0,467.58868903939435,0.0,21,73,88,96,160,200,260,300,340,420,420
