Type,Name,Request Count,Failure Count,Median Response Time,Average Response Time,Min Response Time,Max Response Time,Average Content Size,Requests/s,Failures/s,50%,66%,75%,80%,90%,95%,98%,99%,99.9%,99.99%,100%
GET,/,9078,0,77,77.44416245869105,1.3532000000004984,494.6092000000002,8688.0,476.3052203956187,0.0,77,92,98,100,180,220,300,320,400,490,490
,Aggregated,9078,0,77,77.44416245869105,1.3532000000004984,494.6092000000002,8688.0,476.3052203956187,0.0,77,92,98,100,180,220,300,320,400,490,490
