Type,Name,Request Count,Failure Count,Median Response Time,Average Response Time,Min Response Time,Max Response Time,Average Content Size,Requests/s,Failures/s,50%,66%,75%,80%,90%,95%,98%,99%,99.9%,99.99%,100%
GET,/,9529,0,15,43.98231678035465,1.235499999999945,352.07720000000006,8688.0,499.3171887846783,0.0,15,48,67,76,100,190,230,250,350,350,350
,Aggregated,9529,0,15,43.98231678035465,1.235499999999945,352.07720000000006,8688.0,499.3171887846783,0.0,15,48,67,76,100,190,230,250,350,350,350
