Type,Name,Request Count,Failure Count,Median Response Time,Average Response Time,Min Response Time,Max Response Time,Average Content Size,Requests/s,Failures/s,50%,66%,75%,80%,90%,95%,98%,99%,99.9%,99.99%,100%
GET,/,9012,0,87,93.4115394030183,1.2116999999989275,404.41769999999974,8688.0,473.4918583258877,0.0,87,99,110,130,190,270,290,300,380,400,400
,Aggregated,9012,0,87,93.4115394030183,1.2116999999989275,404.41769999999974,8688.0,473.4918583258877,0.0,87,99,110,130,190,270,290,300,380,400,400
