Type,Name,Request Count,Failure Count,Median Response Time,Average Response Time,Min Response Time,Max Response Time,Average Content Size,Requests/s,Failures/s,50%,66%,75%,80%,90%,95%,98%,99%,99.9%,99.99%,100%
GET,/,8214,0,13,47.776282298514914,1.2407999999997088,367.6394000000003,8688.0,431.23301234907836,0.0,13,53,74,82,130,200,260,290,350,370,370
,Aggregated,8214,0,13,47.776282298514914,1.2407999999997088,367.6394000000003,8688.0,431.23301234907836,0.0,13,53,74,82,130,200,260,290,350,370,370
