Type,Name,Request Count,Failure Count,Median Response Time,Average Response Time,Min Response Time,Max Response Time,Average Content Size,Requests/s,Failures/s,50%,66%,75%,80%,90%,95%,98%,99%,99.9%,99.99%,100%
GET,/,8482,0,11,47.6069668356517,1.2387999999994292,412.8455999999998,8688.0,444.8717844645964,0.0,11,41,73,84,170,200,270,290,370,410,410
,Aggregated,8482,0,11,47.6069668356517,1.2387999999994292,412.8455999999998,8688.0,444.8717844645964,0.0,11,41,73,84,170,200,270,290,370,410,410
