Type,Name,Request Count,Failure Count,Median Response Time,Average Response Time,Min Response Time,Max Response Time,Average Content Size,Requests/s,Failures/s,50%,66%,75%,80%,90%,95%,98%,99%,99.9%,99.99%,100%
GET,/,9143,0,91,100.13848886579899,1.3637000000006338,394.1081000000004,8688.0,479.2790968528921,0.0,91,100,150,180,200,240,290,290,330,390,390
,Aggregated,9143,0,91,100.13848886579899,1.3637000000006338,394.1081000000004,8688.0,479.2790968528921,0.0,91,100,150,180,200,240,290,290,330,390,390
