Type,Name,Request Count,Failure Count,Median Response Time,Average Response Time,Min Response Time,Max Response Time,Average Content Size,Requests/s,Failures/s,50%,66%,75%,80%,90%,95%,98%,99%,99.9%,99.99%,100%
GET,/,6397,0,94,99.15896784430176,1.160300000000447,408.06649999999945,8688.0,336.4024433500996,0.0,94,100,110,170,200,290,300,310,390,410,410
,Aggregated,6397,0,94,99.15896784430176,1.160300000000447,408.06649999999945,8688.0,336.4024433500996,0.0,94,100,110,170,200,290,300,310,390,410,410
