Type,Name,Request Count,Failure Count,Median Response Time,Average Response Time,Min Response Time,Max Response Time,Average Content Size,Requests/s,Failures/s,50%,66%,75%,80%,90%,95%,98%,99%,99.9%,99.99%,100%
GET,/,7386,0,13,47.75452079610075,1.2238999999993894,479.9185000000001,8688.0,388.1836209249583,0.0,13,55,75,85,100,190,300,350,390,480,480
,Aggregated,7386,0,13,47.75452079610075,1.2238999999993894,479.9185000000001,8688.0,388.1836209249583,0.0,13,55,75,85,100,190,300,350,390,480,480
