Type,Name,Request Count,Failure Count,Median Response Time,Average Response Time,Min Response Time,Max Response Time,Average Content Size,Requests/s,Failures/s,50%,66%,75%,80%,90%,95%,98%,99%,99.9%,99.99%,100%
GET,/,8630,0,13,46.20112688296628,1.1478000000000321,392.2616000000003,8688.0,452.1815197409748,0.0,13,51,72,82,120,190,220,290,370,390,390
,Aggregated,8630,0,13,46.20112688296628,1.1478000000000321,392.2616000000003,8688.0,452.1815197409748,0.0,13,51,72,82,120,190,220,290,370,390,390
