Type,Name,Request Count,Failure Count,Median Response Time,Average Response Time,Min Response Time,Max Response Time,Average Content Size,Requests/s,Failures/s,50%,66%,75%,80%,90%,95%,98%,99%,99.9%,99.99%,100%
GET,/,9829,0,91,94.60170361176098,1.5189000000006558,378.15490000000017,8688.0,515.1772213512668,0.0,91,100,110,120,190,200,260,270,340,380,380
,Aggregated,9829,0,91,94.60170361176098,1.5189000000006558,378.15490000000017,8688.0,515.1772213512668,0.0,91,100,110,120,190,200,260,270,340,380,380
