Type,Name,Request Count,Failure Count,Median Response Time,Average Response Time,Min Response Time,Max Response Time,Average Content Size,Requests/s,Failures/s,50%,66%,75%,80%,90%,95%,98%,99%,99.9%,99.99%,100%
GET,/,8480,0,13,55.983321426886675,1.311799999999863,564.1026,8688.0,444.20681564764766,0.0,13,62,79,88,160,230,360,390,470,560,560
,Aggregated,8480,0,13,55.983321426886675,1.311799999999863,564.1026,8688.0,444.20681564764766,0.0,13,62,79,88,160,230,360,390,470,560,560
