Type,Name,Request Count,Failure Count,Median Response Time,Average Response Time,Min Response Time,Max Response Time,Average Content Size,Requests/s,Failures/s,50%,66%,75%,80%,90%,95%,98%,99%,99.9%,99.99%,100%
GET,/,8157,0,15,58.840666151771295,1.2211999999998113,348.1969,8688.0,427.0455482545622,0.0,15,75,93,100,190,200,230,270,320,350,350
,Aggregated,8157,0,15,58.840666151771295,1.2211999999998113,348.1969,8688.0,427.0455482545622,0.0,15,75,93,100,190,200,230,270,320,350,350
