Type,Name,Request Count,Failure Count,Median Response Time,Average Response Time,Min Response Time,Max Response Time,Average Content Size,Requests/s,Failures/s,50%,66%,75%,80%,90%,95%,98%,99%,99.9%,99.99%,100%
GET,/,8923,0,44,58.29439016026003,1.273699999998712,376.7079999999998,8688.0,468.3579722112604,0.0,44,81,91,96,130,190,210,260,310,380,380
,Aggregated,8923,0,44,58.29439016026003,1.273699999998712,376.7079999999998,8688.0,468.3579722112604,0.0,44,81,91,96,130,190,210,260,310,380,380
