Type,Name,Request Count,Failure Count,Median Response Time,Average Response Time,Min Response Time,Max Response Time,Average Content Size,Requests/s,Failures/s,50%,66%,75%,80%,90%,95%,98%,99%,99.9%,99.99%,100%
GET,/,8313,0,19,55.592896258871754,1.275500000000207,363.0008,8688.0,435.8983273385396,0.0,19,72,86,99,160,190,210,230,280,360,360
,Aggregated,8313,0,19,55.592896258871754,1.275500000000207,363.0008,8688.0,435.8983273385396,0.0,19,72,86,99,160,190,210,230,280,360,360
