Type,Name,Request Count,Failure Count,Median Response Time,Average Response Time,Min Response Time,Max Response Time,Average Content Size,Requests/s,Failures/s,50%,66%,75%,80%,90%,95%,98%,99%,99.9%,99.99%,100%
GET,/,8972,0,14,48.90771970575153,1.2015000000005216,355.48529999999977,8688.0,470.10640901374956,0.0,14,62,80,85,110,190,260,280,350,360,360
,Aggregated,8972,0,14,48.90771970575153,1.2015000000005216,355.48529999999977,8688.0,470.10640901374956,0.0,14,62,80,85,110,190,260,280,350,360,360
