Type,Name,Request Count,Failure Count,Median Response Time,Average Response Time,Min Response Time,Max Response Time,Average Content Size,Requests/s,Failures/s,50%,66%,75%,80%,90%,95%,98%,99%,99.9%,99.99%,100%
GET,/,9086,0,81,82.28711303103677,1.2650000000000716,390.61710000000005,8688.0,478.79623805672793,0.0,81,95,100,120,190,210,280,290,380,390,390
,Aggregated,9086,0,81,82.28711303103677,1.2650000000000716,390.61710000000005,8688.0,478.79623805672793,0.0,81,95,100,120,190,210,280,290,380,390,390
