Type,Name,Request Count,Failure Count,Median Response Time,Average Response Time,Min Response Time,Max Response Time,Average Content Size,Requests/s,Failures/s,50%,66%,75%,80%,90%,95%,98%,99%,99.9%,99.99%,100%
GET,/,9161,0,21,51.95515425171922,1.3138000000001426,322.40480000000014,8688.0,479.8693860717155,0.0,21,66,82,91,120,190,210,240,300,320,320
,Aggregated,9161,0,21,51.95515425171922,1.3138000000001426,322.40480000000014,8688.0,479.8693860717155,0.0,21,66,82,91,120,190,210,240,300,320,320
