Type,Name,Request Count,Failure Count,Median Response Time,Average Response Time,Min Response Time,Max Response Time,Average Content Size,Requests/s,Failures/s,50%,66%,75%,80%,90%,95%,98%,99%,99.9%,99.99%,100%
GET,/,9294,0,53,63.52166633311797,1.267799999999042,397.46900000000005,8688.0,487.67947372164303,0.0,53,81,93,99,150,190,270,290,390,400,400
,Aggregated,9294,0,53,63.52166633311797,1.267799999999042,397.46900000000005,8688.0,487.67947372164303,0.0,53,81,93,99,150,190,270,290,390,400,400
