Type,Name,Request Count,Failure Count,Median Response Time,Average Response Time,Min Response Time,Max Response Time,Average Content Size,Requests/s,Failures/s,50%,66%,75%,80%,90%,95%,98%,99%,99.9%,99.99%,100%
GET,/,7543,0,11,37.916093689513346,1.239899999998073,299.58300000000014,8688.0,395.7869739797775,0.0,11,25,63,73,97,160,200,260,290,300,300
,Aggregated,7543,0,11,37.916093689513346,1.239899999998073,299.58300000000014,8688.0,395.7869739797775,0.0,11,25,63,73,97,160,200,260,290,300,300
