Type,Name,Request Count,Failure Count,Median Response Time,Average Response Time,Min Response Time,Max Response Time,Average Content Size,Requests/s,Failures/s,50%,66%,75%,80%,90%,95%,98%,99%,99.9%,99.99%,100%
GET,/,8395,0,17,54.31548052412154,1.2362000000010198,338.58889999999997,8688.0,439.7045344665583,0.0,17,71,81,90,150,200,240,270,310,340,340
,Aggregated,8395,0,17,54.31548052412154,1.2362000000010198,338.58889999999997,8688.0,439.7045344665583,0.0,17,71,81,90,150,200,240,270,310,340,340
