Type,Name,Request Count,Failure Count,Median Response Time,Average Response Time,Min Response Time,Max Response Time,Average Content Size,Requests/s,Failures/s,50%,66%,75%,80%,90%,95%,98%,99%,99.9%,99.99%,100%
GET,/,8707,0,13,43.139429884001494,1.245100000000221,361.8310000000005,8688.0,456.24664305556854,0.0,13,30,63,78,110,190,240,260,350,360,360
,Aggregated,8707,0,13,43.139429884001494,1.245100000000221,361.8310000000005,8688.0,456.24664305556854,0.0,13,30,63,78,110,190,240,260,350,360,360
