Type,Name,Request Count,Failure Count,Median Response Time,Average Response Time,Min Response Time,Max Response Time,Average Content Size,Requests/s,Failures/s,50%,66%,75%,80%,90%,95%,98%,99%,99.9%,99.99%,100%
GET,/,10093,0,44,63.042371584266405,1.4134000000005642,368.05039999999957,8688.0,528.3100830786127,0.0,44,80,91,99,160,200,250,280,360,370,370
,Aggregated,10093,0,44,63.042371584266405,1.4134000000005642,368.05039999999957,8688.0,528.3100830786127,0.0,44,80,91,99,160,200,250,280,360,370,370
