Type,Name,Request Count,Failure Count,Median Response Time,Average Response Time,Min Response Time,Max Response Time,Average Content Size,Requests/s,Failures/s,50%,66%,75%,80%,90%,95%,98%,99%,99.9%,99.99%,100%
GET,/,7365,0,11,50.17318529531572,1.0229999999999961,327.2168,8688.0,386.30927115144954,0.0,11,60,84,96,150,190,230,250,280,330,330
,Aggregated,7365,0,11,50.17318529531572,1.0229999999999961,327.2168,8688.0,386.30927115144954,0.0,11,60,84,96,150,190,230,250,280,330,330
