Type,Name,Request Count,Failure Count,Median Response Time,Average Response Time,Min Response Time,Max Response Time,Average Content Size,Requests/s,Failures/s,50%,66%,75%,80%,90%,95%,98%,99%,99.9%,99.99%,100%
GET,/,7392,0,11,49.95281649080098,1.0788000000001574,372.15200000000027,8688.0,387.73132385938464,0.0,11,53,82,92,160,200,270,290,340,370,370
,Aggregated,7392,0,11,49.95281649080098,1.0788000000001574,372.15200000000027,8688.0,387.73132385938464,0.0,11,53,82,92,160,200,270,290,340,370,370
