Type,Name,Request Count,Failure Count,Median Response Time,Average Response Time,Min Response Time,Max Response Time,Average Content Size,Requests/s,Failures/s,50%,66%,75%,80%,90%,95%,98%,99%,99.9%,99.99%,100%
GET,/,8311,0,75,84.5111916496209,1.3296000000000419,449.5312,8688.0,435.1646575825052,0.0,75,94,110,140,200,250,320,360,400,450,450
,Aggregated,8311,0,75,84.5111916496209,1.3296000000000419,449.5312,8688.0,435.1646575825052,0.0,75,94,110,140,200,250,320,360,400,450,450
