Type,Name,Request Count,Failure Count,Median Response Time,Average Response Time,Min Response Time,Max Response Time,Average Content Size,Requests/s,Failures/s,50%,66%,75%,80%,90%,95%,98%,99%,99.9%,99.99%,100%
GET,/,8959,0,15,47.82274545150126,1.2951000000001045,386.97589999999946,8688.0,469.32241647334905,0.0,15,51,76,88,120,180,210,270,300,390,390
,Aggregated,8959,0,15,47.82274545150126,1.2951000000001045,386.97589999999946,8688.0,469.32241647334905,0.0,15,51,76,88,120,180,210,270,300,390,390
