Type,Name,Request Count,Failure Count,Median Response Time,Average Response Time,Min Response Time,Max Response Time,Average Content Size,Requests/s,Failures/s,50%,66%,75%,80%,90%,95%,98%,99%,99.9%,99.99%,100%
GET,/,7169,0,8,32.85588646952158,1.1966000000001031,325.7403000000001,8688.0,376.1852903037451,0.0,8,11,18,49,110,190,210,230,310,330,330
,Aggregated,7169,0,8,32.85588646952158,1.1966000000001031,325.7403000000001,8688.0,376.1852903037451,0.0,8,11,18,49,110,190,210,230,310,330,330
