Type,Name,Request Count,Failure Count,Median Response Time,Average Response Time,Min Response Time,Max Response Time,Average Content Size,Requests/s,Failures/s,50%,66%,75%,80%,90%,95%,98%,99%,99.9%,99.99%,100%
GET,/,8722,0,16,45.66297540701677,1.4058000000005677,438.84529999999967,8688.0,457.863563021367,0.0,16,50,72,82,110,180,210,270,310,440,440
,Aggregated,8722,0,16,45.66297540701677,1.4058000000005677,438.84529999999967,8688.0,457.863563021367,0.0,16,50,72,82,110,180,210,270,310,440,440
