Type,Name,Request Count,Failure Count,Median Response Time,Average Response Time,Min Response Time,Max Response Time,Average Content Size,Requests/s,Failures/s,50%,66%,75%,80%,90%,95%,98%,99%,99.9%,99.99%,100%
GET,/,8626,0,17,55.319580025504514,1.2932999999986095,374.6852999999994,8688.0,451.9673605210732,0.0,17,70,86,94,170,200,250,270,350,370,370
,Aggregated,8626,0,17,55.319580025504514,1.2932999999986095,374.6852999999994,8688.0,451.9673605210732,0.0,17,70,86,94,170,200,250,270,350,370,370
