Type,Name,Request Count,Failure Count,Median Response Time,Average Response Time,Min Response Time,Max Response Time,Average Content Size,Requests/s,Failures/s,50%,66%,75%,80%,90%,95%,98%,99%,99.9%,99.99%,100%
GET,/,7534,0,23,61.31384803557181,1.2278999999999485,461.6650999999998,8688.0,394.8935128447387,0.0,23,81,92,99,180,200,280,300,430,460,460
,Aggregated,7534,0,23,61.31384803557181,1.2278999999999485,461.6650999999998,8688.0,394.8935128447387,0.0,23,81,92,99,180,200,280,300,430,460,460
