Type,Name,Request Count,Failure Count,Median Response Time,Average Response Time,Min Response Time,Max Response Time,Average Content Size,Requests/s,Failures/s,50%,66%,75%,80%,90%,95%,98%,99%,99.9%,99.99%,100%
GET,/,9255,0,55,65.4428496704484,1.3585999999996545,396.7575999999999,8688.0,485.45599833982214,0.0,55,88,97,100,170,190,220,250,350,400,400
,Aggregated,9255,0,55,65.4428496704484,1.3585999999996545,396.7575999999999,8688.0,485.45599833982214,0.0,55,88,97,100,170,190,220,250,350,400,400
