Type,Name,Request Count,Failure Count,Median Response Time,Average Response Time,Min Response Time,Max Response Time,Average Content Size,Requests/s,Failures/s,50%,66%,75%,80%,90%,95%,98%,99%,99.9%,99.99%,100%
GET,/,8949,0,83,89.59603232763413,1.5198999999999074,394.94510000000014,8688.0,468.5934274121643,0.0,83,97,120,160,200,250,290,310,370,390,390
,Aggregated,8949,0,83,89.59603232763413,1.5198999999999074,394.94510000000014,8688.0,468.5934274121643,0.0,83,97,120,160,200,250,290,310,370,390,390
