Type,Name,Request Count,Failure Count,Median Response Time,Average Response Time,Min Response Time,Max Response Time,Average Content Size,Requests/s,Failures/s,50%,66%,75%,80%,90%,95%,98%,99%,99.9%,99.99%,100%
GET,/,8545,0,21,60.54146614394352,1.2426000000012039,450.16859999999957,8688.0,447.5192592285425,0.0,21,75,87,94,170,200,300,320,430,450,450
,Aggregated,8545,0,21,60.54146614394352,1.2426000000012039,450.16859999999957,8688.0,447.5192592285425,0.0,21,75,87,94,170,200,300,320,430,450,450
