Type,Name,Request Count,Failure Count,Median Response Time,Average Response Time,Min Response Time,Max Response Time,Average Content Size,Requests/s,Failures/s,50%,66%,75%,80%,90%,95%,98%,99%,99.9%,99.99%,100%
GET,/,8762,0,14,43.111620223693365,1.3138000000001426,552.2818000000003,8688.0,459.9993271958353,0.0,14,23,52,71,110,180,300,360,430,550,550
,Aggregated,8762,0,14,43.111620223693365,1.3138000000001426,552.2818000000003,8688.0,459.9993271958353,0.0,14,23,52,71,110,180,300,360,430,550,550
