Type,Name,Request Count,Failure Count,Median Response Time,Average Response Time,Min Response Time,Max Response Time,Average Content Size,Requests/s,Failures/s,50%,66%,75%,80%,90%,95%,98%,99%,99.9%,99.99%,100%
GET,/,8619,0,78,89.59898680821496,1.3963000000014603,486.86500000000075,8688.0,453.3219684789009,0.0,78,95,110,170,200,270,290,360,430,490,490
,Aggregated,8619,0,78,89.59898680821496,1.3963000000014603,486.86500000000075,8688.0,453.3219684789009,0.0,78,95,110,170,200,270,290,360,430,490,490
