Type,Name,Request Count,Failure Count,Median Response Time,Average Response Time,Min Response Time,Max Response Time,Average Content Size,Requests/s,Failures/s,50%,66%,75%,80%,90%,95%,98%,99%,99.9%,99.99%,100%
GET,/,9420,0,20,52.05436069002115,1.3038000000005212,379.6330000000001,8688.0,494.1972254300498,0.0,20,64,84,92,130,180,210,270,310,380,380
,Aggregated,9420,0,20,52.05436069002115,1.3038000000005212,379.6330000000001,8688.0,494.1972254300498,0.0,20,64,84,92,130,180,210,270,310,380,380
