Type,Name,Request Count,Failure Count,Median Response Time,Average Response Time,Min Response Time,Max Response Time,Average Content Size,Requests/s,Failures/s,50%,66%,75%,80%,90%,95%,98%,99%,99.9%,99.99%,100%
GET,/,8938,0,16,46.38733384426061,1.2194000000000926,376.20759999999984,8688.0,468.16616226419814,0.0,16,45,71,81,110,190,270,290,360,380,380
,Aggregated,8938,0,16,46.38733384426061,1.2194000000000926,376.20759999999984,8688.0,468.16616226419814,0.0,16,45,71,81,110,190,270,290,360,380,380
