Type,Name,Request Count,Failure Count,Median Response Time,Average Response Time,Min Response Time,Max Response Time,Average Content Size,Requests/s,Failures/s,50%,66%,75%,80%,90%,95%,98%,99%,99.9%,99.99%,100%
GET,/,9116,0,29,58.588094800350845,1.274999999999693,326.13570000000004,8688.0,477.1952695069276,0.0,29,75,89,96,150,190,250,280,310,330,330
,Aggregated,9116,0,29,58.588094800350845,1.274999999999693,326.13570000000004,8688.0,477.1952695069276,0.0,29,75,89,96,150,190,250,280,310,330,330
