Type,Name,Request Count,Failure Count,Median Response Time,Average Response Time,Min Response Time,Max Response Time,Average Content Size,Requests/s,Failures/s,50%,66%,75%,80%,90%,95%,98%,99%,99.9%,99.99%,100%
GET,/,9581,0,79,96.09737628640018,1.3740000000002084,674.6513000000007,8688.0,502.01182770643084,0.0,79,100,140,180,200,260,350,420,500,670,670
,Aggregated,9581,0,79,96.09737628640018,1.3740000000002084,674.6513000000007,8688.0,502.01182770643084,0.0,79,100,140,180,200,260,350,420,500,670,670
