Type,Name,Request Count,Failure Count,Median Response Time,Average Response Time,Min Response Time,Max Response Time,Average Content Size,Requests/s,Failures/s,50%,66%,75%,80%,90%,95%,98%,99%,99.9%,99.99%,100%
GET,/,8416,0,93,112.7864669439167,1.490699999999734,489.1942,8688.0,440.38601906112854,0.0,93,110,180,190,220,290,310,340,480,490,490
,Aggregated,8416,0,93,112.7864669439167,1.490699999999734,489.1942,8688.0,440.38601906112854,0.0,93,110,180,190,220,290,310,340,480,490,490
