Type,Name,Request Count,Failure Count,Median Response Time,Average Response Time,Min Response Time,Max Response Time,Average Content Size,Requests/s,Failures/s,50%,66%,75%,80%,90%,95%,98%,99%,99.9%,99.99%,100%
GET,/,7649,0,21,62.69662893188618,1.3725000000004428,468.6017000000007,8688.0,401.01202114926303,0.0,21,79,91,100,190,210,270,290,450,470,470
,Aggregated,7649,0,21,62.69662893188618,1.3725000000004428,468.6017000000007,8688.0,401.01202114926303,0.0,21,79,91,100,190,210,270,290,450,470,470
