Type,Name,Request Count,Failure Count,Median Response Time,Average Response Time,Min Response Time,Max Response Time,Average Content Size,Requests/s,Failures/s,50%,66%,75%,80%,90%,95%,98%,99%,99.9%,99.99%,100%
GET,/,7673,0,9,36.08666472044833,0.9837000000008089,312.1022,8688.0,402.578056523205,0.0,9,17,55,72,100,170,210,230,290,310,310
,Aggregated,7673,0,9,36.08666472044833,0.9837000000008089,312.1022,8688.0,402.578056523205,0.0,9,17,55,72,100,170,210,230,290,310,310
