Type,Name,Request Count,Failure Count,Median Response Time,Average Response Time,Min Response Time,Max Response Time,Average Content Size,Requests/s,Failures/s,50%,66%,75%,80%,90%,95%,98%,99%,99.9%,99.99%,100%
GET,/,7833,0,14,44.92899182943973,1.0761000000005794,348.75919999999996,8688.0,412.38100132871,0.0,14,50,73,81,120,180,210,250,290,350,350
,Aggregated,7833,0,14,44.92899182943973,1.0761000000005794,348.75919999999996,8688.0,412.38100132871,0.0,14,50,73,81,120,180,210,250,290,350,350
