Type,Name,Request Count,Failure Count,Median Response Time,Average Response Time,Min Response Time,Max Response Time,Average Content Size,Requests/s,Failures/s,50%,66%,75%,80%,90%,95%,98%,99%,99.9%,99.99%,100%
GET,/,9690,0,85,96.26256404540773,1.5298000000001366,471.6273000000006,8688.0,507.4475365559871,0.0,85,100,140,170,200,270,300,310,410,470,470
,Aggregated,9690,0,85,96.26256404540773,1.5298000000001366,471.6273000000006,8688.0,507.4475365559871,0.0,85,100,140,170,200,270,300,310,410,470,470
