Type,Name,Request Count,Failure Count,Median Response Time,Average Response Time,Min Response Time,Max Response Time,Average Content Size,Requests/s,Failures/s,50%,66%,75%,80%,90%,95%,98%,99%,99.9%,99.99%,100%
GET,/,8211,0,54,77.85953385702152,1.345099999999988,515.1624999999998,8688.0,431.33202786856793,0.0,54,87,97,100,210,300,390,410,490,520,520
,Aggregated,8211,0,54,77.85953385702152,1.345099999999988,515.1624999999998,8688.0,431.33202786856793,0.0,54,87,97,100,210,300,390,410,490,520,520
