Type,Name,Request Count,Failure Count,Median Response Time,Average Response Time,Min Response Time,Max Response Time,Average Content Size,Requests/s,Failures/s,50%,66%,75%,80%,90%,95%,98%,99%,99.9%,99.99%,100%
GET,/,8917,0,16,47.17712190198501,1.2225000000007924,314.2106999999994,8688.0,469.253696739898,0.0,16,51,77,86,120,190,200,230,310,310,310
,Aggregated,8917,0,16,47.17712190198501,1.2225000000007924,314.2106999999994,8688.0,469.253696739898,0.0,16,51,77,86,120,190,200,230,310,310,310
