Type,Name,Request Count,Failure Count,Median Response Time,Average Response Time,Min Response Time,Max Response Time,Average Content Size,Requests/s,Failures/s,50%,66%,75%,80%,90%,95%,98%,99%,99.9%,99.99%,100%
GET,/,8617,0,11,39.86832751537653,1.2512999999998442,377.0617000000005,8688.0,451.5326246882857,0.0,11,19,49,67,110,180,270,270,340,380,380
,Aggregated,8617,0,11,39.86832751537653,1.2512999999998442,377.0617000000005,8688.0,451.5326246882857,0.0,11,19,49,67,110,180,270,270,340,380,380
