Type,Name,Request Count,Failure Count,Median Response Time,Average Response Time,Min Response Time,Max Response Time,Average Content Size,Requests/s,Failures/s,50%,66%,75%,80%,90%,95%,98%,99%,99.9%,99.99%,100%
GET,/,7455,0,11,37.23539808182422,1.2039000000001465,329.1841999999998,8688.0,390.66049964730837,0.0,11,17,54,67,100,170,220,240,290,330,330
,Aggregated,7455,0,11,37.23539808182422,1.2039000000001465,329.1841999999998,8688.0,390.66049964730837,0.0,11,17,54,67,100,170,220,240,290,330,330
