Type,Name,Request Count,Failure Count,Median Response Time,Average Response Time,Min Response Time,Max Response Time,Average Content Size,Requests/s,Failures/s,50%,66%,75%,80%,90%,95%,98%,99%,99.9%,99.99%,100%
GET,/,7572,0,13,45.33089508716298,1.1852000000001084,286.0335000000003,8688.0,397.091615742914,0.0,13,47,72,85,130,190,210,240,260,290,290
,Aggregated,7572,0,13,45.33089508716298,1.1852000000001084,286.0335000000003,8688.0,397.091615742914,0.0,13,47,72,85,130,190,210,240,260,290,290
