Type,Name,Request Count,Failure Count,Median Response Time,Average Response Time,Min Response Time,Max Response Time,Average Content Size,Requests/s,Failures/s,50%,66%,75%,80%,90%,95%,98%,99%,99.9%,99.99%,100%
GET,/,8807,0,92,112.20929188145791,1.3964999999984684,507.9408999999995,8688.0,461.131857067487,0.0,92,120,180,190,220,300,360,380,480,510,510
,Aggregated,8807,0,92,112.20929188145791,1.3964999999984684,507.9408999999995,8688.0,461.131857067487,0.0,92,120,180,190,220,300,360,380,480,510,510
