Type,Name,Request Count,Failure Count,Median Response Time,Average Response Time,Min Response Time,Max Response Time,Average Content Size,Requests/s,Failures/s,50%,66%,75%,80%,90%,95%,98%,99%,99.9%,99.99%,100%
GET,/,10308,0,78,88.97627329258867,1.4599000000004025,467.97990000000044,8688.0,541.703643382925,0.0,78,96,110,140,190,270,300,320,390,470,470
,Aggregated,10308,0,78,88.97627329258867,1.4599000000004025,467.97990000000044,8688.0,541.703643382925,0.0,78,96,110,140,190,270,300,320,390,470,470
