Type,Name,Request Count,Failure Count,Median Response Time,Average Response Time,Min Response Time,Max Response Time,Average Content Size,Requests/s,Failures/s,50%,66%,75%,80%,90%,95%,98%,99%,99.9%,99.99%,100%
GET,/,8333,0,15,53.175629953197934,1.2194000000000926,392.05259999999953,8688.0,436.85133723162886,0.0,15,69,86,93,140,200,230,280,340,390,390
,Aggregated,8333,0,15,53.175629953197934,1.2194000000000926,392.05259999999953,8688.0,436.85133723162886,0.0,15,69,86,93,140,200,230,280,340,390,390
