Type,Name,Request Count,Failure Count,Median Response Time,Average Response Time,Min Response Time,Max Response Time,Average Content Size,Requests/s,Failures/s,50%,66%,75%,80%,90%,95%,98%,99%,99.9%,99.99%,100%
GET,/,10211,0,74,76.6290755557734,1.4363999999993382,355.9435000000004,8688.0,534.7581452559305,0.0,74,93,100,110,180,200,240,260,350,350,360
,Aggregated,10211,0,74,76.6290755557734,1.4363999999993382,355.9435000000004,8688.0,534.7581452559305,0.0,74,93,100,110,180,200,240,260,350,350,360
