Type,Name,Request Count,Failure Count,Median Response Time,Average Response Time,Min Response Time,Max Response Time,Average Content Size,Requests/s,Failures/s,50%,66%,75%,80%,90%,95%,98%,99%,99.9%,99.99%,100%
GET,/,9321,0,86,100.26643926617294,1.4175000000005156,449.28149999999965,8688.0,487.824961673185,0.0,86,110,170,180,210,260,290,300,410,450,450
,Aggregated,9321,0,86,100.26643926617294,1.4175000000005156,449.28149999999965,8688.0,487.824961673185,0.0,86,110,170,180,210,260,290,300,410,450,450
