Type,Name,Request Count,Failure Count,Median Response Time,Average Response Time,Min Response Time,Max Response Time,Average Content Size,Requests/s,Failures/s,50%,66%,75%,80%,90%,95%,98%,99%,99.9%,99.99%,100%
GET,/,9031,0,61,72.25213946406791,1.5156000000011716,428.34709999999984,8688.0,472.71726676707124,0.0,61,91,100,110,180,190,220,280,430,430,430
,Aggregated,9031,0,61,72.25213946406791,1.5156000000011716,428.34709999999984,8688.0,472.71726676707124,0.0,61,91,100,110,180,190,220,280,430,430,430
