Type,Name,Request Count,Failure Count,Median Response Time,Average Response Time,Min Response Time,Max Response Time,Average Content Size,Requests/s,Failures/s,50%,66%,75%,80%,90%,95%,98%,99%,99.9%,99.99%,100%
GET,/,7201,0,10,42.66651677544776,1.1346000000003187,303.5417000000002,8688.0,378.308161048201,0.0,10,40,70,83,110,190,210,270,300,300,300
,Aggregated,7201,0,10,42.66651677544776,1.1346000000003187,303.5417000000002,8688.0,378.308161048201,0.0,10,40,70,83,110,190,210,270,300,300,300
