Type,Name,Request Count,Failure Count,Median Response Time,Average Response Time,Min Response Time,Max Response Time,Average Content Size,Requests/s,Failures/s,50%,66%,75%,80%,90%,95%,98%,99%,99.9%,99.99%,100%
GET,/,7277,0,8,32.020142338875985,1.3111999999999568,373.1365000000002,8688.0,382.11206117368437,0.0,8,11,19,47,100,180,200,280,300,370,370
,Aggregated,7277,0,8,32.020142338875985,1.3111999999999568,373.1365000000002,8688.0,382.11206117368437,0.0,8,11,19,47,100,180,200,280,300,370,370
