Type,Name,Request Count,Failure Count,Median Response Time,Average Response Time,Min Response Time,Max Response Time,Average Content Size,Requests/s,Failures/s,50%,66%,75%,80%,90%,95%,98%,99%,99.9%,99.99%,100%
GET,/,8167,0,14,53.71407049100031,1.2526000000008253,419.5677,8688.0,427.8829614925229,0.0,14,61,81,94,180,200,240,270,340,420,420
,Aggregated,8167,0,14,53.71407049100031,1.2526000000008253,419.5677,8688.0,427.8829614925229,0.0,14,61,81,94,180,200,240,270,340,420,420
