Type,Name,Request Count,Failure Count,Median Response Time,Average Response Time,Min Response Time,Max Response Time,Average Content Size,Requests/s,Failures/s,50%,66%,75%,80%,90%,95%,98%,99%,99.9%,99.99%,100%
GET,/,8321,0,13,52.979500096142345,1.2929000000010404,548.6849999999998,8688.0,436.0092740660209,0.0,13,43,72,84,180,210,290,380,450,550,550
,Aggregated,8321,0,13,52.979500096142345,1.2929000000010404,548.6849999999998,8688.0,436.0092740660209,0.0,13,43,72,84,180,210,290,380,450,550,550
