Type,Name,Request Count,Failure Count,Median Response Time,Average Response Time,Min Response Time,Max Response Time,Average Content Size,Requests/s,Failures/s,50%,66%,75%,80%,90%,95%,98%,99%,99.9%,99.99%,100%
GET,/,7963,0,95,112.31571042320688,1.3357000000020491,477.1681000000001,8688.0,417.4561360143924,0.0,95,120,180,190,230,280,310,330,470,480,480
,Aggregated,7963,0,95,112.31571042320688,1.3357000000020491,477.1681000000001,8688.0,417.4561360143924,0.0,95,120,180,190,230,280,310,330,470,480,480
