Type,Name,Request Count,Failure Count,Median Response Time,Average Response Time,Min Response Time,Max Response Time,Average Content Size,Requests/s,Failures/s,50%,66%,75%,80%,90%,95%,98%,99%,99.9%,99.99%,100%
GET,/,9793,0,19,50.61858848156846,1.3813000000002518,384.6249999999998,8688.0,514.5190277114592,0.0,19,61,77,84,110,180,270,290,360,380,380
,Aggregated,9793,0,19,50.61858848156846,1.3813000000002518,384.6249999999998,8688.0,514.5190277114592,0.0,19,61,77,84,110,180,270,290,360,380,380
