Type,Name,Request Count,Failure Count,Median Response Time,Average Response Time,Min Response Time,Max Response Time,Average Content Size,Requests/s,Failures/s,50%,66%,75%,80%,90%,95%,98%,99%,99.9%,99.99%,100%
GET,/,8993,0,13,45.48455377515873,1.3247000000013998,383.0630999999998,8688.0,471.1359018742076,0.0,13,36,63,75,130,200,270,280,380,380,380
,Aggregated,8993,0,13,45.48455377515873,1.3247000000013998,383.0630999999998,8688.0,471.1359018742076,0.0,13,36,63,75,130,200,270,280,380,380,380
