Type,Name,Request Count,Failure Count,Median Response Time,Average Response Time,Min Response Time,Max Response Time,Average Content Size,Requests/s,Failures/s,50%,66%,75%,80%,90%,95%,98%,99%,99.9%,99.99%,100%
GET,/,8725,0,13,42.67102460744998,1.3022000000013634,377.42310000000055,8688.0,457.0743178838869,0.0,13,23,61,76,130,190,230,260,370,380,380
,Aggregated,8725,0,13,42.67102460744998,1.3022000000013634,377.42310000000055,8688.0,457.0743178838869,0.0,13,23,61,76,130,190,230,260,370,380,380
