Type,Name,Request Count,Failure Count,Median Response Time,Average Response Time,Min Response Time,Max Response Time,Average Content Size,Requests/s,Failures/s,50%,66%,75%,80%,90%,95%,98%,99%,99.9%,99.99%,100%
GET,/,8165,0,13,49.31406992039184,1.30080000000099,483.46710000000036,8688.0,429.22501520426863,0.0,13,27,63,76,160,270,300,310,380,480,480
,Aggregated,8165,0,13,49.31406992039184,1.30080000000099,483.46710000000036,8688.0,429.22501520426863,0.0,13,27,63,76,160,270,300,310,380,480,480
