Type,Name,Request Count,Failure Count,Median Response Time,Average Response Time,Min Response Time,Max Response Time,Average Content Size,Requests/s,Failures/s,50%,66%,75%,80%,90%,95%,98%,99%,99.9%,99.99%,100%
GET,/,10035,0,110.0,129.0901034080713,1.406199999999913,518.6422999999998,8688.0,524.9981928094284,0.0,110,160,180,190,230,300,380,390,450,520,520
,Aggregated,10035,0,110.0,129.0901034080713,1.406199999999913,518.6422999999998,8688.0,524.9981928094284,0.0,110,160,180,190,230,300,380,390,450,520,520
