Type,Name,Request Count,Failure Count,Median Response Time,Average Response Time,Min Response Time,Max Response Time,Average Content Size,Requests/s,Failures/s,50%,66%,75%,80%,90%,95%,98%,99%,99.9%,99.99%,100%
GET,/,8912,0,17,52.92573885772003,1.29490000000132,401.2006000000001,8688.0,466.8485393006731,0.0,17,63,80,92,150,200,260,290,330,400,400
,Aggregated,8912,0,17,52.92573885772003,1.29490000000132,401.2006000000001,8688.0,466.8485393006731,0.0,17,63,80,92,150,200,260,290,330,400,400
