Type,Name,Request Count,Failure Count,Median Response Time,Average Response Time,Min Response Time,Max Response Time,Average Content Size,Requests/s,Failures/s,50%,66%,75%,80%,90%,95%,98%,99%,99.9%,99.99%,100%
GET,/,8441,0,15,49.164222023456944,1.0894999999990773,435.8202000000002,8688.0,442.23040283238345,0.0,15,52,77,87,120,190,260,290,350,440,440
,Aggregated,8441,0,15,49.164222023456944,1.0894999999990773,435.8202000000002,8688.0,442.23040283238345,0.0,15,52,77,87,120,190,260,290,350,440,440
