Type,Name,Request Count,Failure Count,Median Response Time,Average Response Time,Min Response Time,Max Response Time,Average Content Size,Requests/s,Failures/s,50%,66%,75%,80%,90%,95%,98%,99%,99.9%,99.99%,100%
GET,/,9131,0,86,102.36647112035953,1.670199999999511,486.4190000000006,8688.0,479.6089359901318,0.0,86,110,160,180,210,280,310,350,400,490,490
,Aggregated,9131,0,86,102.36647112035953,1.670199999999511,486.4190000000006,8688.0,479.6089359901318,0.0,86,110,160,180,210,280,310,350,400,490,490
