Type,Name,Request Count,Failure Count,Median Response Time,Average Response Time,Min Response Time,Max Response Time,Average Content Size,Requests/s,Failures/s,50%,66%,75%,80%,90%,95%,98%,99%,99.9%,99.99%,100%
GET,/,8477,0,87,94.27619351185594,1.3173000000001878,421.74000000000024,8688.0,444.60881707139276,0.0,87,100,120,170,200,230,290,300,350,420,420
,Aggregated,8477,0,87,94.27619351185594,1.3173000000001878,421.74000000000024,8688.0,444.60881707139276,0.0,87,100,120,170,200,230,290,300,350,420,420
