Type,Name,Request Count,Failure Count,Median Response Time,Average Response Time,Min Response Time,Max Response Time,Average Content Size,Requests/s,Failures/s,50%,66%,75%,80%,90%,95%,98%,99%,99.9%,99.99%,100%
GET,/,9026,0,59,73.71774859295397,1.3272999999998092,403.36930000000007,8688.0,473.4451106426212,0.0,59,87,97,110,190,230,290,300,380,400,400
,Aggregated,9026,0,59,73.71774859295397,1.3272999999998092,403.36930000000007,8688.0,473.4451106426212,0.0,59,87,97,110,190,230,290,300,380,400,400
