Type,Name,Request Count,Failure Count,Median Response Time,Average Response Time,Min Response Time,Max Response Time,Average Content Size,Requests/s,Failures/s,50%,66%,75%,80%,90%,95%,98%,99%,99.9%,99.99%,100%
GET,/,8807,0,94,120.04471192233449,1.348600000000033,507.81090000000086,8688.0,461.3203920834933,0.0,94,120,180,190,280,310,390,410,490,510,510
,Aggregated,8807,0,94,120.04471192233449,1.348600000000033,507.81090000000086,8688.0,461.3203920834933,0.0,94,120,180,190,280,310,390,410,490,510,510
