Type,Name,Request Count,Failure Count,Median Response Time,Average Response Time,Min Response Time,Max Response Time,Average Content Size,Requests/s,Failures/s,50%,66%,75%,80%,90%,95%,98%,99%,99.9%,99.99%,100%
GET,/,8729,0,98,125.18494682094163,1.485100000000017,588.8435000000012,8688.0,458.6389780876347,0.0,98,160,190,200,290,310,400,410,500,590,590
,Aggregated,8729,0,98,125.18494682094163,1.485100000000017,588.8435000000012,8688.0,458.6389780876347,0.0,98,160,190,200,290,310,400,410,500,590,590
