Type,Name,Request Count,Failure Count,Median Response Time,Average Response Time,Min Response Time,Max Response Time,Average Content Size,Requests/s,Failures/s,50%,66%,75%,80%,90%,95%,98%,99%,99.9%,99.99%,100%
GET,/,9296,0,27,61.2946481820138,1.3095999999990227,356.48219999999986,8688.0,486.8168979392108,0.0,27,79,97,110,170,190,230,250,300,360,360
,Aggregated,9296,0,27,61.2946481820138,1.3095999999990227,356.48219999999986,8688.0,486.8168979392108,0.0,27,79,97,110,170,190,230,250,300,360,360
