Type,Name,Request Count,Failure Count,Median Response Time,Average Response Time,Min Response Time,Max Response Time,Average Content Size,Requests/s,Failures/s,50%,66%,75%,80%,90%,95%,98%,99%,99.9%,99.99%,100%
GET,/,9765,0,52,66.02763902713805,1.3286000000007903,408.0792999999998,8688.0,512.7388077671632,0.0,52,81,95,100,170,200,280,300,400,410,410
,Aggregated,9765,0,52,66.02763902713805,1.3286000000007903,408.0792999999998,8688.0,512.7388077671632,0.0,52,81,95,100,170,200,280,300,400,410,410
