Type,Name,Request Count,Failure Count,Median Response Time,Average Response Time,Min Response Time,Max Response Time,Average Content Size,Requests/s,Failures/s,50%,66%,75%,80%,90%,95%,98%,99%,99.9%,99.99%,100%
GET,/,8703,0,12,37.73075587728382,1.312300000000377,303.62559999999974,8688.0,456.12929585676017,0.0,12,22,58,73,100,150,200,240,300,300,300
,Aggregated,8703,0,12,37.73075587728382,1.312300000000377,303.62559999999974,8688.0,456.12929585676017,0.0,12,22,58,73,100,150,200,240,300,300,300
