Type,Name,Request Count,Failure Count,Median Response Time,Average Response Time,Min Response Time,Max Response Time,Average Content Size,Requests/s,Failures/s,50%,66%,75%,80%,90%,95%,98%,99%,99.9%,99.99%,100%
GET,/,8271,0,19,59.43266942328626,1.1028999999993516,479.4688999999996,8688.0,433.6326098291691,0.0,19,65,88,100,180,220,300,330,470,480,480
,Aggregated,8271,0,19,59.43266942328626,1.1028999999993516,479.4688999999996,8688.0,433.6326098291691,0.0,19,65,88,100,180,220,300,330,470,480,480
