Type,Name,Request Count,Failure Count,Median Response Time,Average Response Time,Min Response Time,Max Response Time,Average Content Size,Requests/s,Failures/s,50%,66%,75%,80%,90%,95%,98%,99%,99.9%,99.99%,100%
GET,/,9096,0,50,64.01639888962191,1.3529000000005453,376.51750000000027,8688.0,477.0117131306253,0.0,50,84,95,100,170,200,230,260,300,380,380
,Aggregated,9096,0,50,64.01639888962191,1.3529000000005453,376.51750000000027,8688.0,477.0117131306253,0.0,50,84,95,100,170,200,230,260,300,380,380
