Type,Name,Request Count,Failure Count,Median Response Time,Average Response Time,Min Response Time,Max Response Time,Average Content Size,Requests/s,Failures/s,50%,66%,75%,80%,90%,95%,98%,99%,99.9%,99.99%,100%
GET,/,9808,0,21,54.18399372960837,1.2729000000000212,352.2553000000004,8688.0,514.0344076652875,0.0,21,73,87,99,140,180,200,250,280,350,350
,Aggregated,9808,0,21,54.18399372960837,1.2729000000000212,352.2553000000004,8688.0,514.0344076652875,0.0,21,73,87,99,140,180,200,250,280,350,350
