Type,Name,Request Count,Failure Count,Median Response Time,Average Response Time,Min Response Time,Max Response Time,Average Content Size,Requests/s,Failures/s,50%,66%,75%,80%,90%,95%,98%,99%,99.9%,99.99%,100%
GET,/,7863,0,20,60.13889155538573,1.3035999999999603,413.4146000000003,8688.0,412.757874727898,0.0,20,72,87,97,180,200,290,320,390,410,410
,Aggregated,7863,0,20,60.13889155538573,1.3035999999999603,413.4146000000003,8688.0,412.757874727898,0.0,20,72,87,97,180,200,290,320,390,410,410
