Type,Name,Request Count,Failure Count,Median Response Time,Average Response Time,Min Response Time,Max Response Time,Average Content Size,Requests/s,Failures/s,50%,66%,75%,80%,90%,95%,98%,99%,99.9%,99.99%,100%
GET,/,9108,0,110.0,138.322139866052,1.7087000000000074,540.3167,8688.0,477.7236472182292,0.0,110,180,190,200,280,310,380,400,470,540,540
,Aggregated,9108,0,110.0,138.322139866052,1.7087000000000074,540.3167,8688.0,477.7236472182292,0.0,110,180,190,200,280,310,380,400,470,540,540
