Type,Name,Request Count,Failure Count,Median Response Time,Average Response Time,Min Response Time,Max Response Time,Average Content Size,Requests/s,Failures/s,50%,66%,75%,80%,90%,95%,98%,99%,99.9%,99.99%,100%
GET,/,8871,0,86,100.57360908578521,1.4333000000004148,388.0695999999997,8688.0,465.1549478495032,0.0,86,110,170,190,210,250,290,300,320,390,390
,Aggregated,8871,0,86,100.57360908578521,1.4333000000004148,388.0695999999997,8688.0,465.1549478495032,0.0,86,110,170,190,210,250,290,300,320,390,390
