Type,Name,Request Count,Failure Count,Median Response Time,Average Response Time,Min Response Time,Max Response Time,Average Content Size,Requests/s,Failures/s,50%,66%,75%,80%,90%,95%,98%,99%,99.9%,99.99%,100%
GET,/,8857,0,88,105.8053860223553,1.368599999999276,493.5919999999996,8688.0,463.8707700190116,0.0,88,120,180,190,220,290,310,350,400,490,490
,Aggregated,8857,0,88,105.8053860223553,1.368599999999276,493.5919999999996,8688.0,463.8707700190116,0.0,88,120,180,190,220,290,310,350,400,490,490
