Type,Name,Request Count,Failure Count,Median Response Time,Average Response Time,Min Response Time,Max Response Time,Average Content Size,Requests/s,Failures/s,50%,66%,75%,80%,90%,95%,98%,99%,99.9%,99.99%,100%
GET,/,7693,0,11,42.680645989861006,1.3188999999993456,480.37550000000005,8688.0,403.28247282739795,0.0,11,23,57,75,110,190,300,310,400,480,480
,Aggregated,7693,0,11,42.680645989861006,1.3188999999993456,480.37550000000005,8688.0,403.28247282739795,0.0,11,23,57,75,110,190,300,310,400,480,480
