Type,Name,Request Count,Failure Count,Median Response Time,Average Response Time,Min Response Time,Max Response Time,Average Content Size,Requests/s,Failures/s,50%,66%,75%,80%,90%,95%,98%,99%,99.9%,99.99%,100%
GET,/,9271,0,79,81.20437752130321,1.3889000000002483,390.63550000000015,8688.0,485.96918435322743,0.0,79,93,100,120,190,210,290,310,370,390,390
,Aggregated,9271,0,79,81.20437752130321,1.3889000000002483,390.63550000000015,8688.0,485.96918435322743,0.0,79,93,100,120,190,210,290,310,370,390,390
