Type,Name,Request Count,Failure Count,Median Response Time,Average Response Time,Min Response Time,Max Response Time,Average Content Size,Requests/s,Failures/s,50%,66%,75%,80%,90%,95%,98%,99%,99.9%,99.99%,100%
GET,/,7518,0,67,79.93595051875499,1.4555000000022744,449.5326999999998,8688.0,393.85266593847604,0.0,67,94,110,140,200,240,290,300,400,450,450
,Aggregated,7518,0,67,79.93595051875499,1.4555000000022744,449.5326999999998,8688.0,393.85266593847604,0.0,67,94,110,140,200,240,290,300,400,450,450
