Type,Name,Request Count,Failure Count,Median Response Time,Average Response Time,Min Response Time,Max Response Time,Average Content Size,Requests/s,Failures/s,50%,66%,75%,80%,90%,95%,98%,99%,99.9%,99.99%,100%
GET,/,6903,0,18,55.469135578734004,1.2259999999990612,383.01419999999985,8688.0,361.64473216584327,0.0,18,68,85,93,160,200,290,320,370,380,380
,Aggregated,6903,0,18,55.469135578734004,1.2259999999990612,383.01419999999985,8688.0,361.64473216584327,0.0,18,68,85,93,160,200,290,320,370,380,380
