Type,Name,Request Count,Failure Count,Median Response Time,Average Response Time,Min Response Time,Max Response Time,Average Content Size,Requests/s,Failures/s,50%,66%,75%,80%,90%,95%,98%,99%,99.9%,99.99%,100%
GET,/,10093,0,24,57.75380029723603,1.4953999999995915,422.15749999999997,8688.0,528.2876407083346,0.0,24,66,84,93,160,200,280,300,390,410,420
,Aggregated,10093,0,24,57.75380029723603,1.4953999999995915,422.15749999999997,8688.0,528.2876407083346,0.0,24,66,84,93,160,200,280,300,390,410,420
