Type,Name,Request Count,Failure Count,Median Response Time,Average Response Time,Min Response Time,Max Response Time,Average Content Size,Requests/s,Failures/s,50%,66%,75%,80%,90%,95%,98%,99%,99.9%,99.99%,100%
GET,/,9408,0,88,99.76902689200674,1.4321000000006023,506.9094999999999,8688.0,495.69408955827754,0.0,88,110,150,180,200,270,330,380,410,510,510
,Aggregated,9408,0,88,99.76902689200674,1.4321000000006023,506.9094999999999,8688.0,495.69408955827754,0.0,88,110,150,180,200,270,330,380,410,510,510
