Type,Name,Request Count,Failure Count,Median Response Time,Average Response Time,Min Response Time,Max Response Time,Average Content Size,Requests/s,Failures/s,50%,66%,75%,80%,90%,95%,98%,99%,99.9%,99.99%,100%
GET,/,9791,0,19,51.56071290981504,1.434499999998451,327.43980000000005,8688.0,513.07008751785,0.0,19,62,85,95,130,190,210,230,320,330,330
,Aggregated,9791,0,19,51.56071290981504,1.434499999998451,327.43980000000005,8688.0,513.07008751785,0.0,19,62,85,95,130,190,210,230,320,330,330
