Type,Name,Request Count,Failure Count,Median Response Time,Average Response Time,Min Response Time,Max Response Time,Average Content Size,Requests/s,Failures/s,50%,66%,75%,80%,90%,95%,98%,99%,99.9%,99.99%,100%
GET,/,7735,0,18,53.878922417582196,1.3092000000014536,470.61960000000005,8688.0,405.09894718535577,0.0,18,66,84,94,160,190,240,300,460,470,470
,Aggregated,7735,0,18,53.878922417582196,1.3092000000014536,470.61960000000005,8688.0,405.09894718535577,0.0,18,66,84,94,160,190,240,300,460,470,470
