Type,Name,Request Count,Failure Count,Median Response Time,Average Response Time,Min Response Time,Max Response Time,Average Content Size,Requests/s,Failures/s,50%,66%,75%,80%,90%,95%,98%,99%,99.9%,99.99%,100%
GET,/,7688,0,34,61.87523051508835,1.1847999999989867,379.74200000000025,8688.0,403.3953357110105,0.0,34,80,90,96,170,200,270,290,370,380,380
,Aggregated,7688,0,34,61.87523051508835,1.1847999999989867,379.74200000000025,8688.0,403.3953357110105,0.0,34,80,90,96,170,200,270,290,370,380,380
