Type,Name,Request Count,Failure Count,Median Response Time,Average Response Time,Min Response Time,Max Response Time,Average Content Size,Requests/s,Failures/s,50%,66%,75%,80%,90%,95%,98%,99%,99.9%,99.99%,100%
GET,/,8635,0,35,60.921584273306166,1.3303000000011167,406.2069000000008,8688.0,453.0958464117085,0.0,35,81,92,98,150,190,250,320,370,410,410
,Aggregated,8635,0,35,60.921584273306166,1.3303000000011167,406.2069000000008,8688.0,453.0958464117085,0.0,35,81,92,98,150,190,250,320,370,410,410
