Type,Name,Request Count,Failure Count,Median Response Time,Average Response Time,Min Response Time,Max Response Time,Average Content Size,Requests/s,Failures/s,50%,66%,75%,80%,90%,95%,98%,99%,99.9%,99.99%,100%
GET,/,9823,0,92,103.58272704876272,1.3985000000005243,410.51339999999925,8688.0,514.7099245068591,0.0,92,110,160,180,200,260,290,300,370,410,410
,Aggregated,9823,0,92,103.58272704876272,1.3985000000005243,410.51339999999925,8688.0,514.7099245068591,0.0,92,110,160,180,200,260,290,300,370,410,410
