Type,Name,Request Count,Failure Count,Median Response Time,Average Response Time,Min Response Time,Max Response Time,Average Content Size,Requests/s,Failures/s,50%,66%,75%,80%,90%,95%,98%,99%,99.9%,99.99%,100%
GET,/,7111,0,12,38.86845944311627,1.3170000000002346,298.1425,8688.0,373.5694143103044,0.0,12,25,61,78,100,170,210,270,290,300,300
,Aggregated,7111,0,12,38.86845944311627,1.3170000000002346,298.1425,8688.0,373.5694143103044,0.0,12,25,61,78,100,170,210,270,290,300,300
