Type,Name,Request Count,Failure Count,Median Response Time,Average Response Time,Min Response Time,Max Response Time,Average Content Size,Requests/s,Failures/s,50%,66%,75%,80%,90%,95%,98%,99%,99.9%,99.99%,100%
GET,/,8546,0,16,54.16397526328105,1.3310999999998074,355.0553000000001,8688.0,448.6111652141125,0.0,16,63,84,94,170,200,280,290,340,360,360
,Aggregated,8546,0,16,54.16397526328105,1.3310999999998074,355.0553000000001,8688.0,448.6111652141125,0.0,16,63,84,94,170,200,280,290,340,360,360
