Type,Name,Request Count,Failure Count,Median Response Time,Average Response Time,Min Response Time,Max Response Time,Average Content Size,Requests/s,Failures/s,50%,66%,75%,80%,90%,95%,98%,99%,99.9%,99.99%,100%
GET,/,9513,0,52,65.95607480290172,1.3627999999989981,401.2601,8688.0,498.9054634345414,0.0,52,79,93,100,170,210,270,290,380,400,400
,Aggregated,9513,0,52,65.95607480290172,1.3627999999989981,401.2601,8688.0,498.9054634345414,0.0,52,79,93,100,170,210,270,290,380,400,400
