Type,Name,Request Count,Failure Count,Median Response Time,Average Response Time,Min Response Time,Max Response Time,Average Content Size,Requests/s,Failures/s,50%,66%,75%,80%,90%,95%,98%,99%,99.9%,99.99%,100%
GET,/,9093,0,76,83.29982995711013,1.2579999999999814,404.27820000000025,8688.0,476.91713555503395,0.0,76,97,110,140,200,230,280,300,380,400,400
,Aggregated,9093,0,76,83.29982995711013,1.2579999999999814,404.27820000000025,8688.0,476.91713555503395,0.0,76,97,110,140,200,230,280,300,380,400,400
