Type,Name,Request Count,Failure Count,Median Response Time,Average Response Time,Min Response Time,Max Response Time,Average Content Size,Requests/s,Failures/s,50%,66%,75%,80%,90%,95%,98%,99%,99.9%,99.99%,100%
GET,/,7225,0,11,36.288997107266376,1.1110999999992544,547.7595000000006,8688.0,379.68498140199466,0.0,11,18,25,35,89,180,280,370,450,550,550
,Aggregated,7225,0,11,36.288997107266376,1.1110999999992544,547.7595000000006,8688.0,379.68498140199466,0.0,11,18,25,35,89,180,280,370,450,550,550
