Type,Name,Request Count,Failure Count,Median Response Time,Average Response Time,Min Response Time,Max Response Time,Average Content Size,Requests/s,Failures/s,50%,66%,75%,80%,90%,95%,98%,99%,99.9%,99.99%,100%
GET,/,8380,0,16,59.0585118615752,1.3271000000010247,396.34459999999996,8688.0,438.73143670432864,0.0,16,67,83,93,190,230,300,340,380,400,400
,Aggregated,8380,0,16,59.0585118615752,1.3271000000010247,396.34459999999996,8688.0,438.73143670432864,0.0,16,67,83,93,190,230,300,340,380,400,400
