Type,Name,Request Count,Failure Count,Median Response Time,Average Response Time,Min Response Time,Max Response Time,Average Content Size,Requests/s,Failures/s,50%,66%,75%,80%,90%,95%,98%,99%,99.9%,99.99%,100%
GET,/,9199,0,65,77.07423906946363,1.2494000000025096,387.34540000000004,8688.0,481.7989642960011,0.0,65,89,100,110,190,240,290,310,380,390,390
,Aggregated,9199,0,65,77.07423906946363,1.2494000000025096,387.34540000000004,8688.0,481.7989642960011,0.0,65,89,100,110,190,240,290,310,380,390,390
