Type,Name,Request Count,Failure Count,Median Response Time,Average Response Time,Min Response Time,Max Response Time,Average Content Size,Requests/s,Failures/s,50%,66%,75%,80%,90%,95%,98%,99%,99.9%,99.99%,100%
GET,/,9281,0,68,80.25405141687315,1.387299999999314,482.95969999999943,8688.0,485.82834715524103,0.0,68,91,100,120,190,240,290,320,460,480,480
,Aggregated,9281,0,68,80.25405141687315,1.387299999999314,482.95969999999943,8688.0,485.82834715524103,0.0,68,91,100,120,190,240,290,320,460,480,480
