Type,Name,Request Count,Failure Count,Median Response Time,Average Response Time,Min Response Time,Max Response Time,Average Content Size,Requests/s,Failures/s,50%,66%,75%,80%,90%,95%,98%,99%,99.9%,99.99%,100%
GET,/,7381,0,13,48.27797558596385,1.2527999999996098,400.54489999999987,8688.0,387.3797072704173,0.0,13,64,81,90,110,190,210,280,360,400,400
,Aggregated,7381,0,13,48.27797558596385,1.2527999999996098,400.54489999999987,8688.0,387.3797072704173,0.0,13,64,81,90,110,190,210,280,360,400,400
