Type,Name,Request Count,Failure Count,Median Response Time,Average Response Time,Min Response Time,Max Response Time,Average Content Size,Requests/s,Failures/s,50%,66%,75%,80%,90%,95%,98%,99%,99.9%,99.99%,100%
GET,/,9856,0,92,107.31856884131486,1.2638999999996514,536.4699000000002,8688.0,515.7436540567429,0.0,92,110,160,180,210,260,300,340,410,540,540
,Aggregated,9856,0,92,107.31856884131486,1.2638999999996514,536.4699000000002,8688.0,515.7436540567429,0.0,92,110,160,180,210,260,300,340,410,540,540
