Type,Name,Request Count,Failure Count,Median Response Time,Average Response Time,Min Response Time,Max Response Time,Average Content Size,Requests/s,Failures/s,50%,66%,75%,80%,90%,95%,98%,99%,99.9%,99.99%,100%
GET,/,8781,0,17,52.43457849903199,1.2978999999990748,356.8232,8688.0,460.24450075541955,0.0,17,68,82,89,130,190,240,280,340,360,360
,Aggregated,8781,0,17,52.43457849903199,1.2978999999990748,356.8232,8688.0,460.24450075541955,0.0,17,68,82,89,130,190,240,280,340,360,360
