Type,Name,Request Count,Failure Count,Median Response Time,Average Response Time,Min Response Time,Max Response Time,Average Content Size,Requests/s,Failures/s,50%,66%,75%,80%,90%,95%,98%,99%,99.9%,99.99%,100%
GET,/,8877,0,92,104.35395083924773,1.547700000001484,475.7138000000003,8688.0,465.03912385959813,0.0,92,110,140,180,210,280,300,310,390,480,480
,Aggregated,8877,0,92,104.35395083924773,1.547700000001484,475.7138000000003,8688.0,465.03912385959813,0.0,92,110,140,180,210,280,300,310,390,480,480
