Type,Name,Request Count,Failure Count,Median Response Time,Average Response Time,Min Response Time,Max Response Time,Average Content Size,Requests/s,Failures/s,50%,66%,75%,80%,90%,95%,98%,99%,99.9%,99.99%,100%
GET,/,9147,0,79,95.96602448890373,1.357499999997458,395.7941999999992,8688.0,478.6395037588098,0.0,79,110,160,180,210,280,300,300,340,400,400
,Aggregated,9147,0,79,95.96602448890373,1.357499999997458,395.7941999999992,8688.0,478.6395037588098,0.0,79,110,160,180,210,280,300,300,340,400,400
