Type,Name,Request Count,Failure Count,Median Response Time,Average Response Time,Min Response Time,Max Response Time,Average Content Size,Requests/s,Failures/s,50%,66%,75%,80%,90%,95%,98%,99%,99.9%,99.99%,100%
GET,/,8822,0,20,56.709622976649065,1.3813000000002518,367.9243999999997,8688.0,462.6419731398925,0.0,20,66,85,95,170,200,230,280,320,370,370
,Aggregated,8822,0,20,56.709622976649065,1.3813000000002518,367.9243999999997,8688.0,462.6419731398925,0.0,20,66,85,95,170,200,230,280,320,370,370
