Type,Name,Request Count,Failure Count,Median Response Time,Average Response Time,Min Response Time,Max Response Time,Average Content Size,Requests/s,Failures/s,50%,66%,75%,80%,90%,95%,98%,99%,99.9%,99.99%,100%
GET,/,7506,0,15,55.610607687183645,1.0167000000009807,400.15350000000007,8688.0,394.248089538657,0.0,15,62,83,92,180,210,290,300,380,400,400
,Aggregated,7506,0,15,55.610607687183645,1.0167000000009807,400.15350000000007,8688.0,394.248089538657,0.0,15,62,83,92,180,210,290,300,380,400,400
