Type,Name,Request Count,Failure Count,Median Response Time,Average Response Time,Min Response Time,Max Response Time,Average Content Size,Requests/s,Failures/s,50%,66%,75%,80%,90%,95%,98%,99%,99.9%,99.99%,100%
GET,/,9284,0,70,73.8310766587678,1.2923000000011342,414.11460000000045,8688.0,487.0754171445703,0.0,70,88,95,99,170,210,290,360,410,410,410
,Aggregated,9284,0,70,73.8310766587678,1.2923000000011342,414.11460000000045,8688.0,487.0754171445703,0.0,70,88,95,99,170,210,290,360,410,410,410
