Type,Name,Request Count,Failure Count,Median Response Time,Average Response Time,Min Response Time,Max Response Time,Average Content Size,Requests/s,Failures/s,50%,66%,75%,80%,90%,95%,98%,99%,99.9%,99.99%,100%
GET,/,9614,0,64,75.39287126066141,1.2854000000004362,402.89219999999835,8688.0,503.486986857896,0.0,64,88,99,110,190,250,290,300,370,400,400
,Aggregated,9614,0,64,75.39287126066141,1.2854000000004362,402.89219999999835,8688.0,503.486986857896,0.0,64,88,99,110,190,250,290,300,370,400,400
