Type,Name,Request Count,Failure Count,Median Response Time,Average Response Time,Min Response Time,Max Response Time,Average Content Size,Requests/s,Failures/s,50%,66%,75%,80%,90%,95%,98%,99%,99.9%,99.99%,100%
GET,/,9617,0,46,61.86346552979084,1.3316000000003214,389.08020000000045,8688.0,503.7810167007528,0.0,46,81,92,98,140,190,250,280,330,390,390
,Aggregated,9617,0,46,61.86346552979084,1.3316000000003214,389.08020000000045,8688.0,503.7810167007528,0.0,46,81,92,98,140,190,250,280,330,390,390
