Type,Name,Request Count,Failure Count,Median Response Time,Average Response Time,Min Response Time,Max Response Time,Average Content Size,Requests/s,Failures/s,50%,66%,75%,80%,90%,95%,98%,99%,99.9%,99.99%,100%
GET,/,8946,0,86,92.44377792309406,1.399299999999215,386.8011999999998,8688.0,469.04340010831106,0.0,86,100,120,170,190,210,270,280,340,390,390
,Aggregated,8946,0,86,92.44377792309406,1.399299999999215,386.8011999999998,8688.0,469.04340010831106,0.0,86,100,120,170,190,210,270,280,340,390,390
