Type,Name,Request Count,Failure Count,Median Response Time,Average Response Time,Min Response Time,Max Response Time,Average Content Size,Requests/s,Failures/s,50%,66%,75%,80%,90%,95%,98%,99%,99.9%,99.99%,100%
GET,/,8823,0,41,59.69103563413809,1.2723999999995073,391.89640000000026,8688.0,462.90814077049987,0.0,41,80,90,97,130,190,250,270,290,390,390
,Aggregated,8823,0,41,59.69103563413809,1.2723999999995073,391.89640000000026,8688.0,462.90814077049987,0.0,41,80,90,97,130,190,250,270,290,390,390
