Type,Name,Request Count,Failure Count,Median Response Time,Average Response Time,Min Response Time,Max Response Time,Average Content Size,Requests/s,Failures/s,50%,66%,75%,80%,90%,95%,98%,99%,99.9%,99.99%,100%
GET,/,8033,0,49,66.54735436325159,1.1531999999991882,418.4830000000002,8688.0,422.20145642570833,0.0,49,84,95,100,180,210,290,300,380,420,420
,Aggregated,8033,0,49,66.54735436325159,1.1531999999991882,418.4830000000002,8688.0,422.20145642570833,0.0,49,84,95,100,180,210,290,300,380,420,420
