Type,Name,Request Count,Failure Count,Median Response Time,Average Response Time,Min Response Time,Max Response Time,Average Content Size,Requests/s,Failures/s,50%,66%,75%,80%,90%,95%,98%,99%,99.9%,99.99%,100%
GET,/,8434,0,71,77.85349530471912,1.2838999999988943,514.3059999999999,8688.0,442.37121856171467,0.0,71,88,99,110,200,240,300,330,410,510,510
,Aggregated,8434,0,71,77.85349530471912,1.2838999999988943,514.3059999999999,8688.0,442.37121856171467,0.0,71,88,99,110,200,240,300,330,410,510,510
