Type,Name,Request Count,Failure Count,Median Response Time,Average Response Time,Min Response Time,Max Response Time,Average Content Size,Requests/s,Failures/s,50%,66%,75%,80%,90%,95%,98%,99%,99.9%,99.99%,100%
GET,/,8776,0,22,61.60325697356405,1.2495000000001255,403.8012000000002,8688.0,459.55807250451005,0.0,23,72,85,96,180,210,290,320,380,400,400
,Aggregated,8776,0,22,61.60325697356405,1.2495000000001255,403.8012000000002,8688.0,459.55807250451005,0.0,23,72,85,96,180,210,290,320,380,400,400
