Type,Name,Request Count,Failure Count,Median Response Time,Average Response Time,Min Response Time,Max Response Time,Average Content Size,Requests/s,Failures/s,50%,66%,75%,80%,90%,95%,98%,99%,99.9%,99.99%,100%
GET,/,8280,0,17,57.068525929951775,1.3444999999983054,371.7372000000001,8688.0,434.2293722857333,0.0,17,66,84,94,180,210,280,300,360,370,370
,Aggregated,8280,0,17,57.068525929951775,1.3444999999983054,371.7372000000001,8688.0,434.2293722857333,0.0,17,66,84,94,180,210,280,300,360,370,370
