Type,Name,Request Count,Failure Count,Median Response Time,Average Response Time,Min Response Time,Max Response Time,Average Content Size,Requests/s,Failures/s,50%,66%,75%,80%,90%,95%,98%,99%,99.9%,99.99%,100%
GET,/,7832,0,12,44.419619394790345,1.176000000000954,338.5918000000001,8688.0,410.2641087236598,0.0,12,27,68,84,150,190,240,250,290,340,340
,Aggregated,7832,0,12,44.419619394790345,1.176000000000954,338.5918000000001,8688.0,410.2641087236598,0.0,12,27,68,84,150,190,240,250,290,340,340
