Type,Name,Request Count,Failure Count,Median Response Time,Average Response Time,Min Response Time,Max Response Time,Average Content Size,Requests/s,Failures/s,50%,66%,75%,80%,90%,95%,98%,99%,99.9%,99.99%,100%
GET,/,9064,0,36,60.522465225066234,1.1690999999984797,438.1604999999995,8688.0,475.3010351043932,0.0,36,82,94,100,160,180,240,290,370,440,440
,Aggregated,9064,0,36,60.522465225066234,1.1690999999984797,438.1604999999995,8688.0,475.3010351043932,0.0,36,82,94,100,160,180,240,290,370,440,440
