Type,Name,Request Count,Failure Count,Median Response Time,Average Response Time,Min Response Time,Max Response Time,Average Content Size,Requests/s,Failures/s,50%,66%,75%,80%,90%,95%,98%,99%,99.9%,99.99%,100%
GET,/,8736,0,79,86.83047558379104,1.3745000000007224,410.2971999999987,8688.0,457.77821257225463,0.0,79,98,110,130,190,230,290,310,390,410,410
,Aggregated,8736,0,79,86.83047558379104,1.3745000000007224,410.2971999999987,8688.0,457.77821257225463,0.0,79,98,110,130,190,230,290,310,390,410,410
