Type,Name,Request Count,Failure Count,Median Response Time,Average Response Time,Min Response Time,Max Response Time,Average Content Size,Requests/s,Failures/s,50%,66%,75%,80%,90%,95%,98%,99%,99.9%,99.99%,100%
GET,/,6549,0,12,39.14497732478258,1.4628000000023178,354.05949999999996,8688.0,344.9244923239176,0.0,12,31,62,75,110,150,190,250,350,350,350
,Aggregated,6549,0,12,39.14497732478258,1.4628000000023178,354.05949999999996,8688.0,344.9244923239176,0.0,12,31,62,75,110,150,190,250,350,350,350
