Type,Name,Request Count,Failure Count,Median Response Time,Average Response Time,Min Response Time,Max Response Time,Average Content Size,Requests/s,Failures/s,50%,66%,75%,80%,90%,95%,98%,99%,99.9%,99.99%,100%
GET,/,7116,0,16,46.120551672287945,1.2764999999994586,342.6298999999999,8688.0,373.0794234660536,0.0,16,46,71,81,130,190,220,230,310,340,340
,Aggregated,7116,0,16,46.120551672287945,1.2764999999994586,342.6298999999999,8688.0,373.0794234660536,0.0,16,46,71,81,130,190,220,230,310,340,340
