Type,Name,Request Count,Failure Count,Median Response Time,Average Response Time,Min Response Time,Max Response Time,Average Content Size,Requests/s,Failures/s,50%,66%,75%,80%,90%,95%,98%,99%,99.9%,99.99%,100%
GET,/,7461,0,11,50.206072617611504,1.274999999999693,441.7705999999999,8688.0,391.07629414505953,0.0,11,54,78,86,140,200,290,330,430,440,440
,Aggregated,7461,0,11,50.206072617611504,1.274999999999693,441.7705999999999,8688.0,391.07629414505953,0.0,11,54,78,86,140,200,290,330,430,440,440
