Type,Name,Request Count,Failure Count,Median Response Time,Average Response Time,Min Response Time,Max Response Time,Average Content Size,Requests/s,Failures/s,50%,66%,75%,80%,90%,95%,98%,99%,99.9%,99.99%,100%
GET,/,7959,0,21,60.857947028521245,1.2711000000003025,403.88289999999927,8688.0,417.5702841405948,0.0,21,79,89,95,170,220,290,300,380,400,400
,Aggregated,7959,0,21,60.857947028521245,1.2711000000003025,403.88289999999927,8688.0,417.5702841405948,0.0,21,79,89,95,170,220,290,300,380,400,400
