Type,Name,Request Count,Failure Count,Median Response Time,Average Response Time,Min Response Time,Max Response Time,Average Content Size,Requests/s,Failures/s,50%,66%,75%,80%,90%,95%,98%,99%,99.9%,99.99%,100%
GET,/,7571,0,15,46.54717839122968,1.0182999999983622,384.62689999999975,8688.0,397.41556205302277,0.0,15,53,77,85,110,180,210,290,380,380,380
,Aggregated,7571,0,15,46.54717839122968,1.0182999999983622,384.62689999999975,8688.0,397.41556205302277,0.0,15,53,77,85,110,180,210,290,380,380,380
