Type,Name,Request Count,Failure Count,Median Response Time,Average Response Time,Min Response Time,Max Response Time,Average Content Size,Requests/s,Failures/s,50%,66%,75%,80%,90%,95%,98%,99%,99.9%,99.99%,100%
GET,/,8877,0,77,82.43603963050595,1.5177999999984593,473.2035000000003,8688.0,466.4331998468893,0.0,77,91,100,110,190,230,300,370,410,470,470
,Aggregated,8877,0,77,82.43603963050595,1.5177999999984593,473.2035000000003,8688.0,466.4331998468893,0.0,77,91,100,110,190,230,300,370,410,470,470
