Type,Name,Request Count,Failure Count,Median Response Time,Average Response Time,Min Response Time,Max Response Time,Average Content Size,Requests/s,Failures/s,50%,66%,75%,80%,90%,95%,98%,99%,99.9%,99.99%,100%
GET,/,8809,0,20,58.61366948575306,1.3818000000007657,398.31560000000013,8688.0,461.6113834016035,0.0,20,70,89,100,180,210,260,290,310,400,400
,Aggregated,8809,0,20,58.61366948575306,1.3818000000007657,398.31560000000013,8688.0,461.6113834016035,0.0,20,70,89,100,180,210,260,290,310,400,400
