Type,Name,Request Count,Failure Count,Median Response Time,Average Response Time,Min Response Time,Max Response Time,Average Content Size,Requests/s,Failures/s,50%,66%,75%,80%,90%,95%,98%,99%,99.9%,99.99%,100%
GET,/,9108,0,19,53.750791238471855,1.3082000000004257,345.87919999999974,8688.0,477.79999612774304,0.0,19,67,82,94,140,200,230,270,300,350,350
,Aggregated,9108,0,19,53.750791238471855,1.3082000000004257,345.87919999999974,8688.0,477.79999612774304,0.0,19,67,82,94,140,200,230,270,300,350,350
