Type,Name,Request Count,Failure Count,Median Response Time,Average Response Time,Min Response Time,Max Response Time,Average Content Size,Requests/s,Failures/s,50%,66%,75%,80%,90%,95%,98%,99%,99.9%,99.99%,100%
GET,/,7751,0,26,57.768739723906776,1.1650000000003047,461.59350000000023,8688.0,406.32202984523803,0.0,26,79,88,93,120,190,270,300,430,460,460
,Aggregated,7751,0,26,57.768739723906776,1.1650000000003047,461.59350000000023,8688.0,406.32202984523803,0.0,26,79,88,93,120,190,270,300,430,460,460
