Type,Name,Request Count,Failure Count,Median Response Time,Average Response Time,Min Response Time,Max Response Time,Average Content Size,Requests/s,Failures/s,50%,66%,75%,80%,90%,95%,98%,99%,99.9%,99.99%,100%
GET,/,9372,0,19,53.60205857874535,1.3004999999992606,329.62420000000003,8688.0,491.77629131379126,0.0,19,63,85,96,140,190,230,260,310,330,330
,Aggregated,9372,0,19,53.60205857874535,1.3004999999992606,329.62420000000003,8688.0,491.77629131379126,0.0,19,63,85,96,140,190,230,260,310,330,330
