Type,Name,Request Count,Failure Count,Median Response Time,Average Response Time,Min Response Time,Max Response Time,Average Content Size,Requests/s,Failures/s,50%,66%,75%,80%,90%,95%,98%,99%,99.9%,99.99%,100%
GET,/,8781,0,54,66.74573432410885,1.5340999999988725,384.8189,8688.0,459.8971888783853,0.0,54,83,94,100,160,210,270,300,350,380,380
,Aggregated,8781,0,54,66.74573432410885,1.5340999999988725,384.8189,8688.0,459.8971888783853,0.0,54,83,94,100,160,210,270,300,350,380,380
