Type,Name,Request Count,Failure Count,Median Response Time,Average Response Time,Min Response Time,Max Response Time,Average Content Size,Requests/s,Failures/s,50%,66%,75%,80%,90%,95%,98%,99%,99.9%,99.99%,100%
GET,/,7104,0,11,45.739974535473095,1.1969000000000563,413.4960000000003,8688.0,372.34628459239656,0.0,11,49,73,81,120,200,250,270,300,410,410
,Aggregated,7104,0,11,45.739974535473095,1.1969000000000563,413.4960000000003,8688.0,372.34628459239656,0.0,11,49,73,81,120,200,250,270,300,410,410
