Type,Name,Request Count,Failure Count,Median Response Time,Average Response Time,Min Response Time,Max Response Time,Average Content Size,Requests/s,Failures/s,50%,66%,75%,80%,90%,95%,98%,99%,99.9%,99.99%,100%
GET,/,8552,0,13,48.51944980121599,1.2921000000005733,396.27560000000005,8688.0,448.5302024760733,0.0,13,46,66,79,160,210,280,300,340,400,400
,Aggregated,8552,0,13,48.51944980121599,1.2921000000005733,396.27560000000005,8688.0,448.5302024760733,0.0,13,46,66,79,160,210,280,300,340,400,400
