Type,Name,Request Count,Failure Count,Median Response Time,Average Response Time,Min Response Time,Max Response Time,Average Content Size,Requests/s,Failures/s,50%,66%,75%,80%,90%,95%,98%,99%,99.9%,99.99%,100%
GET,/,8829,0,14,45.34273404689069,1.3012999999979513,379.22869999999966,8688.0,462.41498090521276,0.0,14,43,66,79,120,190,260,280,310,380,380
,Aggregated,8829,0,14,45.34273404689069,1.3012999999979513,379.22869999999966,8688.0,462.41498090521276,0.0,14,43,66,79,120,190,260,280,310,380,380
