Type,Name,Request Count,Failure Count,Median Response Time,Average Response Time,Min Response Time,Max Response Time,Average Content Size,Requests/s,Failures/s,50%,66%,75%,80%,90%,95%,98%,99%,99.9%,99.99%,100%
GET,/,7894,0,85,82.42028826957139,1.395800000000058,353.8326999999999,8688.0,415.1857437624898,0.0,85,95,100,110,180,190,260,270,300,350,350
,Aggregated,7894,0,85,82.42028826957139,1.395800000000058,353.8326999999999,8688.0,415.1857437624898,0.0,85,95,100,110,180,190,260,270,300,350,350
