Type,Name,Request Count,Failure Count,Median Response Time,Average Response Time,Min Response Time,Max Response Time,Average Content Size,Requests/s,Failures/s,50%,66%,75%,80%,90%,95%,98%,99%,99.9%,99.99%,100%
GET,/,10355,0,79,87.13489475615619,1.8209999999996285,386.9354999999999,8688.0,543.6648954712915,0.0,79,97,110,130,180,200,280,290,350,390,390
,Aggregated,10355,0,79,87.13489475615619,1.8209999999996285,386.9354999999999,8688.0,543.6648954712915,0.0,79,97,110,130,180,200,280,290,350,390,390
