Type,Name,Request Count,Failure Count,Median Response Time,Average Response Time,Min Response Time,Max Response Time,Average Content Size,Requests/s,Failures/s,50%,66%,75%,80%,90%,95%,98%,99%,99.9%,99.99%,100%
GET,/,7795,0,13,40.81828717126383,1.3389000000003648,318.4944000000005,8688.0,408.91633480605884,0.0,13,24,61,74,110,190,220,260,290,320,320
,Aggregated,7795,0,13,40.81828717126383,1.3389000000003648,318.4944000000005,8688.0,408.91633480605884,0.0,13,24,61,74,110,190,220,260,290,320,320
