Type,Name,Request Count,Failure Count,Median Response Time,Average Response Time,Min Response Time,Max Response Time,Average Content Size,Requests/s,Failures/s,50%,66%,75%,80%,90%,95%,98%,99%,99.9%,99.99%,100%
GET,/,7948,0,18,62.343276446904774,1.4262000000009323,510.1344000000001,8688.0,416.170540554219,0.0,18,72,86,93,190,240,320,380,460,510,510
,Aggregated,7948,0,18,62.343276446904774,1.4262000000009323,510.1344000000001,8688.0,416.170540554219,0.0,18,72,86,93,190,240,320,380,460,510,510
