Type,Name,Request Count,Failure Count,Median Response Time,Average Response Time,Min Response Time,Max Response Time,Average Content Size,Requests/s,Failures/s,50%,66%,75%,80%,90%,95%,98%,99%,99.9%,99.99%,100%
GET,/,9245,0,64,67.86560076798295,1.1776999999995041,363.49810000000014,8688.0,485.8649144007663,0.0,64,86,97,100,170,190,210,270,300,360,360
,Aggregated,9245,0,64,67.86560076798295,1.1776999999995041,363.49810000000014,8688.0,485.8649144007663,0.0,64,86,97,100,170,190,210,270,300,360,360
