Type,Name,Request Count,Failure Count,Median Response Time,Average Response Time,Min Response Time,Max Response Time,Average Content Size,Requests/s,Failures/s,50%,66%,75%,80%,90%,95%,98%,99%,99.9%,99.99%,100%
GET,/,9429,0,32,58.778691261003296,1.4519000000010607,450.2611999999999,8688.0,495.059901519762,0.0,32,73,88,95,160,190,260,280,450,450,450
,Aggregated,9429,0,32,58.778691261003296,1.4519000000010607,450.2611999999999,8688.0,495.059901519762,0.0,32,73,88,95,160,190,260,280,450,450,450
