Type,Name,Request Count,Failure Count,Median Response Time,Average Response Time,Min Response Time,Max Response Time,Average Content Size,Requests/s,Failures/s,50%,66%,75%,80%,90%,95%,98%,99%,99.9%,99.99%,100%
GET,/,7165,0,9,36.20637884159098,1.1302000000004142,338.18030000000033,8688.0,376.04051512122743,0.0,9,15,38,60,110,190,230,280,290,340,340
,Aggregated,7165,0,9,36.20637884159098,1.1302000000004142,338.18030000000033,8688.0,376.04051512122743,0.0,9,15,38,60,110,190,230,280,290,340,340
