Type,Name,Request Count,Failure Count,Median Response Time,Average Response Time,Min Response Time,Max Response Time,Average Content Size,Requests/s,Failures/s,50%,66%,75%,80%,90%,95%,98%,99%,99.9%,99.99%,100%
GET,/,7403,0,10,43.46857025530187,1.273600000001096,366.13950000000006,8688.0,388.62734418500935,0.0,10,23,67,79,120,200,270,290,340,370,370
,Aggregated,7403,0,10,43.46857025530187,1.273600000001096,366.13950000000006,8688.0,388.62734418500935,0.0,10,23,67,79,120,200,270,290,340,370,370
