Type,Name,Request Count,Failure Count,Median Response Time,Average Response Time,Min Response Time,Max Response Time,Average Content Size,Requests/s,Failures/s,50%,66%,75%,80%,90%,95%,98%,99%,99.9%,99.99%,100%
GET,/,7242,0,9,40.53382775476399,1.2100000000003774,397.00039999999956,8688.0,379.6901479648033,0.0,9,17,54,70,110,200,270,290,330,400,400
,Aggregated,7242,0,9,40.53382775476399,1.2100000000003774,397.00039999999956,8688.0,379.6901479648033,0.0,9,17,54,70,110,200,270,290,330,400,400
