Type,Name,Request Count,Failure Count,Median Response Time,Average Response Time,Min Response Time,Max Response Time,Average Content Size,Requests/s,Failures/s,50%,66%,75%,80%,90%,95%,98%,99%,99.9%,99.99%,100%
GET,/,9601,0,81,89.7415452036246,1.8799999999998818,440.81990000000013,8688.0,504.3110943058255,0.0,81,94,110,140,200,250,290,300,380,440,440
,Aggregated,9601,0,81,89.7415452036246,1.8799999999998818,440.81990000000013,8688.0,504.3110943058255,0.0,81,94,110,140,200,250,290,300,380,440,440
