Type,Name,Request Count,Failure Count,Median Response Time,Average Response Time,Min Response Time,Max Response Time,Average Content Size,Requests/s,Failures/s,50%,66%,75%,80%,90%,95%,98%,99%,99.9%,99.99%,100%
GET,/,8773,0,12,39.86226455032464,1.2185999999996255,323.9193,8688.0,459.8932588944568,0.0,12,23,58,74,120,170,200,220,320,320,320
,Aggregated,8773,0,12,39.86226455032464,1.2185999999996255,323.9193,8688.0,459.8932588944568,0.0,12,23,58,74,120,170,200,220,320,320,320
