Type,Name,Request Count,Failure Count,Median Response Time,Average Response Time,Min Response Time,Max Response Time,Average Content Size,Requests/s,Failures/s,50%,66%,75%,80%,90%,95%,98%,99%,99.9%,99.99%,100%
GET,/,7739,0,14,56.93199320325624,1.245100000000221,373.0944000000003,8688.0,405.5343735151126,0.0,14,71,86,93,180,230,280,290,340,370,370
,Aggregated,7739,0,14,56.93199320325624,1.245100000000221,373.0944000000003,8688.0,405.5343735151126,0.0,14,71,86,93,180,230,280,290,340,370,370
