Type,Name,Request Count,Failure Count,Median Response Time,Average Response Time,Min Response Time,Max Response Time,Average Content Size,Requests/s,Failures/s,50%,66%,75%,80%,90%,95%,98%,99%,99.9%,99.99%,100%
GET,/,9696,0,53,64.60927114273916,1.2676000000020338,400.2962999999999,8688.0,508.1654284801081,0.0,53,83,93,100,170,200,240,280,330,400,400
,Aggregated,9696,0,53,64.60927114273916,1.2676000000020338,400.2962999999999,8688.0,508.1654284801081,0.0,53,83,93,100,170,200,240,280,330,400,400
