Type,Name,Request Count,Failure Count,Median Response Time,Average Response Time,Min Response Time,Max Response Time,Average Content Size,Requests/s,Failures/s,50%,66%,75%,80%,90%,95%,98%,99%,99.9%,99.99%,100%
GET,/,8432,0,79,85.38635785104384,1.5593000000002633,494.45989999999983,8688.0,443.5701982603517,0.0,79,93,100,110,190,250,350,370,440,490,490
,Aggregated,8432,0,79,85.38635785104384,1.5593000000002633,494.45989999999983,8688.0,443.5701982603517,0.0,79,93,100,110,190,250,350,370,440,490,490
