Type,Name,Request Count,Failure Count,Median Response Time,Average Response Time,Min Response Time,Max Response Time,Average Content Size,Requests/s,Failures/s,50%,66%,75%,80%,90%,95%,98%,99%,99.9%,99.99%,100%
GET,/,9040,0,14,42.00364066371687,1.2497999999991904,371.84039999999993,8688.0,473.7105495172374,0.0,14,34,60,70,110,180,210,260,300,370,370
,Aggregated,9040,0,14,42.00364066371687,1.2497999999991904,371.84039999999993,8688.0,473.7105495172374,0.0,14,34,60,70,110,180,210,260,300,370,370
