Type,Name,Request Count,Failure Count,Median Response Time,Average Response Time,Min Response Time,Max Response Time,Average Content Size,Requests/s,Failures/s,50%,66%,75%,80%,90%,95%,98%,99%,99.9%,99.99%,100%
GET,/,8991,0,14,38.98173384495605,1.2579999999999814,295.71440000000007,8688.0,471.038495578156,0.0,14,25,56,72,110,170,200,230,270,300,300
,Aggregated,8991,0,14,38.98173384495605,1.2579999999999814,295.71440000000007,8688.0,471.038495578156,0.0,14,25,56,72,110,170,200,230,270,300,300
