Type,Name,Request Count,Failure Count,Median Response Time,Average Response Time,Min Response Time,Max Response Time,Average Content Size,Requests/s,Failures/s,50%,66%,75%,80%,90%,95%,98%,99%,99.9%,99.99%,100%
GET,/,9375,0,70,77.1726567039998,1.4046000000007552,430.11520000000036,8688.0,490.982803440186,0.0,70,85,97,110,190,230,280,300,340,430,430
,Aggregated,9375,0,70,77.1726567039998,1.4046000000007552,430.11520000000036,8688.0,490.982803440186,0.0,70,85,97,110,190,230,280,300,340,430,430
