Type,Name,Request Count,Failure Count,Median Response Time,Average Response Time,Min Response Time,Max Response Time,Average Content Size,Requests/s,Failures/s,50%,66%,75%,80%,90%,95%,98%,99%,99.9%,99.99%,100%
GET,/,9455,0,26,58.865915536753135,1.3053000000002868,484.62150000000025,8688.0,496.937546830119,0.0,26,69,83,89,150,210,280,310,380,480,480
,Aggregated,9455,0,26,58.865915536753135,1.3053000000002868,484.62150000000025,8688.0,496.937546830119,0.0,26,69,83,89,150,210,280,310,380,480,480
