Type,Name,Request Count,Failure Count,Median Response Time,Average Response Time,Min Response Time,Max Response Time,Average Content Size,Requests/s,Failures/s,50%,66%,75%,80%,90%,95%,98%,99%,99.9%,99.99%,100%
GET,/,7746,0,17,54.39224819261546,1.268599999999509,340.07650000000035,8688.0,405.73757907642516,0.0,17,71,85,93,150,200,230,260,310,340,340
,Aggregated,7746,0,17,54.39224819261546,1.268599999999509,340.07650000000035,8688.0,405.73757907642516,0.0,17,71,85,93,150,200,230,260,310,340,340
