Type,Name,Request Count,Failure Count,Median Response Time,Average Response Time,Min Response Time,Max Response Time,Average Content Size,Requests/s,Failures/s,50%,66%,75%,80%,90%,95%,98%,99%,99.9%,99.99%,100%
GET,/,7826,0,23,61.37097362637396,1.3938000000006667,457.1643000000001,8688.0,410.2976390621537,0.0,23,77,91,100,170,200,270,290,370,460,460
,Aggregated,7826,0,23,61.37097362637396,1.3938000000006667,457.1643000000001,8688.0,410.2976390621537,0.0,23,77,91,100,170,200,270,290,370,460,460
