Type,Name,Request Count,Failure Count,Median Response Time,Average Response Time,Min Response Time,Max Response Time,Average Content Size,Requests/s,Failures/s,50%,66%,75%,80%,90%,95%,98%,99%,99.9%,99.99%,100%
GET,/,8416,0,14,52.09380826996195,1.2781000000003928,432.3414999999997,8688.0,441.33761578962446,0.0,14,44,70,84,170,230,300,310,360,430,430
,Aggregated,8416,0,14,52.09380826996195,1.2781000000003928,432.3414999999997,8688.0,441.33761578962446,0.0,14,44,70,84,170,230,300,310,360,430,430
