Type,Name,Request Count,Failure Count,Median Response Time,Average Response Time,Min Response Time,Max Response Time,Average Content Size,Requests/s,Failures/s,50%,66%,75%,80%,90%,95%,98%,99%,99.9%,99.99%,100%
GET,/,8537,0,10,43.495551423216604,1.1467999999972278,365.19160000000016,8688.0,447.2905720488779,0.0,10,28,61,76,130,200,270,280,340,370,370
,Aggregated,8537,0,10,43.495551423216604,1.1467999999972278,365.19160000000016,8688.0,447.2905720488779,0.0,10,28,61,76,130,200,270,280,340,370,370
