Type,Name,Request Count,Failure Count,Median Response Time,Average Response Time,Min Response Time,Max Response Time,Average Content Size,Requests/s,Failures/s,50%,66%,75%,80%,90%,95%,98%,99%,99.9%,99.99%,100%
GET,/,8840,0,93,103.55602235294118,1.7439999999986355,379.10250000000013,8688.0,463.2265873950896,0.0,93,110,160,180,200,220,270,290,350,380,380
,Aggregated,8840,0,93,103.55602235294118,1.7439999999986355,379.10250000000013,8688.0,463.2265873950896,0.0,93,110,160,180,200,220,270,290,350,380,380
