Type,Name,Request Count,Failure Count,Median Response Time,Average Response Time,Min Response Time,Max Response Time,Average Content Size,Requests/s,Failures/s,50%,66%,75%,80%,90%,95%,98%,99%,99.9%,99.99%,100%
GET,/,9468,0,86,92.99647956273793,1.6898999999996889,397.2315000000002,8688.0,497.6342287373572,0.0,86,100,110,140,190,210,280,290,360,400,400
,Aggregated,9468,0,86,92.99647956273793,1.6898999999996889,397.2315000000002,8688.0,497.6342287373572,0.0,86,100,110,140,190,210,280,290,360,400,400
