Type,Name,Request Count,Failure Count,Median Response Time,Average Response Time,Min Response Time,Max Response Time,Average Content Size,Requests/s,Failures/s,50%,66%,75%,80%,90%,95%,98%,99%,99.9%,99.99%,100%
GET,/,7420,0,10,40.27073082210224,1.1328000000006,414.3169000000002,8688.0,389.82821158695225,0.0,10,27,61,75,100,180,250,290,380,410,410
,Aggregated,7420,0,10,40.27073082210224,1.1328000000006,414.3169000000002,8688.0,389.82821158695225,0.0,10,27,61,75,100,180,250,290,380,410,410
