Type,Name,Request Count,Failure Count,Median Response Time,Average Response Time,Min Response Time,Max Response Time,Average Content Size,Requests/s,Failures/s,50%,66%,75%,80%,90%,95%,98%,99%,99.9%,99.99%,100%
GET,/,7541,0,20,55.12326447420758,1.422100000000981,383.38519999999977,8688.0,396.41265030905197,0.0,20,69,80,87,130,190,280,290,370,380,380
,Aggregated,7541,0,20,55.12326447420758,1.422100000000981,383.38519999999977,8688.0,396.41265030905197,0.0,20,69,80,87,130,190,280,290,370,380,380
