Type,Name,Request Count,Failure Count,Median Response Time,Average Response Time,Min Response Time,Max Response Time,Average Content Size,Requests/s,Failures/s,50%,66%,75%,80%,90%,95%,98%,99%,99.9%,99.99%,100%
GET,/,8601,0,15,45.31124764562281,1.2171999999992522,378.83319999999986,8688.0,450.82559346394027,0.0,15,36,62,76,120,200,260,270,300,380,380
,Aggregated,8601,0,15,45.31124764562281,1.2171999999992522,378.83319999999986,8688.0,450.82559346394027,0.0,15,36,62,76,120,200,260,270,300,380,380
