Type,Name,Request Count,Failure Count,Median Response Time,Average Response Time,Min Response Time,Max Response Time,Average Content Size,Requests/s,Failures/s,50%,66%,75%,80%,90%,95%,98%,99%,99.9%,99.99%,100%
GET,/,8715,0,10,38.23298769936875,1.3003999999998683,355.0319999999996,8688.0,457.88251741741516,0.0,10,21,58,74,110,170,200,250,280,360,360
,Aggregated,8715,0,10,38.23298769936875,1.3003999999998683,355.0319999999996,8688.0,457.88251741741516,0.0,10,21,58,74,110,170,200,250,280,360,360
