Type,Name,Request Count,Failure Count,Median Response Time,Average Response Time,Min Response Time,Max Response Time,Average Content Size,Requests/s,Failures/s,50%,66%,75%,80%,90%,95%,98%,99%,99.9%,99.99%,100%
GET,/,8272,0,15,42.95967553191484,1.4369999999992444,311.1310999999999,8688.0,433.725070174882,0.0,15,43,64,73,110,190,220,240,290,310,310
,Aggregated,8272,0,15,42.95967553191484,1.4369999999992444,311.1310999999999,8688.0,433.725070174882,0.0,15,43,64,73,110,190,220,240,290,310,310
