Type,Name,Request Count,Failure Count,Median Response Time,Average Response Time,Min Response Time,Max Response Time,Average Content Size,Requests/s,Failures/s,50%,66%,75%,80%,90%,95%,98%,99%,99.9%,99.99%,100%
GET,/,8726,0,12,46.14391441668565,1.2281999999999016,380.21619999999956,8688.0,457.09582973500716,0.0,12,44,67,78,130,200,270,290,330,380,380
,Aggregated,8726,0,12,46.14391441668565,1.2281999999999016,380.21619999999956,8688.0,457.09582973500716,0.0,12,44,67,78,130,200,270,290,330,380,380
