Type,Name,Request Count,Failure Count,Median Response Time,Average Response Time,Min Response Time,Max Response Time,Average Content Size,Requests/s,Failures/s,50%,66%,75%,80%,90%,95%,98%,99%,99.9%,99.99%,100%
GET,/,8632,0,25,58.708109476366836,1.3144000000018252,381.42560000000003,8688.0,453.83615417760114,0.0,25,72,84,90,150,210,280,300,370,380,380
,Aggregated,8632,0,25,58.708109476366836,1.3144000000018252,381.42560000000003,8688.0,453.83615417760114,0.0,25,72,84,90,150,210,280,300,370,380,380
