Type,Name,Request Count,Failure Count,Median Response Time,Average Response Time,Min Response Time,Max Response Time,Average Content Size,Requests/s,Failures/s,50%,66%,75%,80%,90%,95%,98%,99%,99.9%,99.99%,100%
GET,/,10093,0,27,51.77934323788776,1.3046000000009883,290.7919999999997,8688.0,530.0759602269139,0.0,27,64,80,89,120,170,200,210,250,290,290
,Aggregated,10093,0,27,51.77934323788776,1.3046000000009883,290.7919999999997,8688.0,530.0759602269139,0.0,27,64,80,89,120,170,200,210,250,290,290
