Type,Name,Request Count,Failure Count,Median Response Time,Average Response Time,Min Response Time,Max Response Time,Average Content Size,Requests/s,Failures/s,50%,66%,75%,80%,90%,95%,98%,99%,99.9%,99.99%,100%
GET,/,9298,0,32,60.04268471714379,1.3974000000001041,429.5150000000003,8688.0,488.25288396007244,0.0,32,72,82,88,130,250,290,320,390,430,430
,Aggregated,9298,0,32,60.04268471714379,1.3974000000001041,429.5150000000003,8688.0,488.25288396007244,0.0,32,72,82,88,130,250,290,320,390,430,430
