Type,Name,Request Count,Failure Count,Median Response Time,Average Response Time,Min Response Time,Max Response Time,Average Content Size,Requests/s,Failures/s,50%,66%,75%,80%,90%,95%,98%,99%,99.9%,99.99%,100%
GET,/,9378,0,95,109.67416846875622,2.1175000000006605,395.7287000000003,8688.0,491.57467633099935,0.0,95,120,170,180,200,230,280,290,370,400,400
,Aggregated,9378,0,95,109.67416846875622,2.1175000000006605,395.7287000000003,8688.0,491.57467633099935,0.0,95,120,170,180,200,230,280,290,370,400,400
