Type,Name,Request Count,Failure Count,Median Response Time,Average Response Time,Min Response Time,Max Response Time,Average Content Size,Requests/s,Failures/s,50%,66%,75%,80%,90%,95%,98%,99%,99.9%,99.99%,100%
GET,/,7345,0,11,34.963320735194046,1.2526000000008253,429.82180000000005,8688.0,385.21505832675575,0.0,11,17,38,55,92,160,240,320,400,430,430
,Aggregated,7345,0,11,34.963320735194046,1.2526000000008253,429.82180000000005,8688.0,385.21505832675575,0.0,11,17,38,55,92,160,240,320,400,430,430
