Type,Name,Request Count,Failure Count,Median Response Time,Average Response Time,Min Response Time,Max Response Time,Average Content Size,Requests/s,Failures/s,50%,66%,75%,80%,90%,95%,98%,99%,99.9%,99.99%,100%
GET,/,7820,0,11,49.26094644501284,1.2705000000003963,388.47530000000006,8688.0,410.796060415624,0.0,11,44,70,85,170,210,280,300,360,390,390
,Aggregated,7820,0,11,49.26094644501284,1.2705000000003963,388.47530000000006,8688.0,410.796060415624,0.0,11,44,70,85,170,210,280,300,360,390,390
