Type,Name,Request Count,Failure Count,Median Response Time,Average Response Time,Min Response Time,Max Response Time,Average Content Size,Requests/s,Failures/s,50%,66%,75%,80%,90%,95%,98%,99%,99.9%,99.99%,100%
GET,/,9376,0,14,40.97318656143346,1.335799999999665,397.9311999999995,8688.0,492.3038076442315,0.0,14,29,57,70,110,190,220,260,320,400,400
,Aggregated,9376,0,14,40.97318656143346,1.335799999999665,397.9311999999995,8688.0,492.3038076442315,0.0,14,29,57,70,110,190,220,260,320,400,400
