Type,Name,Request Count,Failure Count,Median Response Time,Average Response Time,Min Response Time,Max Response Time,Average Content Size,Requests/s,Failures/s,50%,66%,75%,80%,90%,95%,98%,99%,99.9%,99.99%,100%
GET,/,9644,0,22,50.958187639983386,1.2909999999983768,274.94119999999975,8688.0,504.913243525721,0.0,22,65,81,91,120,170,200,230,270,270,270
,Aggregated,9644,0,22,50.958187639983386,1.2909999999983768,274.94119999999975,8688.0,504.913243525721,0.0,22,65,81,91,120,170,200,230,270,270,270
