Type,Name,Request Count,Failure Count,Median Response Time,Average Response Time,Min Response Time,Max Response Time,Average Content Size,Requests/s,Failures/s,50%,66%,75%,80%,90%,95%,98%,99%,99.9%,99.99%,100%
GET,/,9402,0,23,59.265350850882726,1.2711999999979184,452.8603000000002,8688.0,492.43700974947916,0.0,23,70,85,93,170,210,280,300,390,450,450
,Aggregated,9402,0,23,59.265350850882726,1.2711999999979184,452.8603000000002,8688.0,492.43700974947916,0.0,23,70,85,93,170,210,280,300,390,450,450
