Type,Name,Request Count,Failure Count,Median Response Time,Average Response Time,Min Response Time,Max Response Time,Average Content Size,Requests/s,Failures/s,50%,66%,75%,80%,90%,95%,98%,99%,99.9%,99.99%,100%
GET,/,10204,0,23,48.538419364954976,1.416500000001264,281.70049999999947,8688.0,534.4771516323299,0.0,23,61,75,83,100,170,210,250,280,280,280
,Aggregated,10204,0,23,48.538419364954976,1.416500000001264,281.70049999999947,8688.0,534.4771516323299,0.0,23,61,75,83,100,170,210,250,280,280,280
