Type,Name,Request Count,Failure Count,Median Response Time,Average Response Time,Min Response Time,Max Response Time,Average Content Size,Requests/s,Failures/s,50%,66%,75%,80%,90%,95%,98%,99%,99.9%,99.99%,100%
GET,/,9209,0,75,78.69734694320807,1.298100000001412,414.10199999999975,8688.0,483.4313389894482,0.0,75,89,97,110,190,200,290,320,380,410,410
,Aggregated,9209,0,75,78.69734694320807,1.298100000001412,414.10199999999975,8688.0,483.4313389894482,0.0,75,89,97,110,190,200,290,320,380,410,410
