Type,Name,Request Count,Failure Count,Median Response Time,Average Response Time,Min Response Time,Max Response Time,Average Content Size,Requests/s,Failures/s,50%,66%,75%,80%,90%,95%,98%,99%,99.9%,99.99%,100%
GET,/,8253,0,12,41.209488064946086,1.2249000000004173,342.3193000000002,8688.0,433.84115982041953,0.0,12,19,57,71,130,190,230,250,300,340,340
,Aggregated,8253,0,12,41.209488064946086,1.2249000000004173,342.3193000000002,8688.0,433.84115982041953,0.0,12,19,57,71,130,190,230,250,300,340,340
