Type,Name,Request Count,Failure Count,Median Response Time,Average Response Time,Min Response Time,Max Response Time,Average Content Size,Requests/s,Failures/s,50%,66%,75%,80%,90%,95%,98%,99%,99.9%,99.99%,100%
GET,/,7406,0,68,79.50726328652455,1.210499999999115,502.62519999999887,8688.0,388.2331120773558,0.0,68,91,99,110,200,290,330,390,490,500,500
,Aggregated,7406,0,68,79.50726328652455,1.210499999999115,502.62519999999887,8688.0,388.2331120773558,0.0,68,91,99,110,200,290,330,390,490,500,500
