Type,Name,Request Count,Failure Count,Median Response Time,Average Response Time,Min Response Time,Max Response Time,Average Content Size,Requests/s,Failures/s,50%,66%,75%,80%,90%,95%,98%,99%,99.9%,99.99%,100%
GET,/,9399,0,63,64.53953043940828,1.3452000000011566,318.4724000000001,8688.0,492.35620038386344,0.0,63,85,94,99,150,180,210,250,280,320,320
,Aggregated,9399,0,63,64.53953043940828,1.3452000000011566,318.4724000000001,8688.0,492.35620038386344,0.0,63,85,94,99,150,180,210,250,280,320,320
