Type,Name,Request Count,Failure Count,Median Response Time,Average Response Time,Min Response Time,Max Response Time,Average Content Size,Requests/s,Failures/s,50%,66%,75%,80%,90%,95%,98%,99%,99.9%,99.99%,100%
GET,/,8917,0,33,59.72603283615571,1.208300000000051,389.84000000000043,8688.0,467.1966960387449,0.0,33,73,85,93,170,200,260,300,340,390,390
,Aggregated,8917,0,33,59.72603283615571,1.208300000000051,389.84000000000043,8688.0,467.1966960387449,0.0,33,73,85,93,170,200,260,300,340,390,390
