Type,Name,Request Count,Failure Count,Median Response Time,Average Response Time,Min Response Time,Max Response Time,Average Content Size,Requests/s,Failures/s,50%,66%,75%,80%,90%,95%,98%,99%,99.9%,99.99%,100%
GET,/,9319,0,63,69.4427595772076,1.3895999999995468,390.9089000000012,8688.0,489.59912815230007,0.0,63,82,91,97,170,260,290,300,370,390,390
,Aggregated,9319,0,63,69.4427595772076,1.3895999999995468,390.9089000000012,8688.0,489.59912815230007,0.0,63,82,91,97,170,260,290,300,370,390,390
