Type,Name,Request Count,Failure Count,Median Response Time,Average Response Time,Min Response Time,Max Response Time,Average Content Size,Requests/s,Failures/s,50%,66%,75%,80%,90%,95%,98%,99%,99.9%,99.99%,100%
GET,/,10398,0,53,56.77926839776896,1.3291000000013042,427.8849999999999,8688.0,544.9428975899965,0.0,53,76,86,91,110,150,200,230,340,340,430
,Aggregated,10398,0,53,56.77926839776896,1.3291000000013042,427.8849999999999,8688.0,544.9428975899965,0.0,53,76,86,91,110,150,200,230,340,340,430
