Type,Name,Request Count,Failure Count,Median Response Time,Average Response Time,Min Response Time,Max Response Time,Average Content Size,Requests/s,Failures/s,50%,66%,75%,80%,90%,95%,98%,99%,99.9%,99.99%,100%
GET,/,9686,0,92,110.03307315713433,1.3208999999996252,472.3240000000004,8688.0,508.7527749522799,0.0,92,120,180,190,210,280,300,310,380,470,470
,Aggregated,9686,0,92,110.03307315713433,1.3208999999996252,472.3240000000004,8688.0,508.7527749522799,0.0,92,120,180,190,210,280,300,310,380,470,470
