Type,Name,Request Count,Failure Count,Median Response Time,Average Response Time,Min Response Time,Max Response Time,Average Content Size,Requests/s,Failures/s,50%,66%,75%,80%,90%,95%,98%,99%,99.9%,99.99%,100%
GET,/,10360,0,60,65.23624964285717,1.3035999999999603,407.0649999999994,8688.0,542.1796741179072,0.0,60,82,93,100,150,180,210,240,300,400,410
,Aggregated,10360,0,60,65.23624964285717,1.3035999999999603,407.0649999999994,8688.0,542.1796741179072,0.0,60,82,93,100,150,180,210,240,300,400,410
