Type,Name,Request Count,Failure Count,Median Response Time,Average Response Time,Min Response Time,Max Response Time,Average Content Size,Requests/s,Failures/s,50%,66%,75%,80%,90%,95%,98%,99%,99.9%,99.99%,100%
GET,/,8464,0,14,43.45225001181485,1.2045000000000528,352.1293999999999,8688.0,443.50510304120394,0.0,14,23,58,75,150,200,250,260,320,350,350
,Aggregated,8464,0,14,43.45225001181485,1.2045000000000528,352.1293999999999,8688.0,443.50510304120394,0.0,14,23,58,75,150,200,250,260,320,350,350
