Type,Name,Request Count,Failure Count,Median Response Time,Average Response Time,Min Response Time,Max Response Time,Average Content Size,Requests/s,Failures/s,50%,66%,75%,80%,90%,95%,98%,99%,99.9%,99.99%,100%
GET,/,8805,0,13,40.76914735945493,1.259499999999747,366.4363000000002,8688.0,461.3749705806804,0.0,13,22,47,66,120,180,270,280,350,370,370
,Aggregated,8805,0,13,40.76914735945493,1.259499999999747,366.4363000000002,8688.0,461.3749705806804,0.0,13,22,47,66,120,180,270,280,350,370,370
