Type,Name,Request Count,Failure Count,Median Response Time,Average Response Time,Min Response Time,Max Response Time,Average Content Size,Requests/s,Failures/s,50%,66%,75%,80%,90%,95%,98%,99%,99.9%,99.99%,100%
GET,/,7734,0,13,55.32683537626087,1.2132000000004695,389.31590000000017,8688.0,405.96885795736137,0.0,13,68,81,91,190,210,280,290,360,390,390
,Aggregated,7734,0,13,55.32683537626087,1.2132000000004695,389.31590000000017,8688.0,405.96885795736137,0.0,13,68,81,91,190,210,280,290,360,390,390
