Type,Name,Request Count,Failure Count,Median Response Time,Average Response Time,Min Response Time,Max Response Time,Average Content Size,Requests/s,Failures/s,50%,66%,75%,80%,90%,95%,98%,99%,99.9%,99.99%,100%
GET,/,7759,0,11,38.834768694419516,1.2391000000011587,322.7295000000003,8688.0,407.0756106223958,0.0,11,27,63,75,100,160,220,250,290,320,320
,Aggregated,7759,0,11,38.834768694419516,1.2391000000011587,322.7295000000003,8688.0,407.0756106223958,0.0,11,27,63,75,100,160,220,250,290,320,320
