Type,Name,Request Count,Failure Count,Median Response Time,Average Response Time,Min Response Time,Max Response Time,Average Content Size,Requests/s,Failures/s,50%,66%,75%,80%,90%,95%,98%,99%,99.9%,99.99%,100%
GET,/,9931,0,84,89.48508087805914,1.2120000000024334,478.6077999999998,8688.0,522.5150280090669,0.0,84,96,100,110,180,230,290,310,420,480,480
,Aggregated,9931,0,84,89.48508087805914,1.2120000000024334,478.6077999999998,8688.0,522.5150280090669,0.0,84,96,100,110,180,230,290,310,420,480,480
