Type,Name,Request Count,Failure Count,Median Response Time,Average Response Time,Min Response Time,Max Response Time,Average Content Size,Requests/s,Failures/s,50%,66%,75%,80%,90%,95%,98%,99%,99.9%,99.99%,100%
GET,/,8650,0,15,47.709889236994094,1.311799999999863,332.894,8688.0,453.29548750293344,0.0,15,51,71,86,150,190,220,230,290,330,330
,Aggregated,8650,0,15,47.709889236994094,1.311799999999863,332.894,8688.0,453.29548750293344,0.0,15,51,71,86,150,190,220,230,290,330,330
