Type,Name,Request Count,Failure Count,Median Response Time,Average Response Time,Min Response Time,Max Response Time,Average Content Size,Requests/s,Failures/s,50%,66%,75%,80%,90%,95%,98%,99%,99.9%,99.99%,100%
GET,/,9078,0,44,60.948253525005505,1.2784999999997382,402.69399999999945,8688.0,477.2323716527226,0.0,44,77,85,91,140,200,290,300,380,400,400
,Aggregated,9078,0,44,60.948253525005505,1.2784999999997382,402.69399999999945,8688.0,477.2323716527226,0.0,44,77,85,91,140,200,290,300,380,400,400
