Type,Name,Request Count,Failure Count,Median Response Time,Average Response Time,Min Response Time,Max Response Time,Average Content Size,Requests/s,Failures/s,50%,66%,75%,80%,90%,95%,98%,99%,99.9%,99.99%,100%
GET,/,7433,0,8,39.81775098883345,1.2685000000018931,327.7242,8688.0,389.76548184297064,0.0,8,16,56,75,120,190,220,240,310,330,330
,Aggregated,7433,0,8,39.81775098883345,1.2685000000018931,327.7242,8688.0,389.76548184297064,0.0,8,16,56,75,120,190,220,240,310,330,330
