Type,Name,Request Count,Failure Count,Median Response Time,Average Response Time,Min Response Time,Max Response Time,Average Content Size,Requests/s,Failures/s,50%,66%,75%,80%,90%,95%,98%,99%,99.9%,99.99%,100%
GET,/,9851,0,73,80.63227598213425,1.3110000000011723,334.8944999999999,8688.0,515.9745815067754,0.0,73,92,110,120,190,200,250,280,310,330,330
,Aggregated,9851,0,73,80.63227598213425,1.3110000000011723,334.8944999999999,8688.0,515.9745815067754,0.0,73,92,110,120,190,200,250,280,310,330,330
