Type,Name,Request Count,Failure Count,Median Response Time,Average Response Time,Min Response Time,Max Response Time,Average Content Size,Requests/s,Failures/s,50%,66%,75%,80%,90%,95%,98%,99%,99.9%,99.99%,100%
GET,/,8826,0,90,93.47046674597766,1.3946999999987497,316.1086000000002,8688.0,462.9090108338103,0.0,90,100,110,130,190,200,250,280,310,320,320
,Aggregated,8826,0,90,93.47046674597766,1.3946999999987497,316.1086000000002,8688.0,462.9090108338103,0.0,90,100,110,130,190,200,250,280,310,320,320
