Type,Name,Request Count,Failure Count,Median Response Time,Average Response Time,Min Response Time,Max Response Time,Average Content Size,Requests/s,Failures/s,50%,66%,75%,80%,90%,95%,98%,99%,99.9%,99.99%,100%
GET,/,8697,0,22,54.086567425549056,1.4641999999991384,354.8613999999999,8688.0,456.97069783001984,0.0,22,69,84,92,130,190,210,280,300,350,350
,Aggregated,8697,0,22,54.086567425549056,1.4641999999991384,354.8613999999999,8688.0,456.97069783001984,0.0,22,69,84,92,130,190,210,280,300,350,350
