Type,Name,Request Count,Failure Count,Median Response Time,Average Response Time,Min Response Time,Max Response Time,Average Content Size,Requests/s,Failures/s,50%,66%,75%,80%,90%,95%,98%,99%,99.9%,99.99%,100%
GET,/,9007,0,12,39.75503985788864,1.3042999999992588,319.9929999999993,8688.0,472.42548247914675,0.0,12,31,61,75,100,180,210,250,290,320,320
,Aggregated,9007,0,12,39.75503985788864,1.3042999999992588,319.9929999999993,8688.0,472.42548247914675,0.0,12,31,61,75,100,180,210,250,290,320,320
