Type,Name,Request Count,Failure Count,Median Response Time,Average Response Time,Min Response Time,Max Response Time,Average Content Size,Requests/s,Failures/s,50%,66%,75%,80%,90%,95%,98%,99%,99.9%,99.99%,100%
GET,/,7107,0,10,36.95606500633188,1.3001999999993075,463.0299,8688.0,372.5197393012036,0.0,10,17,42,64,98,170,260,330,440,460,460
,Aggregated,7107,0,10,36.95606500633188,1.3001999999993075,463.0299,8688.0,372.5197393012036,0.0,10,17,42,64,98,170,260,330,440,460,460
