Type,Name,Request Count,Failure Count,Median Response Time,Average Response Time,Min Response Time,Max Response Time,Average Content Size,Requests/s,Failures/s,50%,66%,75%,80%,90%,95%,98%,99%,99.9%,99.99%,100%
GET,/,9105,0,120.0,146.43284298736907,1.389600000001323,492.7309000000015,8688.0,478.43070584717157,0.0,120,180,200,210,280,300,350,390,420,490,490
,Aggregated,9105,0,120.0,146.43284298736907,1.389600000001323,492.7309000000015,8688.0,478.43070584717157,0.0,120,180,200,210,280,300,350,390,420,490,490
