Type,Name,Request Count,Failure Count,Median Response Time,Average Response Time,Min Response Time,Max Response Time,Average Content Size,Requests/s,Failures/s,50%,66%,75%,80%,90%,95%,98%,99%,99.9%,99.99%,100%
GET,/,10240,0,51,59.8121304687502,1.8132000000008475,317.0701999999999,8688.0,537.0455457853508,0.0,51,74,86,93,130,180,200,210,320,320,320
,Aggregated,10240,0,51,59.8121304687502,1.8132000000008475,317.0701999999999,8688.0,537.0455457853508,0.0,51,74,86,93,130,180,200,210,320,320,320
