Type,Name,Request Count,Failure Count,Median Response Time,Average Response Time,Min Response Time,Max Response Time,Average Content Size,Requests/s,Failures/s,50%,66%,75%,80%,90%,95%,98%,99%,99.9%,99.99%,100%
GET,/,9191,0,180.0,187.71526296376877,3.6687000000021897,597.7786999999992,8688.0,481.16564295516304,0.0,180,210,270,280,310,390,460,490,510,600,600
,Aggregated,9191,0,180.0,187.71526296376877,3.6687000000021897,597.7786999999992,8688.0,481.16564295516304,0.0,180,210,270,280,310,390,460,490,510,600,600
