Type,Name,Request Count,Failure Count,Median Response Time,Average Response Time,Min Response Time,Max Response Time,Average Content Size,Requests/s,Failures/s,50%,66%,75%,80%,90%,95%,98%,99%,99.9%,99.99%,100%
GET,/,8796,0,13,38.63418962028188,1.2141000000021052,488.22790000000003,8688.0,461.11669089752843,0.0,13,20,44,61,100,170,270,280,360,490,490
,Aggregated,8796,0,13,38.63418962028188,1.2141000000021052,488.22790000000003,8688.0,461.11669089752843,0.0,13,20,44,61,100,170,270,280,360,490,490
