Type,Name,Request Count,Failure Count,Median Response Time,Average Response Time,Min Response Time,Max Response Time,Average Content Size,Requests/s,Failures/s,50%,66%,75%,80%,90%,95%,98%,99%,99.9%,99.99%,100%
GET,/,8267,0,62,65.2649376436438,1.513100000000378,505.48669999999964,8688.0,435.3415408928356,0.0,62,81,89,95,150,210,300,340,390,510,510
,Aggregated,8267,0,62,65.2649376436438,1.513100000000378,505.48669999999964,8688.0,435.3415408928356,0.0,62,81,89,95,150,210,300,340,390,510,510
