Type,Name,Request Count,Failure Count,Median Response Time,Average Response Time,Min Response Time,Max Response Time,Average Content Size,Requests/s,Failures/s,50%,66%,75%,80%,90%,95%,98%,99%,99.9%,99.99%,100%
GET,/,7139,0,10,33.656408740719854,1.3029000000006619,381.0944999999997,8688.0,375.33491912649185,0.0,10,14,32,53,88,170,270,280,380,380,380
,Aggregated,7139,0,10,33.656408740719854,1.3029000000006619,381.0944999999997,8688.0,375.33491912649185,0.0,10,14,32,53,88,170,270,280,380,380,380
