Type,Name,Request Count,Failure Count,Median Response Time,Average Response Time,Min Response Time,Max Response Time,Average Content Size,Requests/s,Failures/s,50%,66%,75%,80%,90%,95%,98%,99%,99.9%,99.99%,100%
GET,/,7550,0,9,40.12818263576132,1.220599999999905,397.3439999999995,8688.0,396.9693285707871,0.0,9,14,49,69,120,200,280,300,380,400,400
,Aggregated,7550,0,9,40.12818263576132,1.220599999999905,397.3439999999995,8688.0,396.9693285707871,0.0,9,14,49,69,120,200,280,300,380,400,400
