Type,Name,Request Count,Failure Count,Median Response Time,Average Response Time,Min Response Time,Max Response Time,Average Content Size,Requests/s,Failures/s,50%,66%,75%,80%,90%,95%,98%,99%,99.9%,99.99%,100%
GET,/,9896,0,35,59.285022170573995,1.2739000000010492,465.3837000000003,8688.0,518.86641355404,0.0,35,71,82,89,130,200,280,290,390,470,470
,Aggregated,9896,0,35,59.285022170573995,1.2739000000010492,465.3837000000003,8688.0,518.86641355404,0.0,35,71,82,89,130,200,280,290,390,470,470
