Type,Name,Request Count,Failure Count,Median Response Time,Average Response Time,Min Response Time,Max Response Time,Average Content Size,Requests/s,Failures/s,50%,66%,75%,80%,90%,95%,98%,99%,99.9%,99.99%,100%
GET,/,9155,0,15,45.42864926269803,1.1843999999996413,376.0398,8688.0,479.42868173613454,0.0,15,40,65,74,110,190,270,290,350,380,380
,Aggregated,9155,0,15,45.42864926269803,1.1843999999996413,376.0398,8688.0,479.42868173613454,0.0,15,40,65,74,110,190,270,290,350,380,380
