Type,Name,Request Count,Failure Count,Median Response Time,Average Response Time,Min Response Time,Max Response Time,Average Content Size,Requests/s,Failures/s,50%,66%,75%,80%,90%,95%,98%,99%,99.9%,99.99%,100%
GET,/,8657,0,17,47.97135916599277,1.2154000000013099,365.5046999999998,8688.0,453.8805299146468,0.0,17,57,75,82,120,190,230,270,300,370,370
,Aggregated,8657,0,17,47.97135916599277,1.2154000000013099,365.5046999999998,8688.0,453.8805299146468,0.0,17,57,75,82,120,190,230,270,300,370,370
