Type,Name,Request Count,Failure Count,Median Response Time,Average Response Time,Min Response Time,Max Response Time,Average Content Size,Requests/s,Failures/s,50%,66%,75%,80%,90%,95%,98%,99%,99.9%,99.99%,100%
GET,/,7985,0,12,48.758390695053095,1.2404999999997557,358.54830000000027,8688.0,418.61110179587024,0.0,12,54,74,84,160,200,230,260,320,360,360
,Aggregated,7985,0,12,48.758390695053095,1.2404999999997557,358.54830000000027,8688.0,418.61110179587024,0.0,12,54,74,84,160,200,230,260,320,360,360
