Type,Name,Request Count,Failure Count,Median Response Time,Average Response Time,Min Response Time,Max Response Time,Average Content Size,Requests/s,Failures/s,50%,66%,75%,80%,90%,95%,98%,99%,99.9%,99.99%,100%
GET,/,9737,0,47,62.6686855705046,1.303700000001129,338.59119999999973,8688.0,509.71819078773336,0.0,47,78,93,100,170,190,240,260,320,340,340
,Aggregated,9737,0,47,62.6686855705046,1.303700000001129,338.59119999999973,8688.0,509.71819078773336,0.0,47,78,93,100,170,190,240,260,320,340,340
