Type,Name,Request Count,Failure Count,Median Response Time,Average Response Time,Min Response Time,Max Response Time,Average Content Size,Requests/s,Failures/s,50%,66%,75%,80%,90%,95%,98%,99%,99.9%,99.99%,100%
GET,/,9084,0,92,111.17436998018538,1.591499999999968,485.6429000000002,8688.0,476.3869309311262,0.0,92,120,180,190,220,290,310,390,420,490,490
,Aggregated,9084,0,92,111.17436998018538,1.591499999999968,485.6429000000002,8688.0,476.3869309311262,0.0,92,120,180,190,220,290,310,390,420,490,490
