Type,Name,Request Count,Failure Count,Median Response Time,Average Response Time,Min Response Time,Max Response Time,Average Content Size,Requests/s,Failures/s,50%,66%,75%,80%,90%,95%,98%,99%,99.9%,99.99%,100%
GET,/,8781,0,12,46.86227347682503,1.306799999998276,548.7139000000001,8688.0,459.6496960592442,0.0,12,26,60,74,140,200,300,380,460,550,550
,Aggregated,8781,0,12,46.86227347682503,1.306799999998276,548.7139000000001,8688.0,459.6496960592442,0.0,12,26,60,74,140,200,300,380,460,550,550
