Type,Name,Request Count,Failure Count,Median Response Time,Average Response Time,Min Response Time,Max Response Time,Average Content Size,Requests/s,Failures/s,50%,66%,75%,80%,90%,95%,98%,99%,99.9%,99.99%,100%
GET,/,8850,0,92,107.16795370621494,1.7155999999971527,485.3272000000004,8688.0,464.2732988939305,0.0,92,110,150,180,200,260,300,370,410,490,490
,Aggregated,8850,0,92,107.16795370621494,1.7155999999971527,485.3272000000004,8688.0,464.2732988939305,0.0,92,110,150,180,200,260,300,370,410,490,490
