Type,Name,Request Count,Failure Count,Median Response Time,Average Response Time,Min Response Time,Max Response Time,Average Content Size,Requests/s,Failures/s,50%,66%,75%,80%,90%,95%,98%,99%,99.9%,99.99%,100%
GET,/,7830,0,67,77.52742888888869,1.464000000000354,531.2275999999994,8688.0,411.6372550977139,0.0,67,85,96,100,190,280,310,360,450,530,530
,Aggregated,7830,0,67,77.52742888888869,1.464000000000354,531.2275999999994,8688.0,411.6372550977139,0.0,67,85,96,100,190,280,310,360,450,530,530
