Type,Name,Request Count,Failure Count,Median Response Time,Average Response Time,Min Response Time,Max Response Time,Average Content Size,Requests/s,Failures/s,50%,66%,75%,80%,90%,95%,98%,99%,99.9%,99.99%,100%
GET,/,7734,0,60,65.35139471166258,1.2609999999995125,389.63639999999964,8688.0,406.61224599180974,0.0,60,84,93,98,180,190,260,280,370,390,390
,Aggregated,7734,0,60,65.35139471166258,1.2609999999995125,389.63639999999964,8688.0,406.61224599180974,0.0,60,84,93,98,180,190,260,280,370,390,390
