Type,Name,Request Count,Failure Count,Median Response Time,Average Response Time,Min Response Time,Max Response Time,Average Content Size,Requests/s,Failures/s,50%,66%,75%,80%,90%,95%,98%,99%,99.9%,99.99%,100%
GET,/,7892,0,12,47.20940440952844,1.243599999998679,351.2010000000001,8688.0,414.89481946121083,0.0,12,47,71,83,160,200,260,270,290,350,350
,Aggregated,7892,0,12,47.20940440952844,1.243599999998679,351.2010000000001,8688.0,414.89481946121083,0.0,12,47,71,83,160,200,260,270,290,350,350
