Type,Name,Request Count,Failure Count,Median Response Time,Average Response Time,Min Response Time,Max Response Time,Average Content Size,Requests/s,Failures/s,50%,66%,75%,80%,90%,95%,98%,99%,99.9%,99.99%,100%
GET,/,9062,0,65,75.71308119620423,1.3299999999993872,386.0717999999998,8688.0,474.9579890267071,0.0,65,93,110,130,190,210,240,280,310,390,390
,Aggregated,9062,0,65,75.71308119620423,1.3299999999993872,386.0717999999998,8688.0,474.9579890267071,0.0,65,93,110,130,190,210,240,280,310,390,390
