Type,Name,Request Count,Failure Count,Median Response Time,Average Response Time,Min Response Time,Max Response Time,Average Content Size,Requests/s,Failures/s,50%,66%,75%,80%,90%,95%,98%,99%,99.9%,99.99%,100%
GET,/,9174,0,77,79.78970367342508,1.5623000000006826,378.4931,8688.0,480.81008386842035,0.0,77,92,100,110,180,210,250,270,340,380,380
,Aggregated,9174,0,77,79.78970367342508,1.5623000000006826,378.4931,8688.0,480.81008386842035,0.0,77,92,100,110,180,210,250,270,340,380,380
