Type,Name,Request Count,Failure Count,Median Response Time,Average Response Time,Min Response Time,Max Response Time,Average Content Size,Requests/s,Failures/s,50%,66%,75%,80%,90%,95%,98%,99%,99.9%,99.99%,100%
GET,/,8213,0,12,41.54798895653222,1.2892999999998267,377.2093999999999,8688.0,430.6170475745837,0.0,12,21,56,75,120,190,210,270,300,380,380
,Aggregated,8213,0,12,41.54798895653222,1.2892999999998267,377.2093999999999,8688.0,430.6170475745837,0.0,12,21,56,75,120,190,210,270,300,380,380
