Type,Name,Request Count,Failure Count,Median Response Time,Average Response Time,Min Response Time,Max Response Time,Average Content Size,Requests/s,Failures/s,50%,66%,75%,80%,90%,95%,98%,99%,99.9%,99.99%,100%
GET,/,9237,0,17,50.09422832088332,1.3617999999997465,395.49650000000014,8688.0,482.9866239654417,0.0,17,56,74,82,110,190,280,300,380,400,400
,Aggregated,9237,0,17,50.09422832088332,1.3617999999997465,395.49650000000014,8688.0,482.9866239654417,0.0,17,56,74,82,110,190,280,300,380,400,400
