Type,Name,Request Count,Failure Count,Median Response Time,Average Response Time,Min Response Time,Max Response Time,Average Content Size,Requests/s,Failures/s,50%,66%,75%,80%,90%,95%,98%,99%,99.9%,99.99%,100%
GET,/,8862,0,93,105.95960005642046,1.3157999999986458,432.68530000000015,8688.0,465.7300646440199,0.0,93,100,130,180,200,270,290,300,400,430,430
,Aggregated,8862,0,93,105.95960005642046,1.3157999999986458,432.68530000000015,8688.0,465.7300646440199,0.0,93,100,130,180,200,270,290,300,400,430,430
