Type,Name,Request Count,Failure Count,Median Response Time,Average Response Time,Min Response Time,Max Response Time,Average Content Size,Requests/s,Failures/s,50%,66%,75%,80%,90%,95%,98%,99%,99.9%,99.99%,100%
GET,/,8559,0,12,41.651547552284235,1.2246999999998565,354.06479999999976,8688.0,448.659000618191,0.0,12,20,51,66,150,190,250,270,340,350,350
,Aggregated,8559,0,12,41.651547552284235,1.2246999999998565,354.06479999999976,8688.0,448.659000618191,0.0,12,20,51,66,150,190,250,270,340,350,350
