Type,Name,Request Count,Failure Count,Median Response Time,Average Response Time,Min Response Time,Max Response Time,Average Content Size,Requests/s,Failures/s,50%,66%,75%,80%,90%,95%,98%,99%,99.9%,99.99%,100%
GET,/,7778,0,11,46.26841667523771,1.2259999999990612,374.7188000000001,8688.0,408.6919890871975,0.0,11,45,72,85,140,200,230,280,370,370,370
,Aggregated,7778,0,11,46.26841667523771,1.2259999999990612,374.7188000000001,8688.0,408.6919890871975,0.0,11,45,72,85,140,200,230,280,370,370,370
