Type,Name,Request Count,Failure Count,Median Response Time,Average Response Time,Min Response Time,Max Response Time,Average Content Size,Requests/s,Failures/s,50%,66%,75%,80%,90%,95%,98%,99%,99.9%,99.99%,100%
GET,/,9165,0,36,56.57137129296244,0.7704999999997852,314.9387999999984,1507.0,480.60535216240424,0.0,36,63,80,91,120,180,220,260,310,310,310
,Aggregated,9165,0,36,56.57137129296244,0.7704999999997852,314.9387999999984,1507.0,480.60535216240424,0.0,36,63,80,91,120,180,220,260,310,310,310
