Type,Name,Request Count,Failure Count,Median Response Time,Average Response Time,Min Response Time,Max Response Time,Average Content Size,Requests/s,Failures/s,50%,66%,75%,80%,90%,95%,98%,99%,99.9%,99.99%,100%
GET,/,8551,0,51,64.15084376096368,0.8335000000005977,483.2521000000005,1507.0,447.45259633400826,0.0,51,78,90,98,140,180,260,280,440,480,480
,Aggregated,8551,0,51,64.15084376096368,0.8335000000005977,483.2521000000005,1507.0,447.45259633400826,0.0,51,78,90,98,140,180,260,280,440,480,480
