Type,Name,Request Count,Failure Count,Median Response Time,Average Response Time,Min Response Time,Max Response Time,Average Content Size,Requests/s,Failures/s,50%,66%,75%,80%,90%,95%,98%,99%,99.9%,99.99%,100%
GET,/,9503,0,40,57.60780032621294,0.8762000000004377,441.4946000000004,1507.0,498.05207325439983,0.0,40,68,83,92,120,170,210,250,360,440,440
,Aggregated,9503,0,40,57.60780032621294,0.8762000000004377,441.4946000000004,1507.0,498.05207325439983,0.0,40,68,83,92,120,170,210,250,360,440,440
