Type,Name,Request Count,Failure Count,Median Response Time,Average Response Time,Min Response Time,Max Response Time,Average Content Size,Requests/s,Failures/s,50%,66%,75%,80%,90%,95%,98%,99%,99.9%,99.99%,100%
GET,/,9452,0,94,125.56394185357557,0.9201000000000903,838.1575999999998,1507.0,493.0011455983601,0.0,94,130,180,190,270,310,400,480,700,840,840
,Aggregated,9452,0,94,125.56394185357557,0.9201000000000903,838.1575999999998,1507.0,493.0011455983601,0.0,94,130,180,190,270,310,400,480,700,840,840
