Type,Name,Request Count,Failure Count,Median Response Time,Average Response Time,Min Response Time,Max Response Time,Average Content Size,Requests/s,Failures/s,50%,66%,75%,80%,90%,95%,98%,99%,99.9%,99.99%,100%
GET,/,7737,0,28,49.78507267674849,0.8673000000012365,569.9803999999995,1507.0,406.9007290434338,0.0,28,50,68,78,100,170,280,310,400,570,570
,Aggregated,7737,0,28,49.78507267674849,0.8673000000012365,569.9803999999995,1507.0,406.9007290434338,0.0,28,50,68,78,100,170,280,310,400,570,570
