Type,Name,Request Count,Failure Count,Median Response Time,Average Response Time,Min Response Time,Max Response Time,Average Content Size,Requests/s,Failures/s,50%,66%,75%,80%,90%,95%,98%,99%,99.9%,99.99%,100%
GET,/,8219,0,56,62.89947834286433,0.7891999999998234,659.9494999999997,1507.0,430.8677716299549,0.0,56,79,87,94,130,180,200,220,650,660,660
,Aggregated,8219,0,56,62.89947834286433,0.7891999999998234,659.9494999999997,1507.0,430.8677716299549,0.0,56,79,87,94,130,180,200,220,650,660,660
