Type,Name,Request Count,Failure Count,Median Response Time,Average Response Time,Min Response Time,Max Response Time,Average Content Size,Requests/s,Failures/s,50%,66%,75%,80%,90%,95%,98%,99%,99.9%,99.99%,100%
GET,/,9231,0,44,59.53980788646922,0.9326000000005052,470.32260000000025,1507.0,486.06652404993326,0.0,44,73,85,92,110,180,210,270,380,470,470
,Aggregated,9231,0,44,59.53980788646922,0.9326000000005052,470.32260000000025,1507.0,486.06652404993326,0.0,44,73,85,92,110,180,210,270,380,470,470
