Type,Name,Request Count,Failure Count,Median Response Time,Average Response Time,Min Response Time,Max Response Time,Average Content Size,Requests/s,Failures/s,50%,66%,75%,80%,90%,95%,98%,99%,99.9%,99.99%,100%
GET,/,9775,0,46,57.68583912020461,0.9206999999999965,365.1176999999999,1507.0,513.6572394220062,0.0,46,72,84,91,110,170,200,220,300,370,370
,Aggregated,9775,0,46,57.68583912020461,0.9206999999999965,365.1176999999999,1507.0,513.6572394220062,0.0,46,72,84,91,110,170,200,220,300,370,370
