Type,Name,Request Count,Failure Count,Median Response Time,Average Response Time,Min Response Time,Max Response Time,Average Content Size,Requests/s,Failures/s,50%,66%,75%,80%,90%,95%,98%,99%,99.9%,99.99%,100%
GET,/,9399,0,25,49.18211585275038,0.787900000002395,670.5514,1507.0,492.49416515994216,0.0,25,60,74,82,100,160,190,260,520,670,670
,Aggregated,9399,0,25,49.18211585275038,0.787900000002395,670.5514,1507.0,492.49416515994216,0.0,25,60,74,82,100,160,190,260,520,670,670
