Type,Name,Request Count,Failure Count,Median Response Time,Average Response Time,Min Response Time,Max Response Time,Average Content Size,Requests/s,Failures/s,50%,66%,75%,80%,90%,95%,98%,99%,99.9%,99.99%,100%
GET,/,10340,0,41,55.182658829787336,0.7620999999993217,347.5233999999991,1507.0,541.4795502343162,0.0,41,64,78,85,110,140,210,240,310,350,350
,Aggregated,10340,0,41,55.182658829787336,0.7620999999993217,347.5233999999991,1507.0,541.4795502343162,0.0,41,64,78,85,110,140,210,240,310,350,350
