Type,Name,Request Count,Failure Count,Median Response Time,Average Response Time,Min Response Time,Max Response Time,Average Content Size,Requests/s,Failures/s,50%,66%,75%,80%,90%,95%,98%,99%,99.9%,99.99%,100%
GET,/,8628,0,24,48.48985610802065,0.9242000000000417,490.7364000000003,1507.0,452.2584282250102,0.0,24,54,69,77,110,170,190,260,370,490,490
,Aggregated,8628,0,24,48.48985610802065,0.9242000000000417,490.7364000000003,1507.0,452.2584282250102,0.0,24,54,69,77,110,170,190,260,370,490,490
