Type,Name,Request Count,Failure Count,Median Response Time,Average Response Time,Min Response Time,Max Response Time,Average Content Size,Requests/s,Failures/s,50%,66%,75%,80%,90%,95%,98%,99%,99.9%,99.99%,100%
GET,/,7055,0,22,39.63424542877378,0.9010000000007068,297.11890000000005,1507.0,370.82512371170014,0.0,22,35,56,65,93,120,180,200,290,300,300
,Aggregated,7055,0,22,39.63424542877378,0.9010000000007068,297.11890000000005,1507.0,370.82512371170014,0.0,22,35,56,65,93,120,180,200,290,300,300
