Type,Name,Request Count,Failure Count,Median Response Time,Average Response Time,Min Response Time,Max Response Time,Average Content Size,Requests/s,Failures/s,50%,66%,75%,80%,90%,95%,98%,99%,99.9%,99.99%,100%
GET,/,7511,0,30,58.96600170416723,0.9540999999995137,559.5845000000006,1507.0,394.67260978306564,0.0,30,63,82,97,130,190,280,340,520,560,560
,Aggregated,7511,0,30,58.96600170416723,0.9540999999995137,559.5845000000006,1507.0,394.67260978306564,0.0,30,63,82,97,130,190,280,340,520,560,560
