Type,Name,Request Count,Failure Count,Median Response Time,Average Response Time,Min Response Time,Max Response Time,Average Content Size,Requests/s,Failures/s,50%,66%,75%,80%,90%,95%,98%,99%,99.9%,99.99%,100%
GET,/,8877,0,30,50.10790725470318,1.0319000000009737,321.82980000000015,1507.0,464.1559658652074,0.0,30,52,70,80,110,170,210,230,310,320,320
,Aggregated,8877,0,30,50.10790725470318,1.0319000000009737,321.82980000000015,1507.0,464.1559658652074,0.0,30,52,70,80,110,170,210,230,310,320,320
