Type,Name,Request Count,Failure Count,Median Response Time,Average Response Time,Min Response Time,Max Response Time,Average Content Size,Requests/s,Failures/s,50%,66%,75%,80%,90%,95%,98%,99%,99.9%,99.99%,100%
GET,/,10033,0,27,46.95150089703981,0.8838000000004342,461.74820000000017,1507.0,526.6820265108917,0.0,27,52,70,78,95,130,200,270,460,460,460
,Aggregated,10033,0,27,46.95150089703981,0.8838000000004342,461.74820000000017,1507.0,526.6820265108917,0.0,27,52,70,78,95,130,200,270,460,460,460
