Type,Name,Request Count,Failure Count,Median Response Time,Average Response Time,Min Response Time,Max Response Time,Average Content Size,Requests/s,Failures/s,50%,66%,75%,80%,90%,95%,98%,99%,99.9%,99.99%,100%
GET,/,8966,0,36,55.88096279277282,1.0556000000008225,580.4350999999999,1507.0,469.25823443913816,0.0,36,59,75,84,120,170,260,290,390,580,580
,Aggregated,8966,0,36,55.88096279277282,1.0556000000008225,580.4350999999999,1507.0,469.25823443913816,0.0,36,59,75,84,120,170,260,290,390,580,580
