Type,Name,Request Count,Failure Count,Median Response Time,Average Response Time,Min Response Time,Max Response Time,Average Content Size,Requests/s,Failures/s,50%,66%,75%,80%,90%,95%,98%,99%,99.9%,99.99%,100%
GET,/,7851,0,21,41.29387582473571,0.8872000000010871,392.941,1507.0,411.84322590817646,0.0,21,40,57,69,96,130,200,220,390,390,390
,Aggregated,7851,0,21,41.29387582473571,0.8872000000010871,392.941,1507.0,411.84322590817646,0.0,21,40,57,69,96,130,200,220,390,390,390
