Type,Name,Request Count,Failure Count,Median Response Time,Average Response Time,Min Response Time,Max Response Time,Average Content Size,Requests/s,Failures/s,50%,66%,75%,80%,90%,95%,98%,99%,99.9%,99.99%,100%
GET,/,7790,0,20,42.71490535301678,0.8406000000000802,515.6817999999998,1507.0,410.09193285365393,0.0,20,34,56,66,110,150,220,270,360,520,520
,Aggregated,7790,0,20,42.71490535301678,0.8406000000000802,515.6817999999998,1507.0,410.09193285365393,0.0,20,34,56,66,110,150,220,270,360,520,520
