Type,Name,Request Count,Failure Count,Median Response Time,Average Response Time,Min Response Time,Max Response Time,Average Content Size,Requests/s,Failures/s,50%,66%,75%,80%,90%,95%,98%,99%,99.9%,99.99%,100%
GET,/,9485,0,26,43.63176169741698,0.8494999999992814,302.7358999999996,1507.0,497.5021573385169,0.0,26,49,63,72,100,120,190,210,250,300,300
,Aggregated,9485,0,26,43.63176169741698,0.8494999999992814,302.7358999999996,1507.0,497.5021573385169,0.0,26,49,63,72,100,120,190,210,250,300,300
