Type,Name,Request Count,Failure Count,Median Response Time,Average Response Time,Min Response Time,Max Response Time,Average Content Size,Requests/s,Failures/s,50%,66%,75%,80%,90%,95%,98%,99%,99.9%,99.99%,100%
GET,/,9477,0,53,68.73958191410794,0.9020999999975743,599.6677999999997,1507.0,497.73937256749804,0.0,53,78,95,100,160,200,280,300,500,600,600
,Aggregated,9477,0,53,68.73958191410794,0.9020999999975743,599.6677999999997,1507.0,497.73937256749804,0.0,53,78,95,100,160,200,280,300,500,600,600
