Type,Name,Request Count,Failure Count,Median Response Time,Average Response Time,Min Response Time,Max Response Time,Average Content Size,Requests/s,Failures/s,50%,66%,75%,80%,90%,95%,98%,99%,99.9%,99.99%,100%
GET,/,9159,0,34,54.001621563489515,0.9779000000005311,304.0049000000007,1507.0,480.8308753367748,0.0,34,63,77,88,110,170,190,220,300,300,300
,Aggregated,9159,0,34,54.001621563489515,0.9779000000005311,304.0049000000007,1507.0,480.8308753367748,0.0,34,63,77,88,110,170,190,220,300,300,300
