Type,Name,Request Count,Failure Count,Median Response Time,Average Response Time,Min Response Time,Max Response Time,Average Content Size,Requests/s,Failures/s,50%,66%,75%,80%,90%,95%,98%,99%,99.9%,99.99%,100%
GET,/,7942,0,22,43.03858791236478,0.8455999999998909,418.7600000000002,1507.0,417.23676013420953,0.0,22,36,57,68,110,160,200,220,420,420,420
,Aggregated,7942,0,22,43.03858791236478,0.8455999999998909,418.7600000000002,1507.0,417.23676013420953,0.0,22,36,57,68,110,160,200,220,420,420,420
