Type,Name,Request Count,Failure Count,Median Response Time,Average Response Time,Min Response Time,Max Response Time,Average Content Size,Requests/s,Failures/s,50%,66%,75%,80%,90%,95%,98%,99%,99.9%,99.99%,100%
GET,/,9051,0,21,41.11540247486484,0.8046999999997695,401.64370000000014,1507.0,475.84002886728797,0.0,21,35,56,68,90,150,210,270,350,400,400
,Aggregated,9051,0,21,41.11540247486484,0.8046999999997695,401.64370000000014,1507.0,475.84002886728797,0.0,21,35,56,68,90,150,210,270,350,400,400
