Type,Name,Request Count,Failure Count,Median Response Time,Average Response Time,Min Response Time,Max Response Time,Average Content Size,Requests/s,Failures/s,50%,66%,75%,80%,90%,95%,98%,99%,99.9%,99.99%,100%
GET,/,9754,0,38,54.19615392659418,0.8860999999997787,368.7094999999996,1507.0,512.0467350939439,0.0,38,67,79,86,100,160,180,260,370,370,370
,Aggregated,9754,0,38,54.19615392659418,0.8860999999997787,368.7094999999996,1507.0,512.0467350939439,0.0,38,67,79,86,100,160,180,260,370,370,370
