Type,Name,Request Count,Failure Count,Median Response Time,Average Response Time,Min Response Time,Max Response Time,Average Content Size,Requests/s,Failures/s,50%,66%,75%,80%,90%,95%,98%,99%,99.9%,99.99%,100%
GET,/,7094,0,25,49.010928474767155,0.877899999999876,730.9538,1507.0,371.953893576712,0.0,25,37,60,70,110,180,300,390,590,730,730
,Aggregated,7094,0,25,49.010928474767155,0.877899999999876,730.9538,1507.0,371.953893576712,0.0,25,37,60,70,110,180,300,390,590,730,730
