Type,Name,Request Count,Failure Count,Median Response Time,Average Response Time,Min Response Time,Max Response Time,Average Content Size,Requests/s,Failures/s,50%,66%,75%,80%,90%,95%,98%,99%,99.9%,99.99%,100%
GET,/,10076,0,31,51.63248818975791,0.9129999999997196,550.5390000000006,1507.0,529.9964752101363,0.0,31,53,68,76,110,170,220,300,540,540,550
,Aggregated,10076,0,31,51.63248818975791,0.9129999999997196,550.5390000000006,1507.0,529.9964752101363,0.0,31,53,68,76,110,170,220,300,540,540,550
