Type,Name,Request Count,Failure Count,Median Response Time,Average Response Time,Min Response Time,Max Response Time,Average Content Size,Requests/s,Failures/s,50%,66%,75%,80%,90%,95%,98%,99%,99.9%,99.99%,100%
GET,/,8365,0,39,63.54602142259427,0.9101999999998611,674.0149999999998,1507.0,440.54113099739516,0.0,39,71,82,91,140,190,300,390,670,670,670
,Aggregated,8365,0,39,63.54602142259427,0.9101999999998611,674.0149999999998,1507.0,440.54113099739516,0.0,39,71,82,91,140,190,300,390,670,670,670
