Type,Name,Request Count,Failure Count,Median Response Time,Average Response Time,Min Response Time,Max Response Time,Average Content Size,Requests/s,Failures/s,50%,66%,75%,80%,90%,95%,98%,99%,99.9%,99.99%,100%
GET,/,7028,0,22,45.28554342629479,0.8742999999995504,475.2536000000003,1507.0,369.2414595159356,0.0,22,44,70,79,100,170,200,260,300,480,480
,Aggregated,7028,0,22,45.28554342629479,0.8742999999995504,475.2536000000003,1507.0,369.2414595159356,0.0,22,44,70,79,100,170,200,260,300,480,480
