Type,Name,Request Count,Failure Count,Median Response Time,Average Response Time,Min Response Time,Max Response Time,Average Content Size,Requests/s,Failures/s,50%,66%,75%,80%,90%,95%,98%,99%,99.9%,99.99%,100%
GET,/,8833,0,33,54.0820303973734,0.7881999999987954,493.0538000000002,1507.0,464.213786684217,0.0,33,66,78,84,110,170,220,280,380,490,490
,Aggregated,8833,0,33,54.0820303973734,0.7881999999987954,493.0538000000002,1507.0,464.213786684217,0.0,33,66,78,84,110,170,220,280,380,490,490
