Type,Name,Request Count,Failure Count,Median Response Time,Average Response Time,Min Response Time,Max Response Time,Average Content Size,Requests/s,Failures/s,50%,66%,75%,80%,90%,95%,98%,99%,99.9%,99.99%,100%
GET,/,9184,0,36,52.39140480182938,0.8552999999995592,488.1812999999999,1507.0,483.62381534381825,0.0,36,65,78,85,100,130,190,250,400,490,490
,Aggregated,9184,0,36,52.39140480182938,0.8552999999995592,488.1812999999999,1507.0,483.62381534381825,0.0,36,65,78,85,100,130,190,250,400,490,490
