Type,Name,Request Count,Failure Count,Median Response Time,Average Response Time,Min Response Time,Max Response Time,Average Content Size,Requests/s,Failures/s,50%,66%,75%,80%,90%,95%,98%,99%,99.9%,99.99%,100%
GET,/,9071,0,44,60.25669371623897,0.9378000000026532,498.10779999999966,1507.0,475.3614454944109,0.0,44,71,84,92,120,170,230,290,480,500,500
,Aggregated,9071,0,44,60.25669371623897,0.9378000000026532,498.10779999999966,1507.0,475.3614454944109,0.0,44,71,84,92,120,170,230,290,480,500,500
