Type,Name,Request Count,Failure Count,Median Response Time,Average Response Time,Min Response Time,Max Response Time,Average Content Size,Requests/s,Failures/s,50%,66%,75%,80%,90%,95%,98%,99%,99.9%,99.99%,100%
GET,/,9233,0,47,100.72606640311906,0.9129000000012155,1396.796,1507.0,484.21208189266537,0.0,47,79,95,110,190,440,790,940,1400,1400,1400
,Aggregated,9233,0,47,100.72606640311906,0.9129000000012155,1396.796,1507.0,484.21208189266537,0.0,47,79,95,110,190,440,790,940,1400,1400,1400
