Type,Name,Request Count,Failure Count,Median Response Time,Average Response Time,Min Response Time,Max Response Time,Average Content Size,Requests/s,Failures/s,50%,66%,75%,80%,90%,95%,98%,99%,99.9%,99.99%,100%
GET,/,7729,0,56,64.01366614050984,0.9231999999990137,428.4587000000002,1507.0,405.2215316497419,0.0,56,80,89,96,130,170,220,280,420,430,430
,Aggregated,7729,0,56,64.01366614050984,0.9231999999990137,428.4587000000002,1507.0,405.2215316497419,0.0,56,80,89,96,130,170,220,280,420,430,430
