Type,Name,Request Count,Failure Count,Median Response Time,Average Response Time,Min Response Time,Max Response Time,Average Content Size,Requests/s,Failures/s,50%,66%,75%,80%,90%,95%,98%,99%,99.9%,99.99%,100%
GET,/,8623,0,57,63.78315550272549,0.9028000000022018,447.00080000000054,1507.0,453.25758152370986,0.0,57,81,91,97,120,180,200,270,390,450,450
,Aggregated,8623,0,57,63.78315550272549,0.9028000000022018,447.00080000000054,1507.0,453.25758152370986,0.0,57,81,91,97,120,180,200,270,390,450,450
