Type,Name,Request Count,Failure Count,Median Response Time,Average Response Time,Min Response Time,Max Response Time,Average Content Size,Requests/s,Failures/s,50%,66%,75%,80%,90%,95%,98%,99%,99.9%,99.99%,100%
GET,/,9595,0,27,46.66018694111521,0.7926000000004763,436.35540000000003,1507.0,502.80697382414,0.0,27,57,71,79,98,140,180,200,270,440,440
,Aggregated,9595,0,27,46.66018694111521,0.7926000000004763,436.35540000000003,1507.0,502.80697382414,0.0,27,57,71,79,98,140,180,200,270,440,440
