Type,Name,Request Count,Failure Count,Median Response Time,Average Response Time,Min Response Time,Max Response Time,Average Content Size,Requests/s,Failures/s,50%,66%,75%,80%,90%,95%,98%,99%,99.9%,99.99%,100%
GET,/,8668,0,33,59.68332096215959,0.7733999999999241,591.4754000000003,1507.0,453.9385940637149,0.0,33,70,83,91,160,190,250,290,470,590,590
,Aggregated,8668,0,33,59.68332096215959,0.7733999999999241,591.4754000000003,1507.0,453.9385940637149,0.0,33,70,83,91,160,190,250,290,470,590,590
