Type,Name,Request Count,Failure Count,Median Response Time,Average Response Time,Min Response Time,Max Response Time,Average Content Size,Requests/s,Failures/s,50%,66%,75%,80%,90%,95%,98%,99%,99.9%,99.99%,100%
GET,/,9782,0,61,68.40102657943204,1.0079999999987876,498.1960999999995,1507.0,511.794424222877,0.0,61,82,91,99,130,190,240,290,370,500,500
,Aggregated,9782,0,61,68.40102657943204,1.0079999999987876,498.1960999999995,1507.0,511.794424222877,0.0,61,82,91,99,130,190,240,290,370,500,500
