Type,Name,Request Count,Failure Count,Median Response Time,Average Response Time,Min Response Time,Max Response Time,Average Content Size,Requests/s,Failures/s,50%,66%,75%,80%,90%,95%,98%,99%,99.9%,99.99%,100%
GET,/,9875,0,26,45.59152888101285,1.0057999999997236,335.8542,1507.0,519.0429852221929,0.0,26,49,66,75,100,140,190,220,320,340,340
,Aggregated,9875,0,26,45.59152888101285,1.0057999999997236,335.8542,1507.0,519.0429852221929,0.0,26,49,66,75,100,140,190,220,320,340,340
