Type,Name,Request Count,Failure Count,Median Response Time,Average Response Time,Min Response Time,Max Response Time,Average Content Size,Requests/s,Failures/s,50%,66%,75%,80%,90%,95%,98%,99%,99.9%,99.99%,100%
GET,/,9330,0,39,61.032186077170635,0.946700000000078,415.30030000000016,1507.0,487.0880651310568,0.0,39,72,86,95,130,180,230,270,410,420,420
,Aggregated,9330,0,39,61.032186077170635,0.946700000000078,415.30030000000016,1507.0,487.0880651310568,0.0,39,72,86,95,130,180,230,270,410,420,420
