Type,Name,Request Count,Failure Count,Median Response Time,Average Response Time,Min Response Time,Max Response Time,Average Content Size,Requests/s,Failures/s,50%,66%,75%,80%,90%,95%,98%,99%,99.9%,99.99%,100%
GET,/,8522,0,22,48.45290523351331,0.7932000000003825,457.1994999999998,1507.0,450.1857689650195,0.0,22,51,70,78,100,180,270,280,410,460,460
,Aggregated,8522,0,22,48.45290523351331,0.7932000000003825,457.1994999999998,1507.0,450.1857689650195,0.0,22,51,70,78,100,180,270,280,410,460,460
