Type,Name,Request Count,Failure Count,Median Response Time,Average Response Time,Min Response Time,Max Response Time,Average Content Size,Requests/s,Failures/s,50%,66%,75%,80%,90%,95%,98%,99%,99.9%,99.99%,100%
GET,/,9678,0,49,58.046479561892944,0.9234000000013509,380.87850000000054,1507.0,507.2104728442894,0.0,49,73,85,91,110,160,210,230,330,380,380
,Aggregated,9678,0,49,58.046479561892944,0.9234000000013509,380.87850000000054,1507.0,507.2104728442894,0.0,49,73,85,91,110,160,210,230,330,380,380
