Type,Name,Request Count,Failure Count,Median Response Time,Average Response Time,Min Response Time,Max Response Time,Average Content Size,Requests/s,Failures/s,50%,66%,75%,80%,90%,95%,98%,99%,99.9%,99.99%,100%
GET,/,8380,0,33,56.01814409307867,0.8841999999997796,678.2120999999996,1507.0,439.38621008851464,0.0,33,69,82,89,100,170,210,290,600,680,680
,Aggregated,8380,0,33,56.01814409307867,0.8841999999997796,678.2120999999996,1507.0,439.38621008851464,0.0,33,69,82,89,100,170,210,290,600,680,680
