Type,Name,Request Count,Failure Count,Median Response Time,Average Response Time,Min Response Time,Max Response Time,Average Content Size,Requests/s,Failures/s,50%,66%,75%,80%,90%,95%,98%,99%,99.9%,99.99%,100%
GET,/,6987,0,30,47.672363260340774,0.9480000000010591,576.4701000000003,1507.0,367.129293290316,0.0,30,54,68,74,95,120,200,360,570,580,580
,Aggregated,6987,0,30,47.672363260340774,0.9480000000010591,576.4701000000003,1507.0,367.129293290316,0.0,30,54,68,74,95,120,200,360,570,580,580
