Type,Name,Request Count,Failure Count,Median Response Time,Average Response Time,Min Response Time,Max Response Time,Average Content Size,Requests/s,Failures/s,50%,66%,75%,80%,90%,95%,98%,99%,99.9%,99.99%,100%
GET,/,9121,0,45,58.58714949018737,0.8537000000004014,466.40429999999975,1507.0,479.23346070218275,0.0,45,69,82,92,120,170,190,250,460,470,470
,Aggregated,9121,0,45,58.58714949018737,0.8537000000004014,466.40429999999975,1507.0,479.23346070218275,0.0,45,69,82,92,120,170,190,250,460,470,470
