Type,Name,Request Count,Failure Count,Median Response Time,Average Response Time,Min Response Time,Max Response Time,Average Content Size,Requests/s,Failures/s,50%,66%,75%,80%,90%,95%,98%,99%,99.9%,99.99%,100%
GET,/,8592,0,35,53.95149092178756,0.8966000000008023,414.2134,1507.0,450.64451356842585,0.0,36,64,78,85,120,170,200,260,370,410,410
,Aggregated,8592,0,35,53.95149092178756,0.8966000000008023,414.2134,1507.0,450.64451356842585,0.0,36,64,78,85,120,170,200,260,370,410,410
