Type,Name,Request Count,Failure Count,Median Response Time,Average Response Time,Min Response Time,Max Response Time,Average Content Size,Requests/s,Failures/s,50%,66%,75%,80%,90%,95%,98%,99%,99.9%,99.99%,100%
GET,/,8935,0,29,48.370948461108014,0.9430000000003602,476.9520000000007,1507.0,469.2322477683485,0.0,29,53,69,77,100,150,200,240,400,480,480
,Aggregated,8935,0,29,48.370948461108014,0.9430000000003602,476.9520000000007,1507.0,469.2322477683485,0.0,29,53,69,77,100,150,200,240,400,480,480
