Type,Name,Request Count,Failure Count,Median Response Time,Average Response Time,Min Response Time,Max Response Time,Average Content Size,Requests/s,Failures/s,50%,66%,75%,80%,90%,95%,98%,99%,99.9%,99.99%,100%
GET,/,9518,0,46,61.52424781466712,0.9446000000004062,389.83809999999954,1507.0,500.25813366182814,0.0,46,71,85,94,120,180,220,290,360,390,390
,Aggregated,9518,0,46,61.52424781466712,0.9446000000004062,389.83809999999954,1507.0,500.25813366182814,0.0,46,71,85,94,120,180,220,290,360,390,390
