Type,Name,Request Count,Failure Count,Median Response Time,Average Response Time,Min Response Time,Max Response Time,Average Content Size,Requests/s,Failures/s,50%,66%,75%,80%,90%,95%,98%,99%,99.9%,99.99%,100%
GET,/,8140,0,33,55.803468058967944,0.9253999999998541,509.4165999999998,1507.0,426.59738277167867,0.0,33,64,81,91,120,180,220,240,340,510,510
,Aggregated,8140,0,33,55.803468058967944,0.9253999999998541,509.4165999999998,1507.0,426.59738277167867,0.0,33,64,81,91,120,180,220,240,340,510,510
