Type,Name,Request Count,Failure Count,Median Response Time,Average Response Time,Min Response Time,Max Response Time,Average Content Size,Requests/s,Failures/s,50%,66%,75%,80%,90%,95%,98%,99%,99.9%,99.99%,100%
GET,/,7299,0,68,251.4698034388274,0.9175999999992968,2678.8454,1507.0,386.32094812413055,0.0,68,99,140,180,720,1700,2200,2400,2700,2700,2700
,Aggregated,7299,0,68,251.4698034388274,0.9175999999992968,2678.8454,1507.0,386.32094812413055,0.0,68,99,140,180,720,1700,2200,2400,2700,2700,2700
