Type,Name,Request Count,Failure Count,Median Response Time,Average Response Time,Min Response Time,Max Response Time,Average Content Size,Requests/s,Failures/s,50%,66%,75%,80%,90%,95%,98%,99%,99.9%,99.99%,100%
GET,/,9454,0,45,56.5358859424584,1.0819000000008572,364.52360000000004,1507.0,494.99047630532044,0.0,45,70,85,91,110,150,190,210,270,360,360
,Aggregated,9454,0,45,56.5358859424584,1.0819000000008572,364.52360000000004,1507.0,494.99047630532044,0.0,45,70,85,91,110,150,190,210,270,360,360
