Type,Name,Request Count,Failure Count,Median Response Time,Average Response Time,Min Response Time,Max Response Time,Average Content Size,Requests/s,Failures/s,50%,66%,75%,80%,90%,95%,98%,99%,99.9%,99.99%,100%
GET,/,8683,0,44,92.66224189796158,0.8801999999992205,1404.0819000000004,1507.0,454.97631683768367,0.0,44,69,84,95,190,360,800,1100,1300,1400,1400
,Aggregated,8683,0,44,92.66224189796158,0.8801999999992205,1404.0819000000004,1507.0,454.97631683768367,0.0,44,69,84,95,190,360,800,1100,1300,1400,1400
