Type,Name,Request Count,Failure Count,Median Response Time,Average Response Time,Min Response Time,Max Response Time,Average Content Size,Requests/s,Failures/s,50%,66%,75%,80%,90%,95%,98%,99%,99.9%,99.99%,100%
GET,/,9335,0,46,58.95708843063735,1.1161000000008414,349.12160000000017,1507.0,491.0991966916872,0.0,46,73,86,94,120,170,200,210,290,350,350
,Aggregated,9335,0,46,58.95708843063735,1.1161000000008414,349.12160000000017,1507.0,491.0991966916872,0.0,46,73,86,94,120,170,200,210,290,350,350
