Type,Name,Request Count,Failure Count,Median Response Time,Average Response Time,Min Response Time,Max Response Time,Average Content Size,Requests/s,Failures/s,50%,66%,75%,80%,90%,95%,98%,99%,99.9%,99.99%,100%
GET,/,8264,0,40,58.5336574540171,0.9441999999992845,405.60259999999994,1507.0,432.65887170589014,0.0,40,74,85,92,110,180,220,230,400,410,410
,Aggregated,8264,0,40,58.5336574540171,0.9441999999992845,405.60259999999994,1507.0,432.65887170589014,0.0,40,74,85,92,110,180,220,230,400,410,410
