Type,Name,Request Count,Failure Count,Median Response Time,Average Response Time,Min Response Time,Max Response Time,Average Content Size,Requests/s,Failures/s,50%,66%,75%,80%,90%,95%,98%,99%,99.9%,99.99%,100%
GET,/,8118,0,32,54.478238605567746,0.955499999999887,394.10719999999964,1507.0,426.71098401916646,0.0,32,66,81,88,110,180,200,270,370,390,390
,Aggregated,8118,0,32,54.478238605567746,0.955499999999887,394.10719999999964,1507.0,426.71098401916646,0.0,32,66,81,88,110,180,200,270,370,390,390
