Type,Name,Request Count,Failure Count,Median Response Time,Average Response Time,Min Response Time,Max Response Time,Average Content Size,Requests/s,Failures/s,50%,66%,75%,80%,90%,95%,98%,99%,99.9%,99.99%,100%
GET,/,9159,0,35,52.59958665793234,0.8218000000006498,409.6637000000003,1507.0,481.5404661841923,0.0,35,60,75,86,110,140,200,240,300,410,410
,Aggregated,9159,0,35,52.59958665793234,0.8218000000006498,409.6637000000003,1507.0,481.5404661841923,0.0,35,60,75,86,110,140,200,240,300,410,410
