Type,Name,Request Count,Failure Count,Median Response Time,Average Response Time,Min Response Time,Max Response Time,Average Content Size,Requests/s,Failures/s,50%,66%,75%,80%,90%,95%,98%,99%,99.9%,99.99%,100%
GET,/,9257,0,47,62.999812347412906,0.9174000000005123,757.1240000000001,1507.0,487.61674012816115,0.0,47,71,84,91,120,190,280,330,470,760,760
,Aggregated,9257,0,47,62.999812347412906,0.9174000000005123,757.1240000000001,1507.0,487.61674012816115,0.0,47,71,84,91,120,190,280,330,470,760,760
