Type,Name,Request Count,Failure Count,Median Response Time,Average Response Time,Min Response Time,Max Response Time,Average Content Size,Requests/s,Failures/s,50%,66%,75%,80%,90%,95%,98%,99%,99.9%,99.99%,100%
GET,/,8905,0,46,59.926714452554705,0.8232999999968627,573.1311999999997,1507.0,466.0768700431346,0.0,46,73,86,93,120,180,220,270,400,570,570
,Aggregated,8905,0,46,59.926714452554705,0.8232999999968627,573.1311999999997,1507.0,466.0768700431346,0.0,46,73,86,93,120,180,220,270,400,570,570
