Type,Name,Request Count,Failure Count,Median Response Time,Average Response Time,Min Response Time,Max Response Time,Average Content Size,Requests/s,Failures/s,50%,66%,75%,80%,90%,95%,98%,99%,99.9%,99.99%,100%
GET,/,8235,0,43,60.953240740740675,0.9939999999986071,567.2144000000001,1507.0,432.654978842615,0.0,43,71,82,90,150,190,240,290,560,570,570
,Aggregated,8235,0,43,60.953240740740675,0.9939999999986071,567.2144000000001,1507.0,432.654978842615,0.0,43,71,82,90,150,190,240,290,560,570,570
