Type,Name,Request Count,Failure Count,Median Response Time,Average Response Time,Min Response Time,Max Response Time,Average Content Size,Requests/s,Failures/s,50%,66%,75%,80%,90%,95%,98%,99%,99.9%,99.99%,100%
GET,/,9483,0,25,46.24611855952764,0.8921999999991215,609.9765000000001,1507.0,497.13983601526047,0.0,25,48,66,77,100,140,200,220,520,610,610
,Aggregated,9483,0,25,46.24611855952764,0.8921999999991215,609.9765000000001,1507.0,497.13983601526047,0.0,25,48,66,77,100,140,200,220,520,610,610
