Type,Name,Request Count,Failure Count,Median Response Time,Average Response Time,Min Response Time,Max Response Time,Average Content Size,Requests/s,Failures/s,50%,66%,75%,80%,90%,95%,98%,99%,99.9%,99.99%,100%
GET,/,7307,0,24,45.35911628575343,0.7876000000006655,456.7545000000002,1507.0,383.2324843437249,0.0,24,49,66,75,98,140,220,290,370,460,460
,Aggregated,7307,0,24,45.35911628575343,0.7876000000006655,456.7545000000002,1507.0,383.2324843437249,0.0,24,49,66,75,98,140,220,290,370,460,460
