Type,Name,Request Count,Failure Count,Median Response Time,Average Response Time,Min Response Time,Max Response Time,Average Content Size,Requests/s,Failures/s,50%,66%,75%,80%,90%,95%,98%,99%,99.9%,99.99%,100%
GET,/,9515,0,48,59.21181897004755,1.0129000000027588,310.7837,1507.0,498.6119413959092,0.0,48,72,83,91,110,160,200,240,290,310,310
,Aggregated,9515,0,48,59.21181897004755,1.0129000000027588,310.7837,1507.0,498.6119413959092,0.0,48,72,83,91,110,160,200,240,290,310,310
