Type,Name,Request Count,Failure Count,Median Response Time,Average Response Time,Min Response Time,Max Response Time,Average Content Size,Requests/s,Failures/s,50%,66%,75%,80%,90%,95%,98%,99%,99.9%,99.99%,100%
GET,/,10024,0,63,66.81013630287293,0.9963000000006161,500.7830000000002,1507.0,524.9567254255927,0.0,63,80,89,95,120,170,200,260,480,500,500
,Aggregated,10024,0,63,66.81013630287293,0.9963000000006161,500.7830000000002,1507.0,524.9567254255927,0.0,63,80,89,95,120,170,200,260,480,500,500
