Type,Name,Request Count,Failure Count,Median Response Time,Average Response Time,Min Response Time,Max Response Time,Average Content Size,Requests/s,Failures/s,50%,66%,75%,80%,90%,95%,98%,99%,99.9%,99.99%,100%
GET,/,8366,0,37,64.78888462825687,0.8881999999985624,836.8465000000001,1507.0,437.8710028359907,0.0,37,70,85,94,160,210,310,400,560,840,840
,Aggregated,8366,0,37,64.78888462825687,0.8881999999985624,836.8465000000001,1507.0,437.8710028359907,0.0,37,70,85,94,160,210,310,400,560,840,840
