Type,Name,Request Count,Failure Count,Median Response Time,Average Response Time,Min Response Time,Max Response Time,Average Content Size,Requests/s,Failures/s,50%,66%,75%,80%,90%,95%,98%,99%,99.9%,99.99%,100%
GET,/,8098,0,42,54.761581983205474,0.9304999999990571,358.4062000000001,1507.0,425.5881635589996,0.0,42,69,79,86,100,160,190,200,270,360,360
,Aggregated,8098,0,42,54.761581983205474,0.9304999999990571,358.4062000000001,1507.0,425.5881635589996,0.0,42,69,79,86,100,160,190,200,270,360,360
