Type,Name,Request Count,Failure Count,Median Response Time,Average Response Time,Min Response Time,Max Response Time,Average Content Size,Requests/s,Failures/s,50%,66%,75%,80%,90%,95%,98%,99%,99.9%,99.99%,100%
GET,/,9483,0,34,55.23215947484961,0.8010000000009398,394.7320999999997,1507.0,497.72068241915576,0.0,34,67,81,93,130,170,210,230,320,390,390
,Aggregated,9483,0,34,55.23215947484961,0.8010000000009398,394.7320999999997,1507.0,497.72068241915576,0.0,34,67,81,93,130,170,210,230,320,390,390
