Type,Name,Request Count,Failure Count,Median Response Time,Average Response Time,Min Response Time,Max Response Time,Average Content Size,Requests/s,Failures/s,50%,66%,75%,80%,90%,95%,98%,99%,99.9%,99.99%,100%
GET,/,8245,0,39,57.986653790175964,0.8438000000001722,386.8115999999997,1507.0,433.05254714322115,0.0,39,69,84,93,120,180,200,280,320,390,390
,Aggregated,8245,0,39,57.986653790175964,0.8438000000001722,386.8115999999997,1507.0,433.05254714322115,0.0,39,69,84,93,120,180,200,280,320,390,390
