Type,Name,Request Count,Failure Count,Median Response Time,Average Response Time,Min Response Time,Max Response Time,Average Content Size,Requests/s,Failures/s,50%,66%,75%,80%,90%,95%,98%,99%,99.9%,99.99%,100%
GET,/,9974,0,27,44.31660054140779,0.8769999999991285,389.51210000000015,1507.0,522.255293800583,0.0,27,38,56,68,98,160,200,220,370,390,390
,Aggregated,9974,0,27,44.31660054140779,0.8769999999991285,389.51210000000015,1507.0,522.255293800583,0.0,27,38,56,68,98,160,200,220,370,390,390
