Type,Name,Request Count,Failure Count,Median Response Time,Average Response Time,Min Response Time,Max Response Time,Average Content Size,Requests/s,Failures/s,50%,66%,75%,80%,90%,95%,98%,99%,99.9%,99.99%,100%
GET,/,6907,0,20,46.771992645142745,0.9578000000001197,457.1952000000001,1507.0,363.1433582327757,0.0,20,45,66,79,120,180,210,260,320,460,460
,Aggregated,6907,0,20,46.771992645142745,0.9578000000001197,457.1952000000001,1507.0,363.1433582327757,0.0,20,45,66,79,120,180,210,260,320,460,460
