Type,Name,Request Count,Failure Count,Median Response Time,Average Response Time,Min Response Time,Max Response Time,Average Content Size,Requests/s,Failures/s,50%,66%,75%,80%,90%,95%,98%,99%,99.9%,99.99%,100%
GET,/,9098,0,24,41.6361195427568,0.9309000000001788,281.8291000000004,1507.0,479.57449168640966,0.0,24,40,60,70,93,130,180,210,270,280,280
,Aggregated,9098,0,24,41.6361195427568,0.9309000000001788,281.8291000000004,1507.0,479.57449168640966,0.0,24,40,60,70,93,130,180,210,270,280,280
