Type,Name,Request Count,Failure Count,Median Response Time,Average Response Time,Min Response Time,Max Response Time,Average Content Size,Requests/s,Failures/s,50%,66%,75%,80%,90%,95%,98%,99%,99.9%,99.99%,100%
GET,/,8732,0,22,44.61398551305534,0.8663000000002086,581.1522,1507.0,458.910711329058,0.0,22,41,58,67,95,160,270,290,390,580,580
,Aggregated,8732,0,22,44.61398551305534,0.8663000000002086,581.1522,1507.0,458.910711329058,0.0,22,41,58,67,95,160,270,290,390,580,580
