Type,Name,Request Count,Failure Count,Median Response Time,Average Response Time,Min Response Time,Max Response Time,Average Content Size,Requests/s,Failures/s,50%,66%,75%,80%,90%,95%,98%,99%,99.9%,99.99%,100%
GET,/,9536,0,25,45.57602078439584,0.8583999999984826,293.53240000000017,1507.0,499.38780202674855,0.0,25,55,68,76,100,130,190,200,270,290,290
,Aggregated,9536,0,25,45.57602078439584,0.8583999999984826,293.53240000000017,1507.0,499.38780202674855,0.0,25,55,68,76,100,130,190,200,270,290,290
