Type,Name,Request Count,Failure Count,Median Response Time,Average Response Time,Min Response Time,Max Response Time,Average Content Size,Requests/s,Failures/s,50%,66%,75%,80%,90%,95%,98%,99%,99.9%,99.99%,100%
GET,/,9177,0,26,43.09920096981582,0.9388000000001284,289.48300000000063,1507.0,480.87804694124236,0.0,26,47,65,73,92,130,190,210,290,290,290
,Aggregated,9177,0,26,43.09920096981582,0.9388000000001284,289.48300000000063,1507.0,480.87804694124236,0.0,26,47,65,73,92,130,190,210,290,290,290
