Type,Name,Request Count,Failure Count,Median Response Time,Average Response Time,Min Response Time,Max Response Time,Average Content Size,Requests/s,Failures/s,50%,66%,75%,80%,90%,95%,98%,99%,99.9%,99.99%,100%
GET,/,10441,0,32,45.7271620630209,0.9300000000003195,299.7363000000002,1507.0,547.6409651391278,0.0,32,54,67,75,96,110,180,200,300,300,300
,Aggregated,10441,0,32,45.7271620630209,0.9300000000003195,299.7363000000002,1507.0,547.6409651391278,0.0,32,54,67,75,96,110,180,200,300,300,300
