Type,Name,Request Count,Failure Count,Median Response Time,Average Response Time,Min Response Time,Max Response Time,Average Content Size,Requests/s,Failures/s,50%,66%,75%,80%,90%,95%,98%,99%,99.9%,99.99%,100%
GET,/,7429,0,24,42.21132330057878,0.7577999999988094,447.31870000000026,1507.0,389.13528320894056,0.0,24,36,56,67,95,130,230,290,440,450,450
,Aggregated,7429,0,24,42.21132330057878,0.7577999999988094,447.31870000000026,1507.0,389.13528320894056,0.0,24,36,56,67,95,130,230,290,440,450,450
