Type,Name,Request Count,Failure Count,Median Response Time,Average Response Time,Min Response Time,Max Response Time,Average Content Size,Requests/s,Failures/s,50%,66%,75%,80%,90%,95%,98%,99%,99.9%,99.99%,100%
GET,/,9674,0,50,59.417583130039546,0.9128999999994392,502.43269999999995,1507.0,507.24570569973366,0.0,50,72,83,91,110,170,220,270,500,500,500
,Aggregated,9674,0,50,59.417583130039546,0.9128999999994392,502.43269999999995,1507.0,507.24570569973366,0.0,50,72,83,91,110,170,220,270,500,500,500
