Type,Name,Request Count,Failure Count,Median Response Time,Average Response Time,Min Response Time,Max Response Time,Average Content Size,Requests/s,Failures/s,50%,66%,75%,80%,90%,95%,98%,99%,99.9%,99.99%,100%
GET,/,9835,0,67,72.70420493136783,0.9110999999997205,451.99920000000037,1507.0,515.6652034998448,0.0,67,87,99,110,150,180,210,270,380,450,450
,Aggregated,9835,0,67,72.70420493136783,0.9110999999997205,451.99920000000037,1507.0,515.6652034998448,0.0,67,87,99,110,150,180,210,270,380,450,450
