Type,Name,Request Count,Failure Count,Median Response Time,Average Response Time,Min Response Time,Max Response Time,Average Content Size,Requests/s,Failures/s,50%,66%,75%,80%,90%,95%,98%,99%,99.9%,99.99%,100%
GET,/,9544,0,25,39.893576257334395,0.8556999999989046,543.0568000000004,1507.0,500.18147000215964,0.0,25,36,55,65,88,110,160,180,450,540,540
,Aggregated,9544,0,25,39.893576257334395,0.8556999999989046,543.0568000000004,1507.0,500.18147000215964,0.0,25,36,55,65,88,110,160,180,450,540,540
