Type,Name,Request Count,Failure Count,Median Response Time,Average Response Time,Min Response Time,Max Response Time,Average Content Size,Requests/s,Failures/s,50%,66%,75%,80%,90%,95%,98%,99%,99.9%,99.99%,100%
GET,/,9547,0,43,58.25056684822485,0.923700000001304,309.62770000000006,1507.0,500.8240120847073,0.0,43,69,83,92,120,160,210,230,310,310,310
,Aggregated,9547,0,43,58.25056684822485,0.923700000001304,309.62770000000006,1507.0,500.8240120847073,0.0,43,69,83,92,120,160,210,230,310,310,310
