Type,Name,Request Count,Failure Count,Median Response Time,Average Response Time,Min Response Time,Max Response Time,Average Content Size,Requests/s,Failures/s,50%,66%,75%,80%,90%,95%,98%,99%,99.9%,99.99%,100%
GET,/,8556,0,71,76.10625908134645,1.1279000000001815,443.5858000000001,8688.0,447.9013744088577,0.0,71,89,99,110,180,250,280,290,370,440,440
,Aggregated,8556,0,71,76.10625908134645,1.1279000000001815,443.5858000000001,8688.0,447.9013744088577,0.0,71,89,99,110,180,250,280,290,370,440,440
