Type,Name,Request Count,Failure Count,Median Response Time,Average Response Time,Min Response Time,Max Response Time,Average Content Size,Requests/s,Failures/s,50%,66%,75%,80%,90%,95%,98%,99%,99.9%,99.99%,100%
GET,/,8038,0,57,67.36778551878585,1.2821999999985678,345.0557999999999,8688.0,422.1549961178908,0.0,57,86,97,110,180,200,280,290,330,350,350
,Aggregated,8038,0,57,67.36778551878585,1.2821999999985678,345.0557999999999,8688.0,422.1549961178908,0.0,57,86,97,110,180,200,280,290,330,350,350
