Type,Name,Request Count,Failure Count,Median Response Time,Average Response Time,Min Response Time,Max Response Time,Average Content Size,Requests/s,Failures/s,50%,66%,75%,80%,90%,95%,98%,99%,99.9%,99.99%,100%
GET,/,8321,0,11,46.97410681408487,1.1158999999985042,420.1307999999999,8688.0,436.0171342043206,0.0,11,27,61,78,140,230,290,310,380,420,420
,Aggregated,8321,0,11,46.97410681408487,1.1158999999985042,420.1307999999999,8688.0,436.0171342043206,0.0,11,27,61,78,140,230,290,310,380,420,420
