Type,Name,Request Count,Failure Count,Median Response Time,Average Response Time,Min Response Time,Max Response Time,Average Content Size,Requests/s,Failures/s,50%,66%,75%,80%,90%,95%,98%,99%,99.9%,99.99%,100%
GET,/,8441,0,14,49.01318748963405,1.089200000002677,383.0482000000002,8688.0,442.7053685846687,0.0,14,60,81,89,130,180,210,280,360,380,380
,Aggregated,8441,0,14,49.01318748963405,1.089200000002677,383.0482000000002,8688.0,442.7053685846687,0.0,14,60,81,89,130,180,210,280,360,380,380
