Type,Name,Request Count,Failure Count,Median Response Time,Average Response Time,Min Response Time,Max Response Time,Average Content Size,Requests/s,Failures/s,50%,66%,75%,80%,90%,95%,98%,99%,99.9%,99.99%,100%
GET,/,9028,0,62,68.14580735489604,1.1776999999995041,354.1314,8688.0,473.24338316575677,0.0,63,84,93,100,170,210,270,290,320,350,350
,Aggregated,9028,0,62,68.14580735489604,1.1776999999995041,354.1314,8688.0,473.24338316575677,0.0,63,84,93,100,170,210,270,290,320,350,350
