Type,Name,Request Count,Failure Count,Median Response Time,Average Response Time,Min Response Time,Max Response Time,Average Content Size,Requests/s,Failures/s,50%,66%,75%,80%,90%,95%,98%,99%,99.9%,99.99%,100%
GET,/,9327,0,18,49.1353932025302,1.1542999999996084,357.4282999999996,8688.0,489.44198208805,0.0,18,57,75,86,120,190,210,270,350,360,360
,Aggregated,9327,0,18,49.1353932025302,1.1542999999996084,357.4282999999996,8688.0,489.44198208805,0.0,18,57,75,86,120,190,210,270,350,360,360
