Type,Name,Request Count,Failure Count,Median Response Time,Average Response Time,Min Response Time,Max Response Time,Average Content Size,Requests/s,Failures/s,50%,66%,75%,80%,90%,95%,98%,99%,99.9%,99.99%,100%
GET,/,8823,0,19,53.22212569420831,1.1447000000011087,400.17800000000034,8688.0,463.9192054471526,0.0,19,63,79,87,150,190,270,280,370,400,400
,Aggregated,8823,0,19,53.22212569420831,1.1447000000011087,400.17800000000034,8688.0,463.9192054471526,0.0,19,63,79,87,150,190,270,280,370,400,400
