Type,Name,Request Count,Failure Count,Median Response Time,Average Response Time,Min Response Time,Max Response Time,Average Content Size,Requests/s,Failures/s,50%,66%,75%,80%,90%,95%,98%,99%,99.9%,99.99%,100%
GET,/,8975,0,15,45.31112249582163,1.0532000000011976,347.5345000000001,8688.0,470.3554108627261,0.0,15,44,68,81,120,180,260,280,330,350,350
,Aggregated,8975,0,15,45.31112249582163,1.0532000000011976,347.5345000000001,8688.0,470.3554108627261,0.0,15,44,68,81,120,180,260,280,330,350,350
