Type,Name,Request Count,Failure Count,Median Response Time,Average Response Time,Min Response Time,Max Response Time,Average Content Size,Requests/s,Failures/s,50%,66%,75%,80%,90%,95%,98%,99%,99.9%,99.99%,100%
GET,/,8692,0,66,66.4860001380579,1.293099999999825,390.48130000000026,8688.0,457.3958385397495,0.0,66,86,95,100,160,190,240,270,340,390,390
,Aggregated,8692,0,66,66.4860001380579,1.293099999999825,390.48130000000026,8688.0,457.3958385397495,0.0,66,86,95,100,160,190,240,270,340,390,390
