Type,Name,Request Count,Failure Count,Median Response Time,Average Response Time,Min Response Time,Max Response Time,Average Content Size,Requests/s,Failures/s,50%,66%,75%,80%,90%,95%,98%,99%,99.9%,99.99%,100%
GET,/,9442,0,17,50.444435606863024,1.0756000000000654,331.51200000000006,8688.0,495.8407641052049,0.0,17,63,84,94,130,190,210,260,300,330,330
,Aggregated,9442,0,17,50.444435606863024,1.0756000000000654,331.51200000000006,8688.0,495.8407641052049,0.0,17,63,84,94,130,190,210,260,300,330,330
