Type,Name,Request Count,Failure Count,Median Response Time,Average Response Time,Min Response Time,Max Response Time,Average Content Size,Requests/s,Failures/s,50%,66%,75%,80%,90%,95%,98%,99%,99.9%,99.99%,100%
GET,/,9458,0,84,91.14048008035495,1.2328999999997592,418.84940000000006,8688.0,495.6933948207294,0.0,84,110,130,170,190,210,270,300,380,420,420
,Aggregated,9458,0,84,91.14048008035495,1.2328999999997592,418.84940000000006,8688.0,495.6933948207294,0.0,84,110,130,170,190,210,270,300,380,420,420
