Type,Name,Request Count,Failure Count,Median Response Time,Average Response Time,Min Response Time,Max Response Time,Average Content Size,Requests/s,Failures/s,50%,66%,75%,80%,90%,95%,98%,99%,99.9%,99.99%,100%
GET,/,9619,0,19,48.79758887618267,1.163599999998155,322.65250000000026,8688.0,505.250251670165,0.0,19,71,85,91,110,160,190,240,290,320,320
,Aggregated,9619,0,19,48.79758887618267,1.163599999998155,322.65250000000026,8688.0,505.250251670165,0.0,19,71,85,91,110,160,190,240,290,320,320
