Type,Name,Request Count,Failure Count,Median Response Time,Average Response Time,Min Response Time,Max Response Time,Average Content Size,Requests/s,Failures/s,50%,66%,75%,80%,90%,95%,98%,99%,99.9%,99.99%,100%
GET,/,9499,0,15,43.278893399305346,1.1451999999998463,287.3193999999999,8688.0,499.80277441722234,0.0,15,49,69,78,110,160,190,240,260,290,290
,Aggregated,9499,0,15,43.278893399305346,1.1451999999998463,287.3193999999999,8688.0,499.80277441722234,0.0,15,49,69,78,110,160,190,240,260,290,290
