Type,Name,Request Count,Failure Count,Median Response Time,Average Response Time,Min Response Time,Max Response Time,Average Content Size,Requests/s,Failures/s,50%,66%,75%,80%,90%,95%,98%,99%,99.9%,99.99%,100%
GET,/,9629,0,19,49.98363114549807,1.1161000000008414,385.3992000000002,8688.0,504.9040800652507,0.0,19,65,77,84,110,180,270,280,370,390,390
,Aggregated,9629,0,19,49.98363114549807,1.1161000000008414,385.3992000000002,8688.0,504.9040800652507,0.0,19,65,77,84,110,180,270,280,370,390,390
