Type,Name,Request Count,Failure Count,Median Response Time,Average Response Time,Min Response Time,Max Response Time,Average Content Size,Requests/s,Failures/s,50%,66%,75%,80%,90%,95%,98%,99%,99.9%,99.99%,100%
GET,/,9223,0,69,69.36987015070993,1.0438000000014824,406.5734000000001,8688.0,483.8231543580093,0.0,69,87,96,100,170,190,230,270,400,410,410
,Aggregated,9223,0,69,69.36987015070993,1.0438000000014824,406.5734000000001,8688.0,483.8231543580093,0.0,69,87,96,100,170,190,230,270,400,410,410
