Type,Name,Request Count,Failure Count,Median Response Time,Average Response Time,Min Response Time,Max Response Time,Average Content Size,Requests/s,Failures/s,50%,66%,75%,80%,90%,95%,98%,99%,99.9%,99.99%,100%
GET,/,9783,0,84,87.94616161709112,1.5140000000002374,415.56870000000055,8688.0,512.3250106893372,0.0,84,97,110,120,180,200,270,290,350,420,420
,Aggregated,9783,0,84,87.94616161709112,1.5140000000002374,415.56870000000055,8688.0,512.3250106893372,0.0,84,97,110,120,180,200,270,290,350,420,420
