Type,Name,Request Count,Failure Count,Median Response Time,Average Response Time,Min Response Time,Max Response Time,Average Content Size,Requests/s,Failures/s,50%,66%,75%,80%,90%,95%,98%,99%,99.9%,99.99%,100%
GET,/,7920,0,10,42.80981329545439,1.0718999999994594,281.49980000000016,8688.0,416.5302763952739,0.0,10,45,76,87,120,180,200,220,280,280,280
,Aggregated,7920,0,10,42.80981329545439,1.0718999999994594,281.49980000000016,8688.0,416.5302763952739,0.0,10,45,76,87,120,180,200,220,280,280,280
