Type,Name,Request Count,Failure Count,Median Response Time,Average Response Time,Min Response Time,Max Response Time,Average Content Size,Requests/s,Failures/s,50%,66%,75%,80%,90%,95%,98%,99%,99.9%,99.99%,100%
GET,/,6973,0,10,43.62286368851286,1.0559999999983916,471.98980000000023,8688.0,365.99853935370555,0.0,10,32,70,81,100,190,270,300,460,470,470
,Aggregated,6973,0,10,43.62286368851286,1.0559999999983916,471.98980000000023,8688.0,365.99853935370555,0.0,10,32,70,81,100,190,270,300,460,470,470
