Type,Name,Request Count,Failure Count,Median Response Time,Average Response Time,Min Response Time,Max Response Time,Average Content Size,Requests/s,Failures/s,50%,66%,75%,80%,90%,95%,98%,99%,99.9%,99.99%,100%
GET,/,8456,0,12,45.17030026017018,1.0569999999994195,370.95029999999963,8688.0,443.8374718745949,0.0,12,40,72,80,130,190,250,280,350,370,370
,Aggregated,8456,0,12,45.17030026017018,1.0569999999994195,370.95029999999963,8688.0,443.8374718745949,0.0,12,40,72,80,130,190,250,280,350,370,370
