Type,Name,Request Count,Failure Count,Median Response Time,Average Response Time,Min Response Time,Max Response Time,Average Content Size,Requests/s,Failures/s,50%,66%,75%,80%,90%,95%,98%,99%,99.9%,99.99%,100%
GET,/,9770,0,81,83.2708440736947,1.1951000000003376,429.22020000000003,8688.0,513.977613028234,0.0,81,96,100,110,180,200,250,280,310,430,430
,Aggregated,9770,0,81,83.2708440736947,1.1951000000003376,429.22020000000003,8688.0,513.977613028234,0.0,81,96,100,110,180,200,250,280,310,430,430
