Type,Name,Request Count,Failure Count,Median Response Time,Average Response Time,Min Response Time,Max Response Time,Average Content Size,Requests/s,Failures/s,50%,66%,75%,80%,90%,95%,98%,99%,99.9%,99.99%,100%
GET,/,7412,0,12,49.30938215056657,0.9914000000001977,312.6148000000004,8688.0,388.79209333957306,0.0,12,52,77,98,170,190,210,230,310,310,310
,Aggregated,7412,0,12,49.30938215056657,0.9914000000001977,312.6148000000004,8688.0,388.79209333957306,0.0,12,52,77,98,170,190,210,230,310,310,310
