Type,Name,Request Count,Failure Count,Median Response Time,Average Response Time,Min Response Time,Max Response Time,Average Content Size,Requests/s,Failures/s,50%,66%,75%,80%,90%,95%,98%,99%,99.9%,99.99%,100%
GET,/,8173,0,11,37.44370679065217,1.1958000000014124,379.4879999999994,8688.0,428.5881858251827,0.0,11,22,59,71,97,160,210,270,300,380,380
,Aggregated,8173,0,11,37.44370679065217,1.1958000000014124,379.4879999999994,8688.0,428.5881858251827,0.0,11,22,59,71,97,160,210,270,300,380,380
