Type,Name,Request Count,Failure Count,Median Response Time,Average Response Time,Min Response Time,Max Response Time,Average Content Size,Requests/s,Failures/s,50%,66%,75%,80%,90%,95%,98%,99%,99.9%,99.99%,100%
GET,/,8569,0,10,34.680791072470775,1.159799999999933,427.55989999999946,8688.0,450.07423109805467,0.0,10,15,45,63,100,160,200,250,320,430,430
,Aggregated,8569,0,10,34.680791072470775,1.159799999999933,427.55989999999946,8688.0,450.07423109805467,0.0,10,15,45,63,100,160,200,250,320,430,430
