Type,Name,Request Count,Failure Count,Median Response Time,Average Response Time,Min Response Time,Max Response Time,Average Content Size,Requests/s,Failures/s,50%,66%,75%,80%,90%,95%,98%,99%,99.9%,99.99%,100%
GET,/,9490,0,22,53.974865837723655,1.2673000000003043,318.27950000000004,8688.0,497.51516380294447,0.0,22,69,85,96,140,180,230,250,280,320,320
,Aggregated,9490,0,22,53.974865837723655,1.2673000000003043,318.27950000000004,8688.0,497.51516380294447,0.0,22,69,85,96,140,180,230,250,280,320,320
