Type,Name,Request Count,Failure Count,Median Response Time,Average Response Time,Min Response Time,Max Response Time,Average Content Size,Requests/s,Failures/s,50%,66%,75%,80%,90%,95%,98%,99%,99.9%,99.99%,100%
GET,/,8374,0,13,46.94146811559606,1.0767999999998779,371.05960000000016,8688.0,438.83645662258556,0.0,13,44,70,83,150,190,250,280,360,370,370
,Aggregated,8374,0,13,46.94146811559606,1.0767999999998779,371.05960000000016,8688.0,438.83645662258556,0.0,13,44,70,83,150,190,250,280,360,370,370
