Type,Name,Request Count,Failure Count,Median Response Time,Average Response Time,Min Response Time,Max Response Time,Average Content Size,Requests/s,Failures/s,50%,66%,75%,80%,90%,95%,98%,99%,99.9%,99.99%,100%
GET,/,7136,0,8,38.42310061659178,1.0855000000002946,391.6769000000002,8688.0,374.38736597965,0.0,8,13,34,61,110,190,290,300,390,390,390
,Aggregated,7136,0,8,38.42310061659178,1.0855000000002946,391.6769000000002,8688.0,374.38736597965,0.0,8,13,34,61,110,190,290,300,390,390,390
