Type,Name,Request Count,Failure Count,Median Response Time,Average Response Time,Min Response Time,Max Response Time,Average Content Size,Requests/s,Failures/s,50%,66%,75%,80%,90%,95%,98%,99%,99.9%,99.99%,100%
GET,/,8305,0,67,75.07317468994567,1.3400999999966245,394.26719999999983,8688.0,436.23374569225734,0.0,67,91,100,110,190,210,290,300,370,390,390
,Aggregated,8305,0,67,75.07317468994567,1.3400999999966245,394.26719999999983,8688.0,436.23374569225734,0.0,67,91,100,110,190,210,290,300,370,390,390
