Type,Name,Request Count,Failure Count,Median Response Time,Average Response Time,Min Response Time,Max Response Time,Average Content Size,Requests/s,Failures/s,50%,66%,75%,80%,90%,95%,98%,99%,99.9%,99.99%,100%
GET,/,9729,0,89,95.45836081817224,1.424599999999998,398.48700000000025,8688.0,509.69918370580746,0.0,89,100,120,160,190,210,270,300,390,400,400
,Aggregated,9729,0,89,95.45836081817224,1.424599999999998,398.48700000000025,8688.0,509.69918370580746,0.0,89,100,120,160,190,210,270,300,390,400,400
