Type,Name,Request Count,Failure Count,Median Response Time,Average Response Time,Min Response Time,Max Response Time,Average Content Size,Requests/s,Failures/s,50%,66%,75%,80%,90%,95%,98%,99%,99.9%,99.99%,100%
GET,/,8397,0,13,45.733050470406006,1.086199999999593,345.99430000000007,8688.0,440.08135791519646,0.0,13,48,76,86,120,180,240,270,320,350,350
,Aggregated,8397,0,13,45.733050470406006,1.086199999999593,345.99430000000007,8688.0,440.08135791519646,0.0,13,48,76,86,120,180,240,270,320,350,350
