Type,Name,Request Count,Failure Count,Median Response Time,Average Response Time,Min Response Time,Max Response Time,Average Content Size,Requests/s,Failures/s,50%,66%,75%,80%,90%,95%,98%,99%,99.9%,99.99%,100%
GET,/,9776,0,51,59.87085671031104,1.2563000000014313,284.09909999999974,8688.0,512.131849104322,0.0,51,81,92,98,140,180,200,250,270,280,280
,Aggregated,9776,0,51,59.87085671031104,1.2563000000014313,284.09909999999974,8688.0,512.131849104322,0.0,51,81,92,98,140,180,200,250,270,280,280
