Type,Name,Request Count,Failure Count,Median Response Time,Average Response Time,Min Response Time,Max Response Time,Average Content Size,Requests/s,Failures/s,50%,66%,75%,80%,90%,95%,98%,99%,99.9%,99.99%,100%
GET,/,9525,0,22,56.86298727559034,1.1460999999997057,447.01840000000016,8688.0,499.0360365121677,0.0,22,66,82,91,140,200,290,350,430,450,450
,Aggregated,9525,0,22,56.86298727559034,1.1460999999997057,447.01840000000016,8688.0,499.0360365121677,0.0,22,66,82,91,140,200,290,350,430,450,450
