Type,Name,Request Count,Failure Count,Median Response Time,Average Response Time,Min Response Time,Max Response Time,Average Content Size,Requests/s,Failures/s,50%,66%,75%,80%,90%,95%,98%,99%,99.9%,99.99%,100%
GET,/,8834,0,28,58.8518462304733,1.244699999997323,339.44680000000017,8688.0,463.78950348544197,0.0,28,83,96,100,160,190,210,240,310,340,340
,Aggregated,8834,0,28,58.8518462304733,1.244699999997323,339.44680000000017,8688.0,463.78950348544197,0.0,28,83,96,100,160,190,210,240,310,340,340
