Type,Name,Request Count,Failure Count,Median Response Time,Average Response Time,Min Response Time,Max Response Time,Average Content Size,Requests/s,Failures/s,50%,66%,75%,80%,90%,95%,98%,99%,99.9%,99.99%,100%
GET,/,8872,0,80,142.10074747520324,1.341899999999896,1593.4720999999995,8688.0,466.6034222046881,0.0,80,99,120,170,210,900,1100,1200,1300,1600,1600
,Aggregated,8872,0,80,142.10074747520324,1.341899999999896,1593.4720999999995,8688.0,466.6034222046881,0.0,80,99,120,170,210,900,1100,1200,1300,1600,1600
