Type,Name,Request Count,Failure Count,Median Response Time,Average Response Time,Min Response Time,Max Response Time,Average Content Size,Requests/s,Failures/s,50%,66%,75%,80%,90%,95%,98%,99%,99.9%,99.99%,100%
GET,/,8552,0,25,61.630312207670784,1.0791999999995028,477.63009999999986,8688.0,449.0886008439609,0.0,25,81,91,97,160,200,290,350,440,480,480
,Aggregated,8552,0,25,61.630312207670784,1.0791999999995028,477.63009999999986,8688.0,449.0886008439609,0.0,25,81,91,97,160,200,290,350,440,480,480
