Type,Name,Request Count,Failure Count,Median Response Time,Average Response Time,Min Response Time,Max Response Time,Average Content Size,Requests/s,Failures/s,50%,66%,75%,80%,90%,95%,98%,99%,99.9%,99.99%,100%
GET,/,7477,0,10,36.842648642503526,1.1369999999999436,328.9971999999999,8688.0,391.939025163122,0.0,10,17,52,67,110,170,200,250,280,330,330
,Aggregated,7477,0,10,36.842648642503526,1.1369999999999436,328.9971999999999,8688.0,391.939025163122,0.0,10,17,52,67,110,170,200,250,280,330,330
