Type,Name,Request Count,Failure Count,Median Response Time,Average Response Time,Min Response Time,Max Response Time,Average Content Size,Requests/s,Failures/s,50%,66%,75%,80%,90%,95%,98%,99%,99.9%,99.99%,100%
GET,/,9380,0,22,51.09644219616215,1.1702000000006763,339.13179999999966,8688.0,491.5842444727814,0.0,22,61,77,84,130,180,250,280,320,340,340
,Aggregated,9380,0,22,51.09644219616215,1.1702000000006763,339.13179999999966,8688.0,491.5842444727814,0.0,22,61,77,84,130,180,250,280,320,340,340
