Type,Name,Request Count,Failure Count,Median Response Time,Average Response Time,Min Response Time,Max Response Time,Average Content Size,Requests/s,Failures/s,50%,66%,75%,80%,90%,95%,98%,99%,99.9%,99.99%,100%
GET,/,9241,0,88,94.06559454604445,1.2561000000008704,480.24369999999993,8688.0,485.2874762718544,0.0,88,99,110,120,190,210,280,310,390,480,480
,Aggregated,9241,0,88,94.06559454604445,1.2561000000008704,480.24369999999993,8688.0,485.2874762718544,0.0,88,99,110,120,190,210,280,310,390,480,480
