Type,Name,Request Count,Failure Count,Median Response Time,Average Response Time,Min Response Time,Max Response Time,Average Content Size,Requests/s,Failures/s,50%,66%,75%,80%,90%,95%,98%,99%,99.9%,99.99%,100%
GET,/,7753,0,45,65.13904618857202,1.2985000000007574,363.83289999999977,8688.0,406.42339915329643,0.0,45,81,94,100,180,200,260,290,360,360,360
,Aggregated,7753,0,45,65.13904618857202,1.2985000000007574,363.83289999999977,8688.0,406.42339915329643,0.0,45,81,94,100,180,200,260,290,360,360,360
