Type,Name,Request Count,Failure Count,Median Response Time,Average Response Time,Min Response Time,Max Response Time,Average Content Size,Requests/s,Failures/s,50%,66%,75%,80%,90%,95%,98%,99%,99.9%,99.99%,100%
GET,/,8184,0,12,48.127348863636335,1.0127999999998138,365.9545999999998,8688.0,429.2880850158438,0.0,12,47,76,88,150,200,240,270,320,370,370
,Aggregated,8184,0,12,48.127348863636335,1.0127999999998138,365.9545999999998,8688.0,429.2880850158438,0.0,12,47,76,88,150,200,240,270,320,370,370
