Type,Name,Request Count,Failure Count,Median Response Time,Average Response Time,Min Response Time,Max Response Time,Average Content Size,Requests/s,Failures/s,50%,66%,75%,80%,90%,95%,98%,99%,99.9%,99.99%,100%
GET,/,7572,0,12,43.00484515319595,1.0796000000006245,381.4082000000001,8688.0,396.98985135113276,0.0,12,45,75,85,100,160,220,270,360,380,380
,Aggregated,7572,0,12,43.00484515319595,1.0796000000006245,381.4082000000001,8688.0,396.98985135113276,0.0,12,45,75,85,100,160,220,270,360,380,380
