Type,Name,Request Count,Failure Count,Median Response Time,Average Response Time,Min Response Time,Max Response Time,Average Content Size,Requests/s,Failures/s,50%,66%,75%,80%,90%,95%,98%,99%,99.9%,99.99%,100%
GET,/,7239,0,9,35.96039124188429,1.1769000000008134,376.92329999999964,8688.0,380.1857412973343,0.0,9,17,54,70,94,170,200,270,290,380,380
,Aggregated,7239,0,9,35.96039124188429,1.1769000000008134,376.92329999999964,8688.0,380.1857412973343,0.0,9,17,54,70,94,170,200,270,290,380,380
