Type,Name,Request Count,Failure Count,Median Response Time,Average Response Time,Min Response Time,Max Response Time,Average Content Size,Requests/s,Failures/s,50%,66%,75%,80%,90%,95%,98%,99%,99.9%,99.99%,100%
GET,/,7701,0,11,45.79142423061941,1.135899999997747,393.21399999999994,8688.0,404.22360862389985,0.0,11,44,76,87,110,190,260,280,380,390,390
,Aggregated,7701,0,11,45.79142423061941,1.135899999997747,393.21399999999994,8688.0,404.22360862389985,0.0,11,44,76,87,110,190,260,280,380,390,390
