Type,Name,Request Count,Failure Count,Median Response Time,Average Response Time,Min Response Time,Max Response Time,Average Content Size,Requests/s,Failures/s,50%,66%,75%,80%,90%,95%,98%,99%,99.9%,99.99%,100%
GET,/,9792,0,51,62.54930862949362,1.1119000000014978,306.88300000000004,8688.0,512.6254887420256,0.0,51,81,94,100,160,180,220,240,260,310,310
,Aggregated,9792,0,51,62.54930862949362,1.1119000000014978,306.88300000000004,8688.0,512.6254887420256,0.0,51,81,94,100,160,180,220,240,260,310,310
