Type,Name,Request Count,Failure Count,Median Response Time,Average Response Time,Min Response Time,Max Response Time,Average Content Size,Requests/s,Failures/s,50%,66%,75%,80%,90%,95%,98%,99%,99.9%,99.99%,100%
GET,/,9415,0,20,54.3301794052045,1.3099000000007521,469.4202000000001,8688.0,494.89894025526115,0.0,20,65,81,90,150,190,250,270,460,470,470
,Aggregated,9415,0,20,54.3301794052045,1.3099000000007521,469.4202000000001,8688.0,494.89894025526115,0.0,20,65,81,90,150,190,250,270,460,470,470
