Type,Name,Request Count,Failure Count,Median Response Time,Average Response Time,Min Response Time,Max Response Time,Average Content Size,Requests/s,Failures/s,50%,66%,75%,80%,90%,95%,98%,99%,99.9%,99.99%,100%
GET,/,9741,0,76,78.11438154193615,1.3924000000002934,388.49149999999975,8688.0,513.0674734955987,0.0,76,95,110,120,180,200,230,260,310,390,390
,Aggregated,9741,0,76,78.11438154193615,1.3924000000002934,388.49149999999975,8688.0,513.0674734955987,0.0,76,95,110,120,180,200,230,260,310,390,390
