Type,Name,Request Count,Failure Count,Median Response Time,Average Response Time,Min Response Time,Max Response Time,Average Content Size,Requests/s,Failures/s,50%,66%,75%,80%,90%,95%,98%,99%,99.9%,99.99%,100%
GET,/,8417,0,26,59.576722739693196,1.079499999999456,303.08899999999994,8688.0,442.5105117668193,0.0,26,82,93,99,160,190,270,270,290,300,300
,Aggregated,8417,0,26,59.576722739693196,1.079499999999456,303.08899999999994,8688.0,442.5105117668193,0.0,26,82,93,99,160,190,270,270,290,300,300
