Type,Name,Request Count,Failure Count,Median Response Time,Average Response Time,Min Response Time,Max Response Time,Average Content Size,Requests/s,Failures/s,50%,66%,75%,80%,90%,95%,98%,99%,99.9%,99.99%,100%
GET,/,9264,0,82,88.07579398747829,1.1302000000004142,389.1156000000002,8688.0,486.396466943976,0.0,82,100,120,160,190,210,260,280,330,390,390
,Aggregated,9264,0,82,88.07579398747829,1.1302000000004142,389.1156000000002,8688.0,486.396466943976,0.0,82,100,120,160,190,210,260,280,330,390,390
