Type,Name,Request Count,Failure Count,Median Response Time,Average Response Time,Min Response Time,Max Response Time,Average Content Size,Requests/s,Failures/s,50%,66%,75%,80%,90%,95%,98%,99%,99.9%,99.99%,100%
GET,/,9525,0,120.0,136.7316177847774,1.7746000000000706,395.00639999999976,8688.0,498.86847752252976,0.0,120,180,190,200,230,280,290,300,380,400,400
,Aggregated,9525,0,120.0,136.7316177847774,1.7746000000000706,395.00639999999976,8688.0,498.86847752252976,0.0,120,180,190,200,230,280,290,300,380,400,400
