Type,Name,Request Count,Failure Count,Median Response Time,Average Response Time,Min Response Time,Max Response Time,Average Content Size,Requests/s,Failures/s,50%,66%,75%,80%,90%,95%,98%,99%,99.9%,99.99%,100%
GET,/,9552,0,17,49.28156103433833,1.1735999999977764,316.6696999999994,8688.0,500.6536316415159,0.0,17,63,81,89,120,170,250,270,290,320,320
,Aggregated,9552,0,17,49.28156103433833,1.1735999999977764,316.6696999999994,8688.0,500.6536316415159,0.0,17,63,81,89,120,170,250,270,290,320,320
