Type,Name,Request Count,Failure Count,Median Response Time,Average Response Time,Min Response Time,Max Response Time,Average Content Size,Requests/s,Failures/s,50%,66%,75%,80%,90%,95%,98%,99%,99.9%,99.99%,100%
GET,/,9598,0,18,50.10832713065216,1.072000000000628,317.1128999999997,8688.0,503.43419695139966,0.0,18,67,86,93,120,170,200,220,300,320,320
,Aggregated,9598,0,18,50.10832713065216,1.072000000000628,317.1128999999997,8688.0,503.43419695139966,0.0,18,67,86,93,120,170,200,220,300,320,320
