Type,Name,Request Count,Failure Count,Median Response Time,Average Response Time,Min Response Time,Max Response Time,Average Content Size,Requests/s,Failures/s,50%,66%,75%,80%,90%,95%,98%,99%,99.9%,99.99%,100%
GET,/,9258,0,16,45.01756618060063,1.2729000000000212,367.10870000000017,8688.0,486.41543202516056,0.0,16,50,69,80,110,170,210,260,340,370,370
,Aggregated,9258,0,16,45.01756618060063,1.2729000000000212,367.10870000000017,8688.0,486.41543202516056,0.0,16,50,69,80,110,170,210,260,340,370,370
