Type,Name,Request Count,Failure Count,Median Response Time,Average Response Time,Min Response Time,Max Response Time,Average Content Size,Requests/s,Failures/s,50%,66%,75%,80%,90%,95%,98%,99%,99.9%,99.99%,100%
GET,/,9890,0,61,73.22094576339768,1.174999999999926,455.46169999999984,8688.0,518.3363949522661,0.0,61,86,98,110,180,210,290,310,370,460,460
,Aggregated,9890,0,61,73.22094576339768,1.174999999999926,455.46169999999984,8688.0,518.3363949522661,0.0,61,86,98,110,180,210,290,310,370,460,460
