Type,Name,Request Count,Failure Count,Median Response Time,Average Response Time,Min Response Time,Max Response Time,Average Content Size,Requests/s,Failures/s,50%,66%,75%,80%,90%,95%,98%,99%,99.9%,99.99%,100%
GET,/,9322,0,23,54.272446524351075,1.1422999999997074,379.4290999999994,8688.0,489.7185191479227,0.0,23,64,82,89,120,190,290,300,360,380,380
,Aggregated,9322,0,23,54.272446524351075,1.1422999999997074,379.4290999999994,8688.0,489.7185191479227,0.0,23,64,82,89,120,190,290,300,360,380,380
