Type,Name,Request Count,Failure Count,Median Response Time,Average Response Time,Min Response Time,Max Response Time,Average Content Size,Requests/s,Failures/s,50%,66%,75%,80%,90%,95%,98%,99%,99.9%,99.99%,100%
GET,/,9760,0,130.0,146.1238102663935,1.8954999999998279,663.5704000000011,8688.0,511.24944970918295,0.0,130,180,190,200,260,290,360,410,510,660,660
,Aggregated,9760,0,130.0,146.1238102663935,1.8954999999998279,663.5704000000011,8688.0,511.24944970918295,0.0,130,180,190,200,260,290,360,410,510,660,660
