Type,Name,Request Count,Failure Count,Median Response Time,Average Response Time,Min Response Time,Max Response Time,Average Content Size,Requests/s,Failures/s,50%,66%,75%,80%,90%,95%,98%,99%,99.9%,99.99%,100%
GET,/,8753,0,20,50.58098705586646,1.0451000000006871,378.3709000000002,8688.0,458.98041689010756,0.0,20,68,81,88,110,180,200,280,350,380,380
,Aggregated,8753,0,20,50.58098705586646,1.0451000000006871,378.3709000000002,8688.0,458.98041689010756,0.0,20,68,81,88,110,180,200,280,350,380,380
