Type,Name,Request Count,Failure Count,Median Response Time,Average Response Time,Min Response Time,Max Response Time,Average Content Size,Requests/s,Failures/s,50%,66%,75%,80%,90%,95%,98%,99%,99.9%,99.99%,100%
GET,/,7709,0,11,35.62570439745749,1.1406999999987733,358.6816000000002,8688.0,403.9246350059244,0.0,11,19,54,69,97,170,190,200,310,360,360
,Aggregated,7709,0,11,35.62570439745749,1.1406999999987733,358.6816000000002,8688.0,403.9246350059244,0.0,11,19,54,69,97,170,190,200,310,360,360
