Type,Name,Request Count,Failure Count,Median Response Time,Average Response Time,Min Response Time,Max Response Time,Average Content Size,Requests/s,Failures/s,50%,66%,75%,80%,90%,95%,98%,99%,99.9%,99.99%,100%
GET,/,8461,0,9,41.145236425954735,1.134100000001581,375.3970999999998,8688.0,443.2365120509902,0.0,9,19,53,75,130,200,240,280,320,380,380
,Aggregated,8461,0,9,41.145236425954735,1.134100000001581,375.3970999999998,8688.0,443.2365120509902,0.0,9,19,53,75,130,200,240,280,320,380,380
