Type,Name,Request Count,Failure Count,Median Response Time,Average Response Time,Min Response Time,Max Response Time,Average Content Size,Requests/s,Failures/s,50%,66%,75%,80%,90%,95%,98%,99%,99.9%,99.99%,100%
GET,/,9012,0,12,46.21231207279194,1.1404000000005965,299.7765999999995,8688.0,472.32012288423323,0.0,12,48,75,88,130,190,230,250,280,300,300
,Aggregated,9012,0,12,46.21231207279194,1.1404000000005965,299.7765999999995,8688.0,472.32012288423323,0.0,12,48,75,88,130,190,230,250,280,300,300
