Type,Name,Request Count,Failure Count,Median Response Time,Average Response Time,Min Response Time,Max Response Time,Average Content Size,Requests/s,Failures/s,50%,66%,75%,80%,90%,95%,98%,99%,99.9%,99.99%,100%
GET,/,9721,0,24,50.58886668038278,1.2207000000010737,339.1951000000004,8688.0,510.8427934574111,0.0,24,61,78,89,120,170,210,230,330,340,340
,Aggregated,9721,0,24,50.58886668038278,1.2207000000010737,339.1951000000004,8688.0,510.8427934574111,0.0,24,61,78,89,120,170,210,230,330,340,340
