Type,Name,Request Count,Failure Count,Median Response Time,Average Response Time,Min Response Time,Max Response Time,Average Content Size,Requests/s,Failures/s,50%,66%,75%,80%,90%,95%,98%,99%,99.9%,99.99%,100%
GET,/,9581,0,33,54.1890239745329,1.2854000000004362,320.9894000000002,8688.0,503.17023134814224,0.0,33,72,84,91,120,180,220,270,300,320,320
,Aggregated,9581,0,33,54.1890239745329,1.2854000000004362,320.9894000000002,8688.0,503.17023134814224,0.0,33,72,84,91,120,180,220,270,300,320,320
