Type,Name,Request Count,Failure Count,Median Response Time,Average Response Time,Min Response Time,Max Response Time,Average Content Size,Requests/s,Failures/s,50%,66%,75%,80%,90%,95%,98%,99%,99.9%,99.99%,100%
GET,/,10217,0,95,103.67130368014074,1.496599999999404,356.35339999999974,8688.0,536.0076992218238,0.0,95,110,120,160,190,200,230,280,310,320,360
,Aggregated,10217,0,95,103.67130368014074,1.496599999999404,356.35339999999974,8688.0,536.0076992218238,0.0,95,110,120,160,190,200,230,280,310,320,360
