Type,Name,Request Count,Failure Count,Median Response Time,Average Response Time,Min Response Time,Max Response Time,Average Content Size,Requests/s,Failures/s,50%,66%,75%,80%,90%,95%,98%,99%,99.9%,99.99%,100%
GET,/,6823,0,8,32.59336218672118,1.0078000000000031,350.94819999999993,8688.0,358.82697020429754,0.0,8,13,52,73,98,120,180,200,290,350,350
,Aggregated,6823,0,8,32.59336218672118,1.0078000000000031,350.94819999999993,8688.0,358.82697020429754,0.0,8,13,52,73,98,120,180,200,290,350,350
