Type,Name,Request Count,Failure Count,Median Response Time,Average Response Time,Min Response Time,Max Response Time,Average Content Size,Requests/s,Failures/s,50%,66%,75%,80%,90%,95%,98%,99%,99.9%,99.99%,100%
GET,/,8380,0,15,48.21936558472541,1.2046000000012214,352.1913999999997,8688.0,440.2958743708689,0.0,15,47,79,90,140,190,220,270,320,350,350
,Aggregated,8380,0,15,48.21936558472541,1.2046000000012214,352.1913999999997,8688.0,440.2958743708689,0.0,15,47,79,90,140,190,220,270,320,350,350
