Type,Name,Request Count,Failure Count,Median Response Time,Average Response Time,Min Response Time,Max Response Time,Average Content Size,Requests/s,Failures/s,50%,66%,75%,80%,90%,95%,98%,99%,99.9%,99.99%,100%
GET,/,7151,0,10,38.946798419801375,1.1348000000008795,396.57030000000003,8688.0,375.24546903763354,0.0,10,19,59,72,110,180,240,260,350,400,400
,Aggregated,7151,0,10,38.946798419801375,1.1348000000008795,396.57030000000003,8688.0,375.24546903763354,0.0,10,19,59,72,110,180,240,260,350,400,400
