Type,Name,Request Count,Failure Count,Median Response Time,Average Response Time,Min Response Time,Max Response Time,Average Content Size,Requests/s,Failures/s,50%,66%,75%,80%,90%,95%,98%,99%,99.9%,99.99%,100%
GET,/,8255,0,13,43.97869975772255,1.0724000000017497,395.91960000000006,8688.0,433.44696701114106,0.0,13,51,71,80,100,170,220,290,390,400,400
,Aggregated,8255,0,13,43.97869975772255,1.0724000000017497,395.91960000000006,8688.0,433.44696701114106,0.0,13,51,71,80,100,170,220,290,390,400,400
