Type,Name,Request Count,Failure Count,Median Response Time,Average Response Time,Min Response Time,Max Response Time,Average Content Size,Requests/s,Failures/s,50%,66%,75%,80%,90%,95%,98%,99%,99.9%,99.99%,100%
GET,/,10199,0,75,75.21448437101647,1.438199999999057,365.3876,8688.0,533.6613596658976,0.0,75,88,96,100,170,200,240,260,310,320,370
,Aggregated,10199,0,75,75.21448437101647,1.438199999999057,365.3876,8688.0,533.6613596658976,0.0,75,88,96,100,170,200,240,260,310,320,370
