Type,Name,Request Count,Failure Count,Median Response Time,Average Response Time,Min Response Time,Max Response Time,Average Content Size,Requests/s,Failures/s,50%,66%,75%,80%,90%,95%,98%,99%,99.9%,99.99%,100%
GET,/,8868,0,54,59.06491804239954,1.112500000001404,318.9611000000001,8688.0,464.88450327698746,0.0,54,80,90,96,120,180,210,240,310,320,320
,Aggregated,8868,0,54,59.06491804239954,1.112500000001404,318.9611000000001,8688.0,464.88450327698746,0.0,54,80,90,96,120,180,210,240,310,320,320
