Type,Name,Request Count,Failure Count,Median Response Time,Average Response Time,Min Response Time,Max Response Time,Average Content Size,Requests/s,Failures/s,50%,66%,75%,80%,90%,95%,98%,99%,99.9%,99.99%,100%
GET,/,8470,0,15,48.72213255017701,1.0019000000021094,369.05189999999965,8688.0,443.72795254458805,0.0,15,49,74,86,150,190,260,280,330,370,370
,Aggregated,8470,0,15,48.72213255017701,1.0019000000021094,369.05189999999965,8688.0,443.72795254458805,0.0,15,49,74,86,150,190,260,280,330,370,370
