Type,Name,Request Count,Failure Count,Median Response Time,Average Response Time,Min Response Time,Max Response Time,Average Content Size,Requests/s,Failures/s,50%,66%,75%,80%,90%,95%,98%,99%,99.9%,99.99%,100%
GET,/,7688,0,9,39.562305072840736,1.241399999999615,393.9735000000004,8688.0,402.9519705800083,0.0,9,16,51,72,110,190,260,280,340,390,390
,Aggregated,7688,0,9,39.562305072840736,1.241399999999615,393.9735000000004,8688.0,402.9519705800083,0.0,9,16,51,72,110,190,260,280,340,390,390
