Type,Name,Request Count,Failure Count,Median Response Time,Average Response Time,Min Response Time,Max Response Time,Average Content Size,Requests/s,Failures/s,50%,66%,75%,80%,90%,95%,98%,99%,99.9%,99.99%,100%
GET,/,7797,0,10,40.42764024624848,1.0968000000026734,475.6701999999997,8688.0,409.00142494581667,0.0,10,28,69,79,96,170,270,300,470,480,480
,Aggregated,7797,0,10,40.42764024624848,1.0968000000026734,475.6701999999997,8688.0,409.00142494581667,0.0,10,28,69,79,96,170,270,300,470,480,480
