Type,Name,Request Count,Failure Count,Median Response Time,Average Response Time,Min Response Time,Max Response Time,Average Content Size,Requests/s,Failures/s,50%,66%,75%,80%,90%,95%,98%,99%,99.9%,99.99%,100%
GET,/,9533,0,13,42.22300551767536,1.0599000000013348,346.46440000000035,8688.0,499.588877223906,0.0,13,34,65,82,120,170,210,230,280,350,350
,Aggregated,9533,0,13,42.22300551767536,1.0599000000013348,346.46440000000035,8688.0,499.588877223906,0.0,13,34,65,82,120,170,210,230,280,350,350
