Type,Name,Request Count,Failure Count,Median Response Time,Average Response Time,Min Response Time,Max Response Time,Average Content Size,Requests/s,Failures/s,50%,66%,75%,80%,90%,95%,98%,99%,99.9%,99.99%,100%
GET,/,9889,0,120.0,140.98686629588448,2.0954999999993618,456.31819999999834,8688.0,519.5558595919189,0.0,120,180,190,200,260,290,310,370,400,460,460
,Aggregated,9889,0,120.0,140.98686629588448,2.0954999999993618,456.31819999999834,8688.0,519.5558595919189,0.0,120,180,190,200,260,290,310,370,400,460,460
