Type,Name,Request Count,Failure Count,Median Response Time,Average Response Time,Min Response Time,Max Response Time,Average Content Size,Requests/s,Failures/s,50%,66%,75%,80%,90%,95%,98%,99%,99.9%,99.99%,100%
GET,/,7639,0,11,39.346032556617224,1.0668999999996487,321.7847999999997,8688.0,400.6778580004444,0.0,11,17,48,73,120,190,230,260,300,320,320
,Aggregated,7639,0,11,39.346032556617224,1.0668999999996487,321.7847999999997,8688.0,400.6778580004444,0.0,11,17,48,73,120,190,230,260,300,320,320
