Type,Name,Request Count,Failure Count,Median Response Time,Average Response Time,Min Response Time,Max Response Time,Average Content Size,Requests/s,Failures/s,50%,66%,75%,80%,90%,95%,98%,99%,99.9%,99.99%,100%
GET,/,8385,0,18,60.36106002385211,1.2878000000000611,394.28280000000007,8688.0,439.4025205833363,0.0,18,71,85,94,180,240,290,340,370,390,390
,Aggregated,8385,0,18,60.36106002385211,1.2878000000000611,394.28280000000007,8688.0,439.4025205833363,0.0,18,71,85,94,180,240,290,340,370,390,390
