Type,Name,Request Count,Failure Count,Median Response Time,Average Response Time,Min Response Time,Max Response Time,Average Content Size,Requests/s,Failures/s,50%,66%,75%,80%,90%,95%,98%,99%,99.9%,99.99%,100%
GET,/,9041,0,20,58.913975456254946,1.2012999999999607,380.1315999999999,8688.0,473.7554400784181,0.0,20,69,88,99,180,210,270,290,320,380,380
,Aggregated,9041,0,20,58.913975456254946,1.2012999999999607,380.1315999999999,8688.0,473.7554400784181,0.0,20,69,88,99,180,210,270,290,320,380,380
