Type,Name,Request Count,Failure Count,Median Response Time,Average Response Time,Min Response Time,Max Response Time,Average Content Size,Requests/s,Failures/s,50%,66%,75%,80%,90%,95%,98%,99%,99.9%,99.99%,100%
GET,/,9717,0,20,47.10337086549342,1.1113999999992075,331.0322000000001,8688.0,509.27484792249714,0.0,20,56,76,86,120,160,200,210,310,330,330
,Aggregated,9717,0,20,47.10337086549342,1.1113999999992075,331.0322000000001,8688.0,509.27484792249714,0.0,20,56,76,86,120,160,200,210,310,330,330
