Type,Name,Request Count,Failure Count,Median Response Time,Average Response Time,Min Response Time,Max Response Time,Average Content Size,Requests/s,Failures/s,50%,66%,75%,80%,90%,95%,98%,99%,99.9%,99.99%,100%
GET,/,8960,0,12,44.325003504464156,1.153099999999796,354.19,8688.0,469.2694968702163,0.0,12,32,63,76,130,190,260,280,320,350,350
,Aggregated,8960,0,12,44.325003504464156,1.153099999999796,354.19,8688.0,469.2694968702163,0.0,12,32,63,76,130,190,260,280,320,350,350
