Type,Name,Request Count,Failure Count,Median Response Time,Average Response Time,Min Response Time,Max Response Time,Average Content Size,Requests/s,Failures/s,50%,66%,75%,80%,90%,95%,98%,99%,99.9%,99.99%,100%
GET,/,9489,0,61,72.0264669933608,1.1758999999997855,377.5522000000002,8688.0,498.7051960194355,0.0,61,90,100,110,180,210,270,290,320,380,380
,Aggregated,9489,0,61,72.0264669933608,1.1758999999997855,377.5522000000002,8688.0,498.7051960194355,0.0,61,90,100,110,180,210,270,290,320,380,380
