Type,Name,Request Count,Failure Count,Median Response Time,Average Response Time,Min Response Time,Max Response Time,Average Content Size,Requests/s,Failures/s,50%,66%,75%,80%,90%,95%,98%,99%,99.9%,99.99%,100%
GET,/,9131,0,110.0,129.21173126711176,1.321999999998269,498.02199999999976,8688.0,481.5830337747378,0.0,110,180,190,200,240,280,300,310,400,500,500
,Aggregated,9131,0,110.0,129.21173126711176,1.321999999998269,498.02199999999976,8688.0,481.5830337747378,0.0,110,180,190,200,240,280,300,310,400,500,500
