Type,Name,Request Count,Failure Count,Median Response Time,Average Response Time,Min Response Time,Max Response Time,Average Content Size,Requests/s,Failures/s,50%,66%,75%,80%,90%,95%,98%,99%,99.9%,99.99%,100%
GET,/,8749,0,14,45.18413608412415,1.0532999999988135,396.9173000000001,8688.0,459.36638744801957,0.0,14,47,71,82,110,180,270,280,380,400,400
,Aggregated,8749,0,14,45.18413608412415,1.0532999999988135,396.9173000000001,8688.0,459.36638744801957,0.0,14,47,71,82,110,180,270,280,380,400,400
