Type,Name,Request Count,Failure Count,Median Response Time,Average Response Time,Min Response Time,Max Response Time,Average Content Size,Requests/s,Failures/s,50%,66%,75%,80%,90%,95%,98%,99%,99.9%,99.99%,100%
GET,/,8579,0,13,40.50301114348992,1.0103999999984126,399.19949999999994,8688.0,449.688036129275,0.0,13,31,62,73,110,180,200,230,400,400,400
,Aggregated,8579,0,13,40.50301114348992,1.0103999999984126,399.19949999999994,8688.0,449.688036129275,0.0,13,31,62,73,110,180,200,230,400,400,400
