Type,Name,Request Count,Failure Count,Median Response Time,Average Response Time,Min Response Time,Max Response Time,Average Content Size,Requests/s,Failures/s,50%,66%,75%,80%,90%,95%,98%,99%,99.9%,99.99%,100%
GET,/,6744,0,10,23.086553440094896,1.1338000000007398,211.50279999999987,8688.0,358.91936288584384,0.0,10,14,22,32,74,88,110,150,210,210,210
,Aggregated,6744,0,10,23.086553440094896,1.1338000000007398,211.50279999999987,8688.0,358.91936288584384,0.0,10,14,22,32,74,88,110,150,210,210,210
