Type,Name,Request Count,Failure Count,Median Response Time,Average Response Time,Min Response Time,Max Response Time,Average Content Size,Requests/s,Failures/s,50%,66%,75%,80%,90%,95%,98%,99%,99.9%,99.99%,100%
GET,/,10073,0,86,89.81729465898924,1.400300000000243,380.7698000000004,8688.0,529.180198171791,0.0,86,100,110,130,180,200,230,270,320,340,380
,Aggregated,10073,0,86,89.81729465898924,1.400300000000243,380.7698000000004,8688.0,529.180198171791,0.0,86,100,110,130,180,200,230,270,320,340,380
