Type,Name,Request Count,Failure Count,Median Response Time,Average Response Time,Min Response Time,Max Response Time,Average Content Size,Requests/s,Failures/s,50%,66%,75%,80%,90%,95%,98%,99%,99.9%,99.99%,100%
GET,/,8638,0,17,49.37386867330388,1.2329000000015355,406.08160000000026,8688.0,453.583692489509,0.0,17,56,75,87,110,180,260,290,400,410,410
,Aggregated,8638,0,17,49.37386867330388,1.2329000000015355,406.08160000000026,8688.0,453.583692489509,0.0,17,56,75,87,110,180,260,290,400,410,410
