Type,Name,Request Count,Failure Count,Median Response Time,Average Response Time,Min Response Time,Max Response Time,Average Content Size,Requests/s,Failures/s,50%,66%,75%,80%,90%,95%,98%,99%,99.9%,99.99%,100%
GET,/,9731,0,37,60.20997766930433,1.2483999999997053,361.59739999999994,8688.0,509.7293307037323,0.0,37,77,93,100,150,190,230,250,290,360,360
,Aggregated,9731,0,37,60.20997766930433,1.2483999999997053,361.59739999999994,8688.0,509.7293307037323,0.0,37,77,93,100,150,190,230,250,290,360,360
