Type,Name,Request Count,Failure Count,Median Response Time,Average Response Time,Min Response Time,Max Response Time,Average Content Size,Requests/s,Failures/s,50%,66%,75%,80%,90%,95%,98%,99%,99.9%,99.99%,100%
GET,/,10167,0,69,69.36324477230252,1.4655999999995117,387.18239999999946,8688.0,533.5766192941361,0.0,69,88,95,100,140,180,210,250,310,390,390
,Aggregated,10167,0,69,69.36324477230252,1.4655999999995117,387.18239999999946,8688.0,533.5766192941361,0.0,69,88,95,100,140,180,210,250,310,390,390
