Type,Name,Request Count,Failure Count,Median Response Time,Average Response Time,Min Response Time,Max Response Time,Average Content Size,Requests/s,Failures/s,50%,66%,75%,80%,90%,95%,98%,99%,99.9%,99.99%,100%
GET,/,9848,0,95,103.23798990658004,1.273600000001096,474.5835000000014,8688.0,515.4583098543004,0.0,95,110,140,170,190,230,280,310,390,470,470
,Aggregated,9848,0,95,103.23798990658004,1.273600000001096,474.5835000000014,8688.0,515.4583098543004,0.0,95,110,140,170,190,230,280,310,390,470,470
