Type,Name,Request Count,Failure Count,Median Response Time,Average Response Time,Min Response Time,Max Response Time,Average Content Size,Requests/s,Failures/s,50%,66%,75%,80%,90%,95%,98%,99%,99.9%,99.99%,100%
GET,/,8458,0,16,49.1197554504612,1.1289999999988254,321.9734000000001,8688.0,443.450705995102,0.0,16,66,82,92,120,180,200,230,300,320,320
,Aggregated,8458,0,16,49.1197554504612,1.1289999999988254,321.9734000000001,8688.0,443.450705995102,0.0,16,66,82,92,120,180,200,230,300,320,320
