Type,Name,Request Count,Failure Count,Median Response Time,Average Response Time,Min Response Time,Max Response Time,Average Content Size,Requests/s,Failures/s,50%,66%,75%,80%,90%,95%,98%,99%,99.9%,99.99%,100%
GET,/,7621,0,11,43.422541661199396,1.1180999999993446,509.86719999999997,8688.0,399.46439782900393,0.0,11,42,71,83,110,180,210,290,420,510,510
,Aggregated,7621,0,11,43.422541661199396,1.1180999999993446,509.86719999999997,8688.0,399.46439782900393,0.0,11,42,71,83,110,180,210,290,420,510,510
