Type,Name,Request Count,Failure Count,Median Response Time,Average Response Time,Min Response Time,Max Response Time,Average Content Size,Requests/s,Failures/s,50%,66%,75%,80%,90%,95%,98%,99%,99.9%,99.99%,100%
GET,/,7798,0,14,47.583420992561926,1.0839000000011367,320.61989999999963,8688.0,409.6497521311575,0.0,14,64,83,90,110,180,190,280,300,320,320
,Aggregated,7798,0,14,47.583420992561926,1.0839000000011367,320.61989999999963,8688.0,409.6497521311575,0.0,14,64,83,90,110,180,190,280,300,320,320
