Type,Name,Request Count,Failure Count,Median Response Time,Average Response Time,Min Response Time,Max Response Time,Average Content Size,Requests/s,Failures/s,50%,66%,75%,80%,90%,95%,98%,99%,99.9%,99.99%,100%
GET,/,9302,0,45,59.3338721027738,1.2468999999981634,412.59729999999985,8688.0,487.4385958599782,0.0,45,79,89,95,130,180,250,280,370,410,410
,Aggregated,9302,0,45,59.3338721027738,1.2468999999981634,412.59729999999985,8688.0,487.4385958599782,0.0,45,79,89,95,130,180,250,280,370,410,410
