Type,Name,Request Count,Failure Count,Median Response Time,Average Response Time,Min Response Time,Max Response Time,Average Content Size,Requests/s,Failures/s,50%,66%,75%,80%,90%,95%,98%,99%,99.9%,99.99%,100%
GET,/,8742,0,13,40.160286582017925,1.055499999999654,381.76330000000024,8688.0,459.43210548645544,0.0,13,33,60,72,100,150,240,250,360,380,380
,Aggregated,8742,0,13,40.160286582017925,1.055499999999654,381.76330000000024,8688.0,459.43210548645544,0.0,13,33,60,72,100,150,240,250,360,380,380
