Type,Name,Request Count,Failure Count,Median Response Time,Average Response Time,Min Response Time,Max Response Time,Average Content Size,Requests/s,Failures/s,50%,66%,75%,80%,90%,95%,98%,99%,99.9%,99.99%,100%
GET,/,9788,0,38,56.66046010420924,1.2676999999996497,408.0433999999995,8688.0,512.6635965012072,0.0,38,75,87,93,130,180,220,240,340,410,410
,Aggregated,9788,0,38,56.66046010420924,1.2676999999996497,408.0433999999995,8688.0,512.6635965012072,0.0,38,75,87,93,130,180,220,240,340,410,410
