Type,Name,Request Count,Failure Count,Median Response Time,Average Response Time,Min Response Time,Max Response Time,Average Content Size,Requests/s,Failures/s,50%,66%,75%,80%,90%,95%,98%,99%,99.9%,99.99%,100%
GET,/,9189,0,72,72.45647836543702,1.2913000000001063,380.8883000000005,8688.0,482.128905754561,0.0,72,92,100,110,170,190,230,290,310,380,380
,Aggregated,9189,0,72,72.45647836543702,1.2913000000001063,380.8883000000005,8688.0,482.128905754561,0.0,72,92,100,110,170,190,230,290,310,380,380
