Type,Name,Request Count,Failure Count,Median Response Time,Average Response Time,Min Response Time,Max Response Time,Average Content Size,Requests/s,Failures/s,50%,66%,75%,80%,90%,95%,98%,99%,99.9%,99.99%,100%
GET,/,8236,0,18,53.170053557552144,1.2323999999992452,412.7355000000001,8688.0,431.75518624974177,0.0,18,74,87,93,120,190,240,300,330,410,410
,Aggregated,8236,0,18,53.170053557552144,1.2323999999992452,412.7355000000001,8688.0,431.75518624974177,0.0,18,74,87,93,120,190,240,300,330,410,410
