Type,Name,Request Count,Failure Count,Median Response Time,Average Response Time,Min Response Time,Max Response Time,Average Content Size,Requests/s,Failures/s,50%,66%,75%,80%,90%,95%,98%,99%,99.9%,99.99%,100%
GET,/,9305,0,18,44.829851327243354,1.0723000000005811,396.5968000000002,8688.0,489.6409559656595,0.0,18,51,70,81,110,160,210,240,310,400,400
,Aggregated,9305,0,18,44.829851327243354,1.0723000000005811,396.5968000000002,8688.0,489.6409559656595,0.0,18,51,70,81,110,160,210,240,310,400,400
