Type,Name,Request Count,Failure Count,Median Response Time,Average Response Time,Min Response Time,Max Response Time,Average Content Size,Requests/s,Failures/s,50%,66%,75%,80%,90%,95%,98%,99%,99.9%,99.99%,100%
GET,/,9460,0,18,48.77298514799145,1.069999999998572,357.38749999999976,8688.0,496.1017260883805,0.0,18,63,78,86,110,180,230,260,310,360,360
,Aggregated,9460,0,18,48.77298514799145,1.069999999998572,357.38749999999976,8688.0,496.1017260883805,0.0,18,63,78,86,110,180,230,260,310,360,360
