Type,Name,Request Count,Failure Count,Median Response Time,Average Response Time,Min Response Time,Max Response Time,Average Content Size,Requests/s,Failures/s,50%,66%,75%,80%,90%,95%,98%,99%,99.9%,99.99%,100%
GET,/,7974,0,89,90.47010951843524,1.4175999999999078,419.6837000000002,8688.0,418.3262212763589,0.0,89,100,110,130,190,210,270,290,410,420,420
,Aggregated,7974,0,89,90.47010951843524,1.4175999999999078,419.6837000000002,8688.0,418.3262212763589,0.0,89,100,110,130,190,210,270,290,410,420,420
