Type,Name,Request Count,Failure Count,Median Response Time,Average Response Time,Min Response Time,Max Response Time,Average Content Size,Requests/s,Failures/s,50%,66%,75%,80%,90%,95%,98%,99%,99.9%,99.99%,100%
GET,/,7459,0,10,39.537965598605474,1.0782999999996434,398.3015000000001,8688.0,391.9064756293424,0.0,10,35,65,78,100,160,190,260,290,400,400
,Aggregated,7459,0,10,39.537965598605474,1.0782999999996434,398.3015000000001,8688.0,391.9064756293424,0.0,10,35,65,78,100,160,190,260,290,400,400
