Type,Name,Request Count,Failure Count,Median Response Time,Average Response Time,Min Response Time,Max Response Time,Average Content Size,Requests/s,Failures/s,50%,66%,75%,80%,90%,95%,98%,99%,99.9%,99.99%,100%
GET,/,9467,0,110.0,145.60069738037382,1.8168000000002849,529.0353999999998,8688.0,496.9401815817957,0.0,110,180,200,210,280,310,390,400,480,530,530
,Aggregated,9467,0,110.0,145.60069738037382,1.8168000000002849,529.0353999999998,8688.0,496.9401815817957,0.0,110,180,200,210,280,310,390,400,480,530,530
