Type,Name,Request Count,Failure Count,Median Response Time,Average Response Time,Min Response Time,Max Response Time,Average Content Size,Requests/s,Failures/s,50%,66%,75%,80%,90%,95%,98%,99%,99.9%,99.99%,100%
GET,/,10044,0,20,50.97620098566328,1.209199999998134,299.4637999999998,8688.0,526.1460580356699,0.0,20,64,81,91,130,180,210,240,280,290,300
,Aggregated,10044,0,20,50.97620098566328,1.209199999998134,299.4637999999998,8688.0,526.1460580356699,0.0,20,64,81,91,130,180,210,240,280,290,300
