Type,Name,Request Count,Failure Count,Median Response Time,Average Response Time,Min Response Time,Max Response Time,Average Content Size,Requests/s,Failures/s,50%,66%,75%,80%,90%,95%,98%,99%,99.9%,99.99%,100%
GET,/,9018,0,64,72.23443760257271,1.5546000000004057,366.4110999999988,8688.0,471.76086940361785,0.0,64,89,100,120,170,200,250,300,320,370,370
,Aggregated,9018,0,64,72.23443760257271,1.5546000000004057,366.4110999999988,8688.0,471.76086940361785,0.0,64,89,100,120,170,200,250,300,320,370,370
