Type,Name,Request Count,Failure Count,Median Response Time,Average Response Time,Min Response Time,Max Response Time,Average Content Size,Requests/s,Failures/s,50%,66%,75%,80%,90%,95%,98%,99%,99.9%,99.99%,100%
GET,/,7380,0,11,37.19152814363151,1.1137999999988324,351.0235000000001,8688.0,387.81067685371033,0.0,11,20,61,73,95,160,200,250,270,350,350
,Aggregated,7380,0,11,37.19152814363151,1.1137999999988324,351.0235000000001,8688.0,387.81067685371033,0.0,11,20,61,73,95,160,200,250,270,350,350
