Type,Name,Request Count,Failure Count,Median Response Time,Average Response Time,Min Response Time,Max Response Time,Average Content Size,Requests/s,Failures/s,50%,66%,75%,80%,90%,95%,98%,99%,99.9%,99.99%,100%
GET,/,7834,0,9,38.09112073015079,1.1533000000003568,280.9043,8688.0,411.04183061715435,0.0,9,22,61,77,110,160,200,240,260,280,280
,Aggregated,7834,0,9,38.09112073015079,1.1533000000003568,280.9043,8688.0,411.04183061715435,0.0,9,22,61,77,110,160,200,240,260,280,280
