Type,Name,Request Count,Failure Count,Median Response Time,Average Response Time,Min Response Time,Max Response Time,Average Content Size,Requests/s,Failures/s,50%,66%,75%,80%,90%,95%,98%,99%,99.9%,99.99%,100%
GET,/,10273,0,62,65.71355104643244,1.2416999999995681,353.52680000000004,8688.0,538.0910529738533,0.0,62,82,92,99,150,190,240,270,310,350,350
,Aggregated,10273,0,62,65.71355104643244,1.2416999999995681,353.52680000000004,8688.0,538.0910529738533,0.0,62,82,92,99,150,190,240,270,310,350,350
