Type,Name,Request Count,Failure Count,Median Response Time,Average Response Time,Min Response Time,Max Response Time,Average Content Size,Requests/s,Failures/s,50%,66%,75%,80%,90%,95%,98%,99%,99.9%,99.99%,100%
GET,/,8457,0,13,48.6134668913329,1.0628999999990896,417.2870999999993,8688.0,442.9542731181152,0.0,13,53,79,89,120,190,280,300,400,420,420
,Aggregated,8457,0,13,48.6134668913329,1.0628999999990896,417.2870999999993,8688.0,442.9542731181152,0.0,13,53,79,89,120,190,280,300,400,420,420
