Type,Name,Request Count,Failure Count,Median Response Time,Average Response Time,Min Response Time,Max Response Time,Average Content Size,Requests/s,Failures/s,50%,66%,75%,80%,90%,95%,98%,99%,99.9%,99.99%,100%
GET,/,9331,0,18,47.7322032901082,1.4778999999993658,380.8897,8688.0,488.97634600444735,0.0,18,49,69,80,110,190,260,290,370,380,380
,Aggregated,9331,0,18,47.7322032901082,1.4778999999993658,380.8897,8688.0,488.97634600444735,0.0,18,49,69,80,110,190,260,290,370,380,380
