Type,Name,Request Count,Failure Count,Median Response Time,Average Response Time,Min Response Time,Max Response Time,Average Content Size,Requests/s,Failures/s,50%,66%,75%,80%,90%,95%,98%,99%,99.9%,99.99%,100%
GET,/,7938,0,12,45.96218815822619,1.4571999999990481,397.56039999999973,8688.0,416.30529401943363,0.0,12,28,65,77,150,200,270,290,370,400,400
,Aggregated,7938,0,12,45.96218815822619,1.4571999999990481,397.56039999999973,8688.0,416.30529401943363,0.0,12,28,65,77,150,200,270,290,370,400,400
