Type,Name,Request Count,Failure Count,Median Response Time,Average Response Time,Min Response Time,Max Response Time,Average Content Size,Requests/s,Failures/s,50%,66%,75%,80%,90%,95%,98%,99%,99.9%,99.99%,100%
GET,/,9428,0,93,116.8983876007636,1.7646000000013373,501.1193999999994,8688.0,491.97645608405213,0.0,93,110,170,180,220,290,350,390,480,500,500
,Aggregated,9428,0,93,116.8983876007636,1.7646000000013373,501.1193999999994,8688.0,491.97645608405213,0.0,93,110,170,180,220,290,350,390,480,500,500
