Type,Name,Request Count,Failure Count,Median Response Time,Average Response Time,Min Response Time,Max Response Time,Average Content Size,Requests/s,Failures/s,50%,66%,75%,80%,90%,95%,98%,99%,99.9%,99.99%,100%
GET,/,7645,0,18,50.511524368868486,1.452300000000406,377.31400000000014,8688.0,401.1628551251235,0.0,18,62,83,91,120,180,230,290,350,380,380
,Aggregated,7645,0,18,50.511524368868486,1.452300000000406,377.31400000000014,8688.0,401.1628551251235,0.0,18,62,83,91,120,180,230,290,350,380,380
