Type,Name,Request Count,Failure Count,Median Response Time,Average Response Time,Min Response Time,Max Response Time,Average Content Size,Requests/s,Failures/s,50%,66%,75%,80%,90%,95%,98%,99%,99.9%,99.99%,100%
GET,/,8939,0,64,68.75874048551282,1.3568999999975517,397.18190000000055,8688.0,468.74692935613126,0.0,64,87,97,100,180,200,260,290,390,400,400
,Aggregated,8939,0,64,68.75874048551282,1.3568999999975517,397.18190000000055,8688.0,468.74692935613126,0.0,64,87,97,100,180,200,260,290,390,400,400
