Type,Name,Request Count,Failure Count,Median Response Time,Average Response Time,Min Response Time,Max Response Time,Average Content Size,Requests/s,Failures/s,50%,66%,75%,80%,90%,95%,98%,99%,99.9%,99.99%,100%
GET,/,8783,0,16,45.10676884891272,1.671500000000492,344.37149999999986,8688.0,460.31020727594967,0.0,16,33,63,77,120,200,250,270,330,340,340
,Aggregated,8783,0,16,45.10676884891272,1.671500000000492,344.37149999999986,8688.0,460.31020727594967,0.0,16,33,63,77,120,200,250,270,330,340,340
