Type,Name,Request Count,Failure Count,Median Response Time,Average Response Time,Min Response Time,Max Response Time,Average Content Size,Requests/s,Failures/s,50%,66%,75%,80%,90%,95%,98%,99%,99.9%,99.99%,100%
GET,/,8555,0,23,55.88554756282886,1.2617999999982032,402.0275,8688.0,448.3867106139476,0.0,23,68,81,91,130,190,270,280,380,400,400
,Aggregated,8555,0,23,55.88554756282886,1.2617999999982032,402.0275,8688.0,448.3867106139476,0.0,23,68,81,91,130,190,270,280,380,400,400
