Type,Name,Request Count,Failure Count,Median Response Time,Average Response Time,Min Response Time,Max Response Time,Average Content Size,Requests/s,Failures/s,50%,66%,75%,80%,90%,95%,98%,99%,99.9%,99.99%,100%
GET,/,9097,0,80,84.00125989886803,1.561900000000449,394.0228999999995,8688.0,476.3514680745464,0.0,80,96,110,120,190,210,250,290,300,390,390
,Aggregated,9097,0,80,84.00125989886803,1.561900000000449,394.0228999999995,8688.0,476.3514680745464,0.0,80,96,110,120,190,210,250,290,300,390,390
