Type,Name,Request Count,Failure Count,Median Response Time,Average Response Time,Min Response Time,Max Response Time,Average Content Size,Requests/s,Failures/s,50%,66%,75%,80%,90%,95%,98%,99%,99.9%,99.99%,100%
GET,/,7322,0,8,41.61326290630978,1.2986999999995419,558.0628,8688.0,384.7343790221749,0.0,8,15,56,73,110,200,300,370,450,560,560
,Aggregated,7322,0,8,41.61326290630978,1.2986999999995419,558.0628,8688.0,384.7343790221749,0.0,8,15,56,73,110,200,300,370,450,560,560
