Type,Name,Request Count,Failure Count,Median Response Time,Average Response Time,Min Response Time,Max Response Time,Average Content Size,Requests/s,Failures/s,50%,66%,75%,80%,90%,95%,98%,99%,99.9%,99.99%,100%
GET,/,9941,0,75,77.14321454582048,1.653600000000921,399.17599999999976,8688.0,520.9905311232344,0.0,75,90,99,110,170,200,250,260,340,400,400
,Aggregated,9941,0,75,77.14321454582048,1.653600000000921,399.17599999999976,8688.0,520.9905311232344,0.0,75,90,99,110,170,200,250,260,340,400,400
