Type,Name,Request Count,Failure Count,Median Response Time,Average Response Time,Min Response Time,Max Response Time,Average Content Size,Requests/s,Failures/s,50%,66%,75%,80%,90%,95%,98%,99%,99.9%,99.99%,100%
GET,/,10119,0,93,102.50847859472279,1.8532999999987254,392.01619999999957,8688.0,530.6796108551112,0.0,93,110,130,160,190,210,240,270,330,390,390
,Aggregated,10119,0,93,102.50847859472279,1.8532999999987254,392.01619999999957,8688.0,530.6796108551112,0.0,93,110,130,160,190,210,240,270,330,390,390
