Type,Name,Request Count,Failure Count,Median Response Time,Average Response Time,Min Response Time,Max Response Time,Average Content Size,Requests/s,Failures/s,50%,66%,75%,80%,90%,95%,98%,99%,99.9%,99.99%,100%
GET,/,9129,0,84,92.65507007339208,1.536099999999152,490.3506999999987,8688.0,479.34063337813757,0.0,84,96,110,130,200,260,310,370,400,490,490
,Aggregated,9129,0,84,92.65507007339208,1.536099999999152,490.3506999999987,8688.0,479.34063337813757,0.0,84,96,110,130,200,260,310,370,400,490,490
