Type,Name,Request Count,Failure Count,Median Response Time,Average Response Time,Min Response Time,Max Response Time,Average Content Size,Requests/s,Failures/s,50%,66%,75%,80%,90%,95%,98%,99%,99.9%,99.99%,100%
GET,/,8782,0,45,64.03160165110441,1.5239999999998588,351.7815000000004,8688.0,460.8208259952825,0.0,45,76,87,95,180,210,260,280,330,350,350
,Aggregated,8782,0,45,64.03160165110441,1.5239999999998588,351.7815000000004,8688.0,460.8208259952825,0.0,45,76,87,95,180,210,260,280,330,350,350
