Type,Name,Request Count,Failure Count,Median Response Time,Average Response Time,Min Response Time,Max Response Time,Average Content Size,Requests/s,Failures/s,50%,66%,75%,80%,90%,95%,98%,99%,99.9%,99.99%,100%
GET,/,9255,0,99,122.98673061047985,1.4740999999993676,458.54850000000005,8688.0,485.15092591624,0.0,99,120,170,190,220,290,310,340,400,460,460
,Aggregated,9255,0,99,122.98673061047985,1.4740999999993676,458.54850000000005,8688.0,485.15092591624,0.0,99,120,170,190,220,290,310,340,400,460,460
