Type,Name,Request Count,Failure Count,Median Response Time,Average Response Time,Min Response Time,Max Response Time,Average Content Size,Requests/s,Failures/s,50%,66%,75%,80%,90%,95%,98%,99%,99.9%,99.99%,100%
GET,/,9041,0,67,66.24529409357375,1.5026000000002426,411.8629,8688.0,474.9230611215033,0.0,67,85,91,96,110,200,290,300,410,410,410
,Aggregated,9041,0,67,66.24529409357375,1.5026000000002426,411.8629,8688.0,474.9230611215033,0.0,67,85,91,96,110,200,290,300,410,410,410
