Type,Name,Request Count,Failure Count,Median Response Time,Average Response Time,Min Response Time,Max Response Time,Average Content Size,Requests/s,Failures/s,50%,66%,75%,80%,90%,95%,98%,99%,99.9%,99.99%,100%
GET,/,8919,0,22,56.61776592667318,1.3205000000002798,432.9396000000001,8688.0,467.24846312540797,0.0,22,70,81,88,140,200,270,350,410,430,430
,Aggregated,8919,0,22,56.61776592667318,1.3205000000002798,432.9396000000001,8688.0,467.24846312540797,0.0,22,70,81,88,140,200,270,350,410,430,430
