Type,Name,Request Count,Failure Count,Median Response Time,Average Response Time,Min Response Time,Max Response Time,Average Content Size,Requests/s,Failures/s,50%,66%,75%,80%,90%,95%,98%,99%,99.9%,99.99%,100%
GET,/,8031,0,10,37.89012354625826,1.2173000000004208,420.8210999999995,8688.0,421.14788733688664,0.0,10,19,52,71,97,180,270,290,410,420,420
,Aggregated,8031,0,10,37.89012354625826,1.2173000000004208,420.8210999999995,8688.0,421.14788733688664,0.0,10,19,52,71,97,180,270,290,410,420,420
