Type,Name,Request Count,Failure Count,Median Response Time,Average Response Time,Min Response Time,Max Response Time,Average Content Size,Requests/s,Failures/s,50%,66%,75%,80%,90%,95%,98%,99%,99.9%,99.99%,100%
GET,/,9373,0,56,63.29480323268962,1.2552999999968506,385.2159999999998,8688.0,492.7437458397983,0.0,56,79,87,94,150,190,270,280,340,390,390
,Aggregated,9373,0,56,63.29480323268962,1.2552999999968506,385.2159999999998,8688.0,492.7437458397983,0.0,56,79,87,94,150,190,270,280,340,390,390
