Type,Name,Request Count,Failure Count,Median Response Time,Average Response Time,Min Response Time,Max Response Time,Average Content Size,Requests/s,Failures/s,50%,66%,75%,80%,90%,95%,98%,99%,99.9%,99.99%,100%
GET,/,8418,0,67,76.2772045972912,1.5309000000023332,590.0575999999998,8688.0,441.9830719110986,0.0,67,83,94,100,190,210,350,400,490,590,590
,Aggregated,8418,0,67,76.2772045972912,1.5309000000023332,590.0575999999998,8688.0,441.9830719110986,0.0,67,83,94,100,190,210,350,400,490,590,590
