Type,Name,Request Count,Failure Count,Median Response Time,Average Response Time,Min Response Time,Max Response Time,Average Content Size,Requests/s,Failures/s,50%,66%,75%,80%,90%,95%,98%,99%,99.9%,99.99%,100%
GET,/,7261,0,13,40.75390458614491,1.1627999999994643,380.7799000000003,8688.0,381.29336515038864,0.0,13,39,68,80,100,170,190,250,340,380,380
,Aggregated,7261,0,13,40.75390458614491,1.1627999999994643,380.7799000000003,8688.0,381.29336515038864,0.0,13,39,68,80,100,170,190,250,340,380,380
