Type,Name,Request Count,Failure Count,Median Response Time,Average Response Time,Min Response Time,Max Response Time,Average Content Size,Requests/s,Failures/s,50%,66%,75%,80%,90%,95%,98%,99%,99.9%,99.99%,100%
GET,/,9214,0,62,73.56710095506848,1.3657000000009134,502.98639999999926,8688.0,482.73662448853617,0.0,62,85,94,100,180,260,310,360,440,500,500
,Aggregated,9214,0,62,73.56710095506848,1.3657000000009134,502.98639999999926,8688.0,482.73662448853617,0.0,62,85,94,100,180,260,310,360,440,500,500
