Type,Name,Request Count,Failure Count,Median Response Time,Average Response Time,Min Response Time,Max Response Time,Average Content Size,Requests/s,Failures/s,50%,66%,75%,80%,90%,95%,98%,99%,99.9%,99.99%,100%
GET,/,9213,0,68,70.24711505481436,1.6497000000015305,481.28099999999915,8688.0,482.696563029513,0.0,68,85,91,98,170,210,280,300,360,480,480
,Aggregated,9213,0,68,70.24711505481436,1.6497000000015305,481.28099999999915,8688.0,482.696563029513,0.0,68,85,91,98,170,210,280,300,360,480,480
