Type,Name,Request Count,Failure Count,Median Response Time,Average Response Time,Min Response Time,Max Response Time,Average Content Size,Requests/s,Failures/s,50%,66%,75%,80%,90%,95%,98%,99%,99.9%,99.99%,100%
GET,/,8262,0,10,42.44175479302839,1.3378999999993368,269.8073999999999,8688.0,433.2104619507416,0.0,10,28,64,77,140,190,230,250,270,270,270
,Aggregated,8262,0,10,42.44175479302839,1.3378999999993368,269.8073999999999,8688.0,433.2104619507416,0.0,10,28,64,77,140,190,230,250,270,270,270
