Type,Name,Request Count,Failure Count,Median Response Time,Average Response Time,Min Response Time,Max Response Time,Average Content Size,Requests/s,Failures/s,50%,66%,75%,80%,90%,95%,98%,99%,99.9%,99.99%,100%
GET,/,9037,0,34,55.788203441407354,1.3301000000005558,415.98230000000046,8688.0,472.76115394360335,0.0,34,72,86,93,120,180,200,270,300,420,420
,Aggregated,9037,0,34,55.788203441407354,1.3301000000005558,415.98230000000046,8688.0,472.76115394360335,0.0,34,72,86,93,120,180,200,270,300,420,420
