Type,Name,Request Count,Failure Count,Median Response Time,Average Response Time,Min Response Time,Max Response Time,Average Content Size,Requests/s,Failures/s,50%,66%,75%,80%,90%,95%,98%,99%,99.9%,99.99%,100%
GET,/,7726,0,13,53.075094046078526,1.3982000000005712,551.0175000000004,8688.0,405.0190150828534,0.0,13,66,82,88,110,230,310,380,540,550,550
,Aggregated,7726,0,13,53.075094046078526,1.3982000000005712,551.0175000000004,8688.0,405.0190150828534,0.0,13,66,82,88,110,230,310,380,540,550,550
