Type,Name,Request Count,Failure Count,Median Response Time,Average Response Time,Min Response Time,Max Response Time,Average Content Size,Requests/s,Failures/s,50%,66%,75%,80%,90%,95%,98%,99%,99.9%,99.99%,100%
GET,/,7914,0,12,38.44217438716202,1.180099999999129,373.0296000000002,8688.0,415.06165320239177,0.0,12,19,54,67,100,160,240,310,370,370,370
,Aggregated,7914,0,12,38.44217438716202,1.180099999999129,373.0296000000002,8688.0,415.06165320239177,0.0,12,19,54,67,100,160,240,310,370,370,370
