Type,Name,Request Count,Failure Count,Median Response Time,Average Response Time,Min Response Time,Max Response Time,Average Content Size,Requests/s,Failures/s,50%,66%,75%,80%,90%,95%,98%,99%,99.9%,99.99%,100%
GET,/,8573,0,22,56.261062930129604,1.5145000000007514,490.83570000000077,8688.0,449.70327236716037,0.0,22,69,81,87,130,200,290,370,400,490,490
,Aggregated,8573,0,22,56.261062930129604,1.5145000000007514,490.83570000000077,8688.0,449.70327236716037,0.0,22,69,81,87,130,200,290,370,400,490,490
