Type,Name,Request Count,Failure Count,Median Response Time,Average Response Time,Min Response Time,Max Response Time,Average Content Size,Requests/s,Failures/s,50%,66%,75%,80%,90%,95%,98%,99%,99.9%,99.99%,100%
GET,/,8441,0,14,45.61310813884583,1.205900000000426,393.5146999999999,8688.0,442.78772805291624,0.0,14,25,54,72,160,200,280,300,360,390,390
,Aggregated,8441,0,14,45.61310813884583,1.205900000000426,393.5146999999999,8688.0,442.78772805291624,0.0,14,25,54,72,160,200,280,300,360,390,390
