Type,Name,Request Count,Failure Count,Median Response Time,Average Response Time,Min Response Time,Max Response Time,Average Content Size,Requests/s,Failures/s,50%,66%,75%,80%,90%,95%,98%,99%,99.9%,99.99%,100%
GET,/,8287,0,18,52.37137975141776,1.6081000000003343,301.76669999999996,8688.0,433.9656627710402,0.0,18,58,75,91,160,190,230,240,300,300,300
,Aggregated,8287,0,18,52.37137975141776,1.6081000000003343,301.76669999999996,8688.0,433.9656627710402,0.0,18,58,75,91,160,190,230,240,300,300,300
