Type,Name,Request Count,Failure Count,Median Response Time,Average Response Time,Min Response Time,Max Response Time,Average Content Size,Requests/s,Failures/s,50%,66%,75%,80%,90%,95%,98%,99%,99.9%,99.99%,100%
GET,/,9111,0,22,53.75556686423019,1.452300000000406,369.57160000000044,8688.0,476.75510166883294,0.0,22,65,79,88,140,190,240,260,350,370,370
,Aggregated,9111,0,22,53.75556686423019,1.452300000000406,369.57160000000044,8688.0,476.75510166883294,0.0,22,65,79,88,140,190,240,260,350,370,370
