Type,Name,Request Count,Failure Count,Median Response Time,Average Response Time,Min Response Time,Max Response Time,Average Content Size,Requests/s,Failures/s,50%,66%,75%,80%,90%,95%,98%,99%,99.9%,99.99%,100%
GET,/,8429,0,78,87.83625814450119,1.4420000000008315,507.1159999999999,8688.0,442.68800624119444,0.0,78,94,100,120,210,290,350,380,440,510,510
,Aggregated,8429,0,78,87.83625814450119,1.4420000000008315,507.1159999999999,8688.0,442.68800624119444,0.0,78,94,100,120,210,290,350,380,440,510,510
