Type,Name,Request Count,Failure Count,Median Response Time,Average Response Time,Min Response Time,Max Response Time,Average Content Size,Requests/s,Failures/s,50%,66%,75%,80%,90%,95%,98%,99%,99.9%,99.99%,100%
GET,/,8837,0,17,50.47366610840782,1.4335000000009757,386.26000000000005,8688.0,463.72488462134567,0.0,17,53,73,85,120,200,280,290,380,390,390
,Aggregated,8837,0,17,50.47366610840782,1.4335000000009757,386.26000000000005,8688.0,463.72488462134567,0.0,17,53,73,85,120,200,280,290,380,390,390
