Type,Name,Request Count,Failure Count,Median Response Time,Average Response Time,Min Response Time,Max Response Time,Average Content Size,Requests/s,Failures/s,50%,66%,75%,80%,90%,95%,98%,99%,99.9%,99.99%,100%
GET,/,8204,0,12,46.69476652852258,1.2786999999985227,441.8679000000001,8688.0,429.8210139003658,0.0,12,39,67,79,150,200,260,290,370,440,440
,Aggregated,8204,0,12,46.69476652852258,1.2786999999985227,441.8679000000001,8688.0,429.8210139003658,0.0,12,39,67,79,150,200,260,290,370,440,440
