Type,Name,Request Count,Failure Count,Median Response Time,Average Response Time,Min Response Time,Max Response Time,Average Content Size,Requests/s,Failures/s,50%,66%,75%,80%,90%,95%,98%,99%,99.9%,99.99%,100%
GET,/,9576,0,97,108.75217583542207,1.807299999999401,406.75360000000006,8688.0,501.8293044542384,0.0,97,120,160,180,200,220,280,290,390,410,410
,Aggregated,9576,0,97,108.75217583542207,1.807299999999401,406.75360000000006,8688.0,501.8293044542384,0.0,97,120,160,180,200,220,280,290,390,410,410
