Type,Name,Request Count,Failure Count,Median Response Time,Average Response Time,Min Response Time,Max Response Time,Average Content Size,Requests/s,Failures/s,50%,66%,75%,80%,90%,95%,98%,99%,99.9%,99.99%,100%
GET,/,8665,0,16,48.80085594922109,1.2632999999979688,342.0120000000004,8688.0,454.01451134229774,0.0,16,52,72,83,150,190,250,280,320,340,340
,Aggregated,8665,0,16,48.80085594922109,1.2632999999979688,342.0120000000004,8688.0,454.01451134229774,0.0,16,52,72,83,150,190,250,280,320,340,340
