Type,Name,Request Count,Failure Count,Median Response Time,Average Response Time,Min Response Time,Max Response Time,Average Content Size,Requests/s,Failures/s,50%,66%,75%,80%,90%,95%,98%,99%,99.9%,99.99%,100%
GET,/,8960,0,18,51.44222454241056,1.5114000000000516,487.6327000000007,8688.0,469.54832134283276,0.0,18,58,78,86,110,190,280,310,400,490,490
,Aggregated,8960,0,18,51.44222454241056,1.5114000000000516,487.6327000000007,8688.0,469.54832134283276,0.0,18,58,78,86,110,190,280,310,400,490,490
