Type,Name,Request Count,Failure Count,Median Response Time,Average Response Time,Min Response Time,Max Response Time,Average Content Size,Requests/s,Failures/s,50%,66%,75%,80%,90%,95%,98%,99%,99.9%,99.99%,100%
GET,/,9154,0,16,40.836420952589016,1.4225000000003263,338.5066000000001,8688.0,479.3971912381522,0.0,16,38,63,73,99,150,210,240,330,340,340
,Aggregated,9154,0,16,40.836420952589016,1.4225000000003263,338.5066000000001,8688.0,479.3971912381522,0.0,16,38,63,73,99,150,210,240,330,340,340
