Type,Name,Request Count,Failure Count,Median Response Time,Average Response Time,Min Response Time,Max Response Time,Average Content Size,Requests/s,Failures/s,50%,66%,75%,80%,90%,95%,98%,99%,99.9%,99.99%,100%
GET,/,9272,0,72,70.64562034081075,1.4348000000001804,339.6847000000003,8688.0,487.1918017213274,0.0,72,88,97,100,150,190,230,260,330,340,340
,Aggregated,9272,0,72,70.64562034081075,1.4348000000001804,339.6847000000003,8688.0,487.1918017213274,0.0,72,88,97,100,150,190,230,260,330,340,340
