Type,Name,Request Count,Failure Count,Median Response Time,Average Response Time,Min Response Time,Max Response Time,Average Content Size,Requests/s,Failures/s,50%,66%,75%,80%,90%,95%,98%,99%,99.9%,99.99%,100%
GET,/,8528,0,65,77.01139167448395,1.4593000000004963,507.0610000000002,8688.0,445.7472041217724,0.0,65,84,99,110,190,240,310,360,460,510,510
,Aggregated,8528,0,65,77.01139167448395,1.4593000000004963,507.0610000000002,8688.0,445.7472041217724,0.0,65,84,99,110,190,240,310,360,460,510,510
