Type,Name,Request Count,Failure Count,Median Response Time,Average Response Time,Min Response Time,Max Response Time,Average Content Size,Requests/s,Failures/s,50%,66%,75%,80%,90%,95%,98%,99%,99.9%,99.99%,100%
GET,/,9321,0,88,92.54695828773777,1.825900000000047,473.3175999999997,8688.0,489.16168070961595,0.0,88,100,110,120,180,200,290,310,380,470,470
,Aggregated,9321,0,88,92.54695828773777,1.825900000000047,473.3175999999997,8688.0,489.16168070961595,0.0,88,100,110,120,180,200,290,310,380,470,470
