Type,Name,Request Count,Failure Count,Median Response Time,Average Response Time,Min Response Time,Max Response Time,Average Content Size,Requests/s,Failures/s,50%,66%,75%,80%,90%,95%,98%,99%,99.9%,99.99%,100%
GET,/,8912,0,49,63.76405877468578,1.2785999999991304,315.13789999999983,8688.0,467.6362692301957,0.0,49,84,96,100,180,200,210,240,300,320,320
,Aggregated,8912,0,49,63.76405877468578,1.2785999999991304,315.13789999999983,8688.0,467.6362692301957,0.0,49,84,96,100,180,200,210,240,300,320,320
