Type,Name,Request Count,Failure Count,Median Response Time,Average Response Time,Min Response Time,Max Response Time,Average Content Size,Requests/s,Failures/s,50%,66%,75%,80%,90%,95%,98%,99%,99.9%,99.99%,100%
GET,/,9501,0,74,75.94578223344897,1.8145999999994444,376.54059999999936,8688.0,498.6318846140424,0.0,74,88,96,100,180,200,250,290,320,380,380
,Aggregated,9501,0,74,75.94578223344897,1.8145999999994444,376.54059999999936,8688.0,498.6318846140424,0.0,74,88,96,100,180,200,250,290,320,380,380
