Type,Name,Request Count,Failure Count,Median Response Time,Average Response Time,Min Response Time,Max Response Time,Average Content Size,Requests/s,Failures/s,50%,66%,75%,80%,90%,95%,98%,99%,99.9%,99.99%,100%
GET,/,9284,0,77,75.93807315812168,1.6806000000002541,511.9286999999995,8688.0,487.4085404369192,0.0,77,89,97,100,150,190,270,290,510,510,510
,Aggregated,9284,0,77,75.93807315812168,1.6806000000002541,511.9286999999995,8688.0,487.4085404369192,0.0,77,89,97,100,150,190,270,290,510,510,510
