Type,Name,Request Count,Failure Count,Median Response Time,Average Response Time,Min Response Time,Max Response Time,Average Content Size,Requests/s,Failures/s,50%,66%,75%,80%,90%,95%,98%,99%,99.9%,99.99%,100%
GET,/,7460,0,9,35.11106880697055,1.2433000000005023,310.7144000000002,8688.0,392.0234027996198,0.0,9,14,41,61,110,180,210,220,290,310,310
,Aggregated,7460,0,9,35.11106880697055,1.2433000000005023,310.7144000000002,8688.0,392.0234027996198,0.0,9,14,41,61,110,180,210,220,290,310,310
