Type,Name,Request Count,Failure Count,Median Response Time,Average Response Time,Min Response Time,Max Response Time,Average Content Size,Requests/s,Failures/s,50%,66%,75%,80%,90%,95%,98%,99%,99.9%,99.99%,100%
GET,/,9432,0,49,64.01170519508055,1.5741999999985268,381.9901000000003,8688.0,494.18516419752564,0.0,49,83,90,96,170,200,270,290,330,380,380
,Aggregated,9432,0,49,64.01170519508055,1.5741999999985268,381.9901000000003,8688.0,494.18516419752564,0.0,49,83,90,96,170,200,270,290,330,380,380
