Type,Name,Request Count,Failure Count,Median Response Time,Average Response Time,Min Response Time,Max Response Time,Average Content Size,Requests/s,Failures/s,50%,66%,75%,80%,90%,95%,98%,99%,99.9%,99.99%,100%
GET,/,9117,0,20,51.29252346166491,1.270999999999134,417.24409999999955,8688.0,478.81921903326787,0.0,20,64,76,81,100,200,280,300,380,420,420
,Aggregated,9117,0,20,51.29252346166491,1.270999999999134,417.24409999999955,8688.0,478.81921903326787,0.0,20,64,76,81,100,200,280,300,380,420,420
