Type,Name,Request Count,Failure Count,Median Response Time,Average Response Time,Min Response Time,Max Response Time,Average Content Size,Requests/s,Failures/s,50%,66%,75%,80%,90%,95%,98%,99%,99.9%,99.99%,100%
GET,/,9579,0,88,91.00667494519212,2.166199999999563,478.76800000000054,8688.0,502.54914270329783,0.0,88,99,110,120,180,200,270,290,390,480,480
,Aggregated,9579,0,88,91.00667494519212,2.166199999999563,478.76800000000054,8688.0,502.54914270329783,0.0,88,99,110,120,180,200,270,290,390,480,480
