Type,Name,Request Count,Failure Count,Median Response Time,Average Response Time,Min Response Time,Max Response Time,Average Content Size,Requests/s,Failures/s,50%,66%,75%,80%,90%,95%,98%,99%,99.9%,99.99%,100%
GET,/,9061,0,92,105.89138593974216,1.822999999999908,480.0829000000002,8688.0,475.0417101136731,0.0,92,110,140,170,210,250,300,360,390,480,480
,Aggregated,9061,0,92,105.89138593974216,1.822999999999908,480.0829000000002,8688.0,475.0417101136731,0.0,92,110,140,170,210,250,300,360,390,480,480
