Type,Name,Request Count,Failure Count,Median Response Time,Average Response Time,Min Response Time,Max Response Time,Average Content Size,Requests/s,Failures/s,50%,66%,75%,80%,90%,95%,98%,99%,99.9%,99.99%,100%
GET,/,9748,0,87,98.63341122281506,1.5280999999998102,402.4859000000003,8688.0,511.0848416648055,0.0,87,100,120,160,200,240,290,300,360,400,400
,Aggregated,9748,0,87,98.63341122281506,1.5280999999998102,402.4859000000003,8688.0,511.0848416648055,0.0,87,100,120,160,200,240,290,300,360,400,400
