Type,Name,Request Count,Failure Count,Median Response Time,Average Response Time,Min Response Time,Max Response Time,Average Content Size,Requests/s,Failures/s,50%,66%,75%,80%,90%,95%,98%,99%,99.9%,99.99%,100%
GET,/,9802,0,91,103.96687851458923,1.6970000000000596,425.3887999999986,8688.0,516.0294298896179,0.0,91,100,120,160,200,250,290,320,390,430,430
,Aggregated,9802,0,91,103.96687851458923,1.6970000000000596,425.3887999999986,8688.0,516.0294298896179,0.0,91,100,120,160,200,250,290,320,390,430,430
