Type,Name,Request Count,Failure Count,Median Response Time,Average Response Time,Min Response Time,Max Response Time,Average Content Size,Requests/s,Failures/s,50%,66%,75%,80%,90%,95%,98%,99%,99.9%,99.99%,100%
GET,/,9625,0,110.0,132.29997900259724,3.0874999999994657,415.9902999999989,8688.0,505.9318210904549,0.0,110,170,190,190,210,270,290,300,360,420,420
,Aggregated,9625,0,110.0,132.29997900259724,3.0874999999994657,415.9902999999989,8688.0,505.9318210904549,0.0,110,170,190,190,210,270,290,300,360,420,420
