Type,Name,Request Count,Failure Count,Median Response Time,Average Response Time,Min Response Time,Max Response Time,Average Content Size,Requests/s,Failures/s,50%,66%,75%,80%,90%,95%,98%,99%,99.9%,99.99%,100%
GET,/,8940,0,22,55.974700425056064,1.5938000000002006,461.2791999999999,8688.0,469.19615754707655,0.0,22,67,82,93,150,190,280,300,370,460,460
,Aggregated,8940,0,22,55.974700425056064,1.5938000000002006,461.2791999999999,8688.0,469.19615754707655,0.0,22,67,82,93,150,190,280,300,370,460,460
