Type,Name,Request Count,Failure Count,Median Response Time,Average Response Time,Min Response Time,Max Response Time,Average Content Size,Requests/s,Failures/s,50%,66%,75%,80%,90%,95%,98%,99%,99.9%,99.99%,100%
GET,/,7491,0,13,36.333245361100005,1.292899999999264,292.2944000000003,8688.0,392.91808072286,0.0,13,20,48,62,99,170,220,230,270,290,290
,Aggregated,7491,0,13,36.333245361100005,1.292899999999264,292.2944000000003,8688.0,392.91808072286,0.0,13,20,48,62,99,170,220,230,270,290,290
