Type,Name,Request Count,Failure Count,Median Response Time,Average Response Time,Min Response Time,Max Response Time,Average Content Size,Requests/s,Failures/s,50%,66%,75%,80%,90%,95%,98%,99%,99.9%,99.99%,100%
GET,/,10024,0,89,96.13280097765374,1.7731000000011932,326.0395999999979,8688.0,525.2335015190079,0.0,89,100,120,160,190,210,250,280,300,310,330
,Aggregated,10024,0,89,96.13280097765374,1.7731000000011932,326.0395999999979,8688.0,525.2335015190079,0.0,89,100,120,160,190,210,250,280,300,310,330
