Type,Name,Request Count,Failure Count,Median Response Time,Average Response Time,Min Response Time,Max Response Time,Average Content Size,Requests/s,Failures/s,50%,66%,75%,80%,90%,95%,98%,99%,99.9%,99.99%,100%
GET,/,8255,0,19,52.66380488188983,1.4049000000007084,390.7007,8688.0,432.6131417289795,0.0,19,66,80,89,120,200,260,280,310,390,390
,Aggregated,8255,0,19,52.66380488188983,1.4049000000007084,390.7007,8688.0,432.6131417289795,0.0,19,66,80,89,120,200,260,280,310,390,390
