Type,Name,Request Count,Failure Count,Median Response Time,Average Response Time,Min Response Time,Max Response Time,Average Content Size,Requests/s,Failures/s,50%,66%,75%,80%,90%,95%,98%,99%,99.9%,99.99%,100%
GET,/,9105,0,76,80.40042774299826,1.6216999999976167,398.3351000000006,8688.0,478.84214634257904,0.0,76,94,100,110,190,250,300,330,380,400,400
,Aggregated,9105,0,76,80.40042774299826,1.6216999999976167,398.3351000000006,8688.0,478.84214634257904,0.0,76,94,100,110,190,250,300,330,380,400,400
