Type,Name,Request Count,Failure Count,Median Response Time,Average Response Time,Min Response Time,Max Response Time,Average Content Size,Requests/s,Failures/s,50%,66%,75%,80%,90%,95%,98%,99%,99.9%,99.99%,100%
GET,/,8483,0,48,75.8503079099375,1.4073000000003333,485.50819999999993,8688.0,443.1794312358793,0.0,48,82,100,120,200,280,310,370,410,490,490
,Aggregated,8483,0,48,75.8503079099375,1.4073000000003333,485.50819999999993,8688.0,443.1794312358793,0.0,48,82,100,120,200,280,310,370,410,490,490
