Type,Name,Request Count,Failure Count,Median Response Time,Average Response Time,Min Response Time,Max Response Time,Average Content Size,Requests/s,Failures/s,50%,66%,75%,80%,90%,95%,98%,99%,99.9%,99.99%,100%
GET,/,9072,0,63,68.5808288139329,1.3543000000000305,396.21119999999974,8688.0,475.87659815979464,0.0,63,82,94,110,180,200,230,280,390,400,400
,Aggregated,9072,0,63,68.5808288139329,1.3543000000000305,396.21119999999974,8688.0,475.87659815979464,0.0,63,82,94,110,180,200,230,280,390,400,400
