Type,Name,Request Count,Failure Count,Median Response Time,Average Response Time,Min Response Time,Max Response Time,Average Content Size,Requests/s,Failures/s,50%,66%,75%,80%,90%,95%,98%,99%,99.9%,99.99%,100%
GET,/,9957,0,76,74.77134291453265,1.6217999999987853,355.44759999999974,8688.0,521.6711110329431,0.0,76,88,96,100,160,190,240,270,340,360,360
,Aggregated,9957,0,76,74.77134291453265,1.6217999999987853,355.44759999999974,8688.0,521.6711110329431,0.0,76,88,96,100,160,190,240,270,340,360,360
