Type,Name,Request Count,Failure Count,Median Response Time,Average Response Time,Min Response Time,Max Response Time,Average Content Size,Requests/s,Failures/s,50%,66%,75%,80%,90%,95%,98%,99%,99.9%,99.99%,100%
GET,/,8093,0,18,48.66032437909314,1.4870000000009043,459.04580000000016,8688.0,423.9812914403448,0.0,18,52,68,80,130,190,250,260,430,460,460
,Aggregated,8093,0,18,48.66032437909314,1.4870000000009043,459.04580000000016,8688.0,423.9812914403448,0.0,18,52,68,80,130,190,250,260,430,460,460
