Type,Name,Request Count,Failure Count,Median Response Time,Average Response Time,Min Response Time,Max Response Time,Average Content Size,Requests/s,Failures/s,50%,66%,75%,80%,90%,95%,98%,99%,99.9%,99.99%,100%
GET,/,8895,0,60,64.88428356380011,1.4129999999994425,337.1665999999998,8688.0,467.8694589683927,0.0,60,81,89,98,170,190,250,270,320,340,340
,Aggregated,8895,0,60,64.88428356380011,1.4129999999994425,337.1665999999998,8688.0,467.8694589683927,0.0,60,81,89,98,170,190,250,270,320,340,340
