Type,Name,Request Count,Failure Count,Median Response Time,Average Response Time,Min Response Time,Max Response Time,Average Content Size,Requests/s,Failures/s,50%,66%,75%,80%,90%,95%,98%,99%,99.9%,99.99%,100%
GET,/,8750,0,67,65.7045051085713,1.440000000000552,338.68980000000005,8688.0,458.32100065999185,0.0,68,87,95,100,140,190,210,240,300,340,340
,Aggregated,8750,0,67,65.7045051085713,1.440000000000552,338.68980000000005,8688.0,458.32100065999185,0.0,68,87,95,100,140,190,210,240,300,340,340
