Type,Name,Request Count,Failure Count,Median Response Time,Average Response Time,Min Response Time,Max Response Time,Average Content Size,Requests/s,Failures/s,50%,66%,75%,80%,90%,95%,98%,99%,99.9%,99.99%,100%
GET,/,9318,0,78,82.15119886241656,1.5786000000002076,324.44779999999975,8688.0,489.6072009401054,0.0,78,96,110,110,180,200,260,280,310,320,320
,Aggregated,9318,0,78,82.15119886241656,1.5786000000002076,324.44779999999975,8688.0,489.6072009401054,0.0,78,96,110,110,180,200,260,280,310,320,320
