Type,Name,Request Count,Failure Count,Median Response Time,Average Response Time,Min Response Time,Max Response Time,Average Content Size,Requests/s,Failures/s,50%,66%,75%,80%,90%,95%,98%,99%,99.9%,99.99%,100%
GET,/,8589,0,23,55.90628701827929,1.4824999999998312,369.11879999999985,8688.0,450.0232633277546,0.0,23,70,82,90,150,190,270,270,330,370,370
,Aggregated,8589,0,23,55.90628701827929,1.4824999999998312,369.11879999999985,8688.0,450.0232633277546,0.0,23,70,82,90,150,190,270,270,330,370,370
