Type,Name,Request Count,Failure Count,Median Response Time,Average Response Time,Min Response Time,Max Response Time,Average Content Size,Requests/s,Failures/s,50%,66%,75%,80%,90%,95%,98%,99%,99.9%,99.99%,100%
GET,/,9306,0,69,70.19297124435849,1.4950999999996384,309.2143000000007,8688.0,487.51983161214235,0.0,69,86,95,100,170,200,210,270,300,310,310
,Aggregated,9306,0,69,70.19297124435849,1.4950999999996384,309.2143000000007,8688.0,487.51983161214235,0.0,69,86,95,100,170,200,210,270,300,310,310
