Type,Name,Request Count,Failure Count,Median Response Time,Average Response Time,Min Response Time,Max Response Time,Average Content Size,Requests/s,Failures/s,50%,66%,75%,80%,90%,95%,98%,99%,99.9%,99.99%,100%
GET,/,9353,0,48,61.801164471292985,1.5923999999998273,383.6300999999995,8688.0,490.60736262616894,0.0,48,75,85,92,130,200,280,290,310,380,380
,Aggregated,9353,0,48,61.801164471292985,1.5923999999998273,383.6300999999995,8688.0,490.60736262616894,0.0,48,75,85,92,130,200,280,290,310,380,380
