Type,Name,Request Count,Failure Count,Median Response Time,Average Response Time,Min Response Time,Max Response Time,Average Content Size,Requests/s,Failures/s,50%,66%,75%,80%,90%,95%,98%,99%,99.9%,99.99%,100%
GET,/,9487,0,56,65.31329215768974,1.2459000000006881,390.01339999999993,8688.0,497.7086616291702,0.0,56,82,95,100,160,190,230,280,360,390,390
,Aggregated,9487,0,56,65.31329215768974,1.2459000000006881,390.01339999999993,8688.0,497.7086616291702,0.0,56,82,95,100,160,190,230,280,360,390,390
