Type,Name,Request Count,Failure Count,Median Response Time,Average Response Time,Min Response Time,Max Response Time,Average Content Size,Requests/s,Failures/s,50%,66%,75%,80%,90%,95%,98%,99%,99.9%,99.99%,100%
GET,/,10006,0,87,86.45451365180874,1.345600000000502,388.0422999999995,8688.0,524.89298296515,0.0,87,97,100,110,180,200,220,260,360,370,390
,Aggregated,10006,0,87,86.45451365180874,1.345600000000502,388.0422999999995,8688.0,524.89298296515,0.0,87,97,100,110,180,200,220,260,360,370,390
