Type,Name,Request Count,Failure Count,Median Response Time,Average Response Time,Min Response Time,Max Response Time,Average Content Size,Requests/s,Failures/s,50%,66%,75%,80%,90%,95%,98%,99%,99.9%,99.99%,100%
GET,/,8880,0,100.0,119.4597760022522,1.7256000000003269,443.6412000000001,8688.0,465.9363812164089,0.0,100,120,180,190,220,290,300,360,430,440,440
,Aggregated,8880,0,100.0,119.4597760022522,1.7256000000003269,443.6412000000001,8688.0,465.9363812164089,0.0,100,120,180,190,220,290,300,360,430,440,440
