Type,Name,Request Count,Failure Count,Median Response Time,Average Response Time,Min Response Time,Max Response Time,Average Content Size,Requests/s,Failures/s,50%,66%,75%,80%,90%,95%,98%,99%,99.9%,99.99%,100%
GET,/,8902,0,19,49.95943053246444,1.3762999999995529,337.38390000000027,8688.0,467.1575903814645,0.0,19,64,77,84,130,180,200,210,330,340,340
,Aggregated,8902,0,19,49.95943053246444,1.3762999999995529,337.38390000000027,8688.0,467.1575903814645,0.0,19,64,77,84,130,180,200,210,330,340,340
