Type,Name,Request Count,Failure Count,Median Response Time,Average Response Time,Min Response Time,Max Response Time,Average Content Size,Requests/s,Failures/s,50%,66%,75%,80%,90%,95%,98%,99%,99.9%,99.99%,100%
GET,/,9589,0,83,91.58679355511507,2.1234000000003306,398.4975999999989,8688.0,502.285163733998,0.0,83,100,110,140,190,260,290,300,370,400,400
,Aggregated,9589,0,83,91.58679355511507,2.1234000000003306,398.4975999999989,8688.0,502.285163733998,0.0,83,100,110,140,190,260,290,300,370,400,400
