Type,Name,Request Count,Failure Count,Median Response Time,Average Response Time,Min Response Time,Max Response Time,Average Content Size,Requests/s,Failures/s,50%,66%,75%,80%,90%,95%,98%,99%,99.9%,99.99%,100%
GET,/,9172,0,76,76.3407230375055,1.4474999999976035,429.18570000000057,8688.0,481.3065979509934,0.0,76,89,97,100,170,200,280,300,380,430,430
,Aggregated,9172,0,76,76.3407230375055,1.4474999999976035,429.18570000000057,8688.0,481.3065979509934,0.0,76,89,97,100,170,200,280,300,380,430,430
