Type,Name,Request Count,Failure Count,Median Response Time,Average Response Time,Min Response Time,Max Response Time,Average Content Size,Requests/s,Failures/s,50%,66%,75%,80%,90%,95%,98%,99%,99.9%,99.99%,100%
GET,/,7812,0,12,47.59448330773173,1.2126000000005632,525.2868,8688.0,411.10675128720607,0.0,12,48,72,81,140,200,260,280,440,530,530
,Aggregated,7812,0,12,47.59448330773173,1.2126000000005632,525.2868,8688.0,411.10675128720607,0.0,12,48,72,81,140,200,260,280,440,530,530
