Type,Name,Request Count,Failure Count,Median Response Time,Average Response Time,Min Response Time,Max Response Time,Average Content Size,Requests/s,Failures/s,50%,66%,75%,80%,90%,95%,98%,99%,99.9%,99.99%,100%
GET,/,7988,0,12,35.90538294942399,1.3095999999990227,294.2058000000003,8688.0,419.7378995227851,0.0,12,23,58,69,93,150,200,230,270,290,290
,Aggregated,7988,0,12,35.90538294942399,1.3095999999990227,294.2058000000003,8688.0,419.7378995227851,0.0,12,23,58,69,93,150,200,230,270,290,290
