Type,Name,Request Count,Failure Count,Median Response Time,Average Response Time,Min Response Time,Max Response Time,Average Content Size,Requests/s,Failures/s,50%,66%,75%,80%,90%,95%,98%,99%,99.9%,99.99%,100%
GET,/,9210,0,63,64.1897945059718,1.4162000000013109,404.3855999999999,8688.0,483.008396681479,0.0,63,82,90,94,130,190,220,280,350,400,400
,Aggregated,9210,0,63,64.1897945059718,1.4162000000013109,404.3855999999999,8688.0,483.008396681479,0.0,63,82,90,94,130,190,220,280,350,400,400
