Type,Name,Request Count,Failure Count,Median Response Time,Average Response Time,Min Response Time,Max Response Time,Average Content Size,Requests/s,Failures/s,50%,66%,75%,80%,90%,95%,98%,99%,99.9%,99.99%,100%
GET,/,9211,0,25,54.34646090543917,1.4578000000007307,386.19680000000045,8688.0,481.8861877126883,0.0,25,65,78,85,130,200,260,280,340,390,390
,Aggregated,9211,0,25,54.34646090543917,1.4578000000007307,386.19680000000045,8688.0,481.8861877126883,0.0,25,65,78,85,130,200,260,280,340,390,390
