Type,Name,Request Count,Failure Count,Median Response Time,Average Response Time,Min Response Time,Max Response Time,Average Content Size,Requests/s,Failures/s,50%,66%,75%,80%,90%,95%,98%,99%,99.9%,99.99%,100%
GET,/,8750,0,23,58.783605371428855,1.415100000002667,418.7200000000004,8688.0,457.4879094388307,0.0,23,69,85,94,180,210,270,320,400,420,420
,Aggregated,8750,0,23,58.783605371428855,1.415100000002667,418.7200000000004,8688.0,457.4879094388307,0.0,23,69,85,94,180,210,270,320,400,420,420
