Type,Name,Request Count,Failure Count,Median Response Time,Average Response Time,Min Response Time,Max Response Time,Average Content Size,Requests/s,Failures/s,50%,66%,75%,80%,90%,95%,98%,99%,99.9%,99.99%,100%
GET,/,8925,0,75,78.76260146778759,1.5052000000004284,485.8294000000001,8688.0,468.1019638526172,0.0,75,88,99,110,190,210,270,290,360,490,490
,Aggregated,8925,0,75,78.76260146778759,1.5052000000004284,485.8294000000001,8688.0,468.1019638526172,0.0,75,88,99,110,190,210,270,290,360,490,490
