Type,Name,Request Count,Failure Count,Median Response Time,Average Response Time,Min Response Time,Max Response Time,Average Content Size,Requests/s,Failures/s,50%,66%,75%,80%,90%,95%,98%,99%,99.9%,99.99%,100%
GET,/,8073,0,66,78.19243806515546,1.5049000000004753,500.50239999999934,8688.0,421.8908866735355,0.0,66,85,97,110,190,270,360,390,460,500,500
,Aggregated,8073,0,66,78.19243806515546,1.5049000000004753,500.50239999999934,8688.0,421.8908866735355,0.0,66,85,97,110,190,270,360,390,460,500,500
