Type,Name,Request Count,Failure Count,Median Response Time,Average Response Time,Min Response Time,Max Response Time,Average Content Size,Requests/s,Failures/s,50%,66%,75%,80%,90%,95%,98%,99%,99.9%,99.99%,100%
GET,/,8409,0,86,93.22478775121893,1.417899999999861,409.8810999999998,8688.0,440.6845547607427,0.0,86,97,110,140,200,250,290,300,340,410,410
,Aggregated,8409,0,86,93.22478775121893,1.417899999999861,409.8810999999998,8688.0,440.6845547607427,0.0,86,97,110,140,200,250,290,300,340,410,410
