Type,Name,Request Count,Failure Count,Median Response Time,Average Response Time,Min Response Time,Max Response Time,Average Content Size,Requests/s,Failures/s,50%,66%,75%,80%,90%,95%,98%,99%,99.9%,99.99%,100%
GET,/,7818,0,49,69.24531734458934,1.3994999999979996,493.81870000000026,8688.0,410.05936853390494,0.0,49,78,95,110,190,240,290,310,410,490,490
,Aggregated,7818,0,49,69.24531734458934,1.3994999999979996,493.81870000000026,8688.0,410.05936853390494,0.0,49,78,95,110,190,240,290,310,410,490,490
