Type,Name,Request Count,Failure Count,Median Response Time,Average Response Time,Min Response Time,Max Response Time,Average Content Size,Requests/s,Failures/s,50%,66%,75%,80%,90%,95%,98%,99%,99.9%,99.99%,100%
GET,/,7472,0,9,39.38706017130637,1.330199999999948,361.78329999999994,8688.0,391.7863935638992,0.0,9,26,65,77,100,180,200,270,340,360,360
,Aggregated,7472,0,9,39.38706017130637,1.330199999999948,361.78329999999994,8688.0,391.7863935638992,0.0,9,26,65,77,100,180,200,270,340,360,360
