Type,Name,Request Count,Failure Count,Median Response Time,Average Response Time,Min Response Time,Max Response Time,Average Content Size,Requests/s,Failures/s,50%,66%,75%,80%,90%,95%,98%,99%,99.9%,99.99%,100%
GET,/,8618,0,20,53.32533905778623,1.3071999999993977,392.52859999999947,8688.0,451.5467941000137,0.0,20,65,78,85,110,190,280,290,350,390,390
,Aggregated,8618,0,20,53.32533905778623,1.3071999999993977,392.52859999999947,8688.0,451.5467941000137,0.0,20,65,78,85,110,190,280,290,350,390,390
