Type,Name,Request Count,Failure Count,Median Response Time,Average Response Time,Min Response Time,Max Response Time,Average Content Size,Requests/s,Failures/s,50%,66%,75%,80%,90%,95%,98%,99%,99.9%,99.99%,100%
GET,/,8886,0,71,73.70160599819935,1.308099999999257,406.3504999999994,8688.0,466.5705550257184,0.0,71,86,97,100,170,220,290,300,380,410,410
,Aggregated,8886,0,71,73.70160599819935,1.308099999999257,406.3504999999994,8688.0,466.5705550257184,0.0,71,86,97,100,170,220,290,300,380,410,410
