Type,Name,Request Count,Failure Count,Median Response Time,Average Response Time,Min Response Time,Max Response Time,Average Content Size,Requests/s,Failures/s,50%,66%,75%,80%,90%,95%,98%,99%,99.9%,99.99%,100%
GET,/,8080,0,18,34.87948523514864,1.4292999999980793,295.74599999999987,8688.0,424.02272353000956,0.0,18,32,51,60,83,110,160,200,290,300,300
,Aggregated,8080,0,18,34.87948523514864,1.4292999999980793,295.74599999999987,8688.0,424.02272353000956,0.0,18,32,51,60,83,110,160,200,290,300,300
