Type,Name,Request Count,Failure Count,Median Response Time,Average Response Time,Min Response Time,Max Response Time,Average Content Size,Requests/s,Failures/s,50%,66%,75%,80%,90%,95%,98%,99%,99.9%,99.99%,100%
GET,/,7604,0,13,42.3746926223039,1.4806000000007202,322.8124999999995,8688.0,398.3565426023524,0.0,13,23,60,76,120,190,240,260,310,320,320
,Aggregated,7604,0,13,42.3746926223039,1.4806000000007202,322.8124999999995,8688.0,398.3565426023524,0.0,13,23,60,76,120,190,240,260,310,320,320
