Type,Name,Request Count,Failure Count,Median Response Time,Average Response Time,Min Response Time,Max Response Time,Average Content Size,Requests/s,Failures/s,50%,66%,75%,80%,90%,95%,98%,99%,99.9%,99.99%,100%
GET,/,7331,0,9,33.72807851589134,1.2581999999987659,375.4027,8688.0,384.74111072263844,0.0,9,14,39,56,100,170,210,280,340,380,380
,Aggregated,7331,0,9,33.72807851589134,1.2581999999987659,375.4027,8688.0,384.74111072263844,0.0,9,14,39,56,100,170,210,280,340,380,380
