Type,Name,Request Count,Failure Count,Median Response Time,Average Response Time,Min Response Time,Max Response Time,Average Content Size,Requests/s,Failures/s,50%,66%,75%,80%,90%,95%,98%,99%,99.9%,99.99%,100%
GET,/,7801,0,16,49.009205627483794,1.803200000001226,385.5858000000003,8688.0,408.8490705470753,0.0,16,52,72,81,120,200,270,300,380,390,390
,Aggregated,7801,0,16,49.009205627483794,1.803200000001226,385.5858000000003,8688.0,408.8490705470753,0.0,16,52,72,81,120,200,270,300,380,390,390
