Type,Name,Request Count,Failure Count,Median Response Time,Average Response Time,Min Response Time,Max Response Time,Average Content Size,Requests/s,Failures/s,50%,66%,75%,80%,90%,95%,98%,99%,99.9%,99.99%,100%
GET,/,7803,0,11,45.01835014737922,1.2767999999994117,474.1710999999995,8688.0,410.248494019191,0.0,11,44,71,82,110,180,270,300,380,470,470
,Aggregated,7803,0,11,45.01835014737922,1.2767999999994117,474.1710999999995,8688.0,410.248494019191,0.0,11,44,71,82,110,180,270,300,380,470,470
