Type,Name,Request Count,Failure Count,Median Response Time,Average Response Time,Min Response Time,Max Response Time,Average Content Size,Requests/s,Failures/s,50%,66%,75%,80%,90%,95%,98%,99%,99.9%,99.99%,100%
GET,/,7410,0,12,44.49722587044569,1.2992999999994481,334.93269999999995,8688.0,388.6705801769979,0.0,12,28,63,84,160,190,230,250,290,330,330
,Aggregated,7410,0,12,44.49722587044569,1.2992999999994481,334.93269999999995,8688.0,388.6705801769979,0.0,12,28,63,84,160,190,230,250,290,330,330
