Type,Name,Request Count,Failure Count,Median Response Time,Average Response Time,Min Response Time,Max Response Time,Average Content Size,Requests/s,Failures/s,50%,66%,75%,80%,90%,95%,98%,99%,99.9%,99.99%,100%
GET,/,8761,0,64,69.30535634060058,1.4451999999991472,393.8892000000003,8688.0,459.57918745716415,0.0,64,86,94,100,180,200,280,290,390,390,390
,Aggregated,8761,0,64,69.30535634060058,1.4451999999991472,393.8892000000003,8688.0,459.57918745716415,0.0,64,86,94,100,180,200,280,290,390,390,390
