Type,Name,Request Count,Failure Count,Median Response Time,Average Response Time,Min Response Time,Max Response Time,Average Content Size,Requests/s,Failures/s,50%,66%,75%,80%,90%,95%,98%,99%,99.9%,99.99%,100%
GET,/,9260,0,71,72.94783875809874,1.418400000000375,498.3051999999999,8688.0,485.194397975946,0.0,71,88,97,100,170,200,230,280,430,500,500
,Aggregated,9260,0,71,72.94783875809874,1.418400000000375,498.3051999999999,8688.0,485.194397975946,0.0,71,88,97,100,170,200,230,280,430,500,500
