Type,Name,Request Count,Failure Count,Median Response Time,Average Response Time,Min Response Time,Max Response Time,Average Content Size,Requests/s,Failures/s,50%,66%,75%,80%,90%,95%,98%,99%,99.9%,99.99%,100%
GET,/,7227,0,9,36.534781610626915,1.2392999999999432,331.4638999999997,8688.0,379.7914549614892,0.0,9,13,46,66,110,200,230,280,320,330,330
,Aggregated,7227,0,9,36.534781610626915,1.2392999999999432,331.4638999999997,8688.0,379.7914549614892,0.0,9,13,46,66,110,200,230,280,320,330,330
