Type,Name,Request Count,Failure Count,Median Response Time,Average Response Time,Min Response Time,Max Response Time,Average Content Size,Requests/s,Failures/s,50%,66%,75%,80%,90%,95%,98%,99%,99.9%,99.99%,100%
GET,/,7664,0,73,74.85168302453023,1.3258000000000436,501.70969999999926,8688.0,401.497797392703,0.0,73,87,93,98,180,240,320,390,490,500,500
,Aggregated,7664,0,73,74.85168302453023,1.3258000000000436,501.70969999999926,8688.0,401.497797392703,0.0,73,87,93,98,180,240,320,390,490,500,500
