Type,Name,Request Count,Failure Count,Median Response Time,Average Response Time,Min Response Time,Max Response Time,Average Content Size,Requests/s,Failures/s,50%,66%,75%,80%,90%,95%,98%,99%,99.9%,99.99%,100%
GET,/,8889,0,63,63.79792726965944,1.4448000000015782,394.3236000000008,8688.0,465.5754477573583,0.0,63,81,90,96,130,190,220,250,310,390,390
,Aggregated,8889,0,63,63.79792726965944,1.4448000000015782,394.3236000000008,8688.0,465.5754477573583,0.0,63,81,90,96,130,190,220,250,310,390,390
