Type,Name,Request Count,Failure Count,Median Response Time,Average Response Time,Min Response Time,Max Response Time,Average Content Size,Requests/s,Failures/s,50%,66%,75%,80%,90%,95%,98%,99%,99.9%,99.99%,100%
GET,/,8638,0,76,80.12311991201669,1.4814999999970269,344.5429,8688.0,451.9434120671732,0.0,76,90,100,110,190,210,260,280,340,340,340
,Aggregated,8638,0,76,80.12311991201669,1.4814999999970269,344.5429,8688.0,451.9434120671732,0.0,76,90,100,110,190,210,260,280,340,340,340
