Type,Name,Request Count,Failure Count,Median Response Time,Average Response Time,Min Response Time,Max Response Time,Average Content Size,Requests/s,Failures/s,50%,66%,75%,80%,90%,95%,98%,99%,99.9%,99.99%,100%
GET,/,8505,0,20,54.09972792474987,1.619599999997945,393.35779999999954,8688.0,445.3156983473043,0.0,20,66,80,90,130,200,270,290,330,390,390
,Aggregated,8505,0,20,54.09972792474987,1.619599999997945,393.35779999999954,8688.0,445.3156983473043,0.0,20,66,80,90,130,200,270,290,330,390,390
