Type,Name,Request Count,Failure Count,Median Response Time,Average Response Time,Min Response Time,Max Response Time,Average Content Size,Requests/s,Failures/s,50%,66%,75%,80%,90%,95%,98%,99%,99.9%,99.99%,100%
GET,/,8671,0,94,107.71681793334125,1.7852999999998787,418.4467999999999,8688.0,454.2088483153452,0.0,94,110,170,180,200,250,290,310,410,420,420
,Aggregated,8671,0,94,107.71681793334125,1.7852999999998787,418.4467999999999,8688.0,454.2088483153452,0.0,94,110,170,180,200,250,290,310,410,420,420
