Type,Name,Request Count,Failure Count,Median Response Time,Average Response Time,Min Response Time,Max Response Time,Average Content Size,Requests/s,Failures/s,50%,66%,75%,80%,90%,95%,98%,99%,99.9%,99.99%,100%
GET,/,8776,0,14,50.223293789881595,1.2244000000016797,350.4468999999997,8688.0,459.9372853025574,0.0,14,58,78,92,160,190,210,230,300,350,350
,Aggregated,8776,0,14,50.223293789881595,1.2244000000016797,350.4468999999997,8688.0,459.9372853025574,0.0,14,58,78,92,160,190,210,230,300,350,350
