Type,Name,Request Count,Failure Count,Median Response Time,Average Response Time,Min Response Time,Max Response Time,Average Content Size,Requests/s,Failures/s,50%,66%,75%,80%,90%,95%,98%,99%,99.9%,99.99%,100%
GET,/,8275,0,140.0,163.13017160120896,2.561799999998726,599.4773000000002,8688.0,434.8763731821573,0.0,140,190,200,260,300,390,410,490,530,600,600
,Aggregated,8275,0,140.0,163.13017160120896,2.561799999998726,599.4773000000002,8688.0,434.8763731821573,0.0,140,190,200,260,300,390,410,490,530,600,600
