Type,Name,Request Count,Failure Count,Median Response Time,Average Response Time,Min Response Time,Max Response Time,Average Content Size,Requests/s,Failures/s,50%,66%,75%,80%,90%,95%,98%,99%,99.9%,99.99%,100%
GET,/,8957,0,16,51.17082974210079,1.2612999999994656,394.40899999999954,8688.0,469.5688982753942,0.0,16,57,76,85,150,210,240,280,310,390,390
,Aggregated,8957,0,16,51.17082974210079,1.2612999999994656,394.40899999999954,8688.0,469.5688982753942,0.0,16,57,76,85,150,210,240,280,310,390,390
