Type,Name,Request Count,Failure Count,Median Response Time,Average Response Time,Min Response Time,Max Response Time,Average Content Size,Requests/s,Failures/s,50%,66%,75%,80%,90%,95%,98%,99%,99.9%,99.99%,100%
GET,/,9704,0,56,64.59081603462505,1.422999999999064,400.3926,8688.0,508.42825032239637,0.0,56,78,87,93,160,210,260,270,310,400,400
,Aggregated,9704,0,56,64.59081603462505,1.422999999999064,400.3926,8688.0,508.42825032239637,0.0,56,78,87,93,160,210,260,270,310,400,400
