Type,Name,Request Count,Failure Count,Median Response Time,Average Response Time,Min Response Time,Max Response Time,Average Content Size,Requests/s,Failures/s,50%,66%,75%,80%,90%,95%,98%,99%,99.9%,99.99%,100%
GET,/,9755,0,110.0,136.1513139620704,2.8940000000012844,571.7730000000004,8688.0,510.3898120417058,0.0,110,170,190,200,240,290,380,400,490,570,570
,Aggregated,9755,0,110.0,136.1513139620704,2.8940000000012844,571.7730000000004,8688.0,510.3898120417058,0.0,110,170,190,200,240,290,380,400,490,570,570
