Type,Name,Request Count,Failure Count,Median Response Time,Average Response Time,Min Response Time,Max Response Time,Average Content Size,Requests/s,Failures/s,50%,66%,75%,80%,90%,95%,98%,99%,99.9%,99.99%,100%
GET,/,8011,0,12,41.275755099238445,1.1915000000009002,393.39939999999984,8688.0,421.01563871175205,0.0,12,28,63,76,100,190,240,290,380,390,390
,Aggregated,8011,0,12,41.275755099238445,1.1915000000009002,393.39939999999984,8688.0,421.01563871175205,0.0,12,28,63,76,100,190,240,290,380,390,390
