Type,Name,Request Count,Failure Count,Median Response Time,Average Response Time,Min Response Time,Max Response Time,Average Content Size,Requests/s,Failures/s,50%,66%,75%,80%,90%,95%,98%,99%,99.9%,99.99%,100%
GET,/,4958,0,7,30.23031411859622,1.1653000000002578,475.2354000000003,8688.0,260.8397879079899,0.0,7,8,12,48,96,160,200,300,450,480,480
,Aggregated,4958,0,7,30.23031411859622,1.1653000000002578,475.2354000000003,8688.0,260.8397879079899,0.0,7,8,12,48,96,160,200,300,450,480,480
