Type,Name,Request Count,Failure Count,Median Response Time,Average Response Time,Min Response Time,Max Response Time,Average Content Size,Requests/s,Failures/s,50%,66%,75%,80%,90%,95%,98%,99%,99.9%,99.99%,100%
GET,/,5355,0,7,40.76313417366955,1.3553999999995625,506.7959000000002,8688.0,282.0352715838372,0.0,7,10,16,60,180,210,300,320,420,510,510
,Aggregated,5355,0,7,40.76313417366955,1.3553999999995625,506.7959000000002,8688.0,282.0352715838372,0.0,7,10,16,60,180,210,300,320,420,510,510
