Type,Name,Request Count,Failure Count,Median Response Time,Average Response Time,Min Response Time,Max Response Time,Average Content Size,Requests/s,Failures/s,50%,66%,75%,80%,90%,95%,98%,99%,99.9%,99.99%,100%
GET,/,7274,0,100.0,145.26656854550438,1.5588999999991415,698.0352000000014,8688.0,381.25347289940754,0.0,100,190,200,220,300,380,400,490,510,700,700
,Aggregated,7274,0,100.0,145.26656854550438,1.5588999999991415,698.0352000000014,8688.0,381.25347289940754,0.0,100,190,200,220,300,380,400,490,510,700,700
