Type,Name,Request Count,Failure Count,Median Response Time,Average Response Time,Min Response Time,Max Response Time,Average Content Size,Requests/s,Failures/s,50%,66%,75%,80%,90%,95%,98%,99%,99.9%,99.99%,100%
GET,/,7620,0,8,42.31217149606276,1.293900000000292,487.3700000000003,8688.0,399.3901750750892,0.0,8,19,66,83,110,190,270,300,480,490,490
,Aggregated,7620,0,8,42.31217149606276,1.293900000000292,487.3700000000003,8688.0,399.3901750750892,0.0,8,19,66,83,110,190,270,300,480,490,490
