Type,Name,Request Count,Failure Count,Median Response Time,Average Response Time,Min Response Time,Max Response Time,Average Content Size,Requests/s,Failures/s,50%,66%,75%,80%,90%,95%,98%,99%,99.9%,99.99%,100%
GET,/,7075,0,9,38.66087129328624,1.2383000000006916,391.15409999999963,8688.0,371.30742522737756,0.0,9,17,62,78,100,190,210,250,310,390,390
,Aggregated,7075,0,9,38.66087129328624,1.2383000000006916,391.15409999999963,8688.0,371.30742522737756,0.0,9,17,62,78,100,190,210,250,310,390,390
