Type,Name,Request Count,Failure Count,Median Response Time,Average Response Time,Min Response Time,Max Response Time,Average Content Size,Requests/s,Failures/s,50%,66%,75%,80%,90%,95%,98%,99%,99.9%,99.99%,100%
GET,/,6887,0,8,31.137833701176206,1.273300000001143,367.7817999999999,8688.0,361.8235967256349,0.0,8,13,33,59,95,120,200,210,310,370,370
,Aggregated,6887,0,8,31.137833701176206,1.273300000001143,367.7817999999999,8688.0,361.8235967256349,0.0,8,13,33,59,95,120,200,210,310,370,370
