Type,Name,Request Count,Failure Count,Median Response Time,Average Response Time,Min Response Time,Max Response Time,Average Content Size,Requests/s,Failures/s,50%,66%,75%,80%,90%,95%,98%,99%,99.9%,99.99%,100%
GET,/,5945,0,7,35.48532812447434,1.2623999999998858,342.68600000000004,8688.0,312.7896883209351,0.0,7,11,44,66,100,200,240,260,330,340,340
,Aggregated,5945,0,7,35.48532812447434,1.2623999999998858,342.68600000000004,8688.0,312.7896883209351,0.0,7,11,44,66,100,200,240,260,330,340,340
