Type,Name,Request Count,Failure Count,Median Response Time,Average Response Time,Min Response Time,Max Response Time,Average Content Size,Requests/s,Failures/s,50%,66%,75%,80%,90%,95%,98%,99%,99.9%,99.99%,100%
GET,/,6585,0,8,33.09493099468479,1.2139999999991602,351.2488,8688.0,346.04721288421877,0.0,8,13,36,65,95,160,200,260,340,350,350
,Aggregated,6585,0,8,33.09493099468479,1.2139999999991602,351.2488,8688.0,346.04721288421877,0.0,8,13,36,65,95,160,200,260,340,350,350
