Type,Name,Request Count,Failure Count,Median Response Time,Average Response Time,Min Response Time,Max Response Time,Average Content Size,Requests/s,Failures/s,50%,66%,75%,80%,90%,95%,98%,99%,99.9%,99.99%,100%
GET,/,6351,0,8,41.87527811368287,1.2404999999997557,488.92479999999995,8688.0,333.88911321951485,0.0,8,21,67,82,100,200,290,300,490,490,490
,Aggregated,6351,0,8,41.87527811368287,1.2404999999997557,488.92479999999995,8688.0,333.88911321951485,0.0,8,21,67,82,100,200,290,300,490,490,490
