Type,Name,Request Count,Failure Count,Median Response Time,Average Response Time,Min Response Time,Max Response Time,Average Content Size,Requests/s,Failures/s,50%,66%,75%,80%,90%,95%,98%,99%,99.9%,99.99%,100%
GET,/,6555,0,49,80.12957151792497,1.2100999999997697,513.1969,8688.0,344.24476050142204,0.0,49,96,110,180,200,290,310,340,410,510,510
,Aggregated,6555,0,49,80.12957151792497,1.2100999999997697,513.1969,8688.0,344.24476050142204,0.0,49,96,110,180,200,290,310,340,410,510,510
