Type,Name,Request Count,Failure Count,Median Response Time,Average Response Time,Min Response Time,Max Response Time,Average Content Size,Requests/s,Failures/s,50%,66%,75%,80%,90%,95%,98%,99%,99.9%,99.99%,100%
GET,/,4754,0,6,25.884873580143122,1.2034999999990248,381.8494000000001,8688.0,251.25552295460466,0.0,6,9,14,30,85,100,200,270,380,380,380
,Aggregated,4754,0,6,25.884873580143122,1.2034999999990248,381.8494000000001,8688.0,251.25552295460466,0.0,6,9,14,30,85,100,200,270,380,380,380
