Type,Name,Request Count,Failure Count,Median Response Time,Average Response Time,Min Response Time,Max Response Time,Average Content Size,Requests/s,Failures/s,50%,66%,75%,80%,90%,95%,98%,99%,99.9%,99.99%,100%
GET,/,7100,0,59,66.72382488732383,1.3101000000004248,437.32900000000006,8688.0,373.25624704605536,0.0,59,89,95,98,180,210,290,300,390,440,440
,Aggregated,7100,0,59,66.72382488732383,1.3101000000004248,437.32900000000006,8688.0,373.25624704605536,0.0,59,89,95,98,180,210,290,300,390,440,440
