Type,Name,Request Count,Failure Count,Median Response Time,Average Response Time,Min Response Time,Max Response Time,Average Content Size,Requests/s,Failures/s,50%,66%,75%,80%,90%,95%,98%,99%,99.9%,99.99%,100%
GET,/,6767,0,7,37.11284659376387,1.2289000000009764,616.7084999999996,8688.0,355.8107759980156,0.0,7,11,32,63,110,200,290,360,430,620,620
,Aggregated,6767,0,7,37.11284659376387,1.2289000000009764,616.7084999999996,8688.0,355.8107759980156,0.0,7,11,32,63,110,200,290,360,430,620,620
