Type,Name,Request Count,Failure Count,Median Response Time,Average Response Time,Min Response Time,Max Response Time,Average Content Size,Requests/s,Failures/s,50%,66%,75%,80%,90%,95%,98%,99%,99.9%,99.99%,100%
GET,/,7335,0,100.0,121.03914111792781,1.5990999999999644,484.6775000000001,8688.0,384.67093153005123,0.0,100,150,190,200,220,290,300,320,400,480,480
,Aggregated,7335,0,100.0,121.03914111792781,1.5990999999999644,484.6775000000001,8688.0,384.67093153005123,0.0,100,150,190,200,220,290,300,320,400,480,480
