Type,Name,Request Count,Failure Count,Median Response Time,Average Response Time,Min Response Time,Max Response Time,Average Content Size,Requests/s,Failures/s,50%,66%,75%,80%,90%,95%,98%,99%,99.9%,99.99%,100%
GET,/,5773,0,7,33.38587713493844,1.2255999999997158,487.4244999999999,8688.0,303.56601072039086,0.0,7,10,43,68,93,120,270,300,390,490,490
,Aggregated,5773,0,7,33.38587713493844,1.2255999999997158,487.4244999999999,8688.0,303.56601072039086,0.0,7,10,43,68,93,120,270,300,390,490,490
