Type,Name,Request Count,Failure Count,Median Response Time,Average Response Time,Min Response Time,Max Response Time,Average Content Size,Requests/s,Failures/s,50%,66%,75%,80%,90%,95%,98%,99%,99.9%,99.99%,100%
GET,/,4163,0,5,37.19730475618541,1.1198999999990633,570.7515999999999,8688.0,218.78093430848705,0.0,5,9,46,81,97,190,300,360,470,570,570
,Aggregated,4163,0,5,37.19730475618541,1.1198999999990633,570.7515999999999,8688.0,218.78093430848705,0.0,5,9,46,81,97,190,300,360,470,570,570
