Type,Name,Request Count,Failure Count,Median Response Time,Average Response Time,Min Response Time,Max Response Time,Average Content Size,Requests/s,Failures/s,50%,66%,75%,80%,90%,95%,98%,99%,99.9%,99.99%,100%
GET,/,7269,0,88,92.13571723758362,1.2811999999993162,794.712699999998,8688.0,381.1291298432886,0.0,88,96,100,110,190,270,380,500,600,790,790
,Aggregated,7269,0,88,92.13571723758362,1.2811999999993162,794.712699999998,8688.0,381.1291298432886,0.0,88,96,100,110,190,270,380,500,600,790,790
