Type,Name,Request Count,Failure Count,Median Response Time,Average Response Time,Min Response Time,Max Response Time,Average Content Size,Requests/s,Failures/s,50%,66%,75%,80%,90%,95%,98%,99%,99.9%,99.99%,100%
GET,/,4926,0,140.0,180.46904216402748,1.5314000000001826,692.9574999999986,8688.0,259.28279969895243,0.0,140,200,260,290,370,400,480,500,660,690,690
,Aggregated,4926,0,140.0,180.46904216402748,1.5314000000001826,692.9574999999986,8688.0,259.28279969895243,0.0,140,200,260,290,370,400,480,500,660,690,690
