Type,Name,Request Count,Failure Count,Median Response Time,Average Response Time,Min Response Time,Max Response Time,Average Content Size,Requests/s,Failures/s,50%,66%,75%,80%,90%,95%,98%,99%,99.9%,99.99%,100%
GET,/,6408,0,8,44.78493345817726,1.1092000000001434,496.1660000000001,8688.0,336.8895059177868,0.0,8,21,69,79,110,200,300,330,430,500,500
,Aggregated,6408,0,8,44.78493345817726,1.1092000000001434,496.1660000000001,8688.0,336.8895059177868,0.0,8,21,69,79,110,200,300,330,430,500,500
