Type,Name,Request Count,Failure Count,Median Response Time,Average Response Time,Min Response Time,Max Response Time,Average Content Size,Requests/s,Failures/s,50%,66%,75%,80%,90%,95%,98%,99%,99.9%,99.99%,100%
GET,/,6221,0,6,34.76784037936029,1.1889000000007144,573.3052999999999,8688.0,326.41396776630245,0.0,6,10,47,71,99,180,220,300,470,570,570
,Aggregated,6221,0,6,34.76784037936029,1.1889000000007144,573.3052999999999,8688.0,326.41396776630245,0.0,6,10,47,71,99,180,220,300,470,570,570
