Type,Name,Request Count,Failure Count,Median Response Time,Average Response Time,Min Response Time,Max Response Time,Average Content Size,Requests/s,Failures/s,50%,66%,75%,80%,90%,95%,98%,99%,99.9%,99.99%,100%
GET,/,6223,0,13,41.892053270127114,1.4500999999995656,479.95760000000007,8688.0,326.89413901086033,0.0,13,35,66,80,98,180,220,290,430,480,480
,Aggregated,6223,0,13,41.892053270127114,1.4500999999995656,479.95760000000007,8688.0,326.89413901086033,0.0,13,35,66,80,98,180,220,290,430,480,480
