Type,Name,Request Count,Failure Count,Median Response Time,Average Response Time,Min Response Time,Max Response Time,Average Content Size,Requests/s,Failures/s,50%,66%,75%,80%,90%,95%,98%,99%,99.9%,99.99%,100%
GET,/,6453,0,7,31.492755973965707,1.2574000000000751,393.4538999999999,8688.0,338.57856317716573,0.0,7,11,27,58,96,150,220,260,340,390,390
,Aggregated,6453,0,7,31.492755973965707,1.2574000000000751,393.4538999999999,8688.0,338.57856317716573,0.0,7,11,27,58,96,150,220,260,340,390,390
