Type,Name,Request Count,Failure Count,Median Response Time,Average Response Time,Min Response Time,Max Response Time,Average Content Size,Requests/s,Failures/s,50%,66%,75%,80%,90%,95%,98%,99%,99.9%,99.99%,100%
GET,/,6131,0,9,45.139550024465805,1.37499999999946,432.57849999999996,8688.0,321.6970396223264,0.0,9,43,77,88,100,200,270,300,350,430,430
,Aggregated,6131,0,9,45.139550024465805,1.37499999999946,432.57849999999996,8688.0,321.6970396223264,0.0,9,43,77,88,100,200,270,300,350,430,430
