Type,Name,Request Count,Failure Count,Median Response Time,Average Response Time,Min Response Time,Max Response Time,Average Content Size,Requests/s,Failures/s,50%,66%,75%,80%,90%,95%,98%,99%,99.9%,99.99%,100%
GET,/,6326,0,94,112.54593559911447,1.554200000000172,690.1722999999995,8688.0,331.3414190886596,0.0,94,100,160,180,250,300,390,430,590,690,690
,Aggregated,6326,0,94,112.54593559911447,1.554200000000172,690.1722999999995,8688.0,331.3414190886596,0.0,94,100,160,180,250,300,390,430,590,690,690
