Type,Name,Request Count,Failure Count,Median Response Time,Average Response Time,Min Response Time,Max Response Time,Average Content Size,Requests/s,Failures/s,50%,66%,75%,80%,90%,95%,98%,99%,99.9%,99.99%,100%
GET,/,7549,0,11,45.9517611736653,1.2144999999996742,393.69299999999987,8688.0,395.5507512119791,0.0,11,42,78,90,110,200,280,300,390,390,390
,Aggregated,7549,0,11,45.9517611736653,1.2144999999996742,393.69299999999987,8688.0,395.5507512119791,0.0,11,42,78,90,110,200,280,300,390,390,390
