Type,Name,Request Count,Failure Count,Median Response Time,Average Response Time,Min Response Time,Max Response Time,Average Content Size,Requests/s,Failures/s,50%,66%,75%,80%,90%,95%,98%,99%,99.9%,99.99%,100%
GET,/,7202,0,8,34.73331770341541,1.250699999999938,377.0278999999999,8688.0,378.51297880942735,0.0,8,13,40,65,100,180,230,250,320,380,380
,Aggregated,7202,0,8,34.73331770341541,1.250699999999938,377.0278999999999,8688.0,378.51297880942735,0.0,8,13,40,65,100,180,230,250,320,380,380
