Type,Name,Request Count,Failure Count,Median Response Time,Average Response Time,Min Response Time,Max Response Time,Average Content Size,Requests/s,Failures/s,50%,66%,75%,80%,90%,95%,98%,99%,99.9%,99.99%,100%
GET,/,7096,0,9,32.51667570462228,1.2353000000011605,384.5945999999998,8688.0,373.5824796549625,0.0,9,13,32,55,94,160,250,280,350,380,380
,Aggregated,7096,0,9,32.51667570462228,1.2353000000011605,384.5945999999998,8688.0,373.5824796549625,0.0,9,13,32,55,94,160,250,280,350,380,380
