Type,Name,Request Count,Failure Count,Median Response Time,Average Response Time,Min Response Time,Max Response Time,Average Content Size,Requests/s,Failures/s,50%,66%,75%,80%,90%,95%,98%,99%,99.9%,99.99%,100%
GET,/,6697,0,21,58.54737370464387,1.4300999999985464,444.0784,8688.0,351.2572961510919,0.0,21,76,89,95,150,200,260,290,380,440,440
,Aggregated,6697,0,21,58.54737370464387,1.4300999999985464,444.0784,8688.0,351.2572961510919,0.0,21,76,89,95,150,200,260,290,380,440,440
