Type,Name,Request Count,Failure Count,Median Response Time,Average Response Time,Min Response Time,Max Response Time,Average Content Size,Requests/s,Failures/s,50%,66%,75%,80%,90%,95%,98%,99%,99.9%,99.99%,100%
GET,/,7057,0,81,263.4081178121013,1.3439999999995678,3094.3270000000016,8688.0,369.3056121253682,0.0,81,100,190,200,380,2300,2500,2600,2900,3100,3100
,Aggregated,7057,0,81,263.4081178121013,1.3439999999995678,3094.3270000000016,8688.0,369.3056121253682,0.0,81,100,190,200,380,2300,2500,2600,2900,3100,3100
