Type,Name,Request Count,Failure Count,Median Response Time,Average Response Time,Min Response Time,Max Response Time,Average Content Size,Requests/s,Failures/s,50%,66%,75%,80%,90%,95%,98%,99%,99.9%,99.99%,100%
GET,/,3849,0,4,33.95578274876596,1.176800000000533,689.6469000000001,8688.0,202.3652864857108,0.0,4,5,6,9,82,200,400,520,680,690,690
,Aggregated,3849,0,4,33.95578274876596,1.176800000000533,689.6469000000001,8688.0,202.3652864857108,0.0,4,5,6,9,82,200,400,520,680,690,690
