Type,Name,Request Count,Failure Count,Median Response Time,Average Response Time,Min Response Time,Max Response Time,Average Content Size,Requests/s,Failures/s,50%,66%,75%,80%,90%,95%,98%,99%,99.9%,99.99%,100%
GET,/,4717,0,6,49.67055952936203,1.1004999999997267,495.79949999999997,8688.0,248.08212641794327,0.0,6,58,82,90,100,250,300,380,470,500,500
,Aggregated,4717,0,6,49.67055952936203,1.1004999999997267,495.79949999999997,8688.0,248.08212641794327,0.0,6,58,82,90,100,250,300,380,470,500,500
