Type,Name,Request Count,Failure Count,Median Response Time,Average Response Time,Min Response Time,Max Response Time,Average Content Size,Requests/s,Failures/s,50%,66%,75%,80%,90%,95%,98%,99%,99.9%,99.99%,100%
GET,/,5813,0,8,38.23975350077417,1.245100000000221,386.5301999999997,8688.0,305.25671607329224,0.0,8,16,64,83,100,190,210,290,380,390,390
,Aggregated,5813,0,8,38.23975350077417,1.245100000000221,386.5301999999997,8688.0,305.25671607329224,0.0,8,16,64,83,100,190,210,290,380,390,390
