Type,Name,Request Count,Failure Count,Median Response Time,Average Response Time,Min Response Time,Max Response Time,Average Content Size,Requests/s,Failures/s,50%,66%,75%,80%,90%,95%,98%,99%,99.9%,99.99%,100%
GET,/,7073,0,78,76.63032450162599,1.497299999996926,493.75269999999995,8688.0,370.85941485835747,0.0,78,92,99,100,190,210,310,390,410,490,490
,Aggregated,7073,0,78,76.63032450162599,1.497299999996926,493.75269999999995,8688.0,370.85941485835747,0.0,78,92,99,100,190,210,310,390,410,490,490
