Type,Name,Request Count,Failure Count,Median Response Time,Average Response Time,Min Response Time,Max Response Time,Average Content Size,Requests/s,Failures/s,50%,66%,75%,80%,90%,95%,98%,99%,99.9%,99.99%,100%
GET,/,4920,0,12,66.07477871951217,1.4221999999968205,694.8004999999995,8688.0,259.46202228931776,0.0,12,70,88,96,200,300,390,430,590,690,690
,Aggregated,4920,0,12,66.07477871951217,1.4221999999968205,694.8004999999995,8688.0,259.46202228931776,0.0,12,70,88,96,200,300,390,430,590,690,690
