Type,Name,Request Count,Failure Count,Median Response Time,Average Response Time,Min Response Time,Max Response Time,Average Content Size,Requests/s,Failures/s,50%,66%,75%,80%,90%,95%,98%,99%,99.9%,99.99%,100%
GET,/,2296,0,4,22.695815635888504,1.147500000000079,435.0631,8688.0,121.64291881707486,0.0,4,5,7,8,71,95,250,330,430,440,440
,Aggregated,2296,0,4,22.695815635888504,1.147500000000079,435.0631,8688.0,121.64291881707486,0.0,4,5,7,8,71,95,250,330,430,440,440
