Type,Name,Request Count,Failure Count,Median Response Time,Average Response Time,Min Response Time,Max Response Time,Average Content Size,Requests/s,Failures/s,50%,66%,75%,80%,90%,95%,98%,99%,99.9%,99.99%,100%
GET,/,3394,0,7,27.064700942840346,1.585399999999737,441.5640999999999,8688.0,179.7935736499762,0.0,7,9,13,17,78,150,260,340,440,440,440
,Aggregated,3394,0,7,27.064700942840346,1.585399999999737,441.5640999999999,8688.0,179.7935736499762,0.0,7,9,13,17,78,150,260,340,440,440,440
