Type,Name,Request Count,Failure Count,Median Response Time,Average Response Time,Min Response Time,Max Response Time,Average Content Size,Requests/s,Failures/s,50%,66%,75%,80%,90%,95%,98%,99%,99.9%,99.99%,100%
GET,/,6936,0,9,33.986632295271036,1.1532000000009646,392.54359999999974,8688.0,363.6563937274834,0.0,9,15,42,62,95,160,220,280,380,390,390
,Aggregated,6936,0,9,33.986632295271036,1.1532000000009646,392.54359999999974,8688.0,363.6563937274834,0.0,9,15,42,62,95,160,220,280,380,390,390
