Type,Name,Request Count,Failure Count,Median Response Time,Average Response Time,Min Response Time,Max Response Time,Average Content Size,Requests/s,Failures/s,50%,66%,75%,80%,90%,95%,98%,99%,99.9%,99.99%,100%
GET,/,5179,0,6,31.10592087275534,1.1266000000009768,397.7504999999999,8688.0,271.6910736358053,0.0,6,9,12,41,98,190,240,290,380,400,400
,Aggregated,5179,0,6,31.10592087275534,1.1266000000009768,397.7504999999999,8688.0,271.6910736358053,0.0,6,9,12,41,98,190,240,290,380,400,400
