Type,Name,Request Count,Failure Count,Median Response Time,Average Response Time,Min Response Time,Max Response Time,Average Content Size,Requests/s,Failures/s,50%,66%,75%,80%,90%,95%,98%,99%,99.9%,99.99%,100%
GET,/,4863,0,7,35.58513080403043,1.1740000000006745,449.00329999999997,8688.0,279.8230496682646,0.0,7,11,24,63,98,180,300,340,440,450,450
,Aggregated,4863,0,7,35.58513080403043,1.1740000000006745,449.00329999999997,8688.0,279.8230496682646,0.0,7,11,24,63,98,180,300,340,440,450,450
