Type,Name,Request Count,Failure Count,Median Response Time,Average Response Time,Min Response Time,Max Response Time,Average Content Size,Requests/s,Failures/s,50%,66%,75%,80%,90%,95%,98%,99%,99.9%,99.99%,100%
GET,/,7948,0,10,49.90228697785609,1.2592999999974097,497.92029999999966,8688.0,417.3501604483741,0.0,10,69,90,95,110,190,270,300,470,500,500
,Aggregated,7948,0,10,49.90228697785609,1.2592999999974097,497.92029999999966,8688.0,417.3501604483741,0.0,10,69,90,95,110,190,270,300,470,500,500
