Type,Name,Request Count,Failure Count,Median Response Time,Average Response Time,Min Response Time,Max Response Time,Average Content Size,Requests/s,Failures/s,50%,66%,75%,80%,90%,95%,98%,99%,99.9%,99.99%,100%
GET,/,7161,0,95,114.50569962295802,1.5041999999994005,493.65479999999985,8688.0,375.4238890695396,0.0,95,120,190,200,280,300,370,390,460,490,490
,Aggregated,7161,0,95,114.50569962295802,1.5041999999994005,493.65479999999985,8688.0,375.4238890695396,0.0,95,120,190,200,280,300,370,390,460,490,490
