Type,Name,Request Count,Failure Count,Median Response Time,Average Response Time,Min Response Time,Max Response Time,Average Content Size,Requests/s,Failures/s,50%,66%,75%,80%,90%,95%,98%,99%,99.9%,99.99%,100%
GET,/,6651,0,11,53.328550834460934,1.2284999999998547,493.40969999999993,8688.0,349.1191168898164,0.0,11,72,86,92,170,200,280,300,400,490,490
,Aggregated,6651,0,11,53.328550834460934,1.2284999999998547,493.40969999999993,8688.0,349.1191168898164,0.0,11,72,86,92,170,200,280,300,400,490,490
