Type,Name,Request Count,Failure Count,Median Response Time,Average Response Time,Min Response Time,Max Response Time,Average Content Size,Requests/s,Failures/s,50%,66%,75%,80%,90%,95%,98%,99%,99.9%,99.99%,100%
GET,/,5830,0,8,36.62824377358485,1.2156000000018707,461.8145,8688.0,306.4045935542316,0.0,8,13,59,74,93,170,260,290,440,460,460
,Aggregated,5830,0,8,36.62824377358485,1.2156000000018707,461.8145,8688.0,306.4045935542316,0.0,8,13,59,74,93,170,260,290,440,460,460
