Type,Name,Request Count,Failure Count,Median Response Time,Average Response Time,Min Response Time,Max Response Time,Average Content Size,Requests/s,Failures/s,50%,66%,75%,80%,90%,95%,98%,99%,99.9%,99.99%,100%
GET,/,5576,0,8,27.304918310616905,1.3724000000010506,349.21310000000005,8688.0,292.3100418044131,0.0,8,12,18,40,92,130,190,210,290,350,350
,Aggregated,5576,0,8,27.304918310616905,1.3724000000010506,349.21310000000005,8688.0,292.3100418044131,0.0,8,12,18,40,92,130,190,210,290,350,350
