Type,Name,Request Count,Failure Count,Median Response Time,Average Response Time,Min Response Time,Max Response Time,Average Content Size,Requests/s,Failures/s,50%,66%,75%,80%,90%,95%,98%,99%,99.9%,99.99%,100%
GET,/,7430,0,11,37.85727882907132,1.3036999999975762,359.85060000000016,8688.0,389.6274356154154,0.0,11,19,59,74,96,150,240,280,330,360,360
,Aggregated,7430,0,11,37.85727882907132,1.3036999999975762,359.85060000000016,8688.0,389.6274356154154,0.0,11,19,59,74,96,150,240,280,330,360,360
