Type,Name,Request Count,Failure Count,Median Response Time,Average Response Time,Min Response Time,Max Response Time,Average Content Size,Requests/s,Failures/s,50%,66%,75%,80%,90%,95%,98%,99%,99.9%,99.99%,100%
GET,/,6975,0,8,34.975951799282974,1.2779999999992242,340.6038000000002,8688.0,366.56597837810733,0.0,8,12,30,61,100,190,220,270,310,340,340
,Aggregated,6975,0,8,34.975951799282974,1.2779999999992242,340.6038000000002,8688.0,366.56597837810733,0.0,8,12,30,61,100,190,220,270,310,340,340
