Type,Name,Request Count,Failure Count,Median Response Time,Average Response Time,Min Response Time,Max Response Time,Average Content Size,Requests/s,Failures/s,50%,66%,75%,80%,90%,95%,98%,99%,99.9%,99.99%,100%
GET,/,6535,0,10,49.34265498087206,1.2681000000007714,398.11249999999984,8688.0,342.97320677981844,0.0,10,69,89,94,110,200,220,290,390,400,400
,Aggregated,6535,0,10,49.34265498087206,1.2681000000007714,398.11249999999984,8688.0,342.97320677981844,0.0,10,69,89,94,110,200,220,290,390,400,400
