Type,Name,Request Count,Failure Count,Median Response Time,Average Response Time,Min Response Time,Max Response Time,Average Content Size,Requests/s,Failures/s,50%,66%,75%,80%,90%,95%,98%,99%,99.9%,99.99%,100%
GET,/,4026,0,4,31.563937953303512,1.1622999999989503,553.4204000000002,8688.0,211.872252669575,0.0,4,6,8,12,86,230,340,390,440,550,550
,Aggregated,4026,0,4,31.563937953303512,1.1622999999989503,553.4204000000002,8688.0,211.872252669575,0.0,4,6,8,12,86,230,340,390,440,550,550
