Type,Name,Request Count,Failure Count,Median Response Time,Average Response Time,Min Response Time,Max Response Time,Average Content Size,Requests/s,Failures/s,50%,66%,75%,80%,90%,95%,98%,99%,99.9%,99.99%,100%
GET,/,4153,0,8,32.23439152419939,1.3553000000001703,359.2432999999997,8688.0,218.67347509664742,0.0,8,12,17,41,88,190,260,300,350,360,360
,Aggregated,4153,0,8,32.23439152419939,1.3553000000001703,359.2432999999997,8688.0,218.67347509664742,0.0,8,12,17,41,88,190,260,300,350,360,360
