Type,Name,Request Count,Failure Count,Median Response Time,Average Response Time,Min Response Time,Max Response Time,Average Content Size,Requests/s,Failures/s,50%,66%,75%,80%,90%,95%,98%,99%,99.9%,99.99%,100%
GET,/,5738,0,6,37.43008635413019,1.1739999999988981,449.69649999999996,8688.0,301.19267874606146,0.0,6,11,64,83,99,180,240,290,420,450,450
,Aggregated,5738,0,6,37.43008635413019,1.1739999999988981,449.69649999999996,8688.0,301.19267874606146,0.0,6,11,64,83,99,180,240,290,420,450,450
