Type,Name,Request Count,Failure Count,Median Response Time,Average Response Time,Min Response Time,Max Response Time,Average Content Size,Requests/s,Failures/s,50%,66%,75%,80%,90%,95%,98%,99%,99.9%,99.99%,100%
GET,/,3870,0,5,25.255322609819128,1.2334999999996654,436.8748,8688.0,203.978663764512,0.0,5,8,10,14,75,130,240,300,410,440,440
,Aggregated,3870,0,5,25.255322609819128,1.2334999999996654,436.8748,8688.0,203.978663764512,0.0,5,8,10,14,75,130,240,300,410,440,440
