Type,Name,Request Count,Failure Count,Median Response Time,Average Response Time,Min Response Time,Max Response Time,Average Content Size,Requests/s,Failures/s,50%,66%,75%,80%,90%,95%,98%,99%,99.9%,99.99%,100%
GET,/,6945,0,87,100.11423365010768,1.515500000000003,806.7735999999996,8688.0,364.39914538567575,0.0,87,100,120,190,220,300,400,500,700,810,810
,Aggregated,6945,0,87,100.11423365010768,1.515500000000003,806.7735999999996,8688.0,364.39914538567575,0.0,87,100,120,190,220,300,400,500,700,810,810
