Type,Name,Request Count,Failure Count,Median Response Time,Average Response Time,Min Response Time,Max Response Time,Average Content Size,Requests/s,Failures/s,50%,66%,75%,80%,90%,95%,98%,99%,99.9%,99.99%,100%
GET,/,7988,0,18,43.6649822608914,1.5236999999999057,529.4666999999995,8688.0,418.22937800425143,0.0,18,43,67,80,99,160,210,260,360,530,530
,Aggregated,7988,0,18,43.6649822608914,1.5236999999999057,529.4666999999995,8688.0,418.22937800425143,0.0,18,43,67,80,99,160,210,260,360,530,530
