Type,Name,Request Count,Failure Count,Median Response Time,Average Response Time,Min Response Time,Max Response Time,Average Content Size,Requests/s,Failures/s,50%,66%,75%,80%,90%,95%,98%,99%,99.9%,99.99%,100%
GET,/,6645,0,16,58.285570925508004,1.3614999999997934,359.3500000000001,8688.0,348.35507173431097,0.0,16,82,92,97,160,200,250,290,350,360,360
,Aggregated,6645,0,16,58.285570925508004,1.3614999999997934,359.3500000000001,8688.0,348.35507173431097,0.0,16,82,92,97,160,200,250,290,350,360,360
