Type,Name,Request Count,Failure Count,Median Response Time,Average Response Time,Min Response Time,Max Response Time,Average Content Size,Requests/s,Failures/s,50%,66%,75%,80%,90%,95%,98%,99%,99.9%,99.99%,100%
GET,/,4619,0,8,29.49655509850607,1.2223999999996238,469.8888000000001,8688.0,242.7567053186344,0.0,8,12,16,40,89,150,210,280,470,470,470
,Aggregated,4619,0,8,29.49655509850607,1.2223999999996238,469.8888000000001,8688.0,242.7567053186344,0.0,8,12,16,40,89,150,210,280,470,470,470
