Type,Name,Request Count,Failure Count,Median Response Time,Average Response Time,Min Response Time,Max Response Time,Average Content Size,Requests/s,Failures/s,50%,66%,75%,80%,90%,95%,98%,99%,99.9%,99.99%,100%
GET,/,6866,0,9,34.31595949606765,1.2711000000003025,378.20559999999983,8688.0,360.8422931087924,0.0,9,14,43,62,96,180,200,270,360,380,380
,Aggregated,6866,0,9,34.31595949606765,1.2711000000003025,378.20559999999983,8688.0,360.8422931087924,0.0,9,14,43,62,96,180,200,270,360,380,380
