Type,Name,Request Count,Failure Count,Median Response Time,Average Response Time,Min Response Time,Max Response Time,Average Content Size,Requests/s,Failures/s,50%,66%,75%,80%,90%,95%,98%,99%,99.9%,99.99%,100%
GET,/,3981,0,5,36.72938492841004,1.1912000000000589,560.0111999999999,8688.0,209.11266295156545,0.0,5,8,28,66,93,200,300,390,470,560,560
,Aggregated,3981,0,5,36.72938492841004,1.1912000000000589,560.0111999999999,8688.0,209.11266295156545,0.0,5,8,28,66,93,200,300,390,470,560,560
