Type,Name,Request Count,Failure Count,Median Response Time,Average Response Time,Min Response Time,Max Response Time,Average Content Size,Requests/s,Failures/s,50%,66%,75%,80%,90%,95%,98%,99%,99.9%,99.99%,100%
GET,/,6594,0,11,55.11549153776148,1.1927000000007126,532.4672000000002,8688.0,346.1026316460619,0.0,11,70,89,95,150,210,300,400,490,530,530
,Aggregated,6594,0,11,55.11549153776148,1.1927000000007126,532.4672000000002,8688.0,346.1026316460619,0.0,11,70,89,95,150,210,300,400,490,530,530
