Type,Name,Request Count,Failure Count,Median Response Time,Average Response Time,Min Response Time,Max Response Time,Average Content Size,Requests/s,Failures/s,50%,66%,75%,80%,90%,95%,98%,99%,99.9%,99.99%,100%
GET,/,6446,0,10,35.33082455786542,1.2612000000000734,387.81200000000024,8688.0,338.35796754121844,0.0,10,20,55,71,94,120,190,280,380,390,390
,Aggregated,6446,0,10,35.33082455786542,1.2612000000000734,387.81200000000024,8688.0,338.35796754121844,0.0,10,20,55,71,94,120,190,280,380,390,390
