Type,Name,Request Count,Failure Count,Median Response Time,Average Response Time,Min Response Time,Max Response Time,Average Content Size,Requests/s,Failures/s,50%,66%,75%,80%,90%,95%,98%,99%,99.9%,99.99%,100%
GET,/,5796,0,9,40.28471007591451,1.404000000000849,400.33910000000003,8688.0,304.44894672553636,0.0,9,14,56,76,100,190,290,300,380,400,400
,Aggregated,5796,0,9,40.28471007591451,1.404000000000849,400.33910000000003,8688.0,304.44894672553636,0.0,9,14,56,76,100,190,290,300,380,400,400
