Type,Name,Request Count,Failure Count,Median Response Time,Average Response Time,Min Response Time,Max Response Time,Average Content Size,Requests/s,Failures/s,50%,66%,75%,80%,90%,95%,98%,99%,99.9%,99.99%,100%
GET,/,3887,0,5,25.55677700025722,1.2946999999989828,458.68620000000027,8688.0,205.4874814200203,0.0,5,8,11,14,80,110,260,300,430,460,460
,Aggregated,3887,0,5,25.55677700025722,1.2946999999989828,458.68620000000027,8688.0,205.4874814200203,0.0,5,8,11,14,80,110,260,300,430,460,460
