Type,Name,Request Count,Failure Count,Median Response Time,Average Response Time,Min Response Time,Max Response Time,Average Content Size,Requests/s,Failures/s,50%,66%,75%,80%,90%,95%,98%,99%,99.9%,99.99%,100%
GET,/,6531,0,8,41.99081815954684,1.1570000000009628,487.4057,8688.0,342.9799058945655,0.0,8,15,65,80,110,190,240,330,420,490,490
,Aggregated,6531,0,8,41.99081815954684,1.1570000000009628,487.4057,8688.0,342.9799058945655,0.0,8,15,65,80,110,190,240,330,420,490,490
