Type,Name,Request Count,Failure Count,Median Response Time,Average Response Time,Min Response Time,Max Response Time,Average Content Size,Requests/s,Failures/s,50%,66%,75%,80%,90%,95%,98%,99%,99.9%,99.99%,100%
GET,/,4284,0,6,41.16780943043894,1.195299999999122,430.4133000000001,8688.0,225.07093229758908,0.0,6,10,72,85,100,200,300,330,400,430,430
,Aggregated,4284,0,6,41.16780943043894,1.195299999999122,430.4133000000001,8688.0,225.07093229758908,0.0,6,10,72,85,100,200,300,330,400,430,430
