Type,Name,Request Count,Failure Count,Median Response Time,Average Response Time,Min Response Time,Max Response Time,Average Content Size,Requests/s,Failures/s,50%,66%,75%,80%,90%,95%,98%,99%,99.9%,99.99%,100%
GET,/,3677,0,4,29.900532363339668,1.1021000000006609,434.0621,8688.0,193.57145392679317,0.0,4,5,7,8,92,210,310,330,420,430,430
,Aggregated,3677,0,4,29.900532363339668,1.1021000000006609,434.0621,8688.0,193.57145392679317,0.0,4,5,7,8,92,210,310,330,420,430,430
