Type,Name,Request Count,Failure Count,Median Response Time,Average Response Time,Min Response Time,Max Response Time,Average Content Size,Requests/s,Failures/s,50%,66%,75%,80%,90%,95%,98%,99%,99.9%,99.99%,100%
GET,/,8526,0,78,89.13979855735441,1.5483000000031666,669.7806000000002,8688.0,446.155791238734,0.0,78,94,100,130,210,300,380,400,590,670,670
,Aggregated,8526,0,78,89.13979855735441,1.5483000000031666,669.7806000000002,8688.0,446.155791238734,0.0,78,94,100,130,210,300,380,400,590,670,670
