Type,Name,Request Count,Failure Count,Median Response Time,Average Response Time,Min Response Time,Max Response Time,Average Content Size,Requests/s,Failures/s,50%,66%,75%,80%,90%,95%,98%,99%,99.9%,99.99%,100%
GET,/,5462,0,7,32.07971382277542,1.2597999999997,384.39619999999985,8688.0,287.6547665931762,0.0,7,11,18,58,100,180,210,280,380,380,380
,Aggregated,5462,0,7,32.07971382277542,1.2597999999997,384.39619999999985,8688.0,287.6547665931762,0.0,7,11,18,58,100,180,210,280,380,380,380
