Type,Name,Request Count,Failure Count,Median Response Time,Average Response Time,Min Response Time,Max Response Time,Average Content Size,Requests/s,Failures/s,50%,66%,75%,80%,90%,95%,98%,99%,99.9%,99.99%,100%
GET,/,5527,0,6,31.89228644834463,1.2788000000014677,496.66460000000035,8688.0,290.78764515678876,0.0,6,8,12,53,87,160,280,380,480,500,500
,Aggregated,5527,0,6,31.89228644834463,1.2788000000014677,496.66460000000035,8688.0,290.78764515678876,0.0,6,8,12,53,87,160,280,380,480,500,500
