Type,Name,Request Count,Failure Count,Median Response Time,Average Response Time,Min Response Time,Max Response Time,Average Content Size,Requests/s,Failures/s,50%,66%,75%,80%,90%,95%,98%,99%,99.9%,99.99%,100%
GET,/,5477,0,10,35.1316105714807,1.1957000000002438,486.94840000000016,8688.0,287.93752728375733,0.0,10,17,48,68,93,110,270,320,400,490,490
,Aggregated,5477,0,10,35.1316105714807,1.1957000000002438,486.94840000000016,8688.0,287.93752728375733,0.0,10,17,48,68,93,110,270,320,400,490,490
