Type,Name,Request Count,Failure Count,Median Response Time,Average Response Time,Min Response Time,Max Response Time,Average Content Size,Requests/s,Failures/s,50%,66%,75%,80%,90%,95%,98%,99%,99.9%,99.99%,100%
GET,/,7564,0,16,44.053792067689024,1.535799999999199,448.9467999999999,8688.0,395.661792011304,0.0,16,37,65,79,100,170,240,290,390,450,450
,Aggregated,7564,0,16,44.053792067689024,1.535799999999199,448.9467999999999,8688.0,395.661792011304,0.0,16,37,65,79,100,170,240,290,390,450,450
