Type,Name,Request Count,Failure Count,Median Response Time,Average Response Time,Min Response Time,Max Response Time,Average Content Size,Requests/s,Failures/s,50%,66%,75%,80%,90%,95%,98%,99%,99.9%,99.99%,100%
GET,/,3955,0,7,28.657468495575337,1.2428999999993806,471.12489999999997,8688.0,208.31422756463266,0.0,7,11,14,17,82,170,290,350,440,470,470
,Aggregated,3955,0,7,28.657468495575337,1.2428999999993806,471.12489999999997,8688.0,208.31422756463266,0.0,7,11,14,17,82,170,290,350,440,470,470
