Type,Name,Request Count,Failure Count,Median Response Time,Average Response Time,Min Response Time,Max Response Time,Average Content Size,Requests/s,Failures/s,50%,66%,75%,80%,90%,95%,98%,99%,99.9%,99.99%,100%
GET,/,4873,0,7,30.505461337984727,1.2036999999995857,560.2061999999996,8688.0,256.06442725068564,0.0,7,11,15,52,85,110,240,290,530,560,560
,Aggregated,4873,0,7,30.505461337984727,1.2036999999995857,560.2061999999996,8688.0,256.06442725068564,0.0,7,11,15,52,85,110,240,290,530,560,560
