Type,Name,Request Count,Failure Count,Median Response Time,Average Response Time,Min Response Time,Max Response Time,Average Content Size,Requests/s,Failures/s,50%,66%,75%,80%,90%,95%,98%,99%,99.9%,99.99%,100%
GET,/,6051,0,8,41.43739257973888,1.2129000000005163,628.9729,8688.0,318.3159837051108,0.0,8,14,62,81,100,190,260,380,490,630,630
,Aggregated,6051,0,8,41.43739257973888,1.2129000000005163,628.9729,8688.0,318.3159837051108,0.0,8,14,62,81,100,190,260,380,490,630,630
