Type,Name,Request Count,Failure Count,Median Response Time,Average Response Time,Min Response Time,Max Response Time,Average Content Size,Requests/s,Failures/s,50%,66%,75%,80%,90%,95%,98%,99%,99.9%,99.99%,100%
GET,/,5951,0,9,36.04917949924376,1.567800000000119,484.8443000000002,8688.0,311.7282132662673,0.0,9,14,44,68,95,170,270,300,480,480,480
,Aggregated,5951,0,9,36.04917949924376,1.567800000000119,484.8443000000002,8688.0,311.7282132662673,0.0,9,14,44,68,95,170,270,300,480,480,480
