Type,Name,Request Count,Failure Count,Median Response Time,Average Response Time,Min Response Time,Max Response Time,Average Content Size,Requests/s,Failures/s,50%,66%,75%,80%,90%,95%,98%,99%,99.9%,99.99%,100%
GET,/,3520,0,8,168.59244002840924,1.2612999999994656,2471.9545,8688.0,185.0122767163443,0.0,8,16,73,93,280,2000,2200,2300,2400,2500,2500
,Aggregated,3520,0,8,168.59244002840924,1.2612999999994656,2471.9545,8688.0,185.0122767163443,0.0,8,16,73,93,280,2000,2200,2300,2400,2500,2500
