Type,Name,Request Count,Failure Count,Median Response Time,Average Response Time,Min Response Time,Max Response Time,Average Content Size,Requests/s,Failures/s,50%,66%,75%,80%,90%,95%,98%,99%,99.9%,99.99%,100%
GET,/,6495,0,14,58.96394668206319,1.3170000000002346,569.6408999999995,8688.0,341.64967276909584,0.0,14,77,88,93,180,200,300,390,490,570,570
,Aggregated,6495,0,14,58.96394668206319,1.3170000000002346,569.6408999999995,8688.0,341.64967276909584,0.0,14,77,88,93,180,200,300,390,490,570,570
