Type,Name,Request Count,Failure Count,Median Response Time,Average Response Time,Min Response Time,Max Response Time,Average Content Size,Requests/s,Failures/s,50%,66%,75%,80%,90%,95%,98%,99%,99.9%,99.99%,100%
GET,/,7371,0,11,39.55685394112066,1.2367000000015338,392.49709999999993,8688.0,386.655253487302,0.0,11,20,64,80,100,190,210,280,390,390,390
,Aggregated,7371,0,11,39.55685394112066,1.2367000000015338,392.49709999999993,8688.0,386.655253487302,0.0,11,20,64,80,100,190,210,280,390,390,390
