Type,Name,Request Count,Failure Count,Median Response Time,Average Response Time,Min Response Time,Max Response Time,Average Content Size,Requests/s,Failures/s,50%,66%,75%,80%,90%,95%,98%,99%,99.9%,99.99%,100%
GET,/,2684,0,190.0,210.95562544709395,1.375299999999413,798.8366,8688.0,141.20982574995665,0.0,190,210,300,300,400,540,600,640,650,800,800
,Aggregated,2684,0,190.0,210.95562544709395,1.375299999999413,798.8366,8688.0,141.20982574995665,0.0,190,210,300,300,400,540,600,640,650,800,800
