Type,Name,Request Count,Failure Count,Median Response Time,Average Response Time,Min Response Time,Max Response Time,Average Content Size,Requests/s,Failures/s,50%,66%,75%,80%,90%,95%,98%,99%,99.9%,99.99%,100%
GET,/,6311,0,8,42.25629440659154,1.239500000000504,495.56829999999997,8688.0,332.23400793932547,0.0,8,46,76,86,98,170,260,330,400,500,500
,Aggregated,6311,0,8,42.25629440659154,1.239500000000504,495.56829999999997,8688.0,332.23400793932547,0.0,8,46,76,86,98,170,260,330,400,500,500
