Type,Name,Request Count,Failure Count,Median Response Time,Average Response Time,Min Response Time,Max Response Time,Average Content Size,Requests/s,Failures/s,50%,66%,75%,80%,90%,95%,98%,99%,99.9%,99.99%,100%
GET,/,5487,0,6,30.77178111900866,1.1292999999987785,558.3011,8688.0,288.4848174828662,0.0,6,8,15,42,93,190,250,300,390,560,560
,Aggregated,5487,0,6,30.77178111900866,1.1292999999987785,558.3011,8688.0,288.4848174828662,0.0,6,8,15,42,93,190,250,300,390,560,560
