Type,Name,Request Count,Failure Count,Median Response Time,Average Response Time,Min Response Time,Max Response Time,Average Content Size,Requests/s,Failures/s,50%,66%,75%,80%,90%,95%,98%,99%,99.9%,99.99%,100%
GET,/,5071,0,8,32.389561210806654,1.241900000000129,484.03350000000023,8688.0,266.2431455705892,0.0,8,15,23,54,89,150,270,300,400,480,480
,Aggregated,5071,0,8,32.389561210806654,1.241900000000129,484.03350000000023,8688.0,266.2431455705892,0.0,8,15,23,54,89,150,270,300,400,480,480
