Type,Name,Request Count,Failure Count,Median Response Time,Average Response Time,Min Response Time,Max Response Time,Average Content Size,Requests/s,Failures/s,50%,66%,75%,80%,90%,95%,98%,99%,99.9%,99.99%,100%
GET,/,5985,0,8,34.72207438596508,1.2265999999989674,418.04569999999995,8688.0,313.8178753146816,0.0,8,13,31,56,95,190,260,300,320,420,420
,Aggregated,5985,0,8,34.72207438596508,1.2265999999989674,418.04569999999995,8688.0,313.8178753146816,0.0,8,13,31,56,95,190,260,300,320,420,420
