Type,Name,Request Count,Failure Count,Median Response Time,Average Response Time,Min Response Time,Max Response Time,Average Content Size,Requests/s,Failures/s,50%,66%,75%,80%,90%,95%,98%,99%,99.9%,99.99%,100%
GET,/,4795,0,100.0,139.57741019812366,1.4490999999985377,679.2220000000002,8688.0,251.98093114213432,0.0,100,180,200,200,300,300,400,410,580,680,680
,Aggregated,4795,0,100.0,139.57741019812366,1.4490999999985377,679.2220000000002,8688.0,251.98093114213432,0.0,100,180,200,200,300,300,400,410,580,680,680
