Type,Name,Request Count,Failure Count,Median Response Time,Average Response Time,Min Response Time,Max Response Time,Average Content Size,Requests/s,Failures/s,50%,66%,75%,80%,90%,95%,98%,99%,99.9%,99.99%,100%
GET,/,8218,0,66,88.22433803845236,1.5807000000016558,726.8175000000001,8688.0,430.1640289356426,0.0,66,92,110,150,210,290,370,410,590,730,730
,Aggregated,8218,0,66,88.22433803845236,1.5807000000016558,726.8175000000001,8688.0,430.1640289356426,0.0,66,92,110,150,210,290,370,410,590,730,730
