Type,Name,Request Count,Failure Count,Median Response Time,Average Response Time,Min Response Time,Max Response Time,Average Content Size,Requests/s,Failures/s,50%,66%,75%,80%,90%,95%,98%,99%,99.9%,99.99%,100%
GET,/,5422,0,6,36.61306991884912,1.1890000000001066,484.81469999999985,8688.0,285.27488633826994,0.0,6,9,38,67,96,190,300,370,400,480,480
,Aggregated,5422,0,6,36.61306991884912,1.1890000000001066,484.81469999999985,8688.0,285.27488633826994,0.0,6,9,38,67,96,190,300,370,400,480,480
