Type,Name,Request Count,Failure Count,Median Response Time,Average Response Time,Min Response Time,Max Response Time,Average Content Size,Requests/s,Failures/s,50%,66%,75%,80%,90%,95%,98%,99%,99.9%,99.99%,100%
GET,/,6843,0,15,64.31902173023524,1.1916999999996847,591.7352999999998,8688.0,359.13315102496,0.0,15,86,93,98,190,230,310,390,510,590,590
,Aggregated,6843,0,15,64.31902173023524,1.1916999999996847,591.7352999999998,8688.0,359.13315102496,0.0,15,86,93,98,190,230,310,390,510,590,590
