Type,Name,Request Count,Failure Count,Median Response Time,Average Response Time,Min Response Time,Max Response Time,Average Content Size,Requests/s,Failures/s,50%,66%,75%,80%,90%,95%,98%,99%,99.9%,99.99%,100%
GET,/,7255,0,91,91.6758083942108,1.4568999999999832,397.2557999999999,8688.0,380.48165464946163,0.0,91,99,110,140,200,240,290,300,370,400,400
,Aggregated,7255,0,91,91.6758083942108,1.4568999999999832,397.2557999999999,8688.0,380.48165464946163,0.0,91,99,110,140,200,240,290,300,370,400,400
