Type,Name,Request Count,Failure Count,Median Response Time,Average Response Time,Min Response Time,Max Response Time,Average Content Size,Requests/s,Failures/s,50%,66%,75%,80%,90%,95%,98%,99%,99.9%,99.99%,100%
GET,/,4499,0,6,24.83985043342961,1.195799999999636,365.19410000000005,8688.0,237.89048895979565,0.0,6,8,11,14,72,100,250,300,360,370,370
,Aggregated,4499,0,6,24.83985043342961,1.195799999999636,365.19410000000005,8688.0,237.89048895979565,0.0,6,8,11,14,72,100,250,300,360,370,370
