Type,Name,Request Count,Failure Count,Median Response Time,Average Response Time,Min Response Time,Max Response Time,Average Content Size,Requests/s,Failures/s,50%,66%,75%,80%,90%,95%,98%,99%,99.9%,99.99%,100%
GET,/,6574,0,13,61.26995120170363,1.2227999999998573,451.4239999999998,8688.0,344.49072419457445,0.0,13,83,96,100,190,230,300,340,400,450,450
,Aggregated,6574,0,13,61.26995120170363,1.2227999999998573,451.4239999999998,8688.0,344.49072419457445,0.0,13,83,96,100,190,230,300,340,400,450,450
