Type,Name,Request Count,Failure Count,Median Response Time,Average Response Time,Min Response Time,Max Response Time,Average Content Size,Requests/s,Failures/s,50%,66%,75%,80%,90%,95%,98%,99%,99.9%,99.99%,100%
GET,/,5060,0,9,28.1024710474308,1.270799999998573,487.35220000000015,8688.0,266.8534391182129,0.0,9,12,15,22,90,130,220,280,380,490,490
,Aggregated,5060,0,9,28.1024710474308,1.270799999998573,487.35220000000015,8688.0,266.8534391182129,0.0,9,12,15,22,90,130,220,280,380,490,490
