Type,Name,Request Count,Failure Count,Median Response Time,Average Response Time,Min Response Time,Max Response Time,Average Content Size,Requests/s,Failures/s,50%,66%,75%,80%,90%,95%,98%,99%,99.9%,99.99%,100%
GET,/,6747,0,11,53.70266644434564,1.238700000000037,447.0019000000001,8688.0,354.8658487124691,0.0,11,72,85,91,120,200,290,330,390,450,450
,Aggregated,6747,0,11,53.70266644434564,1.238700000000037,447.0019000000001,8688.0,354.8658487124691,0.0,11,72,85,91,120,200,290,330,390,450,450
