Type,Name,Request Count,Failure Count,Median Response Time,Average Response Time,Min Response Time,Max Response Time,Average Content Size,Requests/s,Failures/s,50%,66%,75%,80%,90%,95%,98%,99%,99.9%,99.99%,100%
GET,/,6551,0,7,40.355488780338895,1.1894999999988443,375.86549999999977,8688.0,344.01323584452314,0.0,7,16,67,83,100,190,260,290,370,380,380
,Aggregated,6551,0,7,40.355488780338895,1.1894999999988443,375.86549999999977,8688.0,344.01323584452314,0.0,7,16,67,83,100,190,260,290,370,380,380
