Type,Name,Request Count,Failure Count,Median Response Time,Average Response Time,Min Response Time,Max Response Time,Average Content Size,Requests/s,Failures/s,50%,66%,75%,80%,90%,95%,98%,99%,99.9%,99.99%,100%
GET,/,3340,0,8,28.94808562874245,1.3695999999967512,340.3438999999997,8688.0,176.14333286882243,0.0,8,11,14,43,86,140,220,260,330,340,340
,Aggregated,3340,0,8,28.94808562874245,1.3695999999967512,340.3438999999997,8688.0,176.14333286882243,0.0,8,11,14,43,86,140,220,260,330,340,340
