Type,Name,Request Count,Failure Count,Median Response Time,Average Response Time,Min Response Time,Max Response Time,Average Content Size,Requests/s,Failures/s,50%,66%,75%,80%,90%,95%,98%,99%,99.9%,99.99%,100%
GET,/,4868,0,72,70.34219813064915,1.1983999999998218,509.0038999999997,8688.0,256.045666654465,0.0,72,93,97,100,190,210,350,390,450,510,510
,Aggregated,4868,0,72,70.34219813064915,1.1983999999998218,509.0038999999997,8688.0,256.045666654465,0.0,72,93,97,100,190,210,350,390,450,510,510
