Type,Name,Request Count,Failure Count,Median Response Time,Average Response Time,Min Response Time,Max Response Time,Average Content Size,Requests/s,Failures/s,50%,66%,75%,80%,90%,95%,98%,99%,99.9%,99.99%,100%
GET,/,5366,0,7,28.64316705180761,1.273999999998665,455.06460000000004,8688.0,282.8102993824289,0.0,7,13,21,45,84,130,200,260,440,460,460
,Aggregated,5366,0,7,28.64316705180761,1.273999999998665,455.06460000000004,8688.0,282.8102993824289,0.0,7,13,21,45,84,130,200,260,440,460,460
