Type,Name,Request Count,Failure Count,Median Response Time,Average Response Time,Min Response Time,Max Response Time,Average Content Size,Requests/s,Failures/s,50%,66%,75%,80%,90%,95%,98%,99%,99.9%,99.99%,100%
GET,/,6500,0,8,42.51385893846147,1.2454999999995664,460.0230000000001,8688.0,341.20468525770565,0.0,8,32,72,82,100,190,270,290,460,460,460
,Aggregated,6500,0,8,42.51385893846147,1.2454999999995664,460.0230000000001,8688.0,341.20468525770565,0.0,8,32,72,82,100,190,270,290,460,460,460
