Type,Name,Request Count,Failure Count,Median Response Time,Average Response Time,Min Response Time,Max Response Time,Average Content Size,Requests/s,Failures/s,50%,66%,75%,80%,90%,95%,98%,99%,99.9%,99.99%,100%
GET,/,6630,0,8,37.70583656108591,1.2167000000005146,468.97820000000047,8688.0,348.44778614669394,0.0,8,14,48,70,100,190,280,300,430,470,470
,Aggregated,6630,0,8,37.70583656108591,1.2167000000005146,468.97820000000047,8688.0,348.44778614669394,0.0,8,14,48,70,100,190,280,300,430,470,470
