Type,Name,Request Count,Failure Count,Median Response Time,Average Response Time,Min Response Time,Max Response Time,Average Content Size,Requests/s,Failures/s,50%,66%,75%,80%,90%,95%,98%,99%,99.9%,99.99%,100%
GET,/,6040,0,8,28.006668228476897,1.3147999999993942,385.22919999999993,8688.0,318.6505724305278,0.0,8,11,16,47,86,110,200,280,360,390,390
,Aggregated,6040,0,8,28.006668228476897,1.3147999999993942,385.22919999999993,8688.0,318.6505724305278,0.0,8,11,16,47,86,110,200,280,360,390,390
