Type,Name,Request Count,Failure Count,Median Response Time,Average Response Time,Min Response Time,Max Response Time,Average Content Size,Requests/s,Failures/s,50%,66%,75%,80%,90%,95%,98%,99%,99.9%,99.99%,100%
GET,/,7193,0,85,90.67588529125513,1.274199999999226,713.6658000000002,8688.0,377.45535946791176,0.0,85,95,100,110,210,300,390,400,640,710,710
,Aggregated,7193,0,85,90.67588529125513,1.274199999999226,713.6658000000002,8688.0,377.45535946791176,0.0,85,95,100,110,210,300,390,400,640,710,710
