Type,Name,Request Count,Failure Count,Median Response Time,Average Response Time,Min Response Time,Max Response Time,Average Content Size,Requests/s,Failures/s,50%,66%,75%,80%,90%,95%,98%,99%,99.9%,99.99%,100%
GET,/,2908,0,4,24.53957696010999,1.1288999999994331,323.36089999999996,8688.0,154.23832802656165,0.0,4,6,8,36,89,110,200,220,320,320,320
,Aggregated,2908,0,4,24.53957696010999,1.1288999999994331,323.36089999999996,8688.0,154.23832802656165,0.0,4,6,8,36,89,110,200,220,320,320,320
