Type,Name,Request Count,Failure Count,Median Response Time,Average Response Time,Min Response Time,Max Response Time,Average Content Size,Requests/s,Failures/s,50%,66%,75%,80%,90%,95%,98%,99%,99.9%,99.99%,100%
GET,/,6954,0,9,44.31816545872893,1.2399000000016258,489.24980000000005,8688.0,365.6444211338817,0.0,9,17,49,74,120,210,360,380,460,490,490
,Aggregated,6954,0,9,44.31816545872893,1.2399000000016258,489.24980000000005,8688.0,365.6444211338817,0.0,9,17,49,74,120,210,360,380,460,490,490
