Type,Name,Request Count,Failure Count,Median Response Time,Average Response Time,Min Response Time,Max Response Time,Average Content Size,Requests/s,Failures/s,50%,66%,75%,80%,90%,95%,98%,99%,99.9%,99.99%,100%
GET,/,5970,0,8,35.55229804020098,1.2015000000005216,390.9866000000002,8688.0,312.8831914591868,0.0,8,15,44,67,98,180,250,300,370,390,390
,Aggregated,5970,0,8,35.55229804020098,1.2015000000005216,390.9866000000002,8688.0,312.8831914591868,0.0,8,15,44,67,98,180,250,300,370,390,390
