Type,Name,Request Count,Failure Count,Median Response Time,Average Response Time,Min Response Time,Max Response Time,Average Content Size,Requests/s,Failures/s,50%,66%,75%,80%,90%,95%,98%,99%,99.9%,99.99%,100%
GET,/,5114,0,7,32.49227766914358,1.2265999999989674,330.1337000000002,8688.0,269.35520341967066,0.0,7,9,18,57,97,190,230,240,300,330,330
,Aggregated,5114,0,7,32.49227766914358,1.2265999999989674,330.1337000000002,8688.0,269.35520341967066,0.0,7,9,18,57,97,190,230,240,300,330,330
