Type,Name,Request Count,Failure Count,Median Response Time,Average Response Time,Min Response Time,Max Response Time,Average Content Size,Requests/s,Failures/s,50%,66%,75%,80%,90%,95%,98%,99%,99.9%,99.99%,100%
GET,/,6520,0,7,52.533312223926416,1.1794999999992228,615.8912,8688.0,342.00926019723505,0.0,7,60,82,89,140,230,300,410,520,620,620
,Aggregated,6520,0,7,52.533312223926416,1.1794999999992228,615.8912,8688.0,342.00926019723505,0.0,7,60,82,89,140,230,300,410,520,620,620
