Type,Name,Request Count,Failure Count,Median Response Time,Average Response Time,Min Response Time,Max Response Time,Average Content Size,Requests/s,Failures/s,50%,66%,75%,80%,90%,95%,98%,99%,99.9%,99.99%,100%
GET,/,6663,0,51,63.199931367252354,1.3940000000012276,558.7751999999999,8688.0,350.7384155464909,0.0,51,85,93,97,150,200,280,290,460,560,560
,Aggregated,6663,0,51,63.199931367252354,1.3940000000012276,558.7751999999999,8688.0,350.7384155464909,0.0,51,85,93,97,150,200,280,290,460,560,560
