Type,Name,Request Count,Failure Count,Median Response Time,Average Response Time,Min Response Time,Max Response Time,Average Content Size,Requests/s,Failures/s,50%,66%,75%,80%,90%,95%,98%,99%,99.9%,99.99%,100%
GET,/,5781,0,9,37.803545251686685,1.3667999999995573,450.0163000000002,8688.0,303.8588276185697,0.0,9,13,64,77,98,170,250,290,420,450,450
,Aggregated,5781,0,9,37.803545251686685,1.3667999999995573,450.0163000000002,8688.0,303.8588276185697,0.0,9,13,64,77,98,170,250,290,420,450,450
