Type,Name,Request Count,Failure Count,Median Response Time,Average Response Time,Min Response Time,Max Response Time,Average Content Size,Requests/s,Failures/s,50%,66%,75%,80%,90%,95%,98%,99%,99.9%,99.99%,100%
GET,/,6177,0,9,35.306789541848914,1.3535999999998438,813.7829999999999,8688.0,324.55004611345726,0.0,9,14,41,62,94,130,220,370,610,810,810
,Aggregated,6177,0,9,35.306789541848914,1.3535999999998438,813.7829999999999,8688.0,324.55004611345726,0.0,9,14,41,62,94,130,220,370,610,810,810
