Type,Name,Request Count,Failure Count,Median Response Time,Average Response Time,Min Response Time,Max Response Time,Average Content Size,Requests/s,Failures/s,50%,66%,75%,80%,90%,95%,98%,99%,99.9%,99.99%,100%
GET,/,6888,0,9,31.99971689895475,1.3625000000008214,437.81719999999956,8688.0,361.6124264327049,0.0,9,13,25,54,97,170,200,270,370,440,440
,Aggregated,6888,0,9,31.99971689895475,1.3625000000008214,437.81719999999956,8688.0,361.6124264327049,0.0,9,13,25,54,97,170,200,270,370,440,440
