Type,Name,Request Count,Failure Count,Median Response Time,Average Response Time,Min Response Time,Max Response Time,Average Content Size,Requests/s,Failures/s,50%,66%,75%,80%,90%,95%,98%,99%,99.9%,99.99%,100%
GET,/,5115,0,9,29.046713919843516,1.3214999999995314,293.00919999999974,8688.0,269.1742296435739,0.0,9,13,17,40,91,140,200,220,280,290,290
,Aggregated,5115,0,9,29.046713919843516,1.3214999999995314,293.00919999999974,8688.0,269.1742296435739,0.0,9,13,17,40,91,140,200,220,280,290,290
