Type,Name,Request Count,Failure Count,Median Response Time,Average Response Time,Min Response Time,Max Response Time,Average Content Size,Requests/s,Failures/s,50%,66%,75%,80%,90%,95%,98%,99%,99.9%,99.99%,100%
GET,/,8419,0,22,59.96838008076978,1.653200000003352,553.2735000000005,8688.0,440.25038946596095,0.0,22,69,87,95,170,210,300,370,460,550,550
,Aggregated,8419,0,22,59.96838008076978,1.653200000003352,553.2735000000005,8688.0,440.25038946596095,0.0,22,69,87,95,170,210,300,370,460,550,550
