Type,Name,Request Count,Failure Count,Median Response Time,Average Response Time,Min Response Time,Max Response Time,Average Content Size,Requests/s,Failures/s,50%,66%,75%,80%,90%,95%,98%,99%,99.9%,99.99%,100%
GET,/,7429,0,16,41.94331331269354,1.2392999999999432,428.36240000000015,8688.0,391.410532315701,0.0,16,35,70,82,100,150,200,260,380,430,430
,Aggregated,7429,0,16,41.94331331269354,1.2392999999999432,428.36240000000015,8688.0,391.410532315701,0.0,16,35,70,82,100,150,200,260,380,430,430
