Type,Name,Request Count,Failure Count,Median Response Time,Average Response Time,Min Response Time,Max Response Time,Average Content Size,Requests/s,Failures/s,50%,66%,75%,80%,90%,95%,98%,99%,99.9%,99.99%,100%
GET,/,6426,0,7,39.908614908185655,1.1851000000007161,495.4700999999999,8688.0,337.4909357856964,0.0,7,11,61,77,110,200,270,300,410,500,500
,Aggregated,6426,0,7,39.908614908185655,1.1851000000007161,495.4700999999999,8688.0,337.4909357856964,0.0,7,11,61,77,110,200,270,300,410,500,500
