Type,Name,Request Count,Failure Count,Median Response Time,Average Response Time,Min Response Time,Max Response Time,Average Content Size,Requests/s,Failures/s,50%,66%,75%,80%,90%,95%,98%,99%,99.9%,99.99%,100%
GET,/,6933,0,9,41.507750771671816,1.2455000000004546,403.46679999999947,8688.0,363.97685872420226,0.0,9,18,59,77,110,200,280,290,400,400,400
,Aggregated,6933,0,9,41.507750771671816,1.2455000000004546,403.46679999999947,8688.0,363.97685872420226,0.0,9,18,59,77,110,200,280,290,400,400,400
