Type,Name,Request Count,Failure Count,Median Response Time,Average Response Time,Min Response Time,Max Response Time,Average Content Size,Requests/s,Failures/s,50%,66%,75%,80%,90%,95%,98%,99%,99.9%,99.99%,100%
GET,/,7323,0,81,77.41322839000438,1.2278999999999485,404.00370000000055,8688.0,384.777746002719,0.0,81,92,99,100,190,210,290,300,380,400,400
,Aggregated,7323,0,81,77.41322839000438,1.2278999999999485,404.00370000000055,8688.0,384.777746002719,0.0,81,92,99,100,190,210,290,300,380,400,400
