Type,Name,Request Count,Failure Count,Median Response Time,Average Response Time,Min Response Time,Max Response Time,Average Content Size,Requests/s,Failures/s,50%,66%,75%,80%,90%,95%,98%,99%,99.9%,99.99%,100%
GET,/,5698,0,6,32.375500421200485,1.2214999999997644,392.31150000000036,8688.0,298.8232978937467,0.0,6,9,14,41,99,200,230,290,320,390,390
,Aggregated,5698,0,6,32.375500421200485,1.2214999999997644,392.31150000000036,8688.0,298.8232978937467,0.0,6,9,14,41,99,200,230,290,320,390,390
