Type,Name,Request Count,Failure Count,Median Response Time,Average Response Time,Min Response Time,Max Response Time,Average Content Size,Requests/s,Failures/s,50%,66%,75%,80%,90%,95%,98%,99%,99.9%,99.99%,100%
GET,/,7137,0,9,34.83081045257106,1.3545999999990954,446.31040000000024,8688.0,374.2687010868662,0.0,9,14,39,62,98,180,230,260,410,450,450
,Aggregated,7137,0,9,34.83081045257106,1.3545999999990954,446.31040000000024,8688.0,374.2687010868662,0.0,9,14,39,62,98,180,230,260,410,450,450
