Type,Name,Request Count,Failure Count,Median Response Time,Average Response Time,Min Response Time,Max Response Time,Average Content Size,Requests/s,Failures/s,50%,66%,75%,80%,90%,95%,98%,99%,99.9%,99.99%,100%
GET,/,6344,0,400.0,411.8443381935698,11.870599999999953,1093.5577999999991,8688.0,332.11132336154714,0.0,400,490,510,590,690,710,800,900,1000,1100,1100
,Aggregated,6344,0,400.0,411.8443381935698,11.870599999999953,1093.5577999999991,8688.0,332.11132336154714,0.0,400,490,510,590,690,710,800,900,1000,1100,1100
