Type,Name,Request Count,Failure Count,Median Response Time,Average Response Time,Min Response Time,Max Response Time,Average Content Size,Requests/s,Failures/s,50%,66%,75%,80%,90%,95%,98%,99%,99.9%,99.99%,100%
GET,/,5341,0,7,34.26896554952249,1.1327999999970473,469.9416000000003,8688.0,280.6296542101499,0.0,7,11,35,64,96,190,260,300,370,470,470
,Aggregated,5341,0,7,34.26896554952249,1.1327999999970473,469.9416000000003,8688.0,280.6296542101499,0.0,7,11,35,64,96,190,260,300,370,470,470
