Type,Name,Request Count,Failure Count,Median Response Time,Average Response Time,Min Response Time,Max Response Time,Average Content Size,Requests/s,Failures/s,50%,66%,75%,80%,90%,95%,98%,99%,99.9%,99.99%,100%
GET,/,4074,0,8,28.74720702012761,1.5681000000000722,390.5652000000002,8688.0,214.15527382785243,0.0,8,11,16,32,88,120,210,280,360,390,390
,Aggregated,4074,0,8,28.74720702012761,1.5681000000000722,390.5652000000002,8688.0,214.15527382785243,0.0,8,11,16,32,88,120,210,280,360,390,390
