Type,Name,Request Count,Failure Count,Median Response Time,Average Response Time,Min Response Time,Max Response Time,Average Content Size,Requests/s,Failures/s,50%,66%,75%,80%,90%,95%,98%,99%,99.9%,99.99%,100%
GET,/,6368,0,6,40.426527088567894,1.2150999999995804,458.0345000000001,8688.0,334.16766257850435,0.0,6,11,56,78,120,200,290,300,390,460,460
,Aggregated,6368,0,6,40.426527088567894,1.2150999999995804,458.0345000000001,8688.0,334.16766257850435,0.0,6,11,56,78,120,200,290,300,390,460,460
