Type,Name,Request Count,Failure Count,Median Response Time,Average Response Time,Min Response Time,Max Response Time,Average Content Size,Requests/s,Failures/s,50%,66%,75%,80%,90%,95%,98%,99%,99.9%,99.99%,100%
GET,/,2380,0,7,59.169938949579844,1.238700000000037,604.2132,8688.0,125.11111885379142,0.0,7,87,94,97,110,200,410,500,600,600,600
,Aggregated,2380,0,7,59.169938949579844,1.238700000000037,604.2132,8688.0,125.11111885379142,0.0,7,87,94,97,110,200,410,500,600,600,600
