Type,Name,Request Count,Failure Count,Median Response Time,Average Response Time,Min Response Time,Max Response Time,Average Content Size,Requests/s,Failures/s,50%,66%,75%,80%,90%,95%,98%,99%,99.9%,99.99%,100%
GET,/,3394,0,6,20.82536776664708,1.2420999999989135,263.8288000000002,8688.0,181.25942955438282,0.0,6,9,11,14,70,99,180,210,260,260,260
,Aggregated,3394,0,6,20.82536776664708,1.2420999999989135,263.8288000000002,8688.0,181.25942955438282,0.0,6,9,11,14,70,99,180,210,260,260,260
