Type,Name,Request Count,Failure Count,Median Response Time,Average Response Time,Min Response Time,Max Response Time,Average Content Size,Requests/s,Failures/s,50%,66%,75%,80%,90%,95%,98%,99%,99.9%,99.99%,100%
GET,/,3178,0,5,22.814295248584017,1.1994999999984657,299.9944000000001,8688.0,168.86780706431927,0.0,5,8,11,14,77,110,190,210,290,300,300
,Aggregated,3178,0,5,22.814295248584017,1.1994999999984657,299.9944000000001,8688.0,168.86780706431927,0.0,5,8,11,14,77,110,190,210,290,300,300
