Type,Name,Request Count,Failure Count,Median Response Time,Average Response Time,Min Response Time,Max Response Time,Average Content Size,Requests/s,Failures/s,50%,66%,75%,80%,90%,95%,98%,99%,99.9%,99.99%,100%
GET,/,3569,0,5,36.10469857102823,1.190700000000433,450.5281000000001,8688.0,187.96420733659394,0.0,5,8,14,70,95,200,300,350,440,450,450
,Aggregated,3569,0,5,36.10469857102823,1.190700000000433,450.5281000000001,8688.0,187.96420733659394,0.0,5,8,14,70,95,200,300,350,440,450,450
