Type,Name,Request Count,Failure Count,Median Response Time,Average Response Time,Min Response Time,Max Response Time,Average Content Size,Requests/s,Failures/s,50%,66%,75%,80%,90%,95%,98%,99%,99.9%,99.99%,100%
GET,/,7015,0,20,72.92792011404113,1.2898000000003407,605.6115999999996,8688.0,368.67720306989895,0.0,20,88,94,100,200,290,390,480,500,610,610
,Aggregated,7015,0,20,72.92792011404113,1.2898000000003407,605.6115999999996,8688.0,368.67720306989895,0.0,20,88,94,100,200,290,390,480,500,610,610
