Type,Name,Request Count,Failure Count,Median Response Time,Average Response Time,Min Response Time,Max Response Time,Average Content Size,Requests/s,Failures/s,50%,66%,75%,80%,90%,95%,98%,99%,99.9%,99.99%,100%
GET,/,4176,0,6,25.90987406609203,1.2854000000004362,430.4665999999999,8688.0,221.45169995157383,0.0,6,10,13,17,81,100,240,330,390,430,430
,Aggregated,4176,0,6,25.90987406609203,1.2854000000004362,430.4665999999999,8688.0,221.45169995157383,0.0,6,10,13,17,81,100,240,330,390,430,430
