Type,Name,Request Count,Failure Count,Median Response Time,Average Response Time,Min Response Time,Max Response Time,Average Content Size,Requests/s,Failures/s,50%,66%,75%,80%,90%,95%,98%,99%,99.9%,99.99%,100%
GET,/,6602,0,8,50.625542896092455,1.1538000000008708,536.4979000000001,8688.0,346.31025716769113,0.0,8,54,87,92,150,210,300,350,460,540,540
,Aggregated,6602,0,8,50.625542896092455,1.1538000000008708,536.4979000000001,8688.0,346.31025716769113,0.0,8,54,87,92,150,210,300,350,460,540,540
