Type,Name,Request Count,Failure Count,Median Response Time,Average Response Time,Min Response Time,Max Response Time,Average Content Size,Requests/s,Failures/s,50%,66%,75%,80%,90%,95%,98%,99%,99.9%,99.99%,100%
GET,/,6824,0,9,33.82508393903881,1.2398000000004572,379.9612999999997,8688.0,358.67940663790597,0.0,9,15,28,57,94,180,240,280,310,380,380
,Aggregated,6824,0,9,33.82508393903881,1.2398000000004572,379.9612999999997,8688.0,358.67940663790597,0.0,9,15,28,57,94,180,240,280,310,380,380
