Type,Name,Request Count,Failure Count,Median Response Time,Average Response Time,Min Response Time,Max Response Time,Average Content Size,Requests/s,Failures/s,50%,66%,75%,80%,90%,95%,98%,99%,99.9%,99.99%,100%
GET,/,6718,0,6,31.94636152128607,1.2660000000010996,495.67700000000013,8688.0,352.630732998803,0.0,6,10,18,54,93,160,280,300,400,500,500
,Aggregated,6718,0,6,31.94636152128607,1.2660000000010996,495.67700000000013,8688.0,352.630732998803,0.0,6,10,18,54,93,160,280,300,400,500,500
