Type,Name,Request Count,Failure Count,Median Response Time,Average Response Time,Min Response Time,Max Response Time,Average Content Size,Requests/s,Failures/s,50%,66%,75%,80%,90%,95%,98%,99%,99.9%,99.99%,100%
GET,/,3060,0,5,33.94311859477131,1.1974999999999625,401.73000000000013,8688.0,161.27921076672982,0.0,5,7,41,72,98,180,230,300,320,400,400
,Aggregated,3060,0,5,33.94311859477131,1.1974999999999625,401.73000000000013,8688.0,161.27921076672982,0.0,5,7,41,72,98,180,230,300,320,400,400
