Type,Name,Request Count,Failure Count,Median Response Time,Average Response Time,Min Response Time,Max Response Time,Average Content Size,Requests/s,Failures/s,50%,66%,75%,80%,90%,95%,98%,99%,99.9%,99.99%,100%
GET,/,6438,0,6,29.74002199440826,1.1887999999995458,414.6304999999999,8688.0,338.7579808932621,0.0,6,10,14,39,93,160,270,290,340,410,410
,Aggregated,6438,0,6,29.74002199440826,1.1887999999995458,414.6304999999999,8688.0,338.7579808932621,0.0,6,10,14,39,93,160,270,290,340,410,410
