Type,Name,Request Count,Failure Count,Median Response Time,Average Response Time,Min Response Time,Max Response Time,Average Content Size,Requests/s,Failures/s,50%,66%,75%,80%,90%,95%,98%,99%,99.9%,99.99%,100%
GET,/,6439,0,7,29.820986721540603,1.2567000000007766,337.6321,8688.0,338.4388504620533,0.0,7,9,16,51,93,150,200,250,330,340,340
,Aggregated,6439,0,7,29.820986721540603,1.2567000000007766,337.6321,8688.0,338.4388504620533,0.0,7,9,16,51,93,150,200,250,330,340,340
