Type,Name,Request Count,Failure Count,Median Response Time,Average Response Time,Min Response Time,Max Response Time,Average Content Size,Requests/s,Failures/s,50%,66%,75%,80%,90%,95%,98%,99%,99.9%,99.99%,100%
GET,/,6980,0,7,34.845793825214656,1.2475000000016223,419.76189999999923,8688.0,366.23490126969847,0.0,7,14,45,69,100,190,210,250,410,420,420
,Aggregated,6980,0,7,34.845793825214656,1.2475000000016223,419.76189999999923,8688.0,366.23490126969847,0.0,7,14,45,69,100,190,210,250,410,420,420
