Type,Name,Request Count,Failure Count,Median Response Time,Average Response Time,Min Response Time,Max Response Time,Average Content Size,Requests/s,Failures/s,50%,66%,75%,80%,90%,95%,98%,99%,99.9%,99.99%,100%
GET,/,5843,0,6,33.408689115180685,1.2679000000002105,397.18680000000006,8688.0,307.3062124754796,0.0,6,10,32,64,95,190,250,290,330,400,400
,Aggregated,5843,0,6,33.408689115180685,1.2679000000002105,397.18680000000006,8688.0,307.3062124754796,0.0,6,10,32,64,95,190,250,290,330,400,400
