Type,Name,Request Count,Failure Count,Median Response Time,Average Response Time,Min Response Time,Max Response Time,Average Content Size,Requests/s,Failures/s,50%,66%,75%,80%,90%,95%,98%,99%,99.9%,99.99%,100%
GET,/,6003,0,7,28.7237840579711,1.2801000000006724,271.2648999999998,8688.0,315.30246679180965,0.0,7,12,29,61,90,110,190,220,270,270,270
,Aggregated,6003,0,7,28.7237840579711,1.2801000000006724,271.2648999999998,8688.0,315.30246679180965,0.0,7,12,29,61,90,110,190,220,270,270,270
