Type,Name,Request Count,Failure Count,Median Response Time,Average Response Time,Min Response Time,Max Response Time,Average Content Size,Requests/s,Failures/s,50%,66%,75%,80%,90%,95%,98%,99%,99.9%,99.99%,100%
GET,/,5450,0,6,26.511049798165114,1.244800000000268,386.92069999999967,8688.0,286.0162011924267,0.0,6,9,16,48,82,110,200,220,360,390,390
,Aggregated,5450,0,6,26.511049798165114,1.244800000000268,386.92069999999967,8688.0,286.0162011924267,0.0,6,9,16,48,82,110,200,220,360,390,390
