Type,Name,Request Count,Failure Count,Median Response Time,Average Response Time,Min Response Time,Max Response Time,Average Content Size,Requests/s,Failures/s,50%,66%,75%,80%,90%,95%,98%,99%,99.9%,99.99%,100%
GET,/,4918,0,91,85.72208283855214,1.1762999999991308,463.37019999999995,8688.0,258.3143408591578,0.0,91,97,100,110,200,300,300,350,440,460,460
,Aggregated,4918,0,91,85.72208283855214,1.1762999999991308,463.37019999999995,8688.0,258.3143408591578,0.0,91,97,100,110,200,300,300,350,440,460,460
