Type,Name,Request Count,Failure Count,Median Response Time,Average Response Time,Min Response Time,Max Response Time,Average Content Size,Requests/s,Failures/s,50%,66%,75%,80%,90%,95%,98%,99%,99.9%,99.99%,100%
GET,/,8011,0,9,43.402453101984946,1.3488999999999862,417.3277,8688.0,419.9504864768986,0.0,9,30,80,89,120,190,210,270,370,420,420
,Aggregated,8011,0,9,43.402453101984946,1.3488999999999862,417.3277,8688.0,419.9504864768986,0.0,9,30,80,89,120,190,210,270,370,420,420
