Type,Name,Request Count,Failure Count,Median Response Time,Average Response Time,Min Response Time,Max Response Time,Average Content Size,Requests/s,Failures/s,50%,66%,75%,80%,90%,95%,98%,99%,99.9%,99.99%,100%
GET,/,6898,0,7,33.00131822267335,1.2739000000010492,489.2582000000001,8688.0,361.64844219397264,0.0,7,11,18,55,95,180,260,340,400,490,490
,Aggregated,6898,0,7,33.00131822267335,1.2739000000010492,489.2582000000001,8688.0,361.64844219397264,0.0,7,11,18,55,95,180,260,340,400,490,490
