Type,Name,Request Count,Failure Count,Median Response Time,Average Response Time,Min Response Time,Max Response Time,Average Content Size,Requests/s,Failures/s,50%,66%,75%,80%,90%,95%,98%,99%,99.9%,99.99%,100%
GET,/,4754,0,6,28.77742953302493,1.2776000000016552,414.1353999999997,8688.0,250.37923712824912,0.0,6,9,13,46,90,140,210,290,390,410,410
,Aggregated,4754,0,6,28.77742953302493,1.2776000000016552,414.1353999999997,8688.0,250.37923712824912,0.0,6,9,13,46,90,140,210,290,390,410,410
