Type,Name,Request Count,Failure Count,Median Response Time,Average Response Time,Min Response Time,Max Response Time,Average Content Size,Requests/s,Failures/s,50%,66%,75%,80%,90%,95%,98%,99%,99.9%,99.99%,100%
GET,/,7606,0,190.0,227.37802089140112,1.5852999999985684,1298.7341000000008,8688.0,399.3644122890848,0.0,190,220,300,380,500,600,800,910,1100,1300,1300
,Aggregated,7606,0,190.0,227.37802089140112,1.5852999999985684,1298.7341000000008,8688.0,399.3644122890848,0.0,190,220,300,380,500,600,800,910,1100,1300,1300
