Type,Name,Request Count,Failure Count,Median Response Time,Average Response Time,Min Response Time,Max Response Time,Average Content Size,Requests/s,Failures/s,50%,66%,75%,80%,90%,95%,98%,99%,99.9%,99.99%,100%
GET,/,7168,0,77,86.57637381417449,1.2869000000002018,560.5017999999999,8688.0,376.39730751622506,0.0,77,96,110,180,210,290,370,400,490,560,560
,Aggregated,7168,0,77,86.57637381417449,1.2869000000002018,560.5017999999999,8688.0,376.39730751622506,0.0,77,96,110,180,210,290,370,400,490,560,560
