Type,Name,Request Count,Failure Count,Median Response Time,Average Response Time,Min Response Time,Max Response Time,Average Content Size,Requests/s,Failures/s,50%,66%,75%,80%,90%,95%,98%,99%,99.9%,99.99%,100%
GET,/,1879,0,4,29.084634486428914,1.2310999999982641,466.22909999999985,8688.0,98.8389286333421,0.0,4,5,6,7,80,170,360,460,460,470,470
,Aggregated,1879,0,4,29.084634486428914,1.2310999999982641,466.22909999999985,8688.0,98.8389286333421,0.0,4,5,6,7,80,170,360,460,460,470,470
