Type,Name,Request Count,Failure Count,Median Response Time,Average Response Time,Min Response Time,Max Response Time,Average Content Size,Requests/s,Failures/s,50%,66%,75%,80%,90%,95%,98%,99%,99.9%,99.99%,100%
GET,/,2566,0,5,20.3559759937647,1.232199999996908,314.2018,8688.0,136.9985626242174,0.0,5,6,8,11,72,96,160,220,310,310,310
,Aggregated,2566,0,5,20.3559759937647,1.232199999996908,314.2018,8688.0,136.9985626242174,0.0,5,6,8,11,72,96,160,220,310,310,310
