Type,Name,Request Count,Failure Count,Median Response Time,Average Response Time,Min Response Time,Max Response Time,Average Content Size,Requests/s,Failures/s,50%,66%,75%,80%,90%,95%,98%,99%,99.9%,99.99%,100%
GET,/,5083,0,99,117.49221430257656,1.1516999999994226,503.1257999999994,8688.0,267.08518428286925,0.0,99,110,190,200,250,300,380,400,410,500,500
,Aggregated,5083,0,99,117.49221430257656,1.1516999999994226,503.1257999999994,8688.0,267.08518428286925,0.0,99,110,190,200,250,300,380,400,410,500,500
