Type,Name,Request Count,Failure Count,Median Response Time,Average Response Time,Min Response Time,Max Response Time,Average Content Size,Requests/s,Failures/s,50%,66%,75%,80%,90%,95%,98%,99%,99.9%,99.99%,100%
GET,/,5077,0,9,26.907007189285086,1.1859000000011832,266.0781000000001,8688.0,268.06150592250344,0.0,9,13,17,44,86,110,190,200,260,270,270
,Aggregated,5077,0,9,26.907007189285086,1.1859000000011832,266.0781000000001,8688.0,268.06150592250344,0.0,9,13,17,44,86,110,190,200,260,270,270
