Type,Name,Request Count,Failure Count,Median Response Time,Average Response Time,Min Response Time,Max Response Time,Average Content Size,Requests/s,Failures/s,50%,66%,75%,80%,90%,95%,98%,99%,99.9%,99.99%,100%
GET,/,7660,0,8,33.8235340469973,1.3061999999983698,395.07669999999973,8688.0,402.2140276116111,0.0,8,12,47,64,93,180,230,280,380,400,400
,Aggregated,7660,0,8,33.8235340469973,1.3061999999983698,395.07669999999973,8688.0,402.2140276116111,0.0,8,12,47,64,93,180,230,280,380,400,400
