Type,Name,Request Count,Failure Count,Median Response Time,Average Response Time,Min Response Time,Max Response Time,Average Content Size,Requests/s,Failures/s,50%,66%,75%,80%,90%,95%,98%,99%,99.9%,99.99%,100%
GET,/,5059,0,6,31.30290288594608,1.1796999999997837,553.5201000000001,8688.0,265.9774912852163,0.0,6,10,15,54,93,130,230,280,470,550,550
,Aggregated,5059,0,6,31.30290288594608,1.1796999999997837,553.5201000000001,8688.0,265.9774912852163,0.0,6,10,15,54,93,130,230,280,470,550,550
