Type,Name,Request Count,Failure Count,Median Response Time,Average Response Time,Min Response Time,Max Response Time,Average Content Size,Requests/s,Failures/s,50%,66%,75%,80%,90%,95%,98%,99%,99.9%,99.99%,100%
GET,/,6680,0,7,30.03535878742524,1.2305999999995265,309.05760000000004,8688.0,351.33215624690627,0.0,7,12,32,60,93,110,200,230,300,310,310
,Aggregated,6680,0,7,30.03535878742524,1.2305999999995265,309.05760000000004,8688.0,351.33215624690627,0.0,7,12,32,60,93,110,200,230,300,310,310
