Type,Name,Request Count,Failure Count,Median Response Time,Average Response Time,Min Response Time,Max Response Time,Average Content Size,Requests/s,Failures/s,50%,66%,75%,80%,90%,95%,98%,99%,99.9%,99.99%,100%
GET,/,6060,0,7,33.318404884488565,1.2642000000013809,492.83220000000006,8688.0,318.53648589701675,0.0,7,12,41,68,94,170,220,290,410,490,490
,Aggregated,6060,0,7,33.318404884488565,1.2642000000013809,492.83220000000006,8688.0,318.53648589701675,0.0,7,12,41,68,94,170,220,290,410,490,490
