Type,Name,Request Count,Failure Count,Median Response Time,Average Response Time,Min Response Time,Max Response Time,Average Content Size,Requests/s,Failures/s,50%,66%,75%,80%,90%,95%,98%,99%,99.9%,99.99%,100%
GET,/,4805,0,6,32.53711983350672,1.2693000000005839,335.1578000000002,8688.0,252.23726336803767,0.0,6,10,45,68,96,170,210,260,320,340,340
,Aggregated,4805,0,6,32.53711983350672,1.2693000000005839,335.1578000000002,8688.0,252.23726336803767,0.0,6,10,45,68,96,170,210,260,320,340,340
