Type,Name,Request Count,Failure Count,Median Response Time,Average Response Time,Min Response Time,Max Response Time,Average Content Size,Requests/s,Failures/s,50%,66%,75%,80%,90%,95%,98%,99%,99.9%,99.99%,100%
GET,/,5128,0,7,27.240065893135636,1.2177999999991584,509.49160000000006,8688.0,271.5712952539839,0.0,7,12,18,47,81,100,190,240,490,510,510
,Aggregated,5128,0,7,27.240065893135636,1.2177999999991584,509.49160000000006,8688.0,271.5712952539839,0.0,7,12,18,47,81,100,190,240,490,510,510
