Type,Name,Request Count,Failure Count,Median Response Time,Average Response Time,Min Response Time,Max Response Time,Average Content Size,Requests/s,Failures/s,50%,66%,75%,80%,90%,95%,98%,99%,99.9%,99.99%,100%
GET,/,5528,0,7,25.025451700434076,1.289899999999733,551.2779,8688.0,292.9309989762752,0.0,7,11,14,25,80,100,180,250,520,550,550
,Aggregated,5528,0,7,25.025451700434076,1.289899999999733,551.2779,8688.0,292.9309989762752,0.0,7,11,14,25,80,100,180,250,520,550,550
