Type,Name,Request Count,Failure Count,Median Response Time,Average Response Time,Min Response Time,Max Response Time,Average Content Size,Requests/s,Failures/s,50%,66%,75%,80%,90%,95%,98%,99%,99.9%,99.99%,100%
GET,/,6086,0,7,33.17426575747622,1.2897999999985643,526.8326000000001,8688.0,319.5923334150431,0.0,7,12,48,70,92,120,200,280,480,530,530
,Aggregated,6086,0,7,33.17426575747622,1.2897999999985643,526.8326000000001,8688.0,319.5923334150431,0.0,7,12,48,70,92,120,200,280,480,530,530
