Type,Name,Request Count,Failure Count,Median Response Time,Average Response Time,Min Response Time,Max Response Time,Average Content Size,Requests/s,Failures/s,50%,66%,75%,80%,90%,95%,98%,99%,99.9%,99.99%,100%
GET,/,8099,0,9,44.82165508087462,1.2068000000020618,501.33859999999953,8688.0,425.4812753906428,0.0,9,36,75,85,110,200,280,290,400,500,500
,Aggregated,8099,0,9,44.82165508087462,1.2068000000020618,501.33859999999953,8688.0,425.4812753906428,0.0,9,36,75,85,110,200,280,290,400,500,500
