Type,Name,Request Count,Failure Count,Median Response Time,Average Response Time,Min Response Time,Max Response Time,Average Content Size,Requests/s,Failures/s,50%,66%,75%,80%,90%,95%,98%,99%,99.9%,99.99%,100%
GET,/,6296,0,10,42.83310665501886,1.286999999999594,501.2390999999994,8688.0,330.5319189463548,0.0,10,31,77,87,110,190,200,280,400,500,500
,Aggregated,6296,0,10,42.83310665501886,1.286999999999594,501.2390999999994,8688.0,330.5319189463548,0.0,10,31,77,87,110,190,200,280,400,500,500
