Type,Name,Request Count,Failure Count,Median Response Time,Average Response Time,Min Response Time,Max Response Time,Average Content Size,Requests/s,Failures/s,50%,66%,75%,80%,90%,95%,98%,99%,99.9%,99.99%,100%
GET,/,7942,0,8,45.25160167464101,1.2626000000004467,507.0054000000006,8688.0,416.77201169443225,0.0,8,16,67,83,110,200,310,390,500,510,510
,Aggregated,7942,0,8,45.25160167464101,1.2626000000004467,507.0054000000006,8688.0,416.77201169443225,0.0,8,16,67,83,110,200,310,390,500,510,510
