Type,Name,Request Count,Failure Count,Median Response Time,Average Response Time,Min Response Time,Max Response Time,Average Content Size,Requests/s,Failures/s,50%,66%,75%,80%,90%,95%,98%,99%,99.9%,99.99%,100%
GET,/,3994,0,5,32.66435345518281,1.2388999999988215,438.2671,8688.0,209.6897972938356,0.0,5,6,10,50,95,190,290,300,390,440,440
,Aggregated,3994,0,5,32.66435345518281,1.2388999999988215,438.2671,8688.0,209.6897972938356,0.0,5,6,10,50,95,190,290,300,390,440,440
