Type,Name,Request Count,Failure Count,Median Response Time,Average Response Time,Min Response Time,Max Response Time,Average Content Size,Requests/s,Failures/s,50%,66%,75%,80%,90%,95%,98%,99%,99.9%,99.99%,100%
GET,/,3053,0,400.0,400.88510992466337,2.7983999999996456,787.5860999999995,8688.0,160.92481896789027,0.0,400,480,490,500,510,600,600,630,700,790,790
,Aggregated,3053,0,400.0,400.88510992466337,2.7983999999996456,787.5860999999995,8688.0,160.92481896789027,0.0,400,480,490,500,510,600,600,630,700,790,790
