Type,Name,Request Count,Failure Count,Median Response Time,Average Response Time,Min Response Time,Max Response Time,Average Content Size,Requests/s,Failures/s,50%,66%,75%,80%,90%,95%,98%,99%,99.9%,99.99%,100%
GET,/,4890,0,7,24.260623169734117,1.2971999999997763,373.82230000000004,8688.0,258.5392445461624,0.0,7,10,13,20,79,99,200,240,360,370,370
,Aggregated,4890,0,7,24.260623169734117,1.2971999999997763,373.82230000000004,8688.0,258.5392445461624,0.0,7,10,13,20,79,99,200,240,360,370,370
