Type,Name,Request Count,Failure Count,Median Response Time,Average Response Time,Min Response Time,Max Response Time,Average Content Size,Requests/s,Failures/s,50%,66%,75%,80%,90%,95%,98%,99%,99.9%,99.99%,100%
GET,/,6326,0,9,32.10914987353786,1.2628000000001194,339.9323999999999,8688.0,332.84198820961757,0.0,9,15,39,60,92,140,200,240,330,340,340
,Aggregated,6326,0,9,32.10914987353786,1.2628000000001194,339.9323999999999,8688.0,332.84198820961757,0.0,9,15,39,60,92,140,200,240,330,340,340
