Type,Name,Request Count,Failure Count,Median Response Time,Average Response Time,Min Response Time,Max Response Time,Average Content Size,Requests/s,Failures/s,50%,66%,75%,80%,90%,95%,98%,99%,99.9%,99.99%,100%
GET,/,3909,0,4,30.21964190330008,1.1665000000000703,465.77279999999985,8688.0,205.53477567033462,0.0,4,6,8,13,90,190,300,320,400,470,470
,Aggregated,3909,0,4,30.21964190330008,1.1665000000000703,465.77279999999985,8688.0,205.53477567033462,0.0,4,6,8,13,90,190,300,320,400,470,470
