Type,Name,Request Count,Failure Count,Median Response Time,Average Response Time,Min Response Time,Max Response Time,Average Content Size,Requests/s,Failures/s,50%,66%,75%,80%,90%,95%,98%,99%,99.9%,99.99%,100%
GET,/,5286,0,95,95.39881040484298,1.3221000000029903,499.0671,8688.0,278.0541404845757,0.0,95,100,100,110,200,300,340,400,450,500,500
,Aggregated,5286,0,95,95.39881040484298,1.3221000000029903,499.0671,8688.0,278.0541404845757,0.0,95,100,100,110,200,300,340,400,450,500,500
