Type,Name,Request Count,Failure Count,Median Response Time,Average Response Time,Min Response Time,Max Response Time,Average Content Size,Requests/s,Failures/s,50%,66%,75%,80%,90%,95%,98%,99%,99.9%,99.99%,100%
GET,/,2928,0,190.0,182.2952329234974,1.3450000000001516,701.0957000000002,8688.0,153.88092718326138,0.0,190,200,210,290,330,500,510,590,660,700,700
,Aggregated,2928,0,190.0,182.2952329234974,1.3450000000001516,701.0957000000002,8688.0,153.88092718326138,0.0,190,200,210,290,330,500,510,590,660,700,700
