Type,Name,Request Count,Failure Count,Median Response Time,Average Response Time,Min Response Time,Max Response Time,Average Content Size,Requests/s,Failures/s,50%,66%,75%,80%,90%,95%,98%,99%,99.9%,99.99%,100%
GET,/,3839,0,4,36.11671977077357,1.160500000001008,556.2885999999997,8688.0,201.93568684071758,0.0,4,5,8,22,95,250,390,400,550,560,560
,Aggregated,3839,0,4,36.11671977077357,1.160500000001008,556.2885999999997,8688.0,201.93568684071758,0.0,4,5,8,22,95,250,390,400,550,560,560
