Type,Name,Request Count,Failure Count,Median Response Time,Average Response Time,Min Response Time,Max Response Time,Average Content Size,Requests/s,Failures/s,50%,66%,75%,80%,90%,95%,98%,99%,99.9%,99.99%,100%
GET,/,5678,0,6,34.266613613948564,1.1713000000010965,591.7876999999999,8688.0,298.47502175278424,0.0,6,9,17,55,100,190,270,300,480,590,590
,Aggregated,5678,0,6,34.266613613948564,1.1713000000010965,591.7876999999999,8688.0,298.47502175278424,0.0,6,9,17,55,100,190,270,300,480,590,590
