Type,Name,Request Count,Failure Count,Median Response Time,Average Response Time,Min Response Time,Max Response Time,Average Content Size,Requests/s,Failures/s,50%,66%,75%,80%,90%,95%,98%,99%,99.9%,99.99%,100%
GET,/,5784,0,7,28.00079624827113,1.300300000000476,336.7835000000001,8688.0,305.8567704235887,0.0,7,11,20,50,87,110,190,200,290,340,340
,Aggregated,5784,0,7,28.00079624827113,1.300300000000476,336.7835000000001,8688.0,305.8567704235887,0.0,7,11,20,50,87,110,190,200,290,340,340
