Type,Name,Request Count,Failure Count,Median Response Time,Average Response Time,Min Response Time,Max Response Time,Average Content Size,Requests/s,Failures/s,50%,66%,75%,80%,90%,95%,98%,99%,99.9%,99.99%,100%
GET,/,5772,0,6,32.24399741857243,1.2113999999989744,416.8733000000002,8688.0,303.20825441069314,0.0,6,10,16,51,95,190,290,300,390,420,420
,Aggregated,5772,0,6,32.24399741857243,1.2113999999989744,416.8733000000002,8688.0,303.20825441069314,0.0,6,10,16,51,95,190,290,300,390,420,420
