Type,Name,Request Count,Failure Count,Median Response Time,Average Response Time,Min Response Time,Max Response Time,Average Content Size,Requests/s,Failures/s,50%,66%,75%,80%,90%,95%,98%,99%,99.9%,99.99%,100%
GET,/,3585,0,5,43.47398775453261,1.0873999999994055,396.4151,8688.0,188.01530007408914,0.0,5,10,82,93,110,200,280,300,360,400,400
,Aggregated,3585,0,5,43.47398775453261,1.0873999999994055,396.4151,8688.0,188.01530007408914,0.0,5,10,82,93,110,200,280,300,360,400,400
