Type,Name,Request Count,Failure Count,Median Response Time,Average Response Time,Min Response Time,Max Response Time,Average Content Size,Requests/s,Failures/s,50%,66%,75%,80%,90%,95%,98%,99%,99.9%,99.99%,100%
GET,/,5400,0,5,33.8085621666666,1.1524000000022738,414.8344000000002,8688.0,283.365402237896,0.0,5,8,11,49,100,190,290,380,390,410,410
,Aggregated,5400,0,5,33.8085621666666,1.1524000000022738,414.8344000000002,8688.0,283.365402237896,0.0,5,8,11,49,100,190,290,380,390,410,410
