Type,Name,Request Count,Failure Count,Median Response Time,Average Response Time,Min Response Time,Max Response Time,Average Content Size,Requests/s,Failures/s,50%,66%,75%,80%,90%,95%,98%,99%,99.9%,99.99%,100%
GET,/,7620,0,8,39.520061259842514,1.2647000000001185,362.14140000000003,8688.0,400.5673271049702,0.0,8,19,68,82,100,190,230,280,320,360,360
,Aggregated,7620,0,8,39.520061259842514,1.2647000000001185,362.14140000000003,8688.0,400.5673271049702,0.0,8,19,68,82,100,190,230,280,320,360,360
