Type,Name,Request Count,Failure Count,Median Response Time,Average Response Time,Min Response Time,Max Response Time,Average Content Size,Requests/s,Failures/s,50%,66%,75%,80%,90%,95%,98%,99%,99.9%,99.99%,100%
GET,/,2274,0,5,43.003649428320074,1.136099999998308,655.2457,8688.0,119.68738699992713,0.0,5,6,31,70,94,190,550,640,650,660,660
,Aggregated,2274,0,5,43.003649428320074,1.136099999998308,655.2457,8688.0,119.68738699992713,0.0,5,6,31,70,94,190,550,640,650,660,660
