Type,Name,Request Count,Failure Count,Median Response Time,Average Response Time,Min Response Time,Max Response Time,Average Content Size,Requests/s,Failures/s,50%,66%,75%,80%,90%,95%,98%,99%,99.9%,99.99%,100%
GET,/,6226,0,8,32.536190684227435,1.263100000002737,332.9059000000001,8688.0,327.1850273790625,0.0,8,14,52,71,93,120,190,200,290,330,330
,Aggregated,6226,0,8,32.536190684227435,1.263100000002737,332.9059000000001,8688.0,327.1850273790625,0.0,8,14,52,71,93,120,190,200,290,330,330
