Type,Name,Request Count,Failure Count,Median Response Time,Average Response Time,Min Response Time,Max Response Time,Average Content Size,Requests/s,Failures/s,50%,66%,75%,80%,90%,95%,98%,99%,99.9%,99.99%,100%
GET,/,5655,0,8,41.58494196286485,1.2194000000000926,691.7713000000001,8688.0,297.27706650664356,0.0,8,14,42,74,100,190,310,400,690,690,690
,Aggregated,5655,0,8,41.58494196286485,1.2194000000000926,691.7713000000001,8688.0,297.27706650664356,0.0,8,14,42,74,100,190,310,400,690,690,690
