Type,Name,Request Count,Failure Count,Median Response Time,Average Response Time,Min Response Time,Max Response Time,Average Content Size,Requests/s,Failures/s,50%,66%,75%,80%,90%,95%,98%,99%,99.9%,99.99%,100%
GET,/,5857,0,5,31.283433208126876,1.1586000000001206,441.0565000000002,8688.0,307.7671189522434,0.0,5,7,12,54,95,170,290,340,390,440,440
,Aggregated,5857,0,5,31.283433208126876,1.1586000000001206,441.0565000000002,8688.0,307.7671189522434,0.0,5,7,12,54,95,170,290,340,390,440,440
