Type,Name,Request Count,Failure Count,Median Response Time,Average Response Time,Min Response Time,Max Response Time,Average Content Size,Requests/s,Failures/s,50%,66%,75%,80%,90%,95%,98%,99%,99.9%,99.99%,100%
GET,/,6142,0,6,31.564854542494285,1.2273000000000422,454.42779999999993,8688.0,322.5091895735452,0.0,6,8,23,60,86,150,290,300,420,450,450
,Aggregated,6142,0,6,31.564854542494285,1.2273000000000422,454.42779999999993,8688.0,322.5091895735452,0.0,6,8,23,60,86,150,290,300,420,450,450
