Type,Name,Request Count,Failure Count,Median Response Time,Average Response Time,Min Response Time,Max Response Time,Average Content Size,Requests/s,Failures/s,50%,66%,75%,80%,90%,95%,98%,99%,99.9%,99.99%,100%
GET,/,6616,0,9,31.840439087061707,1.2836000000007175,434.6063,8688.0,347.65252351406144,0.0,9,16,37,65,91,110,200,220,360,430,430
,Aggregated,6616,0,9,31.840439087061707,1.2836000000007175,434.6063,8688.0,347.65252351406144,0.0,9,16,37,65,91,110,200,220,360,430,430
