Type,Name,Request Count,Failure Count,Median Response Time,Average Response Time,Min Response Time,Max Response Time,Average Content Size,Requests/s,Failures/s,50%,66%,75%,80%,90%,95%,98%,99%,99.9%,99.99%,100%
GET,/,3499,0,4,38.19788568162344,1.117600000000607,543.9381000000001,8688.0,183.89508915056456,0.0,4,6,9,58,100,250,310,400,460,540,540
,Aggregated,3499,0,4,38.19788568162344,1.117600000000607,543.9381000000001,8688.0,183.89508915056456,0.0,4,6,9,58,100,250,310,400,460,540,540
