Type,Name,Request Count,Failure Count,Median Response Time,Average Response Time,Min Response Time,Max Response Time,Average Content Size,Requests/s,Failures/s,50%,66%,75%,80%,90%,95%,98%,99%,99.9%,99.99%,100%
GET,/,7928,0,10,54.12161463168536,1.2974999999997294,399.3291999999995,8688.0,415.5976076783999,0.0,10,72,89,96,180,200,280,290,350,400,400
,Aggregated,7928,0,10,54.12161463168536,1.2974999999997294,399.3291999999995,8688.0,415.5976076783999,0.0,10,72,89,96,180,200,280,290,350,400,400
