Type,Name,Request Count,Failure Count,Median Response Time,Average Response Time,Min Response Time,Max Response Time,Average Content Size,Requests/s,Failures/s,50%,66%,75%,80%,90%,95%,98%,99%,99.9%,99.99%,100%
GET,/,5794,0,6,38.237011736279065,1.1558999999987662,392.6603000000002,8688.0,304.45898415188947,0.0,6,11,53,77,100,200,270,300,380,390,390
,Aggregated,5794,0,6,38.237011736279065,1.1558999999987662,392.6603000000002,8688.0,304.45898415188947,0.0,6,11,53,77,100,200,270,300,380,390,390
