Type,Name,Request Count,Failure Count,Median Response Time,Average Response Time,Min Response Time,Max Response Time,Average Content Size,Requests/s,Failures/s,50%,66%,75%,80%,90%,95%,98%,99%,99.9%,99.99%,100%
GET,/,7371,0,7,35.26673800027142,1.255200000001011,729.4334000000005,8688.0,387.39872701883223,0.0,7,14,36,61,98,170,250,390,490,730,730
,Aggregated,7371,0,7,35.26673800027142,1.255200000001011,729.4334000000005,8688.0,387.39872701883223,0.0,7,14,36,61,98,170,250,390,490,730,730
