Type,Name,Request Count,Failure Count,Median Response Time,Average Response Time,Min Response Time,Max Response Time,Average Content Size,Requests/s,Failures/s,50%,66%,75%,80%,90%,95%,98%,99%,99.9%,99.99%,100%
GET,/,6867,0,6,32.11286921508681,1.1971000000006171,427.27680000000043,8688.0,360.76078773282194,0.0,6,12,20,53,94,180,250,290,390,430,430
,Aggregated,6867,0,6,32.11286921508681,1.1971000000006171,427.27680000000043,8688.0,360.76078773282194,0.0,6,12,20,53,94,180,250,290,390,430,430
