Type,Name,Request Count,Failure Count,Median Response Time,Average Response Time,Min Response Time,Max Response Time,Average Content Size,Requests/s,Failures/s,50%,66%,75%,80%,90%,95%,98%,99%,99.9%,99.99%,100%
GET,/,3016,0,4,25.4462179045092,1.1347999999991032,305.8592,8688.0,159.80287941827703,0.0,4,6,7,37,82,160,210,240,300,310,310
,Aggregated,3016,0,4,25.4462179045092,1.1347999999991032,305.8592,8688.0,159.80287941827703,0.0,4,6,7,37,82,160,210,240,300,310,310
