Type,Name,Request Count,Failure Count,Median Response Time,Average Response Time,Min Response Time,Max Response Time,Average Content Size,Requests/s,Failures/s,50%,66%,75%,80%,90%,95%,98%,99%,99.9%,99.99%,100%
GET,/,4945,0,6,56.450775126390305,1.162400000000119,549.9633999999998,8688.0,259.9722460067912,0.0,6,79,90,94,190,210,300,400,520,550,550
,Aggregated,4945,0,6,56.450775126390305,1.162400000000119,549.9633999999998,8688.0,259.9722460067912,0.0,6,79,90,94,190,210,300,400,520,550,550
