Type,Name,Request Count,Failure Count,Median Response Time,Average Response Time,Min Response Time,Max Response Time,Average Content Size,Requests/s,Failures/s,50%,66%,75%,80%,90%,95%,98%,99%,99.9%,99.99%,100%
GET,/,7243,0,8,31.796502706061055,1.1601999999992785,485.2821999999994,8688.0,382.2344207265115,0.0,8,12,22,51,94,140,250,300,400,490,490
,Aggregated,7243,0,8,31.796502706061055,1.1601999999992785,485.2821999999994,8688.0,382.2344207265115,0.0,8,12,22,51,94,140,250,300,400,490,490
