Type,Name,Request Count,Failure Count,Median Response Time,Average Response Time,Min Response Time,Max Response Time,Average Content Size,Requests/s,Failures/s,50%,66%,75%,80%,90%,95%,98%,99%,99.9%,99.99%,100%
GET,/,5976,0,7,27.484298611111132,1.2623999999998858,411.33690000000024,8688.0,315.61090161038976,0.0,7,10,13,45,88,110,190,240,390,410,410
,Aggregated,5976,0,7,27.484298611111132,1.2623999999998858,411.33690000000024,8688.0,315.61090161038976,0.0,7,10,13,45,88,110,190,240,390,410,410
