Type,Name,Request Count,Failure Count,Median Response Time,Average Response Time,Min Response Time,Max Response Time,Average Content Size,Requests/s,Failures/s,50%,66%,75%,80%,90%,95%,98%,99%,99.9%,99.99%,100%
GET,/,6186,0,6,40.98236973811839,1.2483999999997053,598.3158999999994,8688.0,324.6110097855853,0.0,6,9,58,79,100,190,300,450,580,600,600
,Aggregated,6186,0,6,40.98236973811839,1.2483999999997053,598.3158999999994,8688.0,324.6110097855853,0.0,6,9,58,79,100,190,300,450,580,600,600
