Type,Name,Request Count,Failure Count,Median Response Time,Average Response Time,Min Response Time,Max Response Time,Average Content Size,Requests/s,Failures/s,50%,66%,75%,80%,90%,95%,98%,99%,99.9%,99.99%,100%
GET,/,6983,0,7,33.256309537448175,1.248699999997882,414.3310000000007,8688.0,367.58795424301434,0.0,7,11,28,59,95,170,280,300,390,410,410
,Aggregated,6983,0,7,33.256309537448175,1.248699999997882,414.3310000000007,8688.0,367.58795424301434,0.0,7,11,28,59,95,170,280,300,390,410,410
