Type,Name,Request Count,Failure Count,Median Response Time,Average Response Time,Min Response Time,Max Response Time,Average Content Size,Requests/s,Failures/s,50%,66%,75%,80%,90%,95%,98%,99%,99.9%,99.99%,100%
GET,/,4890,0,6,26.946331738241348,1.2076000000007525,432.1185000000001,8688.0,258.408885180505,0.0,6,9,15,46,88,110,190,260,400,430,430
,Aggregated,4890,0,6,26.946331738241348,1.2076000000007525,432.1185000000001,8688.0,258.408885180505,0.0,6,9,15,46,88,110,190,260,400,430,430
