Type,Name,Request Count,Failure Count,Median Response Time,Average Response Time,Min Response Time,Max Response Time,Average Content Size,Requests/s,Failures/s,50%,66%,75%,80%,90%,95%,98%,99%,99.9%,99.99%,100%
GET,/,6927,0,8,38.35772266493434,1.207799999999537,560.6320000000001,8688.0,363.7128426597157,0.0,8,14,39,64,98,200,300,390,550,560,560
,Aggregated,6927,0,8,38.35772266493434,1.207799999999537,560.6320000000001,8688.0,363.7128426597157,0.0,8,14,39,64,98,200,300,390,550,560,560
