Type,Name,Request Count,Failure Count,Median Response Time,Average Response Time,Min Response Time,Max Response Time,Average Content Size,Requests/s,Failures/s,50%,66%,75%,80%,90%,95%,98%,99%,99.9%,99.99%,100%
GET,/,7366,0,80,72.6974075481945,1.1644999999997907,510.50970000000007,8688.0,387.1588444278563,0.0,80,93,98,100,190,210,300,310,480,510,510
,Aggregated,7366,0,80,72.6974075481945,1.1644999999997907,510.50970000000007,8688.0,387.1588444278563,0.0,80,93,98,100,190,210,300,310,480,510,510
