Type,Name,Request Count,Failure Count,Median Response Time,Average Response Time,Min Response Time,Max Response Time,Average Content Size,Requests/s,Failures/s,50%,66%,75%,80%,90%,95%,98%,99%,99.9%,99.99%,100%
GET,/,6550,0,8,73.66751847328231,1.2444999999985384,2560.8887999999997,8688.0,343.7799395236826,0.0,8,22,68,82,150,210,400,2100,2600,2600,2600
,Aggregated,6550,0,8,73.66751847328231,1.2444999999985384,2560.8887999999997,8688.0,343.7799395236826,0.0,8,22,68,82,150,210,400,2100,2600,2600,2600
