Type,Name,Request Count,Failure Count,Median Response Time,Average Response Time,Min Response Time,Max Response Time,Average Content Size,Requests/s,Failures/s,50%,66%,75%,80%,90%,95%,98%,99%,99.9%,99.99%,100%
GET,/,3567,0,4,36.06348716007854,1.160899999998577,663.3068000000004,8688.0,187.50502010250543,0.0,4,5,7,10,99,240,390,400,580,660,660
,Aggregated,3567,0,4,36.06348716007854,1.160899999998577,663.3068000000004,8688.0,187.50502010250543,0.0,4,5,7,10,99,240,390,400,580,660,660
