Type,Name,Request Count,Failure Count,Median Response Time,Average Response Time,Min Response Time,Max Response Time,Average Content Size,Requests/s,Failures/s,50%,66%,75%,80%,90%,95%,98%,99%,99.9%,99.99%,100%
GET,/,2980,0,5,28.340818590603977,1.2055000000001925,321.5704000000001,8688.0,156.63128963111785,0.0,5,7,10,47,85,160,240,290,320,320,320
,Aggregated,2980,0,5,28.340818590603977,1.2055000000001925,321.5704000000001,8688.0,156.63128963111785,0.0,5,7,10,47,85,160,240,290,320,320,320
