Type,Name,Request Count,Failure Count,Median Response Time,Average Response Time,Min Response Time,Max Response Time,Average Content Size,Requests/s,Failures/s,50%,66%,75%,80%,90%,95%,98%,99%,99.9%,99.99%,100%
GET,/,2494,0,6,27.57938572574182,1.2233999999997636,322.3347999999999,8688.0,132.25002244393085,0.0,6,8,12,28,91,160,220,250,320,320,320
,Aggregated,2494,0,6,27.57938572574182,1.2233999999997636,322.3347999999999,8688.0,132.25002244393085,0.0,6,8,12,28,91,160,220,250,320,320,320
