Type,Name,Request Count,Failure Count,Median Response Time,Average Response Time,Min Response Time,Max Response Time,Average Content Size,Requests/s,Failures/s,50%,66%,75%,80%,90%,95%,98%,99%,99.9%,99.99%,100%
GET,/,5083,0,94,100.34644076332874,1.2410000000002697,500.2289000000002,8688.0,267.06033287116014,0.0,94,100,110,180,200,310,400,420,490,500,500
,Aggregated,5083,0,94,100.34644076332874,1.2410000000002697,500.2289000000002,8688.0,267.06033287116014,0.0,94,100,110,180,200,310,400,420,490,500,500
