Type,Name,Request Count,Failure Count,Median Response Time,Average Response Time,Min Response Time,Max Response Time,Average Content Size,Requests/s,Failures/s,50%,66%,75%,80%,90%,95%,98%,99%,99.9%,99.99%,100%
GET,/,2566,0,5,22.626332034294627,1.1499999999999844,339.7843999999999,8688.0,136.74808819089455,0.0,5,6,10,25,82,94,180,240,330,340,340
,Aggregated,2566,0,5,22.626332034294627,1.1499999999999844,339.7843999999999,8688.0,136.74808819089455,0.0,5,6,10,25,82,94,180,240,330,340,340
