Type,Name,Request Count,Failure Count,Median Response Time,Average Response Time,Min Response Time,Max Response Time,Average Content Size,Requests/s,Failures/s,50%,66%,75%,80%,90%,95%,98%,99%,99.9%,99.99%,100%
GET,/,4652,0,5,24.65437942820306,1.2377000000007854,421.4988000000002,8688.0,245.23799161747408,0.0,5,7,10,19,84,100,200,240,360,420,420
,Aggregated,4652,0,5,24.65437942820306,1.2377000000007854,421.4988000000002,8688.0,245.23799161747408,0.0,5,7,10,19,84,100,200,240,360,420,420
