Type,Name,Request Count,Failure Count,Median Response Time,Average Response Time,Min Response Time,Max Response Time,Average Content Size,Requests/s,Failures/s,50%,66%,75%,80%,90%,95%,98%,99%,99.9%,99.99%,100%
GET,/,2710,0,4,22.239320295202962,1.1529000000010114,357.0945000000001,8688.0,144.01963232570247,0.0,4,6,7,11,81,100,190,260,350,360,360
,Aggregated,2710,0,4,22.239320295202962,1.1529000000010114,357.0945000000001,8688.0,144.01963232570247,0.0,4,6,7,11,81,100,190,260,350,360,360
