Type,Name,Request Count,Failure Count,Median Response Time,Average Response Time,Min Response Time,Max Response Time,Average Content Size,Requests/s,Failures/s,50%,66%,75%,80%,90%,95%,98%,99%,99.9%,99.99%,100%
GET,/,5440,0,5,32.22709066176467,1.187500000000341,399.4595000000003,8688.0,287.1803021995352,0.0,5,9,16,51,99,190,260,300,390,400,400
,Aggregated,5440,0,5,32.22709066176467,1.187500000000341,399.4595000000003,8688.0,287.1803021995352,0.0,5,9,16,51,99,190,260,300,390,400,400
