Type,Name,Request Count,Failure Count,Median Response Time,Average Response Time,Min Response Time,Max Response Time,Average Content Size,Requests/s,Failures/s,50%,66%,75%,80%,90%,95%,98%,99%,99.9%,99.99%,100%
GET,/,6744,0,7,45.15567915183889,1.2497000000024627,525.4477999999998,8688.0,353.643770414238,0.0,7,39,78,87,100,200,290,300,450,530,530
,Aggregated,6744,0,7,45.15567915183889,1.2497000000024627,525.4477999999998,8688.0,353.643770414238,0.0,7,39,78,87,100,200,290,300,450,530,530
