Type,Name,Request Count,Failure Count,Median Response Time,Average Response Time,Min Response Time,Max Response Time,Average Content Size,Requests/s,Failures/s,50%,66%,75%,80%,90%,95%,98%,99%,99.9%,99.99%,100%
GET,/,4624,0,7,71.60732910899657,1.1966000000001031,699.4216000000005,8688.0,243.00150579915166,0.0,7,85,93,98,200,340,430,500,600,700,700
,Aggregated,4624,0,7,71.60732910899657,1.1966000000001031,699.4216000000005,8688.0,243.00150579915166,0.0,7,85,93,98,200,340,430,500,600,700,700
