Type,Name,Request Count,Failure Count,Median Response Time,Average Response Time,Min Response Time,Max Response Time,Average Content Size,Requests/s,Failures/s,50%,66%,75%,80%,90%,95%,98%,99%,99.9%,99.99%,100%
GET,/,6024,0,6,36.473076892430484,1.2292000000000414,457.6746000000003,8688.0,316.130929531751,0.0,6,13,55,73,95,190,270,290,380,460,460
,Aggregated,6024,0,6,36.473076892430484,1.2292000000000414,457.6746000000003,8688.0,316.130929531751,0.0,6,13,55,73,95,190,270,290,380,460,460
