Type,Name,Request Count,Failure Count,Median Response Time,Average Response Time,Min Response Time,Max Response Time,Average Content Size,Requests/s,Failures/s,50%,66%,75%,80%,90%,95%,98%,99%,99.9%,99.99%,100%
GET,/,6904,0,6,32.017974623406744,1.25600000000059,401.73749999999984,8688.0,362.95633428761823,0.0,6,11,23,57,94,180,210,290,400,400,400
,Aggregated,6904,0,6,32.017974623406744,1.25600000000059,401.73749999999984,8688.0,362.95633428761823,0.0,6,11,23,57,94,180,210,290,400,400,400
