Type,Name,Request Count,Failure Count,Median Response Time,Average Response Time,Min Response Time,Max Response Time,Average Content Size,Requests/s,Failures/s,50%,66%,75%,80%,90%,95%,98%,99%,99.9%,99.99%,100%
GET,/,3142,0,4,23.93168971992357,1.1692000000005365,378.91609999999986,8688.0,166.68715078838443,0.0,4,5,7,8,83,120,230,320,370,380,380
,Aggregated,3142,0,4,23.93168971992357,1.1692000000005365,378.91609999999986,8688.0,166.68715078838443,0.0,4,5,7,8,83,120,230,320,370,380,380
