Type,Name,Request Count,Failure Count,Median Response Time,Average Response Time,Min Response Time,Max Response Time,Average Content Size,Requests/s,Failures/s,50%,66%,75%,80%,90%,95%,98%,99%,99.9%,99.99%,100%
GET,/,7379,0,6,33.03228785743324,1.2763000000006741,407.9019000000006,8688.0,387.93718218604744,0.0,6,12,46,68,97,160,200,270,350,410,410
,Aggregated,7379,0,6,33.03228785743324,1.2763000000006741,407.9019000000006,8688.0,387.93718218604744,0.0,6,12,46,68,97,160,200,270,350,410,410
