Type,Name,Request Count,Failure Count,Median Response Time,Average Response Time,Min Response Time,Max Response Time,Average Content Size,Requests/s,Failures/s,50%,66%,75%,80%,90%,95%,98%,99%,99.9%,99.99%,100%
GET,/,6571,0,6,36.33769397352021,1.216099999998832,455.0519999999998,8688.0,344.77625596903766,0.0,6,10,56,73,100,190,240,290,420,460,460
,Aggregated,6571,0,6,36.33769397352021,1.216099999998832,455.0519999999998,8688.0,344.77625596903766,0.0,6,10,56,73,100,190,240,290,420,460,460
