Type,Name,Request Count,Failure Count,Median Response Time,Average Response Time,Min Response Time,Max Response Time,Average Content Size,Requests/s,Failures/s,50%,66%,75%,80%,90%,95%,98%,99%,99.9%,99.99%,100%
GET,/,7469,0,7,33.153723778283656,1.3199000000003736,421.3551,8688.0,392.70940867475656,0.0,7,11,37,65,97,180,230,280,400,420,420
,Aggregated,7469,0,7,33.153723778283656,1.3199000000003736,421.3551,8688.0,392.70940867475656,0.0,7,11,37,65,97,180,230,280,400,420,420
