Type,Name,Request Count,Failure Count,Median Response Time,Average Response Time,Min Response Time,Max Response Time,Average Content Size,Requests/s,Failures/s,50%,66%,75%,80%,90%,95%,98%,99%,99.9%,99.99%,100%
GET,/,6752,0,10,61.104945927132455,1.253399999999516,454.9674000000001,8688.0,354.8090427132976,0.0,10,87,95,100,190,200,290,300,390,450,450
,Aggregated,6752,0,10,61.104945927132455,1.253399999999516,454.9674000000001,8688.0,354.8090427132976,0.0,10,87,95,100,190,200,290,300,390,450,450
