Type,Name,Request Count,Failure Count,Median Response Time,Average Response Time,Min Response Time,Max Response Time,Average Content Size,Requests/s,Failures/s,50%,66%,75%,80%,90%,95%,98%,99%,99.9%,99.99%,100%
GET,/,3520,0,5,34.342850113636445,1.0912000000011801,435.2125,8688.0,185.18753455893426,0.0,5,7,10,69,97,190,290,330,430,440,440
,Aggregated,3520,0,5,34.342850113636445,1.0912000000011801,435.2125,8688.0,185.18753455893426,0.0,5,7,10,69,97,190,290,330,430,440,440
