Type,Name,Request Count,Failure Count,Median Response Time,Average Response Time,Min Response Time,Max Response Time,Average Content Size,Requests/s,Failures/s,50%,66%,75%,80%,90%,95%,98%,99%,99.9%,99.99%,100%
GET,/,5895,0,8,38.78582402035639,1.2427000000023725,604.9336999999997,8688.0,310.00141889834936,0.0,8,12,56,75,99,180,250,370,500,600,600
,Aggregated,5895,0,8,38.78582402035639,1.2427000000023725,604.9336999999997,8688.0,310.00141889834936,0.0,8,12,56,75,99,180,250,370,500,600,600
