Type,Name,Request Count,Failure Count,Median Response Time,Average Response Time,Min Response Time,Max Response Time,Average Content Size,Requests/s,Failures/s,50%,66%,75%,80%,90%,95%,98%,99%,99.9%,99.99%,100%
GET,/,4135,0,6,31.63719042321646,1.2599000000008687,365.4803000000002,8688.0,217.39854839223608,0.0,6,12,23,67,92,170,210,240,310,370,370
,Aggregated,4135,0,6,31.63719042321646,1.2599000000008687,365.4803000000002,8688.0,217.39854839223608,0.0,6,12,23,67,92,170,210,240,310,370,370
