Type,Name,Request Count,Failure Count,Median Response Time,Average Response Time,Min Response Time,Max Response Time,Average Content Size,Requests/s,Failures/s,50%,66%,75%,80%,90%,95%,98%,99%,99.9%,99.99%,100%
GET,/,4788,0,9,23.555128446115308,1.2295999999984986,372.87550000000016,8688.0,255.3283742053587,0.0,9,12,15,22,72,98,180,220,370,370,370
,Aggregated,4788,0,9,23.555128446115308,1.2295999999984986,372.87550000000016,8688.0,255.3283742053587,0.0,9,12,15,22,72,98,180,220,370,370,370
