Type,Name,Request Count,Failure Count,Median Response Time,Average Response Time,Min Response Time,Max Response Time,Average Content Size,Requests/s,Failures/s,50%,66%,75%,80%,90%,95%,98%,99%,99.9%,99.99%,100%
GET,/,7948,0,10,49.09693465022654,1.2627999999992312,476.71059999999966,8688.0,416.6725759112251,0.0,10,58,84,90,130,200,280,300,400,480,480
,Aggregated,7948,0,10,49.09693465022654,1.2627999999992312,476.71059999999966,8688.0,416.6725759112251,0.0,10,58,84,90,130,200,280,300,400,480,480
