Type,Name,Request Count,Failure Count,Median Response Time,Average Response Time,Min Response Time,Max Response Time,Average Content Size,Requests/s,Failures/s,50%,66%,75%,80%,90%,95%,98%,99%,99.9%,99.99%,100%
GET,/,6866,0,10,57.061272094378,1.2857999999997816,559.4348,8688.0,360.7995982330423,0.0,10,82,91,94,110,200,380,400,490,560,560
,Aggregated,6866,0,10,57.061272094378,1.2857999999997816,559.4348,8688.0,360.7995982330423,0.0,10,82,91,94,110,200,380,400,490,560,560
