Type,Name,Request Count,Failure Count,Median Response Time,Average Response Time,Min Response Time,Max Response Time,Average Content Size,Requests/s,Failures/s,50%,66%,75%,80%,90%,95%,98%,99%,99.9%,99.99%,100%
GET,/,3436,0,5,31.700154685681035,1.2166999999987382,397.1369,8688.0,180.78396258904863,0.0,5,7,10,37,97,200,290,300,380,400,400
,Aggregated,3436,0,5,31.700154685681035,1.2166999999987382,397.1369,8688.0,180.78396258904863,0.0,5,7,10,37,97,200,290,300,380,400,400
