Type,Name,Request Count,Failure Count,Median Response Time,Average Response Time,Min Response Time,Max Response Time,Average Content Size,Requests/s,Failures/s,50%,66%,75%,80%,90%,95%,98%,99%,99.9%,99.99%,100%
GET,/,5043,0,6,24.112463037874292,1.2986000000001496,402.5622000000002,8688.0,267.4705279866782,0.0,6,8,12,22,72,100,200,280,330,400,400
,Aggregated,5043,0,6,24.112463037874292,1.2986000000001496,402.5622000000002,8688.0,267.4705279866782,0.0,6,8,12,22,72,100,200,280,330,400,400
