Type,Name,Request Count,Failure Count,Median Response Time,Average Response Time,Min Response Time,Max Response Time,Average Content Size,Requests/s,Failures/s,50%,66%,75%,80%,90%,95%,98%,99%,99.9%,99.99%,100%
GET,/,7501,0,8,39.05456317824297,1.2588000000004484,517.5912000000001,8688.0,393.83715426558166,0.0,8,21,65,78,97,170,270,300,420,520,520
,Aggregated,7501,0,8,39.05456317824297,1.2588000000004484,517.5912000000001,8688.0,393.83715426558166,0.0,8,21,65,78,97,170,270,300,420,520,520
