Type,Name,Request Count,Failure Count,Median Response Time,Average Response Time,Min Response Time,Max Response Time,Average Content Size,Requests/s,Failures/s,50%,66%,75%,80%,90%,95%,98%,99%,99.9%,99.99%,100%
GET,/,7681,0,100.0,137.26772400729075,1.7436999999986824,595.1149999999998,8688.0,402.9424271011877,0.0,100,180,200,200,300,310,400,460,570,600,600
,Aggregated,7681,0,100.0,137.26772400729075,1.7436999999986824,595.1149999999998,8688.0,402.9424271011877,0.0,100,180,200,200,300,310,400,460,570,600,600
