Type,Name,Request Count,Failure Count,Median Response Time,Average Response Time,Min Response Time,Max Response Time,Average Content Size,Requests/s,Failures/s,50%,66%,75%,80%,90%,95%,98%,99%,99.9%,99.99%,100%
GET,/,6136,0,8,35.00880950130359,1.2126000000023396,498.4793999999999,8688.0,322.0577909937767,0.0,8,15,59,73,96,150,200,260,380,500,500
,Aggregated,6136,0,8,35.00880950130359,1.2126000000023396,498.4793999999999,8688.0,322.0577909937767,0.0,8,15,59,73,96,150,200,260,380,500,500
