Type,Name,Request Count,Failure Count,Median Response Time,Average Response Time,Min Response Time,Max Response Time,Average Content Size,Requests/s,Failures/s,50%,66%,75%,80%,90%,95%,98%,99%,99.9%,99.99%,100%
GET,/,7947,0,110.0,148.34391842204585,1.6842000000014679,599.472500000001,8688.0,416.30630068911955,0.0,110,190,200,210,300,330,400,490,500,600,600
,Aggregated,7947,0,110.0,148.34391842204585,1.6842000000014679,599.472500000001,8688.0,416.30630068911955,0.0,110,190,200,210,300,330,400,490,500,600,600
