Type,Name,Request Count,Failure Count,Median Response Time,Average Response Time,Min Response Time,Max Response Time,Average Content Size,Requests/s,Failures/s,50%,66%,75%,80%,90%,95%,98%,99%,99.9%,99.99%,100%
GET,/,7611,0,8,40.255432939167115,1.1885000000004808,471.56339999999994,8688.0,399.4763540417776,0.0,8,16,65,80,100,190,260,290,390,470,470
,Aggregated,7611,0,8,40.255432939167115,1.1885000000004808,471.56339999999994,8688.0,399.4763540417776,0.0,8,16,65,80,100,190,260,290,390,470,470
