Type,Name,Request Count,Failure Count,Median Response Time,Average Response Time,Min Response Time,Max Response Time,Average Content Size,Requests/s,Failures/s,50%,66%,75%,80%,90%,95%,98%,99%,99.9%,99.99%,100%
GET,/,4873,0,6,28.50326244613191,1.1711999999999279,296.6559000000002,8688.0,256.11546799787084,0.0,6,10,15,56,93,120,200,240,280,300,300
,Aggregated,4873,0,6,28.50326244613191,1.1711999999999279,296.6559000000002,8688.0,256.11546799787084,0.0,6,10,15,56,93,120,200,240,280,300,300
