Type,Name,Request Count,Failure Count,Median Response Time,Average Response Time,Min Response Time,Max Response Time,Average Content Size,Requests/s,Failures/s,50%,66%,75%,80%,90%,95%,98%,99%,99.9%,99.99%,100%
GET,/,7042,0,90,97.37214539903418,1.2841999999988474,496.6557999999992,8688.0,369.86319125225003,0.0,90,100,170,190,210,300,380,390,480,500,500
,Aggregated,7042,0,90,97.37214539903418,1.2841999999988474,496.6557999999992,8688.0,369.86319125225003,0.0,90,100,170,190,210,300,380,390,480,500,500
