Type,Name,Request Count,Failure Count,Median Response Time,Average Response Time,Min Response Time,Max Response Time,Average Content Size,Requests/s,Failures/s,50%,66%,75%,80%,90%,95%,98%,99%,99.9%,99.99%,100%
GET,/,6491,0,310.0,370.5172886458158,8.487800000000156,908.4503000000002,8688.0,341.5653804314668,0.0,310,400,490,500,600,680,700,700,810,910,910
,Aggregated,6491,0,310.0,370.5172886458158,8.487800000000156,908.4503000000002,8688.0,341.5653804314668,0.0,310,400,490,500,600,680,700,700,810,910,910
