Type,Name,Request Count,Failure Count,Median Response Time,Average Response Time,Min Response Time,Max Response Time,Average Content Size,Requests/s,Failures/s,50%,66%,75%,80%,90%,95%,98%,99%,99.9%,99.99%,100%
GET,/,5077,0,5,30.909417195194187,1.053100000000029,359.9562999999999,8688.0,266.9391983315411,0.0,5,7,16,64,97,160,210,270,350,360,360
,Aggregated,5077,0,5,30.909417195194187,1.053100000000029,359.9562999999999,8688.0,266.9391983315411,0.0,5,7,16,64,97,160,210,270,350,360,360
