Type,Name,Request Count,Failure Count,Median Response Time,Average Response Time,Min Response Time,Max Response Time,Average Content Size,Requests/s,Failures/s,50%,66%,75%,80%,90%,95%,98%,99%,99.9%,99.99%,100%
GET,/,6175,0,6,39.9529287449393,1.2085000000006119,384.7445999999999,8688.0,324.3331356307234,0.0,6,11,75,85,100,190,270,290,370,380,380
,Aggregated,6175,0,6,39.9529287449393,1.2085000000006119,384.7445999999999,8688.0,324.3331356307234,0.0,6,11,75,85,100,190,270,290,370,380,380
