Type,Name,Request Count,Failure Count,Median Response Time,Average Response Time,Min Response Time,Max Response Time,Average Content Size,Requests/s,Failures/s,50%,66%,75%,80%,90%,95%,98%,99%,99.9%,99.99%,100%
GET,/,5428,0,6,34.11981214075152,1.2690000000006307,556.6869999999997,8688.0,285.1468161135563,0.0,6,9,26,61,89,170,300,370,530,560,560
,Aggregated,5428,0,6,34.11981214075152,1.2690000000006307,556.6869999999997,8688.0,285.1468161135563,0.0,6,9,26,61,89,170,300,370,530,560,560
