Type,Name,Request Count,Failure Count,Median Response Time,Average Response Time,Min Response Time,Max Response Time,Average Content Size,Requests/s,Failures/s,50%,66%,75%,80%,90%,95%,98%,99%,99.9%,99.99%,100%
GET,/,6746,0,8,53.13833582863939,1.2031999999990717,595.1249999999994,8688.0,353.7430922063119,0.0,8,68,86,92,160,210,310,390,490,600,600
,Aggregated,6746,0,8,53.13833582863939,1.2031999999990717,595.1249999999994,8688.0,353.7430922063119,0.0,8,68,86,92,160,210,310,390,490,600,600
