Type,Name,Request Count,Failure Count,Median Response Time,Average Response Time,Min Response Time,Max Response Time,Average Content Size,Requests/s,Failures/s,50%,66%,75%,80%,90%,95%,98%,99%,99.9%,99.99%,100%
GET,/,6307,0,7,30.193916283494467,1.253000000001947,379.63070000000033,8688.0,331.8778459553922,0.0,7,11,23,61,89,120,200,280,370,380,380
,Aggregated,6307,0,7,30.193916283494467,1.253000000001947,379.63070000000033,8688.0,331.8778459553922,0.0,7,11,23,61,89,120,200,280,370,380,380
