Type,Name,Request Count,Failure Count,Median Response Time,Average Response Time,Min Response Time,Max Response Time,Average Content Size,Requests/s,Failures/s,50%,66%,75%,80%,90%,95%,98%,99%,99.9%,99.99%,100%
GET,/,7552,0,9,45.842370974576525,1.2217999999997176,400.3464999999995,8688.0,396.5057868426491,0.0,9,50,81,88,110,190,270,290,390,400,400
,Aggregated,7552,0,9,45.842370974576525,1.2217999999997176,400.3464999999995,8688.0,396.5057868426491,0.0,9,50,81,88,110,190,270,290,390,400,400
