Type,Name,Request Count,Failure Count,Median Response Time,Average Response Time,Min Response Time,Max Response Time,Average Content Size,Requests/s,Failures/s,50%,66%,75%,80%,90%,95%,98%,99%,99.9%,99.99%,100%
GET,/,5588,0,8,37.44090522548331,1.274600000002124,385.0793000000001,8688.0,293.57480310423756,0.0,8,18,68,82,98,150,200,250,340,390,390
,Aggregated,5588,0,8,37.44090522548331,1.274600000002124,385.0793000000001,8688.0,293.57480310423756,0.0,8,18,68,82,98,150,200,250,340,390,390
