Type,Name,Request Count,Failure Count,Median Response Time,Average Response Time,Min Response Time,Max Response Time,Average Content Size,Requests/s,Failures/s,50%,66%,75%,80%,90%,95%,98%,99%,99.9%,99.99%,100%
GET,/,5144,0,6,30.891692107309524,1.2612999999994656,485.8568000000001,8688.0,269.9209734234522,0.0,6,8,11,44,95,190,290,300,390,490,490
,Aggregated,5144,0,6,30.891692107309524,1.2612999999994656,485.8568000000001,8688.0,269.9209734234522,0.0,6,8,11,44,95,190,290,300,390,490,490
