Type,Name,Request Count,Failure Count,Median Response Time,Average Response Time,Min Response Time,Max Response Time,Average Content Size,Requests/s,Failures/s,50%,66%,75%,80%,90%,95%,98%,99%,99.9%,99.99%,100%
GET,/,8415,0,10,65.85140443256115,1.2439999999998008,632.5054999999998,8688.0,441.88058002263443,0.0,10,72,90,96,200,300,390,460,590,630,630
,Aggregated,8415,0,10,65.85140443256115,1.2439999999998008,632.5054999999998,8688.0,441.88058002263443,0.0,10,72,90,96,200,300,390,460,590,630,630
