Type,Name,Request Count,Failure Count,Median Response Time,Average Response Time,Min Response Time,Max Response Time,Average Content Size,Requests/s,Failures/s,50%,66%,75%,80%,90%,95%,98%,99%,99.9%,99.99%,100%
GET,/,6666,0,10,60.818525952595365,1.2407000000003165,396.9382000000001,8688.0,350.3541658576408,0.0,10,81,92,98,190,220,300,300,380,400,400
,Aggregated,6666,0,10,60.818525952595365,1.2407000000003165,396.9382000000001,8688.0,350.3541658576408,0.0,10,81,92,98,190,220,300,300,380,400,400
