Type,Name,Request Count,Failure Count,Median Response Time,Average Response Time,Min Response Time,Max Response Time,Average Content Size,Requests/s,Failures/s,50%,66%,75%,80%,90%,95%,98%,99%,99.9%,99.99%,100%
GET,/,6216,0,7,28.087207496782522,1.2615999999994187,296.9953999999997,8688.0,326.91847710658504,0.0,7,11,24,55,90,110,190,200,290,300,300
,Aggregated,6216,0,7,28.087207496782522,1.2615999999994187,296.9953999999997,8688.0,326.91847710658504,0.0,7,11,24,55,90,110,190,200,290,300,300
