Type,Name,Request Count,Failure Count,Median Response Time,Average Response Time,Min Response Time,Max Response Time,Average Content Size,Requests/s,Failures/s,50%,66%,75%,80%,90%,95%,98%,99%,99.9%,99.99%,100%
GET,/,2678,0,8,63.34692292755785,1.2029999999985108,643.2087000000001,8688.0,141.24099213407985,0.0,8,89,93,94,100,200,530,540,640,640,640
,Aggregated,2678,0,8,63.34692292755785,1.2029999999985108,643.2087000000001,8688.0,141.24099213407985,0.0,8,89,93,94,100,200,530,540,640,640,640
