Type,Name,Request Count,Failure Count,Median Response Time,Average Response Time,Min Response Time,Max Response Time,Average Content Size,Requests/s,Failures/s,50%,66%,75%,80%,90%,95%,98%,99%,99.9%,99.99%,100%
GET,/,5625,0,7,25.473854168888828,1.3471000000002675,406.7497000000002,8688.0,294.9515124419855,0.0,7,9,12,30,89,110,180,200,390,410,410
,Aggregated,5625,0,7,25.473854168888828,1.3471000000002675,406.7497000000002,8688.0,294.9515124419855,0.0,7,9,12,30,89,110,180,200,390,410,410
