Type,Name,Request Count,Failure Count,Median Response Time,Average Response Time,Min Response Time,Max Response Time,Average Content Size,Requests/s,Failures/s,50%,66%,75%,80%,90%,95%,98%,99%,99.9%,99.99%,100%
GET,/,5467,0,7,23.381663654655284,1.3113999999987414,327.1408,8688.0,286.78533268115945,0.0,7,10,12,22,77,98,180,230,280,330,330
,Aggregated,5467,0,7,23.381663654655284,1.3113999999987414,327.1408,8688.0,286.78533268115945,0.0,7,10,12,22,77,98,180,230,280,330,330
