Type,Name,Request Count,Failure Count,Median Response Time,Average Response Time,Min Response Time,Max Response Time,Average Content Size,Requests/s,Failures/s,50%,66%,75%,80%,90%,95%,98%,99%,99.9%,99.99%,100%
GET,/,6516,0,7,30.009692894413877,1.2223999999996238,335.0253000000001,8688.0,342.642200509832,0.0,7,11,33,60,93,140,190,200,320,340,340
,Aggregated,6516,0,7,30.009692894413877,1.2223999999996238,335.0253000000001,8688.0,342.642200509832,0.0,7,11,33,60,93,140,190,200,320,340,340
