Type,Name,Request Count,Failure Count,Median Response Time,Average Response Time,Min Response Time,Max Response Time,Average Content Size,Requests/s,Failures/s,50%,66%,75%,80%,90%,95%,98%,99%,99.9%,99.99%,100%
GET,/,7447,0,89,90.2389460588155,1.2599000000008687,417.4116000000003,8688.0,390.9982681401708,0.0,89,100,130,180,200,210,300,320,390,420,420
,Aggregated,7447,0,89,90.2389460588155,1.2599000000008687,417.4116000000003,8688.0,390.9982681401708,0.0,89,100,130,180,200,210,300,320,390,420,420
