Type,Name,Request Count,Failure Count,Median Response Time,Average Response Time,Min Response Time,Max Response Time,Average Content Size,Requests/s,Failures/s,50%,66%,75%,80%,90%,95%,98%,99%,99.9%,99.99%,100%
GET,/,5887,0,7,36.51955371156787,1.2394000000011118,474.42949999999985,8688.0,309.1543965673111,0.0,7,12,46,66,98,200,290,300,400,470,470
,Aggregated,5887,0,7,36.51955371156787,1.2394000000011118,474.42949999999985,8688.0,309.1543965673111,0.0,7,12,46,66,98,200,290,300,400,470,470
