Type,Name,Request Count,Failure Count,Median Response Time,Average Response Time,Min Response Time,Max Response Time,Average Content Size,Requests/s,Failures/s,50%,66%,75%,80%,90%,95%,98%,99%,99.9%,99.99%,100%
GET,/,7558,0,90,95.25741870865335,1.2951000000001045,567.4251999999998,8688.0,397.20277405116013,0.0,90,98,100,140,200,290,310,390,480,570,570
,Aggregated,7558,0,90,95.25741870865335,1.2951000000001045,567.4251999999998,8688.0,397.20277405116013,0.0,90,98,100,140,200,290,310,390,480,570,570
