Type,Name,Request Count,Failure Count,Median Response Time,Average Response Time,Min Response Time,Max Response Time,Average Content Size,Requests/s,Failures/s,50%,66%,75%,80%,90%,95%,98%,99%,99.9%,99.99%,100%
GET,/,5436,0,6,31.77829966887425,1.1858000000000146,426.3320000000004,8688.0,285.78726780542434,0.0,6,9,14,44,98,190,250,300,390,430,430
,Aggregated,5436,0,6,31.77829966887425,1.1858000000000146,426.3320000000004,8688.0,285.78726780542434,0.0,6,9,14,44,98,190,250,300,390,430,430
