Type,Name,Request Count,Failure Count,Median Response Time,Average Response Time,Min Response Time,Max Response Time,Average Content Size,Requests/s,Failures/s,50%,66%,75%,80%,90%,95%,98%,99%,99.9%,99.99%,100%
GET,/,6732,0,10,52.49065473856179,1.2684000000007245,487.20640000000026,8688.0,352.87979246069204,0.0,10,57,80,90,170,230,300,330,420,490,490
,Aggregated,6732,0,10,52.49065473856179,1.2684000000007245,487.20640000000026,8688.0,352.87979246069204,0.0,10,57,80,90,170,230,300,330,420,490,490
