Type,Name,Request Count,Failure Count,Median Response Time,Average Response Time,Min Response Time,Max Response Time,Average Content Size,Requests/s,Failures/s,50%,66%,75%,80%,90%,95%,98%,99%,99.9%,99.99%,100%
GET,/,6851,0,8,37.98686096920172,1.3100000000001444,599.1305000000002,8688.0,359.41475634968833,0.0,8,14,47,71,100,190,230,300,590,600,600
,Aggregated,6851,0,8,37.98686096920172,1.3100000000001444,599.1305000000002,8688.0,359.41475634968833,0.0,8,14,47,71,100,190,230,300,590,600,600
