Type,Name,Request Count,Failure Count,Median Response Time,Average Response Time,Min Response Time,Max Response Time,Average Content Size,Requests/s,Failures/s,50%,66%,75%,80%,90%,95%,98%,99%,99.9%,99.99%,100%
GET,/,6328,0,8,28.138248672566124,1.283499999999549,397.76180000000005,8688.0,332.635171011955,0.0,8,12,19,46,85,110,190,260,390,400,400
,Aggregated,6328,0,8,28.138248672566124,1.283499999999549,397.76180000000005,8688.0,332.635171011955,0.0,8,12,19,46,85,110,190,260,390,400,400
