Type,Name,Request Count,Failure Count,Median Response Time,Average Response Time,Min Response Time,Max Response Time,Average Content Size,Requests/s,Failures/s,50%,66%,75%,80%,90%,95%,98%,99%,99.9%,99.99%,100%
GET,/,8968,0,15,53.28992667261391,1.1799999999997368,404.8737,8688.0,469.9858291741377,0.0,15,76,87,93,120,190,220,250,310,400,400
,Aggregated,8968,0,15,53.28992667261391,1.1799999999997368,404.8737,8688.0,469.9858291741377,0.0,15,76,87,93,120,190,220,250,310,400,400
