Type,Name,Request Count,Failure Count,Median Response Time,Average Response Time,Min Response Time,Max Response Time,Average Content Size,Requests/s,Failures/s,50%,66%,75%,80%,90%,95%,98%,99%,99.9%,99.99%,100%
GET,/,6316,0,7,40.51374037365412,1.2649000000024557,393.95069999999953,8688.0,332.1424534659394,0.0,7,15,69,80,98,190,280,290,370,390,390
,Aggregated,6316,0,7,40.51374037365412,1.2649000000024557,393.95069999999953,8688.0,332.1424534659394,0.0,7,15,69,80,98,190,280,290,370,390,390
