Type,Name,Request Count,Failure Count,Median Response Time,Average Response Time,Min Response Time,Max Response Time,Average Content Size,Requests/s,Failures/s,50%,66%,75%,80%,90%,95%,98%,99%,99.9%,99.99%,100%
GET,/,5414,0,7,30.799946564462566,1.1223999999998568,407.16149999999993,8688.0,284.79288182147855,0.0,7,11,39,59,88,120,200,270,360,410,410
,Aggregated,5414,0,7,30.799946564462566,1.1223999999998568,407.16149999999993,8688.0,284.79288182147855,0.0,7,11,39,59,88,120,200,270,360,410,410
