Type,Name,Request Count,Failure Count,Median Response Time,Average Response Time,Min Response Time,Max Response Time,Average Content Size,Requests/s,Failures/s,50%,66%,75%,80%,90%,95%,98%,99%,99.9%,99.99%,100%
GET,/,6420,0,10,99.30301651090377,1.254199999999983,1216.4471999999994,8688.0,337.37546791818966,0.0,10,55,89,100,280,670,970,1000,1200,1200,1200
,Aggregated,6420,0,10,99.30301651090377,1.254199999999983,1216.4471999999994,8688.0,337.37546791818966,0.0,10,55,89,100,280,670,970,1000,1200,1200,1200
