Type,Name,Request Count,Failure Count,Median Response Time,Average Response Time,Min Response Time,Max Response Time,Average Content Size,Requests/s,Failures/s,50%,66%,75%,80%,90%,95%,98%,99%,99.9%,99.99%,100%
GET,/,6805,0,9,39.42220205731073,1.2321000000028448,587.6621999999995,8688.0,356.87499154457663,0.0,9,18,53,73,97,190,290,300,490,590,590
,Aggregated,6805,0,9,39.42220205731073,1.2321000000028448,587.6621999999995,8688.0,356.87499154457663,0.0,9,18,53,73,97,190,290,300,490,590,590
