Type,Name,Request Count,Failure Count,Median Response Time,Average Response Time,Min Response Time,Max Response Time,Average Content Size,Requests/s,Failures/s,50%,66%,75%,80%,90%,95%,98%,99%,99.9%,99.99%,100%
GET,/,5400,0,7,27.910451888888858,1.2060999999974342,386.0589999999999,8688.0,285.0666838610216,0.0,7,11,15,36,85,130,220,280,330,390,390
,Aggregated,5400,0,7,27.910451888888858,1.2060999999974342,386.0589999999999,8688.0,285.0666838610216,0.0,7,11,15,36,85,130,220,280,330,390,390
