Type,Name,Request Count,Failure Count,Median Response Time,Average Response Time,Min Response Time,Max Response Time,Average Content Size,Requests/s,Failures/s,50%,66%,75%,80%,90%,95%,98%,99%,99.9%,99.99%,100%
GET,/,6550,0,7,37.76980290076324,1.1606000000004002,403.1414,8688.0,343.9307612887124,0.0,7,12,51,82,100,190,290,300,400,400,400
,Aggregated,6550,0,7,37.76980290076324,1.1606000000004002,403.1414,8688.0,343.9307612887124,0.0,7,12,51,82,100,190,290,300,400,400,400
