Type,Name,Request Count,Failure Count,Median Response Time,Average Response Time,Min Response Time,Max Response Time,Average Content Size,Requests/s,Failures/s,50%,66%,75%,80%,90%,95%,98%,99%,99.9%,99.99%,100%
GET,/,3178,0,6,21.060460604153548,1.160300000000447,323.83280000000013,8688.0,169.5604001084108,0.0,6,8,11,13,72,100,190,220,230,320,320
,Aggregated,3178,0,6,21.060460604153548,1.160300000000447,323.83280000000013,8688.0,169.5604001084108,0.0,6,8,11,13,72,100,190,220,230,320,320
