Type,Name,Request Count,Failure Count,Median Response Time,Average Response Time,Min Response Time,Max Response Time,Average Content Size,Requests/s,Failures/s,50%,66%,75%,80%,90%,95%,98%,99%,99.9%,99.99%,100%
GET,/,2512,0,5,21.97680477707011,1.2018999999980906,386.19259999999997,8688.0,133.81957640426776,0.0,5,6,8,10,72,99,230,250,340,390,390
,Aggregated,2512,0,5,21.97680477707011,1.2018999999980906,386.19259999999997,8688.0,133.81957640426776,0.0,5,6,8,10,72,99,230,250,340,390,390
