Type,Name,Request Count,Failure Count,Median Response Time,Average Response Time,Min Response Time,Max Response Time,Average Content Size,Requests/s,Failures/s,50%,66%,75%,80%,90%,95%,98%,99%,99.9%,99.99%,100%
GET,/,6506,0,8,33.18477548416837,1.2433999999998946,313.8011999999999,8688.0,341.909868225805,0.0,8,14,42,64,95,180,200,220,300,310,310
,Aggregated,6506,0,8,33.18477548416837,1.2433999999998946,313.8011999999999,8688.0,341.909868225805,0.0,8,14,42,64,95,180,200,220,300,310,310
