Type,Name,Request Count,Failure Count,Median Response Time,Average Response Time,Min Response Time,Max Response Time,Average Content Size,Requests/s,Failures/s,50%,66%,75%,80%,90%,95%,98%,99%,99.9%,99.99%,100%
GET,/,5486,0,6,30.41674823186288,1.2068999999996777,372.0267000000002,8688.0,288.5344090794759,0.0,6,9,12,38,95,190,240,270,300,370,370
,Aggregated,5486,0,6,30.41674823186288,1.2068999999996777,372.0267000000002,8688.0,288.5344090794759,0.0,6,9,12,38,95,190,240,270,300,370,370
