Type,Name,Request Count,Failure Count,Median Response Time,Average Response Time,Min Response Time,Max Response Time,Average Content Size,Requests/s,Failures/s,50%,66%,75%,80%,90%,95%,98%,99%,99.9%,99.99%,100%
GET,/,7405,0,9,34.03915561107357,1.2761000000001133,336.57639999999975,8688.0,388.3349398706913,0.0,9,14,46,63,92,140,220,280,320,340,340
,Aggregated,7405,0,9,34.03915561107357,1.2761000000001133,336.57639999999975,8688.0,388.3349398706913,0.0,9,14,46,63,92,140,220,280,320,340,340
