Type,Name,Request Count,Failure Count,Median Response Time,Average Response Time,Min Response Time,Max Response Time,Average Content Size,Requests/s,Failures/s,50%,66%,75%,80%,90%,95%,98%,99%,99.9%,99.99%,100%
GET,/,6903,0,8,35.991810850354916,1.34469999999709,383.5221000000004,8688.0,362.07321859151244,0.0,8,12,42,64,100,190,260,290,360,380,380
,Aggregated,6903,0,8,35.991810850354916,1.34469999999709,383.5221000000004,8688.0,362.07321859151244,0.0,8,12,42,64,100,190,260,290,360,380,380
