Type,Name,Request Count,Failure Count,Median Response Time,Average Response Time,Min Response Time,Max Response Time,Average Content Size,Requests/s,Failures/s,50%,66%,75%,80%,90%,95%,98%,99%,99.9%,99.99%,100%
GET,/,6327,0,7,28.85783067804653,1.160000000000494,485.6775,8688.0,332.31940467687264,0.0,7,11,20,52,88,110,200,280,450,490,490
,Aggregated,6327,0,7,28.85783067804653,1.160000000000494,485.6775,8688.0,332.31940467687264,0.0,7,11,20,52,88,110,200,280,450,490,490
