Type,Name,Request Count,Failure Count,Median Response Time,Average Response Time,Min Response Time,Max Response Time,Average Content Size,Requests/s,Failures/s,50%,66%,75%,80%,90%,95%,98%,99%,99.9%,99.99%,100%
GET,/,7102,0,10,35.46351765699804,1.2647000000001185,329.19359999999995,8688.0,372.78215165740494,0.0,10,15,50,67,98,180,210,240,300,330,330
,Aggregated,7102,0,10,35.46351765699804,1.2647000000001185,329.19359999999995,8688.0,372.78215165740494,0.0,10,15,50,67,98,180,210,240,300,330,330
