Type,Name,Request Count,Failure Count,Median Response Time,Average Response Time,Min Response Time,Max Response Time,Average Content Size,Requests/s,Failures/s,50%,66%,75%,80%,90%,95%,98%,99%,99.9%,99.99%,100%
GET,/,1888,0,5,40.94561456567793,1.2070000000008463,572.8252999999999,8688.0,99.25194801874206,0.0,5,6,7,40,91,290,470,560,570,570,570
,Aggregated,1888,0,5,40.94561456567793,1.2070000000008463,572.8252999999999,8688.0,99.25194801874206,0.0,5,6,7,40,91,290,470,560,570,570,570
