Type,Name,Request Count,Failure Count,Median Response Time,Average Response Time,Min Response Time,Max Response Time,Average Content Size,Requests/s,Failures/s,50%,66%,75%,80%,90%,95%,98%,99%,99.9%,99.99%,100%
GET,/,5054,0,6,30.629849920854618,1.1967999999997758,363.1487999999998,8688.0,265.9731596375791,0.0,6,10,18,59,95,160,230,250,340,360,360
,Aggregated,5054,0,6,30.629849920854618,1.1967999999997758,363.1487999999998,8688.0,265.9731596375791,0.0,6,10,18,59,95,160,230,250,340,360,360
