Type,Name,Request Count,Failure Count,Median Response Time,Average Response Time,Min Response Time,Max Response Time,Average Content Size,Requests/s,Failures/s,50%,66%,75%,80%,90%,95%,98%,99%,99.9%,99.99%,100%
GET,/,2512,0,5,22.27201998407651,1.2459000000006881,400.46819999999997,8688.0,133.74606101537182,0.0,5,7,8,10,64,94,300,320,400,400,400
,Aggregated,2512,0,5,22.27201998407651,1.2459000000006881,400.46819999999997,8688.0,133.74606101537182,0.0,5,7,8,10,64,94,300,320,400,400,400
