Type,Name,Request Count,Failure Count,Median Response Time,Average Response Time,Min Response Time,Max Response Time,Average Content Size,Requests/s,Failures/s,50%,66%,75%,80%,90%,95%,98%,99%,99.9%,99.99%,100%
GET,/,5874,0,8,37.324336244467084,1.1730999999990388,375.5065000000002,8688.0,308.1855405582846,0.0,8,12,58,75,99,190,230,290,330,380,380
,Aggregated,5874,0,8,37.324336244467084,1.1730999999990388,375.5065000000002,8688.0,308.1855405582846,0.0,8,12,58,75,99,190,230,290,330,380,380
