Type,Name,Request Count,Failure Count,Median Response Time,Average Response Time,Min Response Time,Max Response Time,Average Content Size,Requests/s,Failures/s,50%,66%,75%,80%,90%,95%,98%,99%,99.9%,99.99%,100%
GET,/,4499,0,7,22.322258057346083,1.3240999999979408,356.0283000000002,8688.0,239.7776309250372,0.0,7,10,13,24,72,98,180,220,310,360,360
,Aggregated,4499,0,7,22.322258057346083,1.3240999999979408,356.0283000000002,8688.0,239.7776309250372,0.0,7,10,13,24,72,98,180,220,310,360,360
