Type,Name,Request Count,Failure Count,Median Response Time,Average Response Time,Min Response Time,Max Response Time,Average Content Size,Requests/s,Failures/s,50%,66%,75%,80%,90%,95%,98%,99%,99.9%,99.99%,100%
GET,/,4304,0,5,37.202968401486984,1.215499999999814,388.8066000000001,8688.0,226.83207827508406,0.0,5,8,52,74,93,200,290,320,350,390,390
,Aggregated,4304,0,5,37.202968401486984,1.215499999999814,388.8066000000001,8688.0,226.83207827508406,0.0,5,8,52,74,93,200,290,320,350,390,390
