Type,Name,Request Count,Failure Count,Median Response Time,Average Response Time,Min Response Time,Max Response Time,Average Content Size,Requests/s,Failures/s,50%,66%,75%,80%,90%,95%,98%,99%,99.9%,99.99%,100%
GET,/,7488,0,9,33.454506597222256,1.1849000000019316,479.0170000000007,8688.0,392.87987403204994,0.0,9,14,39,61,94,160,200,280,400,480,480
,Aggregated,7488,0,9,33.454506597222256,1.1849000000019316,479.0170000000007,8688.0,392.87987403204994,0.0,9,14,39,61,94,160,200,280,400,480,480
