Type,Name,Request Count,Failure Count,Median Response Time,Average Response Time,Min Response Time,Max Response Time,Average Content Size,Requests/s,Failures/s,50%,66%,75%,80%,90%,95%,98%,99%,99.9%,99.99%,100%
GET,/,5952,0,10,154.40235290658515,1.2547999999998893,1720.1404,8688.0,312.7038859798429,0.0,10,50,97,130,700,1000,1200,1300,1600,1700,1700
,Aggregated,5952,0,10,154.40235290658515,1.2547999999998893,1720.1404,8688.0,312.7038859798429,0.0,10,50,97,130,700,1000,1200,1300,1600,1700,1700
