Type,Name,Request Count,Failure Count,Median Response Time,Average Response Time,Min Response Time,Max Response Time,Average Content Size,Requests/s,Failures/s,50%,66%,75%,80%,90%,95%,98%,99%,99.9%,99.99%,100%
GET,/,4737,0,6,26.668285391598047,1.2517000000000778,458.9052999999996,8688.0,250.07208298210952,0.0,6,9,12,20,83,120,230,290,450,460,460
,Aggregated,4737,0,6,26.668285391598047,1.2517000000000778,458.9052999999996,8688.0,250.07208298210952,0.0,6,9,12,20,83,120,230,290,450,460,460
