Type,Name,Request Count,Failure Count,Median Response Time,Average Response Time,Min Response Time,Max Response Time,Average Content Size,Requests/s,Failures/s,50%,66%,75%,80%,90%,95%,98%,99%,99.9%,99.99%,100%
GET,/,7909,0,10,42.43891885194077,1.2629000000003998,478.73989999999986,8688.0,414.43604479591005,0.0,10,27,68,81,100,190,280,290,400,480,480
,Aggregated,7909,0,10,42.43891885194077,1.2629000000003998,478.73989999999986,8688.0,414.43604479591005,0.0,10,27,68,81,100,190,280,290,400,480,480
