Type,Name,Request Count,Failure Count,Median Response Time,Average Response Time,Min Response Time,Max Response Time,Average Content Size,Requests/s,Failures/s,50%,66%,75%,80%,90%,95%,98%,99%,99.9%,99.99%,100%
GET,/,5830,0,8,29.59944493996564,1.198999999999728,387.54770000000025,8688.0,306.93731572056583,0.0,8,11,16,43,92,160,200,270,340,390,390
,Aggregated,5830,0,8,29.59944493996564,1.198999999999728,387.54770000000025,8688.0,306.93731572056583,0.0,8,11,16,43,92,160,200,270,340,390,390
