Type,Name,Request Count,Failure Count,Median Response Time,Average Response Time,Min Response Time,Max Response Time,Average Content Size,Requests/s,Failures/s,50%,66%,75%,80%,90%,95%,98%,99%,99.9%,99.99%,100%
GET,/,3115,0,5,30.129886934189503,1.2749000000003008,506.6206000000002,8688.0,164.0438596313906,0.0,5,6,8,12,90,190,310,400,440,510,510
,Aggregated,3115,0,5,30.129886934189503,1.2749000000003008,506.6206000000002,8688.0,164.0438596313906,0.0,5,6,8,12,90,190,310,400,440,510,510
