Type,Name,Request Count,Failure Count,Median Response Time,Average Response Time,Min Response Time,Max Response Time,Average Content Size,Requests/s,Failures/s,50%,66%,75%,80%,90%,95%,98%,99%,99.9%,99.99%,100%
GET,/,5992,0,10,30.414367022697107,1.3076999999999117,381.22359999999975,8688.0,315.00423146716884,0.0,10,16,34,59,87,100,200,220,300,380,380
,Aggregated,5992,0,10,30.414367022697107,1.3076999999999117,381.22359999999975,8688.0,315.00423146716884,0.0,10,16,34,59,87,100,200,220,300,380,380
