Type,Name,Request Count,Failure Count,Median Response Time,Average Response Time,Min Response Time,Max Response Time,Average Content Size,Requests/s,Failures/s,50%,66%,75%,80%,90%,95%,98%,99%,99.9%,99.99%,100%
GET,/,5464,0,7,27.75409860907755,1.2559999999979254,337.28570000000025,8688.0,286.75564344948003,0.0,7,11,15,44,87,120,210,230,330,340,340
,Aggregated,5464,0,7,27.75409860907755,1.2559999999979254,337.28570000000025,8688.0,286.75564344948003,0.0,7,11,15,44,87,120,210,230,330,340,340
