Type,Name,Request Count,Failure Count,Median Response Time,Average Response Time,Min Response Time,Max Response Time,Average Content Size,Requests/s,Failures/s,50%,66%,75%,80%,90%,95%,98%,99%,99.9%,99.99%,100%
GET,/,7756,0,15,55.15592319494575,1.1788999999993166,337.9284,8688.0,407.6987629645043,0.0,15,78,91,96,160,200,230,280,320,340,340
,Aggregated,7756,0,15,55.15592319494575,1.1788999999993166,337.9284,8688.0,407.6987629645043,0.0,15,78,91,96,160,200,230,280,320,340,340
