Type,Name,Request Count,Failure Count,Median Response Time,Average Response Time,Min Response Time,Max Response Time,Average Content Size,Requests/s,Failures/s,50%,66%,75%,80%,90%,95%,98%,99%,99.9%,99.99%,100%
GET,/,6661,0,7,31.33416320372324,1.2115999999995353,379.1634999999998,8688.0,350.0551195005282,0.0,7,11,35,60,95,160,200,260,300,380,380
,Aggregated,6661,0,7,31.33416320372324,1.2115999999995353,379.1634999999998,8688.0,350.0551195005282,0.0,7,11,35,60,95,160,200,260,300,380,380
