Type,Name,Request Count,Failure Count,Median Response Time,Average Response Time,Min Response Time,Max Response Time,Average Content Size,Requests/s,Failures/s,50%,66%,75%,80%,90%,95%,98%,99%,99.9%,99.99%,100%
GET,/,7690,0,15,50.30133752925883,1.3298000000006027,400.43819999999994,8688.0,402.733367846941,0.0,15,58,84,91,140,200,260,300,370,400,400
,Aggregated,7690,0,15,50.30133752925883,1.3298000000006027,400.43819999999994,8688.0,402.733367846941,0.0,15,58,84,91,140,200,260,300,370,400,400
