Type,Name,Request Count,Failure Count,Median Response Time,Average Response Time,Min Response Time,Max Response Time,Average Content Size,Requests/s,Failures/s,50%,66%,75%,80%,90%,95%,98%,99%,99.9%,99.99%,100%
GET,/,3412,0,5,25.134594167643677,1.356599999999375,358.9377,8688.0,180.73034797376047,0.0,5,8,12,19,83,130,230,260,350,360,360
,Aggregated,3412,0,5,25.134594167643677,1.356599999999375,358.9377,8688.0,180.73034797376047,0.0,5,8,12,19,83,130,230,260,350,360,360
