Type,Name,Request Count,Failure Count,Median Response Time,Average Response Time,Min Response Time,Max Response Time,Average Content Size,Requests/s,Failures/s,50%,66%,75%,80%,90%,95%,98%,99%,99.9%,99.99%,100%
GET,/,5928,0,8,28.48160190620784,1.2772000000005335,406.6994999999998,8688.0,311.5608259218833,0.0,8,11,17,33,86,170,210,280,330,410,410
,Aggregated,5928,0,8,28.48160190620784,1.2772000000005335,406.6994999999998,8688.0,311.5608259218833,0.0,8,11,17,33,86,170,210,280,330,410,410
