Type,Name,Request Count,Failure Count,Median Response Time,Average Response Time,Min Response Time,Max Response Time,Average Content Size,Requests/s,Failures/s,50%,66%,75%,80%,90%,95%,98%,99%,99.9%,99.99%,100%
GET,/,5702,0,7,29.471734882497433,1.2384999999994761,411.146,8688.0,299.5576100740368,0.0,7,11,20,52,87,100,220,300,400,410,410
,Aggregated,5702,0,7,29.471734882497433,1.2384999999994761,411.146,8688.0,299.5576100740368,0.0,7,11,20,52,87,100,220,300,400,410,410
