Type,Name,Request Count,Failure Count,Median Response Time,Average Response Time,Min Response Time,Max Response Time,Average Content Size,Requests/s,Failures/s,50%,66%,75%,80%,90%,95%,98%,99%,99.9%,99.99%,100%
GET,/,6343,0,7,44.429090099321904,1.1702999999982922,401.01799999999963,8688.0,333.09048029360923,0.0,7,20,75,87,110,200,290,300,390,400,400
,Aggregated,6343,0,7,44.429090099321904,1.1702999999982922,401.01799999999963,8688.0,333.09048029360923,0.0,7,20,75,87,110,200,290,300,390,400,400
