Type,Name,Request Count,Failure Count,Median Response Time,Average Response Time,Min Response Time,Max Response Time,Average Content Size,Requests/s,Failures/s,50%,66%,75%,80%,90%,95%,98%,99%,99.9%,99.99%,100%
GET,/,7059,0,7,30.008124096897607,1.191900000002022,479.41639999999984,8688.0,370.936498474564,0.0,7,11,16,45,88,160,200,270,450,480,480
,Aggregated,7059,0,7,30.008124096897607,1.191900000002022,479.41639999999984,8688.0,370.936498474564,0.0,7,11,16,45,88,160,200,270,450,480,480
