Type,Name,Request Count,Failure Count,Median Response Time,Average Response Time,Min Response Time,Max Response Time,Average Content Size,Requests/s,Failures/s,50%,66%,75%,80%,90%,95%,98%,99%,99.9%,99.99%,100%
GET,/,6629,0,7,35.95740375622263,1.1238000000002302,680.4570000000006,8688.0,347.477123688013,0.0,7,11,31,57,96,190,290,380,590,680,680
,Aggregated,6629,0,7,35.95740375622263,1.1238000000002302,680.4570000000006,8688.0,347.477123688013,0.0,7,11,31,57,96,190,290,380,590,680,680
