Type,Name,Request Count,Failure Count,Median Response Time,Average Response Time,Min Response Time,Max Response Time,Average Content Size,Requests/s,Failures/s,50%,66%,75%,80%,90%,95%,98%,99%,99.9%,99.99%,100%
GET,/,6663,0,10,31.078168812847043,1.2430999999999415,364.9068,8688.0,350.7708911288286,0.0,10,16,26,51,92,130,200,260,350,360,360
,Aggregated,6663,0,10,31.078168812847043,1.2430999999999415,364.9068,8688.0,350.7708911288286,0.0,10,16,26,51,92,130,200,260,350,360,360
