Type,Name,Request Count,Failure Count,Median Response Time,Average Response Time,Min Response Time,Max Response Time,Average Content Size,Requests/s,Failures/s,50%,66%,75%,80%,90%,95%,98%,99%,99.9%,99.99%,100%
GET,/,7031,0,8,39.22129158014501,1.2377000000007854,343.7638999999999,8688.0,368.57297057440496,0.0,8,16,68,82,100,180,240,280,300,340,340
,Aggregated,7031,0,8,39.22129158014501,1.2377000000007854,343.7638999999999,8688.0,368.57297057440496,0.0,8,16,68,82,100,180,240,280,300,340,340
