Type,Name,Request Count,Failure Count,Median Response Time,Average Response Time,Min Response Time,Max Response Time,Average Content Size,Requests/s,Failures/s,50%,66%,75%,80%,90%,95%,98%,99%,99.9%,99.99%,100%
GET,/,2458,0,4,26.271732831570315,1.2119000000012647,441.1235,8688.0,130.24092756772865,0.0,4,5,6,8,77,110,340,410,440,440,440
,Aggregated,2458,0,4,26.271732831570315,1.2119000000012647,441.1235,8688.0,130.24092756772865,0.0,4,5,6,8,77,110,340,410,440,440,440
