Type,Name,Request Count,Failure Count,Median Response Time,Average Response Time,Min Response Time,Max Response Time,Average Content Size,Requests/s,Failures/s,50%,66%,75%,80%,90%,95%,98%,99%,99.9%,99.99%,100%
GET,/,4583,0,7,26.34008219506885,1.0887999999997788,324.91080000000005,8688.0,241.85002921576756,0.0,7,9,12,26,87,120,210,280,300,320,320
,Aggregated,4583,0,7,26.34008219506885,1.0887999999997788,324.91080000000005,8688.0,241.85002921576756,0.0,7,9,12,26,87,120,210,280,300,320,320
