Type,Name,Request Count,Failure Count,Median Response Time,Average Response Time,Min Response Time,Max Response Time,Average Content Size,Requests/s,Failures/s,50%,66%,75%,80%,90%,95%,98%,99%,99.9%,99.99%,100%
GET,/,7095,0,10,32.241438646934434,1.2593999999985783,397.1116999999999,8688.0,372.1255205971878,0.0,10,14,44,63,93,110,190,270,370,400,400
,Aggregated,7095,0,10,32.241438646934434,1.2593999999985783,397.1116999999999,8688.0,372.1255205971878,0.0,10,14,44,63,93,110,190,270,370,400,400
