Type,Name,Request Count,Failure Count,Median Response Time,Average Response Time,Min Response Time,Max Response Time,Average Content Size,Requests/s,Failures/s,50%,66%,75%,80%,90%,95%,98%,99%,99.9%,99.99%,100%
GET,/,5179,0,8,26.784105889167733,1.2730999999988057,380.2897999999999,8688.0,273.7603813889877,0.0,8,13,19,45,78,99,180,260,370,380,380
,Aggregated,5179,0,8,26.784105889167733,1.2730999999988057,380.2897999999999,8688.0,273.7603813889877,0.0,8,13,19,45,78,99,180,260,370,380,380
