Type,Name,Request Count,Failure Count,Median Response Time,Average Response Time,Min Response Time,Max Response Time,Average Content Size,Requests/s,Failures/s,50%,66%,75%,80%,90%,95%,98%,99%,99.9%,99.99%,100%
GET,/,6312,0,10,25.853148336502052,1.242900000001157,284.6416999999999,8688.0,333.6510932011892,0.0,10,15,23,44,77,93,170,200,280,280,280
,Aggregated,6312,0,10,25.853148336502052,1.242900000001157,284.6416999999999,8688.0,333.6510932011892,0.0,10,15,23,44,77,93,170,200,280,280,280
