Type,Name,Request Count,Failure Count,Median Response Time,Average Response Time,Min Response Time,Max Response Time,Average Content Size,Requests/s,Failures/s,50%,66%,75%,80%,90%,95%,98%,99%,99.9%,99.99%,100%
GET,/,7024,0,8,36.002822964122984,1.2679000000002105,783.4588999999994,8688.0,369.28444782019915,0.0,8,12,37,59,94,170,280,390,690,780,780
,Aggregated,7024,0,8,36.002822964122984,1.2679000000002105,783.4588999999994,8688.0,369.28444782019915,0.0,8,12,37,59,94,170,280,390,690,780,780
