Type,Name,Request Count,Failure Count,Median Response Time,Average Response Time,Min Response Time,Max Response Time,Average Content Size,Requests/s,Failures/s,50%,66%,75%,80%,90%,95%,98%,99%,99.9%,99.99%,100%
GET,/,7509,0,9,33.54909059794905,1.354700000000264,355.19500000000016,8688.0,393.5736047825316,0.0,9,14,40,65,97,170,210,230,320,360,360
,Aggregated,7509,0,9,33.54909059794905,1.354700000000264,355.19500000000016,8688.0,393.5736047825316,0.0,9,14,40,65,97,170,210,230,320,360,360
