Type,Name,Request Count,Failure Count,Median Response Time,Average Response Time,Min Response Time,Max Response Time,Average Content Size,Requests/s,Failures/s,50%,66%,75%,80%,90%,95%,98%,99%,99.9%,99.99%,100%
GET,/,3178,0,5,19.826568565135283,1.1690000000008638,341.58500000000004,8688.0,169.9544521748652,0.0,5,7,9,11,72,99,160,240,330,340,340
,Aggregated,3178,0,5,19.826568565135283,1.1690000000008638,341.58500000000004,8688.0,169.9544521748652,0.0,5,7,9,11,72,99,160,240,330,340,340
