Type,Name,Request Count,Failure Count,Median Response Time,Average Response Time,Min Response Time,Max Response Time,Average Content Size,Requests/s,Failures/s,50%,66%,75%,80%,90%,95%,98%,99%,99.9%,99.99%,100%
GET,/,6066,0,7,39.79751125947901,1.1018000000007078,475.5973999999998,8688.0,318.161299918786,0.0,7,13,66,84,100,190,280,300,400,480,480
,Aggregated,6066,0,7,39.79751125947901,1.1018000000007078,475.5973999999998,8688.0,318.161299918786,0.0,7,13,66,84,100,190,280,300,400,480,480
