Type,Name,Request Count,Failure Count,Median Response Time,Average Response Time,Min Response Time,Max Response Time,Average Content Size,Requests/s,Failures/s,50%,66%,75%,80%,90%,95%,98%,99%,99.9%,99.99%,100%
GET,/,4651,0,6,26.648292603741083,1.1482000000011539,373.9709000000002,8688.0,244.62953330875715,0.0,6,8,10,19,87,170,200,270,370,370,370
,Aggregated,4651,0,6,26.648292603741083,1.1482000000011539,373.9709000000002,8688.0,244.62953330875715,0.0,6,8,10,19,87,170,200,270,370,370,370
