Type,Name,Request Count,Failure Count,Median Response Time,Average Response Time,Min Response Time,Max Response Time,Average Content Size,Requests/s,Failures/s,50%,66%,75%,80%,90%,95%,98%,99%,99.9%,99.99%,100%
GET,/,4074,0,8,25.22687420225835,1.2599000000008687,318.63949999999977,8688.0,216.17274251563185,0.0,8,11,15,21,74,110,220,230,290,320,320
,Aggregated,4074,0,8,25.22687420225835,1.2599000000008687,318.63949999999977,8688.0,216.17274251563185,0.0,8,11,15,21,74,110,220,230,290,320,320
