Type,Name,Request Count,Failure Count,Median Response Time,Average Response Time,Min Response Time,Max Response Time,Average Content Size,Requests/s,Failures/s,50%,66%,75%,80%,90%,95%,98%,99%,99.9%,99.99%,100%
GET,/,5026,0,6,25.9880423000398,1.2031000000014558,499.9722000000002,8688.0,265.2926445695886,0.0,6,9,12,20,77,100,270,300,410,500,500
,Aggregated,5026,0,6,25.9880423000398,1.2031000000014558,499.9722000000002,8688.0,265.2926445695886,0.0,6,9,12,20,77,100,270,300,410,500,500
