Type,Name,Request Count,Failure Count,Median Response Time,Average Response Time,Min Response Time,Max Response Time,Average Content Size,Requests/s,Failures/s,50%,66%,75%,80%,90%,95%,98%,99%,99.9%,99.99%,100%
GET,/,4903,0,7,28.665196349174046,1.2137999999985993,379.0735000000001,8688.0,257.99698006369823,0.0,7,10,17,51,86,110,200,270,370,380,380
,Aggregated,4903,0,7,28.665196349174046,1.2137999999985993,379.0735000000001,8688.0,257.99698006369823,0.0,7,10,17,51,86,110,200,270,370,380,380
