Type,Name,Request Count,Failure Count,Median Response Time,Average Response Time,Min Response Time,Max Response Time,Average Content Size,Requests/s,Failures/s,50%,66%,75%,80%,90%,95%,98%,99%,99.9%,99.99%,100%
GET,/,5323,0,5,33.13049840315601,1.127799999999013,666.3725000000001,8688.0,279.79143896562834,0.0,5,7,11,44,92,190,290,420,500,670,670
,Aggregated,5323,0,5,33.13049840315601,1.127799999999013,666.3725000000001,8688.0,279.79143896562834,0.0,5,7,11,44,92,190,290,420,500,670,670
