Type,Name,Request Count,Failure Count,Median Response Time,Average Response Time,Min Response Time,Max Response Time,Average Content Size,Requests/s,Failures/s,50%,66%,75%,80%,90%,95%,98%,99%,99.9%,99.99%,100%
GET,/,5464,0,10,24.869392295021832,1.2873999999989394,311.31749999999994,8688.0,290.8491075446418,0.0,10,16,21,26,77,100,160,190,270,310,310
,Aggregated,5464,0,10,24.869392295021832,1.2873999999989394,311.31749999999994,8688.0,290.8491075446418,0.0,10,16,21,26,77,100,160,190,270,310,310
