Type,Name,Request Count,Failure Count,Median Response Time,Average Response Time,Min Response Time,Max Response Time,Average Content Size,Requests/s,Failures/s,50%,66%,75%,80%,90%,95%,98%,99%,99.9%,99.99%,100%
GET,/,6942,0,8,33.14291070296736,1.2475999999992382,364.04740000000004,8688.0,364.98626344068737,0.0,8,12,41,61,96,180,210,270,340,360,360
,Aggregated,6942,0,8,33.14291070296736,1.2475999999992382,364.04740000000004,8688.0,364.98626344068737,0.0,8,12,41,61,96,180,210,270,340,360,360
