Type,Name,Request Count,Failure Count,Median Response Time,Average Response Time,Min Response Time,Max Response Time,Average Content Size,Requests/s,Failures/s,50%,66%,75%,80%,90%,95%,98%,99%,99.9%,99.99%,100%
GET,/,6744,0,10,34.75419224495853,1.2025999999991654,323.0515999999999,8688.0,353.7745756817306,0.0,10,16,36,59,100,190,210,230,310,320,320
,Aggregated,6744,0,10,34.75419224495853,1.2025999999991654,323.0515999999999,8688.0,353.7745756817306,0.0,10,16,36,59,100,190,210,230,310,320,320
