Type,Name,Request Count,Failure Count,Median Response Time,Average Response Time,Min Response Time,Max Response Time,Average Content Size,Requests/s,Failures/s,50%,66%,75%,80%,90%,95%,98%,99%,99.9%,99.99%,100%
GET,/,7032,0,11,57.24972177189992,1.136000000000692,516.9904,8688.0,369.52241933291975,0.0,11,82,92,95,180,200,300,320,480,520,520
,Aggregated,7032,0,11,57.24972177189992,1.136000000000692,516.9904,8688.0,369.52241933291975,0.0,11,82,92,95,180,200,300,320,480,520,520
