Type,Name,Request Count,Failure Count,Median Response Time,Average Response Time,Min Response Time,Max Response Time,Average Content Size,Requests/s,Failures/s,50%,66%,75%,80%,90%,95%,98%,99%,99.9%,99.99%,100%
GET,/,5608,0,8,26.838446701141272,1.2182999999996724,447.889,8688.0,295.6928051631166,0.0,8,11,16,24,81,130,210,250,450,450,450
,Aggregated,5608,0,8,26.838446701141272,1.2182999999996724,447.889,8688.0,295.6928051631166,0.0,8,11,16,24,81,130,210,250,450,450,450
