Type,Name,Request Count,Failure Count,Median Response Time,Average Response Time,Min Response Time,Max Response Time,Average Content Size,Requests/s,Failures/s,50%,66%,75%,80%,90%,95%,98%,99%,99.9%,99.99%,100%
GET,/,5948,0,10,31.69226277740424,1.1868000000010426,355.65040000000005,8688.0,313.14138901478447,0.0,10,18,45,63,88,110,190,230,330,360,360
,Aggregated,5948,0,10,31.69226277740424,1.1868000000010426,355.65040000000005,8688.0,313.14138901478447,0.0,10,18,45,63,88,110,190,230,330,360,360
