Type,Name,Request Count,Failure Count,Median Response Time,Average Response Time,Min Response Time,Max Response Time,Average Content Size,Requests/s,Failures/s,50%,66%,75%,80%,90%,95%,98%,99%,99.9%,99.99%,100%
GET,/,6456,0,8,30.381833255885986,1.241099999999662,362.6804999999997,8688.0,339.50060851622817,0.0,8,12,43,65,91,110,190,200,280,360,360
,Aggregated,6456,0,8,30.381833255885986,1.241099999999662,362.6804999999997,8688.0,339.50060851622817,0.0,8,12,43,65,91,110,190,200,280,360,360
