Type,Name,Request Count,Failure Count,Median Response Time,Average Response Time,Min Response Time,Max Response Time,Average Content Size,Requests/s,Failures/s,50%,66%,75%,80%,90%,95%,98%,99%,99.9%,99.99%,100%
GET,/,5321,0,6,36.9374482991919,1.1991000000000085,491.3700000000003,8688.0,279.60811405691084,0.0,6,10,18,61,100,200,300,390,480,490,490
,Aggregated,5321,0,6,36.9374482991919,1.1991000000000085,491.3700000000003,8688.0,279.60811405691084,0.0,6,10,18,61,100,200,300,390,480,490,490
