Type,Name,Request Count,Failure Count,Median Response Time,Average Response Time,Min Response Time,Max Response Time,Average Content Size,Requests/s,Failures/s,50%,66%,75%,80%,90%,95%,98%,99%,99.9%,99.99%,100%
GET,/,8022,0,12,49.41306149339336,1.2574000000000751,492.12450000000007,8688.0,420.0464052268325,0.0,12,55,81,90,110,200,290,310,470,490,490
,Aggregated,8022,0,12,49.41306149339336,1.2574000000000751,492.12450000000007,8688.0,420.0464052268325,0.0,12,55,81,90,110,200,290,310,470,490,490
