Type,Name,Request Count,Failure Count,Median Response Time,Average Response Time,Min Response Time,Max Response Time,Average Content Size,Requests/s,Failures/s,50%,66%,75%,80%,90%,95%,98%,99%,99.9%,99.99%,100%
GET,/,5992,0,7,28.450292456608736,1.2048000000000059,342.47760000000005,8688.0,315.10864113990567,0.0,7,12,19,43,89,110,210,290,340,340,340
,Aggregated,5992,0,7,28.450292456608736,1.2048000000000059,342.47760000000005,8688.0,315.10864113990567,0.0,7,12,19,43,89,110,210,290,340,340,340
