Type,Name,Request Count,Failure Count,Median Response Time,Average Response Time,Min Response Time,Max Response Time,Average Content Size,Requests/s,Failures/s,50%,66%,75%,80%,90%,95%,98%,99%,99.9%,99.99%,100%
GET,/,7444,0,11,43.778424556689714,1.3208999999996252,349.9031000000001,8688.0,390.22122476131625,0.0,11,53,79,86,100,180,230,270,290,350,350
,Aggregated,7444,0,11,43.778424556689714,1.3208999999996252,349.9031000000001,8688.0,390.22122476131625,0.0,11,53,79,86,100,180,230,270,290,350,350
