Type,Name,Request Count,Failure Count,Median Response Time,Average Response Time,Min Response Time,Max Response Time,Average Content Size,Requests/s,Failures/s,50%,66%,75%,80%,90%,95%,98%,99%,99.9%,99.99%,100%
GET,/,6976,0,7,35.45138897649094,1.2777000000001593,392.75599999999946,8688.0,366.44954869271805,0.0,7,11,37,62,100,190,260,290,360,390,390
,Aggregated,6976,0,7,35.45138897649094,1.2777000000001593,392.75599999999946,8688.0,366.44954869271805,0.0,7,11,37,62,100,190,260,290,360,390,390
