Type,Name,Request Count,Failure Count,Median Response Time,Average Response Time,Min Response Time,Max Response Time,Average Content Size,Requests/s,Failures/s,50%,66%,75%,80%,90%,95%,98%,99%,99.9%,99.99%,100%
GET,/,6705,0,10,47.4367721103654,1.148300000000546,392.3501000000003,8688.0,351.6886908474017,0.0,10,61,86,91,110,190,250,290,370,390,390
,Aggregated,6705,0,10,47.4367721103654,1.148300000000546,392.3501000000003,8688.0,351.6886908474017,0.0,10,61,86,91,110,190,250,290,370,390,390
