Type,Name,Request Count,Failure Count,Median Response Time,Average Response Time,Min Response Time,Max Response Time,Average Content Size,Requests/s,Failures/s,50%,66%,75%,80%,90%,95%,98%,99%,99.9%,99.99%,100%
GET,/,6568,0,6,32.10908384591967,1.2541999999982067,501.2680999999999,8688.0,344.7422360132633,0.0,6,9,20,57,98,180,200,300,400,500,500
,Aggregated,6568,0,6,32.10908384591967,1.2541999999982067,501.2680999999999,8688.0,344.7422360132633,0.0,6,9,20,57,98,180,200,300,400,500,500
