Type,Name,Request Count,Failure Count,Median Response Time,Average Response Time,Min Response Time,Max Response Time,Average Content Size,Requests/s,Failures/s,50%,66%,75%,80%,90%,95%,98%,99%,99.9%,99.99%,100%
GET,/,5275,0,94,100.03948599052117,1.255500000000076,609.0746999999999,8688.0,277.13058850347676,0.0,94,100,110,190,210,300,390,410,570,610,610
,Aggregated,5275,0,94,100.03948599052117,1.255500000000076,609.0746999999999,8688.0,277.13058850347676,0.0,94,100,110,190,210,300,390,410,570,610,610
