Type,Name,Request Count,Failure Count,Median Response Time,Average Response Time,Min Response Time,Max Response Time,Average Content Size,Requests/s,Failures/s,50%,66%,75%,80%,90%,95%,98%,99%,99.9%,99.99%,100%
GET,/,7275,0,9,38.40914761512036,1.3517000000007329,443.3977999999996,8688.0,382.3847978442481,0.0,9,15,47,66,110,200,270,290,380,440,440
,Aggregated,7275,0,9,38.40914761512036,1.3517000000007329,443.3977999999996,8688.0,382.3847978442481,0.0,9,15,47,66,110,200,270,290,380,440,440
