Type,Name,Request Count,Failure Count,Median Response Time,Average Response Time,Min Response Time,Max Response Time,Average Content Size,Requests/s,Failures/s,50%,66%,75%,80%,90%,95%,98%,99%,99.9%,99.99%,100%
GET,/,7599,0,9,34.16873695223056,1.195799999999636,365.25430000000017,8688.0,399.37718737606593,0.0,9,14,41,63,98,180,230,250,310,370,370
,Aggregated,7599,0,9,34.16873695223056,1.195799999999636,365.25430000000017,8688.0,399.37718737606593,0.0,9,14,41,63,98,180,230,250,310,370,370
