Type,Name,Request Count,Failure Count,Median Response Time,Average Response Time,Min Response Time,Max Response Time,Average Content Size,Requests/s,Failures/s,50%,66%,75%,80%,90%,95%,98%,99%,99.9%,99.99%,100%
GET,/,4754,0,7,26.61492968026929,1.1722000000000676,392.5695,8688.0,250.05055902380502,0.0,7,9,12,34,87,120,200,270,370,390,390
,Aggregated,4754,0,7,26.61492968026929,1.1722000000000676,392.5695,8688.0,250.05055902380502,0.0,7,9,12,34,87,120,200,270,370,390,390
