Type,Name,Request Count,Failure Count,Median Response Time,Average Response Time,Min Response Time,Max Response Time,Average Content Size,Requests/s,Failures/s,50%,66%,75%,80%,90%,95%,98%,99%,99.9%,99.99%,100%
GET,/,5511,0,6,32.24693500272171,1.2651999999988561,492.82249999999993,8688.0,289.73528235095966,0.0,6,9,12,30,88,190,300,360,470,490,490
,Aggregated,5511,0,6,32.24693500272171,1.2651999999988561,492.82249999999993,8688.0,289.73528235095966,0.0,6,9,12,30,88,190,300,360,470,490,490
