Type,Name,Request Count,Failure Count,Median Response Time,Average Response Time,Min Response Time,Max Response Time,Average Content Size,Requests/s,Failures/s,50%,66%,75%,80%,90%,95%,98%,99%,99.9%,99.99%,100%
GET,/,3466,0,6,24.146511367570664,1.164599999999183,325.32859999999977,8688.0,183.85374176304381,0.0,6,8,10,12,86,130,210,230,250,330,330
,Aggregated,3466,0,6,24.146511367570664,1.164599999999183,325.32859999999977,8688.0,183.85374176304381,0.0,6,8,10,12,86,130,210,230,250,330,330
