Type,Name,Request Count,Failure Count,Median Response Time,Average Response Time,Min Response Time,Max Response Time,Average Content Size,Requests/s,Failures/s,50%,66%,75%,80%,90%,95%,98%,99%,99.9%,99.99%,100%
GET,/,6136,0,8,27.360734533898384,1.2331999999997123,484.1719000000002,8688.0,323.3150646765194,0.0,8,12,19,47,78,96,190,270,480,480,480
,Aggregated,6136,0,8,27.360734533898384,1.2331999999997123,484.1719000000002,8688.0,323.3150646765194,0.0,8,12,19,47,78,96,190,270,480,480,480
