Type,Name,Request Count,Failure Count,Median Response Time,Average Response Time,Min Response Time,Max Response Time,Average Content Size,Requests/s,Failures/s,50%,66%,75%,80%,90%,95%,98%,99%,99.9%,99.99%,100%
GET,/,4748,0,88,80.23048858466696,1.2331999999997123,573.2409,8688.0,249.58959225637614,0.0,88,96,100,100,190,300,390,400,490,570,570
,Aggregated,4748,0,88,80.23048858466696,1.2331999999997123,573.2409,8688.0,249.58959225637614,0.0,88,96,100,100,190,300,390,400,490,570,570
