Type,Name,Request Count,Failure Count,Median Response Time,Average Response Time,Min Response Time,Max Response Time,Average Content Size,Requests/s,Failures/s,50%,66%,75%,80%,90%,95%,98%,99%,99.9%,99.99%,100%
GET,/,2487,0,4,25.75453369521514,1.2495000000001255,473.1183000000001,8688.0,130.91893716690925,0.0,4,5,6,7,85,110,280,370,470,470,470
,Aggregated,2487,0,4,25.75453369521514,1.2495000000001255,473.1183000000001,8688.0,130.91893716690925,0.0,4,5,6,7,85,110,280,370,470,470,470
