Type,Name,Request Count,Failure Count,Median Response Time,Average Response Time,Min Response Time,Max Response Time,Average Content Size,Requests/s,Failures/s,50%,66%,75%,80%,90%,95%,98%,99%,99.9%,99.99%,100%
GET,/,6667,0,9,55.448526458676746,1.2070999999984622,432.3174999999999,8688.0,349.5679784944516,0.0,9,71,90,96,190,210,290,300,410,430,430
,Aggregated,6667,0,9,55.448526458676746,1.2070999999984622,432.3174999999999,8688.0,349.5679784944516,0.0,9,71,90,96,190,210,290,300,410,430,430
