Type,Name,Request Count,Failure Count,Median Response Time,Average Response Time,Min Response Time,Max Response Time,Average Content Size,Requests/s,Failures/s,50%,66%,75%,80%,90%,95%,98%,99%,99.9%,99.99%,100%
GET,/,9033,0,110.0,146.3391156869265,1.8781000000007708,506.5684000000008,8688.0,472.8028251702234,0.0,110,190,200,210,280,300,390,400,490,510,510
,Aggregated,9033,0,110.0,146.3391156869265,1.8781000000007708,506.5684000000008,8688.0,472.8028251702234,0.0,110,190,200,210,280,300,390,400,490,510,510
