Type,Name,Request Count,Failure Count,Median Response Time,Average Response Time,Min Response Time,Max Response Time,Average Content Size,Requests/s,Failures/s,50%,66%,75%,80%,90%,95%,98%,99%,99.9%,99.99%,100%
GET,/,7247,0,8,33.560673630467804,1.2170000000004677,326.73510000000005,8688.0,380.08887772040816,0.0,8,12,27,54,98,180,230,280,300,330,330
,Aggregated,7247,0,8,33.560673630467804,1.2170000000004677,326.73510000000005,8688.0,380.08887772040816,0.0,8,12,27,54,98,180,230,280,300,330,330
