Type,Name,Request Count,Failure Count,Median Response Time,Average Response Time,Min Response Time,Max Response Time,Average Content Size,Requests/s,Failures/s,50%,66%,75%,80%,90%,95%,98%,99%,99.9%,99.99%,100%
GET,/,8120,0,87,87.21084498768508,1.2327999999985906,383.86969999999997,8688.0,425.46276513088895,0.0,87,97,110,120,190,200,240,280,300,380,380
,Aggregated,8120,0,87,87.21084498768508,1.2327999999985906,383.86969999999997,8688.0,425.46276513088895,0.0,87,97,110,120,190,200,240,280,300,380,380
