Type,Name,Request Count,Failure Count,Median Response Time,Average Response Time,Min Response Time,Max Response Time,Average Content Size,Requests/s,Failures/s,50%,66%,75%,80%,90%,95%,98%,99%,99.9%,99.99%,100%
GET,/,10152,0,75,80.56874928092971,1.4003999999996353,396.42240000000004,8688.0,531.6922346622126,0.0,75,91,100,110,190,210,270,290,360,390,400
,Aggregated,10152,0,75,80.56874928092971,1.4003999999996353,396.42240000000004,8688.0,531.6922346622126,0.0,75,91,100,110,190,210,270,290,360,390,400
