Type,Name,Request Count,Failure Count,Median Response Time,Average Response Time,Min Response Time,Max Response Time,Average Content Size,Requests/s,Failures/s,50%,66%,75%,80%,90%,95%,98%,99%,99.9%,99.99%,100%
GET,/,8862,0,44,130.91533179869126,1.5054999999994934,2187.9617000000003,8688.0,464.2204265583948,0.0,44,81,92,100,190,360,1600,2100,2200,2200,2200
,Aggregated,8862,0,44,130.91533179869126,1.5054999999994934,2187.9617000000003,8688.0,464.2204265583948,0.0,44,81,92,100,190,360,1600,2100,2200,2200,2200
