Type,Name,Request Count,Failure Count,Median Response Time,Average Response Time,Min Response Time,Max Response Time,Average Content Size,Requests/s,Failures/s,50%,66%,75%,80%,90%,95%,98%,99%,99.9%,99.99%,100%
GET,/,8668,0,26,54.7700714351635,1.2641000000002123,312.5853000000003,8688.0,454.9888721650194,0.0,26,73,83,91,120,190,210,230,300,310,310
,Aggregated,8668,0,26,54.7700714351635,1.2641000000002123,312.5853000000003,8688.0,454.9888721650194,0.0,26,73,83,91,120,190,210,230,300,310,310
