Type,Name,Request Count,Failure Count,Median Response Time,Average Response Time,Min Response Time,Max Response Time,Average Content Size,Requests/s,Failures/s,50%,66%,75%,80%,90%,95%,98%,99%,99.9%,99.99%,100%
GET,/,9577,0,95,109.11873440534637,1.6172999999994886,552.6795999999994,8688.0,503.56691423220025,0.0,95,110,160,180,200,250,290,310,440,550,550
,Aggregated,9577,0,95,109.11873440534637,1.6172999999994886,552.6795999999994,8688.0,503.56691423220025,0.0,95,110,160,180,200,250,290,310,440,550,550
