Type,Name,Request Count,Failure Count,Median Response Time,Average Response Time,Min Response Time,Max Response Time,Average Content Size,Requests/s,Failures/s,50%,66%,75%,80%,90%,95%,98%,99%,99.9%,99.99%,100%
GET,/,8523,0,12,45.109370022293085,1.257600000000636,342.9513000000002,8688.0,448.21609671161985,0.0,12,44,73,85,130,180,220,270,330,340,340
,Aggregated,8523,0,12,45.109370022293085,1.257600000000636,342.9513000000002,8688.0,448.21609671161985,0.0,12,44,73,85,130,180,220,270,330,340,340
