Type,Name,Request Count,Failure Count,Median Response Time,Average Response Time,Min Response Time,Max Response Time,Average Content Size,Requests/s,Failures/s,50%,66%,75%,80%,90%,95%,98%,99%,99.9%,99.99%,100%
GET,/,8458,0,12,45.51127480491842,1.2223000000002315,409.2153999999999,8688.0,443.6242826393313,0.0,12,52,75,84,110,190,200,270,310,410,410
,Aggregated,8458,0,12,45.51127480491842,1.2223000000002315,409.2153999999999,8688.0,443.6242826393313,0.0,12,52,75,84,110,190,200,270,310,410,410
