Type,Name,Request Count,Failure Count,Median Response Time,Average Response Time,Min Response Time,Max Response Time,Average Content Size,Requests/s,Failures/s,50%,66%,75%,80%,90%,95%,98%,99%,99.9%,99.99%,100%
GET,/,8370,0,12,50.44281726403831,1.3126999999997224,428.34400000000005,8688.0,438.5306687697024,0.0,12,63,83,91,110,190,290,310,380,430,430
,Aggregated,8370,0,12,50.44281726403831,1.3126999999997224,428.34400000000005,8688.0,438.5306687697024,0.0,12,63,83,91,110,190,290,310,380,430,430
