Type,Name,Request Count,Failure Count,Median Response Time,Average Response Time,Min Response Time,Max Response Time,Average Content Size,Requests/s,Failures/s,50%,66%,75%,80%,90%,95%,98%,99%,99.9%,99.99%,100%
GET,/,8613,0,40,61.300131069313764,1.183299999999221,345.90619999999996,8688.0,451.58945738334967,0.0,40,82,91,98,180,200,260,290,330,350,350
,Aggregated,8613,0,40,61.300131069313764,1.183299999999221,345.90619999999996,8688.0,451.58945738334967,0.0,40,82,91,98,180,200,260,290,330,350,350
