Type,Name,Request Count,Failure Count,Median Response Time,Average Response Time,Min Response Time,Max Response Time,Average Content Size,Requests/s,Failures/s,50%,66%,75%,80%,90%,95%,98%,99%,99.9%,99.99%,100%
GET,/,9811,0,22,49.788556691468905,1.3047999999997728,358.6310999999993,8688.0,512.8794895025032,0.0,22,65,79,85,110,170,210,280,300,360,360
,Aggregated,9811,0,22,49.788556691468905,1.3047999999997728,358.6310999999993,8688.0,512.8794895025032,0.0,22,65,79,85,110,170,210,280,300,360,360
