Type,Name,Request Count,Failure Count,Median Response Time,Average Response Time,Min Response Time,Max Response Time,Average Content Size,Requests/s,Failures/s,50%,66%,75%,80%,90%,95%,98%,99%,99.9%,99.99%,100%
GET,/,9363,0,20,55.09538036953967,1.3983999999993557,429.11680000000007,8688.0,492.4927795077451,0.0,20,59,75,83,150,250,290,330,370,430,430
,Aggregated,9363,0,20,55.09538036953967,1.3983999999993557,429.11680000000007,8688.0,492.4927795077451,0.0,20,59,75,83,150,250,290,330,370,430,430
