Type,Name,Request Count,Failure Count,Median Response Time,Average Response Time,Min Response Time,Max Response Time,Average Content Size,Requests/s,Failures/s,50%,66%,75%,80%,90%,95%,98%,99%,99.9%,99.99%,100%
GET,/,8540,0,65,67.36467208430915,1.2496000000012941,388.0954999999995,8688.0,447.6899975757813,0.0,65,85,95,100,180,210,260,280,330,390,390
,Aggregated,8540,0,65,67.36467208430915,1.2496000000012941,388.0954999999995,8688.0,447.6899975757813,0.0,65,85,95,100,180,210,260,280,330,390,390
