Type,Name,Request Count,Failure Count,Median Response Time,Average Response Time,Min Response Time,Max Response Time,Average Content Size,Requests/s,Failures/s,50%,66%,75%,80%,90%,95%,98%,99%,99.9%,99.99%,100%
GET,/,7880,0,19,56.45499906091397,1.2604999999989985,384.9532,8688.0,412.9780529128108,0.0,19,77,91,98,170,190,210,270,360,380,380
,Aggregated,7880,0,19,56.45499906091397,1.2604999999989985,384.9532,8688.0,412.9780529128108,0.0,19,77,91,98,170,190,210,270,360,380,380
