Type,Name,Request Count,Failure Count,Median Response Time,Average Response Time,Min Response Time,Max Response Time,Average Content Size,Requests/s,Failures/s,50%,66%,75%,80%,90%,95%,98%,99%,99.9%,99.99%,100%
GET,/,6804,0,7,32.99085508524398,1.255200000001011,398.4124999999996,8688.0,357.8566371462361,0.0,7,11,31,58,100,180,200,280,370,400,400
,Aggregated,6804,0,7,32.99085508524398,1.255200000001011,398.4124999999996,8688.0,357.8566371462361,0.0,7,11,31,58,100,180,200,280,370,400,400
