Type,Name,Request Count,Failure Count,Median Response Time,Average Response Time,Min Response Time,Max Response Time,Average Content Size,Requests/s,Failures/s,50%,66%,75%,80%,90%,95%,98%,99%,99.9%,99.99%,100%
GET,/,8809,0,37,62.34736538767147,1.302199999999587,392.69209999999964,8688.0,462.3387186389995,0.0,37,83,93,100,180,200,230,290,360,390,390
,Aggregated,8809,0,37,62.34736538767147,1.302199999999587,392.69209999999964,8688.0,462.3387186389995,0.0,37,83,93,100,180,200,230,290,360,390,390
