Type,Name,Request Count,Failure Count,Median Response Time,Average Response Time,Min Response Time,Max Response Time,Average Content Size,Requests/s,Failures/s,50%,66%,75%,80%,90%,95%,98%,99%,99.9%,99.99%,100%
GET,/,8947,0,92,94.59932358332394,1.3684000000004914,400.8169000000006,8688.0,469.02159380166813,0.0,92,100,110,150,200,210,280,300,390,400,400
,Aggregated,8947,0,92,94.59932358332394,1.3684000000004914,400.8169000000006,8688.0,469.02159380166813,0.0,92,100,110,150,200,210,280,300,390,400,400
