Type,Name,Request Count,Failure Count,Median Response Time,Average Response Time,Min Response Time,Max Response Time,Average Content Size,Requests/s,Failures/s,50%,66%,75%,80%,90%,95%,98%,99%,99.9%,99.99%,100%
GET,/,8808,0,12,45.90557463669389,1.2524000000002644,387.4882999999998,8688.0,461.42562751088445,0.0,12,48,71,81,110,200,280,300,360,390,390
,Aggregated,8808,0,12,45.90557463669389,1.2524000000002644,387.4882999999998,8688.0,461.42562751088445,0.0,12,48,71,81,110,200,280,300,360,390,390
