Type,Name,Request Count,Failure Count,Median Response Time,Average Response Time,Min Response Time,Max Response Time,Average Content Size,Requests/s,Failures/s,50%,66%,75%,80%,90%,95%,98%,99%,99.9%,99.99%,100%
GET,/,9733,0,56,65.21243335045705,1.4567000000003105,495.17610000000013,8688.0,510.56190155650415,0.0,56,81,92,99,160,200,270,290,400,500,500
,Aggregated,9733,0,56,65.21243335045705,1.4567000000003105,495.17610000000013,8688.0,510.56190155650415,0.0,56,81,92,99,160,200,270,290,400,500,500
