Type,Name,Request Count,Failure Count,Median Response Time,Average Response Time,Min Response Time,Max Response Time,Average Content Size,Requests/s,Failures/s,50%,66%,75%,80%,90%,95%,98%,99%,99.9%,99.99%,100%
GET,/,8389,0,19,56.176716164024555,1.2474000000004537,349.7257999999999,8688.0,439.70891668062234,0.0,19,81,92,97,120,200,230,270,300,350,350
,Aggregated,8389,0,19,56.176716164024555,1.2474000000004537,349.7257999999999,8688.0,439.70891668062234,0.0,19,81,92,97,120,200,230,270,300,350,350
