Type,Name,Request Count,Failure Count,Median Response Time,Average Response Time,Min Response Time,Max Response Time,Average Content Size,Requests/s,Failures/s,50%,66%,75%,80%,90%,95%,98%,99%,99.9%,99.99%,100%
GET,/,9011,0,63,69.0029180557096,1.2954000000000576,317.38100000000014,8688.0,472.4318479807093,0.0,63,85,96,100,180,200,260,280,290,320,320
,Aggregated,9011,0,63,69.0029180557096,1.2954000000000576,317.38100000000014,8688.0,472.4318479807093,0.0,63,85,96,100,180,200,260,280,290,320,320
