Type,Name,Request Count,Failure Count,Median Response Time,Average Response Time,Min Response Time,Max Response Time,Average Content Size,Requests/s,Failures/s,50%,66%,75%,80%,90%,95%,98%,99%,99.9%,99.99%,100%
GET,/,8811,0,46,63.216746634888246,1.3609000000016636,390.1135,8688.0,462.48435513545365,0.0,46,76,87,95,170,210,280,290,370,390,390
,Aggregated,8811,0,46,63.216746634888246,1.3609000000016636,390.1135,8688.0,462.48435513545365,0.0,46,76,87,95,170,210,280,290,370,390,390
