Type,Name,Request Count,Failure Count,Median Response Time,Average Response Time,Min Response Time,Max Response Time,Average Content Size,Requests/s,Failures/s,50%,66%,75%,80%,90%,95%,98%,99%,99.9%,99.99%,100%
GET,/,8320,0,10,46.61846164663452,1.2425000000000352,404.37290000000024,8688.0,437.26338297239454,0.0,10,45,71,85,110,190,290,300,380,400,400
,Aggregated,8320,0,10,46.61846164663452,1.2425000000000352,404.37290000000024,8688.0,437.26338297239454,0.0,10,45,71,85,110,190,290,300,380,400,400
