Type,Name,Request Count,Failure Count,Median Response Time,Average Response Time,Min Response Time,Max Response Time,Average Content Size,Requests/s,Failures/s,50%,66%,75%,80%,90%,95%,98%,99%,99.9%,99.99%,100%
GET,/,7710,0,17,55.65878007782074,1.1302999999998065,455.7653999999998,8688.0,404.27957966984303,0.0,17,76,88,94,150,190,260,290,380,460,460
,Aggregated,7710,0,17,55.65878007782074,1.1302999999998065,455.7653999999998,8688.0,404.27957966984303,0.0,17,76,88,94,150,190,260,290,380,460,460
