Type,Name,Request Count,Failure Count,Median Response Time,Average Response Time,Min Response Time,Max Response Time,Average Content Size,Requests/s,Failures/s,50%,66%,75%,80%,90%,95%,98%,99%,99.9%,99.99%,100%
GET,/,7866,0,12,43.390736740401564,1.2241999999993425,383.09260000000035,8688.0,412.6310677830335,0.0,12,44,71,80,110,190,230,280,330,380,380
,Aggregated,7866,0,12,43.390736740401564,1.2241999999993425,383.09260000000035,8688.0,412.6310677830335,0.0,12,44,71,80,110,190,230,280,330,380,380
