Type,Name,Request Count,Failure Count,Median Response Time,Average Response Time,Min Response Time,Max Response Time,Average Content Size,Requests/s,Failures/s,50%,66%,75%,80%,90%,95%,98%,99%,99.9%,99.99%,100%
GET,/,8853,0,20,51.83717492375501,1.2343000000001325,378.5983999999996,8688.0,465.2058052131547,0.0,20,73,85,91,110,190,210,240,330,380,380
,Aggregated,8853,0,20,51.83717492375501,1.2343000000001325,378.5983999999996,8688.0,465.2058052131547,0.0,20,73,85,91,110,190,210,240,330,380,380
