Type,Name,Request Count,Failure Count,Median Response Time,Average Response Time,Min Response Time,Max Response Time,Average Content Size,Requests/s,Failures/s,50%,66%,75%,80%,90%,95%,98%,99%,99.9%,99.99%,100%
GET,/,9136,0,20,57.24767182574426,1.2468000000005475,384.2283000000002,8688.0,478.8662446569692,0.0,20,76,87,95,130,190,280,300,370,380,380
,Aggregated,9136,0,20,57.24767182574426,1.2468000000005475,384.2283000000002,8688.0,478.8662446569692,0.0,20,76,87,95,130,190,280,300,370,380,380
