Type,Name,Request Count,Failure Count,Median Response Time,Average Response Time,Min Response Time,Max Response Time,Average Content Size,Requests/s,Failures/s,50%,66%,75%,80%,90%,95%,98%,99%,99.9%,99.99%,100%
GET,/,7456,0,12,39.38865976394845,1.2349000000000387,373.4211999999992,8688.0,392.0982196634067,0.0,12,35,63,75,97,170,200,270,360,370,370
,Aggregated,7456,0,12,39.38865976394845,1.2349000000000387,373.4211999999992,8688.0,392.0982196634067,0.0,12,35,63,75,97,170,200,270,360,370,370
