Type,Name,Request Count,Failure Count,Median Response Time,Average Response Time,Min Response Time,Max Response Time,Average Content Size,Requests/s,Failures/s,50%,66%,75%,80%,90%,95%,98%,99%,99.9%,99.99%,100%
GET,/,9078,0,17,55.87336584049345,1.3485000000006409,548.8191999999996,8688.0,475.54581748233346,0.0,17,68,82,90,150,200,280,330,450,550,550
,Aggregated,9078,0,17,55.87336584049345,1.3485000000006409,548.8191999999996,8688.0,475.54581748233346,0.0,17,68,82,90,150,200,280,330,450,550,550
