Type,Name,Request Count,Failure Count,Median Response Time,Average Response Time,Min Response Time,Max Response Time,Average Content Size,Requests/s,Failures/s,50%,66%,75%,80%,90%,95%,98%,99%,99.9%,99.99%,100%
GET,/,9631,0,110.0,146.60030270999994,1.2536000000000769,524.404999999998,8688.0,504.1569390889967,0.0,110,180,200,200,290,310,400,410,490,520,520
,Aggregated,9631,0,110.0,146.60030270999994,1.2536000000000769,524.404999999998,8688.0,504.1569390889967,0.0,110,180,200,200,290,310,400,410,490,520,520
