Type,Name,Request Count,Failure Count,Median Response Time,Average Response Time,Min Response Time,Max Response Time,Average Content Size,Requests/s,Failures/s,50%,66%,75%,80%,90%,95%,98%,99%,99.9%,99.99%,100%
GET,/,9025,0,74,71.39324754570637,1.410799999998602,385.1063999999997,8688.0,472.8317979812636,0.0,74,88,95,100,150,190,230,280,350,390,390
,Aggregated,9025,0,74,71.39324754570637,1.410799999998602,385.1063999999997,8688.0,472.8317979812636,0.0,74,88,95,100,150,190,230,280,350,390,390
