Type,Name,Request Count,Failure Count,Median Response Time,Average Response Time,Min Response Time,Max Response Time,Average Content Size,Requests/s,Failures/s,50%,66%,75%,80%,90%,95%,98%,99%,99.9%,99.99%,100%
GET,/,7877,0,13,40.496738555287536,1.2783000000009537,309.2870999999997,8688.0,413.5378919107382,0.0,13,35,63,76,110,170,190,260,290,310,310
,Aggregated,7877,0,13,40.496738555287536,1.2783000000009537,309.2870999999997,8688.0,413.5378919107382,0.0,13,35,63,76,110,170,190,260,290,310,310
