Type,Name,Request Count,Failure Count,Median Response Time,Average Response Time,Min Response Time,Max Response Time,Average Content Size,Requests/s,Failures/s,50%,66%,75%,80%,90%,95%,98%,99%,99.9%,99.99%,100%
GET,/,9453,0,24,54.13315234317151,1.269999999998106,381.8628999999998,8688.0,496.02999923447595,0.0,24,67,80,90,140,190,220,260,370,380,380
,Aggregated,9453,0,24,54.13315234317151,1.269999999998106,381.8628999999998,8688.0,496.02999923447595,0.0,24,67,80,90,140,190,220,260,370,380,380
