Type,Name,Request Count,Failure Count,Median Response Time,Average Response Time,Min Response Time,Max Response Time,Average Content Size,Requests/s,Failures/s,50%,66%,75%,80%,90%,95%,98%,99%,99.9%,99.99%,100%
GET,/,9187,0,35,54.74198344399694,1.3310000000004152,302.5764999999998,8688.0,481.80933166917924,0.0,35,72,85,92,120,180,200,260,300,300,300
,Aggregated,9187,0,35,54.74198344399694,1.3310000000004152,302.5764999999998,8688.0,481.80933166917924,0.0,35,72,85,92,120,180,200,260,300,300,300
