Type,Name,Request Count,Failure Count,Median Response Time,Average Response Time,Min Response Time,Max Response Time,Average Content Size,Requests/s,Failures/s,50%,66%,75%,80%,90%,95%,98%,99%,99.9%,99.99%,100%
GET,/,9379,0,72,73.74514060134358,1.8545000000003142,397.09020000000004,8688.0,491.85481232332927,0.0,72,88,98,110,160,200,260,280,330,400,400
,Aggregated,9379,0,72,73.74514060134358,1.8545000000003142,397.09020000000004,8688.0,491.85481232332927,0.0,72,88,98,110,160,200,260,280,330,400,400
