Type,Name,Request Count,Failure Count,Median Response Time,Average Response Time,Min Response Time,Max Response Time,Average Content Size,Requests/s,Failures/s,50%,66%,75%,80%,90%,95%,98%,99%,99.9%,99.99%,100%
GET,/,7831,0,12,42.89252307495868,1.2088999999999572,419.69559999999984,8688.0,410.7322336421237,0.0,12,25,65,77,100,190,280,330,400,420,420
,Aggregated,7831,0,12,42.89252307495868,1.2088999999999572,419.69559999999984,8688.0,410.7322336421237,0.0,12,25,65,77,100,190,280,330,400,420,420
