Type,Name,Request Count,Failure Count,Median Response Time,Average Response Time,Min Response Time,Max Response Time,Average Content Size,Requests/s,Failures/s,50%,66%,75%,80%,90%,95%,98%,99%,99.9%,99.99%,100%
GET,/,9754,0,80,72.75438689768312,1.2586000000034403,352.00370000000004,8688.0,510.71170911572517,0.0,80,92,100,100,170,190,220,240,270,350,350
,Aggregated,9754,0,80,72.75438689768312,1.2586000000034403,352.00370000000004,8688.0,510.71170911572517,0.0,80,92,100,100,170,190,220,240,270,350,350
