Type,Name,Request Count,Failure Count,Median Response Time,Average Response Time,Min Response Time,Max Response Time,Average Content Size,Requests/s,Failures/s,50%,66%,75%,80%,90%,95%,98%,99%,99.9%,99.99%,100%
GET,/,8409,0,13,52.74930992983729,1.2745999999985713,382.4562,8688.0,441.2187847134719,0.0,13,75,87,93,120,190,210,280,310,380,380
,Aggregated,8409,0,13,52.74930992983729,1.2745999999985713,382.4562,8688.0,441.2187847134719,0.0,13,75,87,93,120,190,210,280,310,380,380
