Type,Name,Request Count,Failure Count,Median Response Time,Average Response Time,Min Response Time,Max Response Time,Average Content Size,Requests/s,Failures/s,50%,66%,75%,80%,90%,95%,98%,99%,99.9%,99.99%,100%
GET,/,8959,0,160.0,171.80181972318317,1.755799999999752,563.5173999999994,8688.0,470.3782913397827,0.0,160,200,220,280,320,390,410,460,510,560,560
,Aggregated,8959,0,160.0,171.80181972318317,1.755799999999752,563.5173999999994,8688.0,470.3782913397827,0.0,160,200,220,280,320,390,410,460,510,560,560
