Type,Name,Request Count,Failure Count,Median Response Time,Average Response Time,Min Response Time,Max Response Time,Average Content Size,Requests/s,Failures/s,50%,66%,75%,80%,90%,95%,98%,99%,99.9%,99.99%,100%
GET,/,8744,0,83,84.00232333028397,1.1745000000003003,351.4916000000001,8688.0,458.2097027053767,0.0,83,96,100,120,190,210,260,280,330,350,350
,Aggregated,8744,0,83,84.00232333028397,1.1745000000003003,351.4916000000001,8688.0,458.2097027053767,0.0,83,96,100,120,190,210,260,280,330,350,350
