Type,Name,Request Count,Failure Count,Median Response Time,Average Response Time,Min Response Time,Max Response Time,Average Content Size,Requests/s,Failures/s,50%,66%,75%,80%,90%,95%,98%,99%,99.9%,99.99%,100%
GET,/,9051,0,82,94.07863465915383,1.822100000001825,416.95860000000005,8688.0,474.19372391632237,0.0,82,96,110,120,200,280,300,350,380,420,420
,Aggregated,9051,0,82,94.07863465915383,1.822100000001825,416.95860000000005,8688.0,474.19372391632237,0.0,82,96,110,120,200,280,300,350,380,420,420
