Type,Name,Request Count,Failure Count,Median Response Time,Average Response Time,Min Response Time,Max Response Time,Average Content Size,Requests/s,Failures/s,50%,66%,75%,80%,90%,95%,98%,99%,99.9%,99.99%,100%
GET,/,7127,0,15,51.09570735232218,1.2038000000007543,461.5222999999999,8688.0,374.01227430902367,0.0,15,76,89,93,100,180,240,270,370,460,460
,Aggregated,7127,0,15,51.09570735232218,1.2038000000007543,461.5222999999999,8688.0,374.01227430902367,0.0,15,76,89,93,100,180,240,270,370,460,460
