Type,Name,Request Count,Failure Count,Median Response Time,Average Response Time,Min Response Time,Max Response Time,Average Content Size,Requests/s,Failures/s,50%,66%,75%,80%,90%,95%,98%,99%,99.9%,99.99%,100%
GET,/,7810,0,85,87.39049690140875,1.3694999999991353,494.10419999999885,8688.0,410.6422509706704,0.0,85,95,110,130,190,210,300,310,400,490,490
,Aggregated,7810,0,85,87.39049690140875,1.3694999999991353,494.10419999999885,8688.0,410.6422509706704,0.0,85,95,110,130,190,210,300,310,400,490,490
