Type,Name,Request Count,Failure Count,Median Response Time,Average Response Time,Min Response Time,Max Response Time,Average Content Size,Requests/s,Failures/s,50%,66%,75%,80%,90%,95%,98%,99%,99.9%,99.99%,100%
GET,/,8388,0,75,78.27377554840267,1.3590999999983921,402.62930000000097,8688.0,439.6215885357026,0.0,75,90,98,110,190,210,280,310,380,400,400
,Aggregated,8388,0,75,78.27377554840267,1.3590999999983921,402.62930000000097,8688.0,439.6215885357026,0.0,75,90,98,110,190,210,280,310,380,400,400
