Type,Name,Request Count,Failure Count,Median Response Time,Average Response Time,Min Response Time,Max Response Time,Average Content Size,Requests/s,Failures/s,50%,66%,75%,80%,90%,95%,98%,99%,99.9%,99.99%,100%
GET,/,9147,0,68,69.36178543784835,1.1278000000025656,375.34999999999917,8688.0,479.3742681743096,0.0,68,89,96,100,180,200,280,290,310,380,380
,Aggregated,9147,0,68,69.36178543784835,1.1278000000025656,375.34999999999917,8688.0,479.3742681743096,0.0,68,89,96,100,180,200,280,290,310,380,380
