Type,Name,Request Count,Failure Count,Median Response Time,Average Response Time,Min Response Time,Max Response Time,Average Content Size,Requests/s,Failures/s,50%,66%,75%,80%,90%,95%,98%,99%,99.9%,99.99%,100%
GET,/,8646,0,16,53.934706696738196,1.194100000001086,393.6105000000003,8688.0,453.3379045215415,0.0,16,71,87,92,120,210,270,290,350,390,390
,Aggregated,8646,0,16,53.934706696738196,1.194100000001086,393.6105000000003,8688.0,453.3379045215415,0.0,16,71,87,92,120,210,270,290,350,390,390
