Type,Name,Request Count,Failure Count,Median Response Time,Average Response Time,Min Response Time,Max Response Time,Average Content Size,Requests/s,Failures/s,50%,66%,75%,80%,90%,95%,98%,99%,99.9%,99.99%,100%
GET,/,8665,0,73,69.50174910559723,1.2894999999986112,369.9849999999998,8688.0,454.1815808095656,0.0,73,89,95,99,180,200,270,290,350,370,370
,Aggregated,8665,0,73,69.50174910559723,1.2894999999986112,369.9849999999998,8688.0,454.1815808095656,0.0,73,89,95,99,180,200,270,290,350,370,370
