Type,Name,Request Count,Failure Count,Median Response Time,Average Response Time,Min Response Time,Max Response Time,Average Content Size,Requests/s,Failures/s,50%,66%,75%,80%,90%,95%,98%,99%,99.9%,99.99%,100%
GET,/,8774,0,97,110.7304184522456,1.3243999999996703,483.6860999999999,8688.0,459.75425405591625,0.0,97,110,180,190,200,270,290,310,390,480,480
,Aggregated,8774,0,97,110.7304184522456,1.3243999999996703,483.6860999999999,8688.0,459.75425405591625,0.0,97,110,180,190,200,270,290,310,390,480,480
