Type,Name,Request Count,Failure Count,Median Response Time,Average Response Time,Min Response Time,Max Response Time,Average Content Size,Requests/s,Failures/s,50%,66%,75%,80%,90%,95%,98%,99%,99.9%,99.99%,100%
GET,/,8090,0,81,77.77668111248407,1.2678999999984342,510.04510000000016,8688.0,425.4371198756314,0.0,81,92,97,100,190,200,280,300,390,510,510
,Aggregated,8090,0,81,77.77668111248407,1.2678999999984342,510.04510000000016,8688.0,425.4371198756314,0.0,81,92,97,100,190,200,280,300,390,510,510
