Type,Name,Request Count,Failure Count,Median Response Time,Average Response Time,Min Response Time,Max Response Time,Average Content Size,Requests/s,Failures/s,50%,66%,75%,80%,90%,95%,98%,99%,99.9%,99.99%,100%
GET,/,9084,0,93,106.2551607221483,1.3464999999994731,548.9163999999995,8688.0,475.86781468443104,0.0,93,100,150,180,200,280,310,390,490,550,550
,Aggregated,9084,0,93,106.2551607221483,1.3464999999994731,548.9163999999995,8688.0,475.86781468443104,0.0,93,100,150,180,200,280,310,390,490,550,550
