Type,Name,Request Count,Failure Count,Median Response Time,Average Response Time,Min Response Time,Max Response Time,Average Content Size,Requests/s,Failures/s,50%,66%,75%,80%,90%,95%,98%,99%,99.9%,99.99%,100%
GET,/,8785,0,58,71.14397233921443,1.3153999999993005,397.5093000000003,8688.0,461.6978761749708,0.0,58,83,95,110,190,210,280,300,370,400,400
,Aggregated,8785,0,58,71.14397233921443,1.3153999999993005,397.5093000000003,8688.0,461.6978761749708,0.0,58,83,95,110,190,210,280,300,370,400,400
