Type,Name,Request Count,Failure Count,Median Response Time,Average Response Time,Min Response Time,Max Response Time,Average Content Size,Requests/s,Failures/s,50%,66%,75%,80%,90%,95%,98%,99%,99.9%,99.99%,100%
GET,/,8618,0,13,43.3470367022513,1.2772000000005335,361.4742,8688.0,451.3087152114778,0.0,13,24,56,73,140,200,260,280,310,360,360
,Aggregated,8618,0,13,43.3470367022513,1.2772000000005335,361.4742,8688.0,451.3087152114778,0.0,13,24,56,73,140,200,260,280,310,360,360
