Type,Name,Request Count,Failure Count,Median Response Time,Average Response Time,Min Response Time,Max Response Time,Average Content Size,Requests/s,Failures/s,50%,66%,75%,80%,90%,95%,98%,99%,99.9%,99.99%,100%
GET,/,9512,0,95,102.42200751682071,1.3959000000003385,390.2745999999997,8688.0,498.8396521425305,0.0,95,110,130,170,190,210,280,300,330,390,390
,Aggregated,9512,0,95,102.42200751682071,1.3959000000003385,390.2745999999997,8688.0,498.8396521425305,0.0,95,110,130,170,190,210,280,300,330,390,390
