Type,Name,Request Count,Failure Count,Median Response Time,Average Response Time,Min Response Time,Max Response Time,Average Content Size,Requests/s,Failures/s,50%,66%,75%,80%,90%,95%,98%,99%,99.9%,99.99%,100%
GET,/,9491,0,33,58.50651570961964,1.259499999999747,466.75009999999963,8688.0,498.0340592651451,0.0,33,78,87,94,120,200,270,290,450,470,470
,Aggregated,9491,0,33,58.50651570961964,1.259499999999747,466.75009999999963,8688.0,498.0340592651451,0.0,33,78,87,94,120,200,270,290,450,470,470
