Type,Name,Request Count,Failure Count,Median Response Time,Average Response Time,Min Response Time,Max Response Time,Average Content Size,Requests/s,Failures/s,50%,66%,75%,80%,90%,95%,98%,99%,99.9%,99.99%,100%
GET,/,7904,0,13,53.579276353744866,1.3268999999986875,384.1448999999999,8688.0,414.4146354345053,0.0,13,66,82,93,180,200,270,280,300,380,380
,Aggregated,7904,0,13,53.579276353744866,1.3268999999986875,384.1448999999999,8688.0,414.4146354345053,0.0,13,66,82,93,180,200,270,280,300,380,380
