Type,Name,Request Count,Failure Count,Median Response Time,Average Response Time,Min Response Time,Max Response Time,Average Content Size,Requests/s,Failures/s,50%,66%,75%,80%,90%,95%,98%,99%,99.9%,99.99%,100%
GET,/,9212,0,22,59.60161556665248,1.2147999999996273,383.1145000000005,8688.0,482.7081937237824,0.0,22,83,93,99,180,200,240,260,340,380,380
,Aggregated,9212,0,22,59.60161556665248,1.2147999999996273,383.1145000000005,8688.0,482.7081937237824,0.0,22,83,93,99,180,200,240,260,340,380,380
