Type,Name,Request Count,Failure Count,Median Response Time,Average Response Time,Min Response Time,Max Response Time,Average Content Size,Requests/s,Failures/s,50%,66%,75%,80%,90%,95%,98%,99%,99.9%,99.99%,100%
GET,/,8170,0,12,49.626869889841196,1.2022000000015964,355.9068999999999,8688.0,428.09000049783043,0.0,12,65,83,89,120,190,260,280,310,360,360
,Aggregated,8170,0,12,49.626869889841196,1.2022000000015964,355.9068999999999,8688.0,428.09000049783043,0.0,12,65,83,89,120,190,260,280,310,360,360
