Type,Name,Request Count,Failure Count,Median Response Time,Average Response Time,Min Response Time,Max Response Time,Average Content Size,Requests/s,Failures/s,50%,66%,75%,80%,90%,95%,98%,99%,99.9%,99.99%,100%
GET,/,9237,0,88,84.3499443434019,1.290199999999686,368.4326999999996,8688.0,485.010838323887,0.0,88,97,100,110,180,200,220,280,310,370,370
,Aggregated,9237,0,88,84.3499443434019,1.290199999999686,368.4326999999996,8688.0,485.010838323887,0.0,88,97,100,110,180,200,220,280,310,370,370
