Type,Name,Request Count,Failure Count,Median Response Time,Average Response Time,Min Response Time,Max Response Time,Average Content Size,Requests/s,Failures/s,50%,66%,75%,80%,90%,95%,98%,99%,99.9%,99.99%,100%
GET,/,9296,0,13,40.360016738382136,1.2477000000004068,349.7045999999999,8688.0,487.0196418171494,0.0,13,30,61,75,110,180,200,240,310,350,350
,Aggregated,9296,0,13,40.360016738382136,1.2477000000004068,349.7045999999999,8688.0,487.0196418171494,0.0,13,30,61,75,110,180,200,240,310,350,350
