Type,Name,Request Count,Failure Count,Median Response Time,Average Response Time,Min Response Time,Max Response Time,Average Content Size,Requests/s,Failures/s,50%,66%,75%,80%,90%,95%,98%,99%,99.9%,99.99%,100%
GET,/,9209,0,63,69.14088066022397,1.2903000000008547,418.7276999999998,8688.0,483.2370663147206,0.0,63,84,95,100,180,200,270,290,350,420,420
,Aggregated,9209,0,63,69.14088066022397,1.2903000000008547,418.7276999999998,8688.0,483.2370663147206,0.0,63,84,95,100,180,200,270,290,350,420,420
