Type,Name,Request Count,Failure Count,Median Response Time,Average Response Time,Min Response Time,Max Response Time,Average Content Size,Requests/s,Failures/s,50%,66%,75%,80%,90%,95%,98%,99%,99.9%,99.99%,100%
GET,/,8921,0,81,82.0508598139226,1.8571000000005,320.3893999999998,8688.0,468.2328901824688,0.0,81,94,100,110,180,200,230,280,300,320,320
,Aggregated,8921,0,81,82.0508598139226,1.8571000000005,320.3893999999998,8688.0,468.2328901824688,0.0,81,94,100,110,180,200,230,280,300,320,320
