Type,Name,Request Count,Failure Count,Median Response Time,Average Response Time,Min Response Time,Max Response Time,Average Content Size,Requests/s,Failures/s,50%,66%,75%,80%,90%,95%,98%,99%,99.9%,99.99%,100%
GET,/,10170,0,80,78.78694865290042,1.4068000000015957,351.1363000000003,8688.0,533.8643225202919,0.0,80,93,100,110,170,190,200,260,320,350,350
,Aggregated,10170,0,80,78.78694865290042,1.4068000000015957,351.1363000000003,8688.0,533.8643225202919,0.0,80,93,100,110,170,190,200,260,320,350,350
