Type,Name,Request Count,Failure Count,Median Response Time,Average Response Time,Min Response Time,Max Response Time,Average Content Size,Requests/s,Failures/s,50%,66%,75%,80%,90%,95%,98%,99%,99.9%,99.99%,100%
GET,/,7977,0,92,98.15105499561201,1.2858999999991738,407.19640000000015,8688.0,418.2579668680019,0.0,92,100,110,170,200,240,300,310,390,410,410
,Aggregated,7977,0,92,98.15105499561201,1.2858999999991738,407.19640000000015,8688.0,418.2579668680019,0.0,92,100,110,170,200,240,300,310,390,410,410
