Type,Name,Request Count,Failure Count,Median Response Time,Average Response Time,Min Response Time,Max Response Time,Average Content Size,Requests/s,Failures/s,50%,66%,75%,80%,90%,95%,98%,99%,99.9%,99.99%,100%
GET,/,9925,0,95,108.33300585390418,1.6258999999987367,622.2294000000002,8688.0,520.499621514198,0.0,95,110,170,190,210,290,340,400,580,620,620
,Aggregated,9925,0,95,108.33300585390418,1.6258999999987367,622.2294000000002,8688.0,520.499621514198,0.0,95,110,170,190,210,290,340,400,580,620,620
