Type,Name,Request Count,Failure Count,Median Response Time,Average Response Time,Min Response Time,Max Response Time,Average Content Size,Requests/s,Failures/s,50%,66%,75%,80%,90%,95%,98%,99%,99.9%,99.99%,100%
GET,/,7539,0,11,48.810546597691946,1.212500000001171,392.43890000000016,8688.0,395.6935525925033,0.0,11,62,80,87,110,200,250,290,330,390,390
,Aggregated,7539,0,11,48.810546597691946,1.212500000001171,392.43890000000016,8688.0,395.6935525925033,0.0,11,62,80,87,110,200,250,290,330,390,390
