Type,Name,Request Count,Failure Count,Median Response Time,Average Response Time,Min Response Time,Max Response Time,Average Content Size,Requests/s,Failures/s,50%,66%,75%,80%,90%,95%,98%,99%,99.9%,99.99%,100%
GET,/,7264,0,62,64.09831946585874,1.2587000000010562,415.09719999999993,8688.0,382.148638535883,0.0,62,89,94,98,160,190,270,300,370,420,420
,Aggregated,7264,0,62,64.09831946585874,1.2587000000010562,415.09719999999993,8688.0,382.148638535883,0.0,62,89,94,98,160,190,270,300,370,420,420
