Type,Name,Request Count,Failure Count,Median Response Time,Average Response Time,Min Response Time,Max Response Time,Average Content Size,Requests/s,Failures/s,50%,66%,75%,80%,90%,95%,98%,99%,99.9%,99.99%,100%
GET,/,7587,0,10,54.90156625807283,1.2254000000027077,394.75830000000036,8688.0,397.85350449244794,0.0,10,69,87,96,180,200,280,300,370,390,390
,Aggregated,7587,0,10,54.90156625807283,1.2254000000027077,394.75830000000036,8688.0,397.85350449244794,0.0,10,69,87,96,180,200,280,300,370,390,390
