Type,Name,Request Count,Failure Count,Median Response Time,Average Response Time,Min Response Time,Max Response Time,Average Content Size,Requests/s,Failures/s,50%,66%,75%,80%,90%,95%,98%,99%,99.9%,99.99%,100%
GET,/,8165,0,82,90.5171334721368,1.20640000000094,484.9540000000001,8688.0,428.0416330562281,0.0,82,98,110,150,210,290,320,370,400,480,480
,Aggregated,8165,0,82,90.5171334721368,1.20640000000094,484.9540000000001,8688.0,428.0416330562281,0.0,82,98,110,150,210,290,320,370,400,480,480
