Type,Name,Request Count,Failure Count,Median Response Time,Average Response Time,Min Response Time,Max Response Time,Average Content Size,Requests/s,Failures/s,50%,66%,75%,80%,90%,95%,98%,99%,99.9%,99.99%,100%
GET,/,8813,0,91,98.9777486894359,1.2649000000006794,394.4988,8688.0,461.9363833625477,0.0,91,100,150,190,200,260,290,300,380,390,390
,Aggregated,8813,0,91,98.9777486894359,1.2649000000006794,394.4988,8688.0,461.9363833625477,0.0,91,100,150,190,200,260,290,300,380,390,390
