Type,Name,Request Count,Failure Count,Median Response Time,Average Response Time,Min Response Time,Max Response Time,Average Content Size,Requests/s,Failures/s,50%,66%,75%,80%,90%,95%,98%,99%,99.9%,99.99%,100%
GET,/,6976,0,9,39.6430857081422,1.1764000000002994,508.22240000000016,8688.0,366.41616338101863,0.0,9,18,51,68,110,200,270,300,420,510,510
,Aggregated,6976,0,9,39.6430857081422,1.1764000000002994,508.22240000000016,8688.0,366.41616338101863,0.0,9,18,51,68,110,200,270,300,420,510,510
