Type,Name,Request Count,Failure Count,Median Response Time,Average Response Time,Min Response Time,Max Response Time,Average Content Size,Requests/s,Failures/s,50%,66%,75%,80%,90%,95%,98%,99%,99.9%,99.99%,100%
GET,/,9010,0,16,47.359143374028726,1.3468000000003144,393.36210000000005,8688.0,472.9434175356058,0.0,16,51,73,85,110,190,270,280,380,390,390
,Aggregated,9010,0,16,47.359143374028726,1.3468000000003144,393.36210000000005,8688.0,472.9434175356058,0.0,16,51,73,85,110,190,270,280,380,390,390
