Type,Name,Request Count,Failure Count,Median Response Time,Average Response Time,Min Response Time,Max Response Time,Average Content Size,Requests/s,Failures/s,50%,66%,75%,80%,90%,95%,98%,99%,99.9%,99.99%,100%
GET,/,7175,0,9,37.30244036236915,1.1996999999972502,361.2831999999999,8688.0,377.1836118032262,0.0,9,14,42,62,110,200,230,280,300,360,360
,Aggregated,7175,0,9,37.30244036236915,1.1996999999972502,361.2831999999999,8688.0,377.1836118032262,0.0,9,14,42,62,110,200,230,280,300,360,360
