Type,Name,Request Count,Failure Count,Median Response Time,Average Response Time,Min Response Time,Max Response Time,Average Content Size,Requests/s,Failures/s,50%,66%,75%,80%,90%,95%,98%,99%,99.9%,99.99%,100%
GET,/,8465,0,11,45.820472120496525,1.2661000000022682,334.0755999999994,8688.0,444.2500993797478,0.0,11,41,72,87,140,190,260,280,320,330,330
,Aggregated,8465,0,11,45.820472120496525,1.2661000000022682,334.0755999999994,8688.0,444.2500993797478,0.0,11,41,72,87,140,190,260,280,320,330,330
