Type,Name,Request Count,Failure Count,Median Response Time,Average Response Time,Min Response Time,Max Response Time,Average Content Size,Requests/s,Failures/s,50%,66%,75%,80%,90%,95%,98%,99%,99.9%,99.99%,100%
GET,/,7681,0,9,44.05451239421934,1.181100000000157,346.7902,8688.0,404.0672537843244,0.0,9,47,76,86,110,190,240,250,300,350,350
,Aggregated,7681,0,9,44.05451239421934,1.181100000000157,346.7902,8688.0,404.0672537843244,0.0,9,47,76,86,110,190,240,250,300,350,350
