Type,Name,Request Count,Failure Count,Median Response Time,Average Response Time,Min Response Time,Max Response Time,Average Content Size,Requests/s,Failures/s,50%,66%,75%,80%,90%,95%,98%,99%,99.9%,99.99%,100%
GET,/,8511,0,63,65.2385595229701,1.2870999999989863,383.16079999999977,8688.0,447.0651119012159,0.0,63,86,95,100,170,190,210,270,320,380,380
,Aggregated,8511,0,63,65.2385595229701,1.2870999999989863,383.16079999999977,8688.0,447.0651119012159,0.0,63,86,95,100,170,190,210,270,320,380,380
