Type,Name,Request Count,Failure Count,Median Response Time,Average Response Time,Min Response Time,Max Response Time,Average Content Size,Requests/s,Failures/s,50%,66%,75%,80%,90%,95%,98%,99%,99.9%,99.99%,100%
GET,/,8890,0,56,62.30489139482565,1.3278999999997154,328.5610000000001,8688.0,466.6903056373117,0.0,56,87,94,98,130,190,210,230,300,330,330
,Aggregated,8890,0,56,62.30489139482565,1.3278999999997154,328.5610000000001,8688.0,466.6903056373117,0.0,56,87,94,98,130,190,210,230,300,330,330
