Type,Name,Request Count,Failure Count,Median Response Time,Average Response Time,Min Response Time,Max Response Time,Average Content Size,Requests/s,Failures/s,50%,66%,75%,80%,90%,95%,98%,99%,99.9%,99.99%,100%
GET,/,8589,0,57,69.0312491209684,1.1820999999994086,506.46530000000035,8688.0,450.7350034228451,0.0,57,88,96,100,190,210,280,300,390,510,510
,Aggregated,8589,0,57,69.0312491209684,1.1820999999994086,506.46530000000035,8688.0,450.7350034228451,0.0,57,88,96,100,190,210,280,300,390,510,510
