Type,Name,Request Count,Failure Count,Median Response Time,Average Response Time,Min Response Time,Max Response Time,Average Content Size,Requests/s,Failures/s,50%,66%,75%,80%,90%,95%,98%,99%,99.9%,99.99%,100%
GET,/,9658,0,75,77.6799990888382,1.5475000000009231,333.0440999999995,8688.0,508.1019948144948,0.0,75,91,100,110,170,200,250,250,310,330,330
,Aggregated,9658,0,75,77.6799990888382,1.5475000000009231,333.0440999999995,8688.0,508.1019948144948,0.0,75,91,100,110,170,200,250,250,310,330,330
