Type,Name,Request Count,Failure Count,Median Response Time,Average Response Time,Min Response Time,Max Response Time,Average Content Size,Requests/s,Failures/s,50%,66%,75%,80%,90%,95%,98%,99%,99.9%,99.99%,100%
GET,/,9319,0,57,62.34117420324107,1.1873999999991725,343.23650000000015,8688.0,488.9166827797145,0.0,57,86,93,98,130,190,220,230,300,340,340
,Aggregated,9319,0,57,62.34117420324107,1.1873999999991725,343.23650000000015,8688.0,488.9166827797145,0.0,57,86,93,98,130,190,220,230,300,340,340
