Type,Name,Request Count,Failure Count,Median Response Time,Average Response Time,Min Response Time,Max Response Time,Average Content Size,Requests/s,Failures/s,50%,66%,75%,80%,90%,95%,98%,99%,99.9%,99.99%,100%
GET,/,7247,0,10,40.65641258451788,1.2681999999983873,304.76349999999996,8688.0,380.32021027384735,0.0,10,30,70,81,100,190,210,220,280,300,300
,Aggregated,7247,0,10,40.65641258451788,1.2681999999983873,304.76349999999996,8688.0,380.32021027384735,0.0,10,30,70,81,100,190,210,220,280,300,300
