Type,Name,Request Count,Failure Count,Median Response Time,Average Response Time,Min Response Time,Max Response Time,Average Content Size,Requests/s,Failures/s,50%,66%,75%,80%,90%,95%,98%,99%,99.9%,99.99%,100%
GET,/,7920,0,15,52.59674529040401,1.2012000000005685,419.69259999999986,8688.0,415.6584569495679,0.0,15,72,86,93,120,190,210,240,410,420,420
,Aggregated,7920,0,15,52.59674529040401,1.2012000000005685,419.69259999999986,8688.0,415.6584569495679,0.0,15,72,86,93,120,190,210,240,410,420,420
