Type,Name,Request Count,Failure Count,Median Response Time,Average Response Time,Min Response Time,Max Response Time,Average Content Size,Requests/s,Failures/s,50%,66%,75%,80%,90%,95%,98%,99%,99.9%,99.99%,100%
GET,/,7531,0,9,45.74022055503926,1.2346999999994779,366.7148000000004,8688.0,395.73266578971635,0.0,9,56,83,89,100,190,260,280,290,370,370
,Aggregated,7531,0,9,45.74022055503926,1.2346999999994779,366.7148000000004,8688.0,395.73266578971635,0.0,9,56,83,89,100,190,260,280,290,370,370
