Type,Name,Request Count,Failure Count,Median Response Time,Average Response Time,Min Response Time,Max Response Time,Average Content Size,Requests/s,Failures/s,50%,66%,75%,80%,90%,95%,98%,99%,99.9%,99.99%,100%
GET,/,9472,0,37,59.75568550464509,1.3468000000003144,375.6972999999997,8688.0,496.67227806173327,0.0,37,75,86,96,150,190,220,270,320,380,380
,Aggregated,9472,0,37,59.75568550464509,1.3468000000003144,375.6972999999997,8688.0,496.67227806173327,0.0,37,75,86,96,150,190,220,270,320,380,380
