Type,Name,Request Count,Failure Count,Median Response Time,Average Response Time,Min Response Time,Max Response Time,Average Content Size,Requests/s,Failures/s,50%,66%,75%,80%,90%,95%,98%,99%,99.9%,99.99%,100%
GET,/,8888,0,76,75.58847467371731,1.3569000000011044,447.1552000000001,8688.0,465.7323722191589,0.0,76,89,96,100,180,200,290,330,390,450,450
,Aggregated,8888,0,76,75.58847467371731,1.3569000000011044,447.1552000000001,8688.0,465.7323722191589,0.0,76,89,96,100,180,200,290,330,390,450,450
