Type,Name,Request Count,Failure Count,Median Response Time,Average Response Time,Min Response Time,Max Response Time,Average Content Size,Requests/s,Failures/s,50%,66%,75%,80%,90%,95%,98%,99%,99.9%,99.99%,100%
GET,/,8736,0,66,65.73953184523795,1.2980999999996357,344.1166,8688.0,457.94300863233644,0.0,66,87,94,100,170,190,200,240,330,340,340
,Aggregated,8736,0,66,65.73953184523795,1.2980999999996357,344.1166,8688.0,457.94300863233644,0.0,66,87,94,100,170,190,200,240,330,340,340
