Type,Name,Request Count,Failure Count,Median Response Time,Average Response Time,Min Response Time,Max Response Time,Average Content Size,Requests/s,Failures/s,50%,66%,75%,80%,90%,95%,98%,99%,99.9%,99.99%,100%
GET,/,9668,0,74,78.05819600744667,1.3902000000012293,374.75919999999974,8688.0,506.7595030252771,0.0,74,90,100,110,190,210,270,290,320,370,370
,Aggregated,9668,0,74,78.05819600744667,1.3902000000012293,374.75919999999974,8688.0,506.7595030252771,0.0,74,90,100,110,190,210,270,290,320,370,370
