Type,Name,Request Count,Failure Count,Median Response Time,Average Response Time,Min Response Time,Max Response Time,Average Content Size,Requests/s,Failures/s,50%,66%,75%,80%,90%,95%,98%,99%,99.9%,99.99%,100%
GET,/,8009,0,82,83.01070859033558,1.260500000000775,472.6628000000002,8688.0,421.7075788021626,0.0,82,94,100,110,190,270,310,370,390,470,470
,Aggregated,8009,0,82,83.01070859033558,1.260500000000775,472.6628000000002,8688.0,421.7075788021626,0.0,82,94,100,110,190,270,310,370,390,470,470
