Type,Name,Request Count,Failure Count,Median Response Time,Average Response Time,Min Response Time,Max Response Time,Average Content Size,Requests/s,Failures/s,50%,66%,75%,80%,90%,95%,98%,99%,99.9%,99.99%,100%
GET,/,8865,0,12,44.20869344613666,1.2481999999991444,324.0333999999998,8688.0,467.15239654330014,0.0,12,53,77,86,110,190,220,230,290,320,320
,Aggregated,8865,0,12,44.20869344613666,1.2481999999991444,324.0333999999998,8688.0,467.15239654330014,0.0,12,53,77,86,110,190,220,230,290,320,320
