Type,Name,Request Count,Failure Count,Median Response Time,Average Response Time,Min Response Time,Max Response Time,Average Content Size,Requests/s,Failures/s,50%,66%,75%,80%,90%,95%,98%,99%,99.9%,99.99%,100%
GET,/,8238,0,11,44.83074010682218,1.2846000000017455,394.44370000000004,8688.0,432.73292963250555,0.0,11,46,72,82,110,200,270,290,340,390,390
,Aggregated,8238,0,11,44.83074010682218,1.2846000000017455,394.44370000000004,8688.0,432.73292963250555,0.0,11,46,72,82,110,200,270,290,340,390,390
