Type,Name,Request Count,Failure Count,Median Response Time,Average Response Time,Min Response Time,Max Response Time,Average Content Size,Requests/s,Failures/s,50%,66%,75%,80%,90%,95%,98%,99%,99.9%,99.99%,100%
GET,/,9350,0,56,64.81906720855585,1.247499999999846,420.3557,8688.0,490.03716669612714,0.0,56,86,95,99,160,200,280,300,370,420,420
,Aggregated,9350,0,56,64.81906720855585,1.247499999999846,420.3557,8688.0,490.03716669612714,0.0,56,86,95,99,160,200,280,300,370,420,420
