Type,Name,Request Count,Failure Count,Median Response Time,Average Response Time,Min Response Time,Max Response Time,Average Content Size,Requests/s,Failures/s,50%,66%,75%,80%,90%,95%,98%,99%,99.9%,99.99%,100%
GET,/,9538,0,50,59.52234294401323,1.2926000000010873,363.36469999999997,8688.0,501.2384854473745,0.0,50,76,87,92,130,180,200,270,310,360,360
,Aggregated,9538,0,50,59.52234294401323,1.2926000000010873,363.36469999999997,8688.0,501.2384854473745,0.0,50,76,87,92,130,180,200,270,310,360,360
