Type,Name,Request Count,Failure Count,Median Response Time,Average Response Time,Min Response Time,Max Response Time,Average Content Size,Requests/s,Failures/s,50%,66%,75%,80%,90%,95%,98%,99%,99.9%,99.99%,100%
GET,/,9470,0,16,45.54536210137297,1.3083000000015943,415.2071000000008,8688.0,496.0061186984339,0.0,16,39,61,71,120,190,280,290,370,420,420
,Aggregated,9470,0,16,45.54536210137297,1.3083000000015943,415.2071000000008,8688.0,496.0061186984339,0.0,16,39,61,71,120,190,280,290,370,420,420
