Type,Name,Request Count,Failure Count,Median Response Time,Average Response Time,Min Response Time,Max Response Time,Average Content Size,Requests/s,Failures/s,50%,66%,75%,80%,90%,95%,98%,99%,99.9%,99.99%,100%
GET,/,7666,0,130.0,368.2235574484742,1.538100000001208,3747.148799999999,8688.0,402.01752936333963,0.0,130,200,280,300,1100,2100,2400,2500,2600,3700,3700
,Aggregated,7666,0,130.0,368.2235574484742,1.538100000001208,3747.148799999999,8688.0,402.01752936333963,0.0,130,200,280,300,1100,2100,2400,2500,2600,3700,3700
