Type,Name,Request Count,Failure Count,Median Response Time,Average Response Time,Min Response Time,Max Response Time,Average Content Size,Requests/s,Failures/s,50%,66%,75%,80%,90%,95%,98%,99%,99.9%,99.99%,100%
GET,/,8598,0,14,52.187640800186216,1.1521999999999366,390.3366000000004,8688.0,451.8987524768351,0.0,14,62,82,92,170,200,280,290,310,390,390
,Aggregated,8598,0,14,52.187640800186216,1.1521999999999366,390.3366000000004,8688.0,451.8987524768351,0.0,14,62,82,92,170,200,280,290,310,390,390
