Type,Name,Request Count,Failure Count,Median Response Time,Average Response Time,Min Response Time,Max Response Time,Average Content Size,Requests/s,Failures/s,50%,66%,75%,80%,90%,95%,98%,99%,99.9%,99.99%,100%
GET,/,7137,0,9,35.962755093176355,1.1825999999999226,374.64459999999985,8688.0,374.6175908438109,0.0,9,18,55,72,97,170,190,260,360,370,370
,Aggregated,7137,0,9,35.962755093176355,1.1825999999999226,374.64459999999985,8688.0,374.6175908438109,0.0,9,18,55,72,97,170,190,260,360,370,370
