Type,Name,Request Count,Failure Count,Median Response Time,Average Response Time,Min Response Time,Max Response Time,Average Content Size,Requests/s,Failures/s,50%,66%,75%,80%,90%,95%,98%,99%,99.9%,99.99%,100%
GET,/,7811,0,10,40.55477666111888,1.2830000000008113,387.8717999999992,8688.0,411.4105437315517,0.0,10,33,72,83,100,190,220,240,300,390,390
,Aggregated,7811,0,10,40.55477666111888,1.2830000000008113,387.8717999999992,8688.0,411.4105437315517,0.0,10,33,72,83,100,190,220,240,300,390,390
