Type,Name,Request Count,Failure Count,Median Response Time,Average Response Time,Min Response Time,Max Response Time,Average Content Size,Requests/s,Failures/s,50%,66%,75%,80%,90%,95%,98%,99%,99.9%,99.99%,100%
GET,/,9487,0,59,66.04263290819004,1.469900000000024,403.36110000000014,8688.0,498.0573368162358,0.0,59,81,94,100,170,190,210,260,310,400,400
,Aggregated,9487,0,59,66.04263290819004,1.469900000000024,403.36110000000014,8688.0,498.0573368162358,0.0,59,81,94,100,170,190,210,260,310,400,400
