Type,Name,Request Count,Failure Count,Median Response Time,Average Response Time,Min Response Time,Max Response Time,Average Content Size,Requests/s,Failures/s,50%,66%,75%,80%,90%,95%,98%,99%,99.9%,99.99%,100%
GET,/,8169,0,10,44.17589032929354,1.2024999999979968,383.72589999999997,8688.0,428.0415597440466,0.0,10,50,75,86,110,190,210,230,310,380,380
,Aggregated,8169,0,10,44.17589032929354,1.2024999999979968,383.72589999999997,8688.0,428.0415597440466,0.0,10,50,75,86,110,190,210,230,310,380,380
