Type,Name,Request Count,Failure Count,Median Response Time,Average Response Time,Min Response Time,Max Response Time,Average Content Size,Requests/s,Failures/s,50%,66%,75%,80%,90%,95%,98%,99%,99.9%,99.99%,100%
GET,/,8728,0,65,66.11822087534402,1.3423000000010177,312.10259999999937,8688.0,457.9541907268089,0.0,65,82,93,99,150,190,210,280,300,310,310
,Aggregated,8728,0,65,66.11822087534402,1.3423000000010177,312.10259999999937,8688.0,457.9541907268089,0.0,65,82,93,99,150,190,210,280,300,310,310
