Type,Name,Request Count,Failure Count,Median Response Time,Average Response Time,Min Response Time,Max Response Time,Average Content Size,Requests/s,Failures/s,50%,66%,75%,80%,90%,95%,98%,99%,99.9%,99.99%,100%
GET,/,7588,0,9,43.623599130205555,1.192200000001975,352.3360000000002,8688.0,397.956110337289,0.0,9,52,78,86,100,190,240,280,290,350,350
,Aggregated,7588,0,9,43.623599130205555,1.192200000001975,352.3360000000002,8688.0,397.956110337289,0.0,9,52,78,86,100,190,240,280,290,350,350
