Type,Name,Request Count,Failure Count,Median Response Time,Average Response Time,Min Response Time,Max Response Time,Average Content Size,Requests/s,Failures/s,50%,66%,75%,80%,90%,95%,98%,99%,99.9%,99.99%,100%
GET,/,8236,0,11,42.34763852598344,1.2194000000000926,399.7622999999999,8688.0,433.65506541905336,0.0,11,18,51,68,150,200,240,270,310,400,400
,Aggregated,8236,0,11,42.34763852598344,1.2194000000000926,399.7622999999999,8688.0,433.65506541905336,0.0,11,18,51,68,150,200,240,270,310,400,400
