Type,Name,Request Count,Failure Count,Median Response Time,Average Response Time,Min Response Time,Max Response Time,Average Content Size,Requests/s,Failures/s,50%,66%,75%,80%,90%,95%,98%,99%,99.9%,99.99%,100%
GET,/,8668,0,16,49.371901049838634,1.178400000000579,430.36610000000053,8688.0,455.0706138234133,0.0,16,54,71,79,120,200,300,300,380,430,430
,Aggregated,8668,0,16,49.371901049838634,1.178400000000579,430.36610000000053,8688.0,455.0706138234133,0.0,16,54,71,79,120,200,300,300,380,430,430
