Type,Name,Request Count,Failure Count,Median Response Time,Average Response Time,Min Response Time,Max Response Time,Average Content Size,Requests/s,Failures/s,50%,66%,75%,80%,90%,95%,98%,99%,99.9%,99.99%,100%
GET,/,9207,0,22,53.54435363310505,1.2767999999994117,374.42759999999976,8688.0,483.11519974040334,0.0,22,68,78,87,120,190,270,290,360,370,370
,Aggregated,9207,0,22,53.54435363310505,1.2767999999994117,374.42759999999976,8688.0,483.11519974040334,0.0,22,68,78,87,120,190,270,290,360,370,370
