Type,Name,Request Count,Failure Count,Median Response Time,Average Response Time,Min Response Time,Max Response Time,Average Content Size,Requests/s,Failures/s,50%,66%,75%,80%,90%,95%,98%,99%,99.9%,99.99%,100%
GET,/,8642,0,14,53.3240235593613,1.2974999999997294,498.16349999999954,8688.0,452.97556240705154,0.0,14,61,79,88,160,210,300,300,400,500,500
,Aggregated,8642,0,14,53.3240235593613,1.2974999999997294,498.16349999999954,8688.0,452.97556240705154,0.0,14,61,79,88,160,210,300,300,400,500,500
