Type,Name,Request Count,Failure Count,Median Response Time,Average Response Time,Min Response Time,Max Response Time,Average Content Size,Requests/s,Failures/s,50%,66%,75%,80%,90%,95%,98%,99%,99.9%,99.99%,100%
GET,/,9604,0,19,52.969737848812876,1.3426000000009708,330.5289999999994,8688.0,503.3171235583379,0.0,19,70,85,94,130,190,220,240,280,330,330
,Aggregated,9604,0,19,52.969737848812876,1.3426000000009708,330.5289999999994,8688.0,503.3171235583379,0.0,19,70,85,94,130,190,220,240,280,330,330
