Type,Name,Request Count,Failure Count,Median Response Time,Average Response Time,Min Response Time,Max Response Time,Average Content Size,Requests/s,Failures/s,50%,66%,75%,80%,90%,95%,98%,99%,99.9%,99.99%,100%
GET,/,9403,0,59,64.44227526321428,1.3300000000011636,374.52660000000026,8688.0,493.01756280289004,0.0,59,84,95,100,170,200,220,270,300,370,370
,Aggregated,9403,0,59,64.44227526321428,1.3300000000011636,374.52660000000026,8688.0,493.01756280289004,0.0,59,84,95,100,170,200,220,270,300,370,370
