Type,Name,Request Count,Failure Count,Median Response Time,Average Response Time,Min Response Time,Max Response Time,Average Content Size,Requests/s,Failures/s,50%,66%,75%,80%,90%,95%,98%,99%,99.9%,99.99%,100%
GET,/,7468,0,9,38.308540050883835,1.129900000000461,392.8159999999998,8688.0,391.6460642924691,0.0,9,13,31,56,140,200,260,300,370,390,390
,Aggregated,7468,0,9,38.308540050883835,1.129900000000461,392.8159999999998,8688.0,391.6460642924691,0.0,9,13,31,56,140,200,260,300,370,390,390
