Type,Name,Request Count,Failure Count,Median Response Time,Average Response Time,Min Response Time,Max Response Time,Average Content Size,Requests/s,Failures/s,50%,66%,75%,80%,90%,95%,98%,99%,99.9%,99.99%,100%
GET,/,8294,0,13,53.678437822522504,1.2393999999993355,399.7145,8688.0,435.9435735870223,0.0,13,73,86,92,130,200,280,300,370,400,400
,Aggregated,8294,0,13,53.678437822522504,1.2393999999993355,399.7145,8688.0,435.9435735870223,0.0,13,73,86,92,130,200,280,300,370,400,400
