Type,Name,Request Count,Failure Count,Median Response Time,Average Response Time,Min Response Time,Max Response Time,Average Content Size,Requests/s,Failures/s,50%,66%,75%,80%,90%,95%,98%,99%,99.9%,99.99%,100%
GET,/,7490,0,18,56.574674899866466,1.1769000000008134,449.94200000000006,8688.0,392.6527117694035,0.0,18,81,89,93,110,200,270,300,370,450,450
,Aggregated,7490,0,18,56.574674899866466,1.1769000000008134,449.94200000000006,8688.0,392.6527117694035,0.0,18,81,89,93,110,200,270,300,370,450,450
