Type,Name,Request Count,Failure Count,Median Response Time,Average Response Time,Min Response Time,Max Response Time,Average Content Size,Requests/s,Failures/s,50%,66%,75%,80%,90%,95%,98%,99%,99.9%,99.99%,100%
GET,/,9322,0,46,57.508476217549955,1.1858000000000146,417.79860000000025,8688.0,489.72579384966565,0.0,46,76,87,93,120,180,200,230,330,420,420
,Aggregated,9322,0,46,57.508476217549955,1.1858000000000146,417.79860000000025,8688.0,489.72579384966565,0.0,46,76,87,93,120,180,200,230,330,420,420
