Type,Name,Request Count,Failure Count,Median Response Time,Average Response Time,Min Response Time,Max Response Time,Average Content Size,Requests/s,Failures/s,50%,66%,75%,80%,90%,95%,98%,99%,99.9%,99.99%,100%
GET,/,8360,0,21,57.247442248803985,1.1993999999990734,408.20279999999974,8688.0,438.5691758740197,0.0,21,80,89,95,120,200,290,300,380,410,410
,Aggregated,8360,0,21,57.247442248803985,1.1993999999990734,408.20279999999974,8688.0,438.5691758740197,0.0,21,80,89,95,120,200,290,300,380,410,410
