Type,Name,Request Count,Failure Count,Median Response Time,Average Response Time,Min Response Time,Max Response Time,Average Content Size,Requests/s,Failures/s,50%,66%,75%,80%,90%,95%,98%,99%,99.9%,99.99%,100%
GET,/,8852,0,19,53.34834931089009,1.2740999999998337,315.2325999999999,8688.0,463.63411565307604,0.0,19,75,85,91,120,190,230,250,280,320,320
,Aggregated,8852,0,19,53.34834931089009,1.2740999999998337,315.2325999999999,8688.0,463.63411565307604,0.0,19,75,85,91,120,190,230,250,280,320,320
