Type,Name,Request Count,Failure Count,Median Response Time,Average Response Time,Min Response Time,Max Response Time,Average Content Size,Requests/s,Failures/s,50%,66%,75%,80%,90%,95%,98%,99%,99.9%,99.99%,100%
GET,/,9037,0,91,113.71297091955309,1.5414000000006922,422.4651999999995,8688.0,474.136419589243,0.0,91,110,180,190,230,290,310,370,400,420,420
,Aggregated,9037,0,91,113.71297091955309,1.5414000000006922,422.4651999999995,8688.0,474.136419589243,0.0,91,110,180,190,230,290,310,370,400,420,420
