Type,Name,Request Count,Failure Count,Median Response Time,Average Response Time,Min Response Time,Max Response Time,Average Content Size,Requests/s,Failures/s,50%,66%,75%,80%,90%,95%,98%,99%,99.9%,99.99%,100%
GET,/,9700,0,100.0,122.36016549484488,1.4515999999993312,408.9591000000006,8688.0,507.1512545417648,0.0,100,140,180,190,200,250,290,300,330,410,410
,Aggregated,9700,0,100.0,122.36016549484488,1.4515999999993312,408.9591000000006,8688.0,507.1512545417648,0.0,100,140,180,190,200,250,290,300,330,410,410
