Type,Name,Request Count,Failure Count,Median Response Time,Average Response Time,Min Response Time,Max Response Time,Average Content Size,Requests/s,Failures/s,50%,66%,75%,80%,90%,95%,98%,99%,99.9%,99.99%,100%
GET,/,8742,0,85,88.65587006405825,1.3889999999996405,491.94039999999893,8688.0,458.22937061786973,0.0,85,97,100,110,190,250,310,350,400,490,490
,Aggregated,8742,0,85,88.65587006405825,1.3889999999996405,491.94039999999893,8688.0,458.22937061786973,0.0,85,97,100,110,190,250,310,350,400,490,490
