Type,Name,Request Count,Failure Count,Median Response Time,Average Response Time,Min Response Time,Max Response Time,Average Content Size,Requests/s,Failures/s,50%,66%,75%,80%,90%,95%,98%,99%,99.9%,99.99%,100%
GET,/,8843,0,18,57.04147581137617,1.2673000000020807,391.37950000000023,8688.0,463.15063640548186,0.0,18,76,90,96,170,200,240,270,330,390,390
,Aggregated,8843,0,18,57.04147581137617,1.2673000000020807,391.37950000000023,8688.0,463.15063640548186,0.0,18,76,90,96,170,200,240,270,330,390,390
