Type,Name,Request Count,Failure Count,Median Response Time,Average Response Time,Min Response Time,Max Response Time,Average Content Size,Requests/s,Failures/s,50%,66%,75%,80%,90%,95%,98%,99%,99.9%,99.99%,100%
GET,/,9302,0,83,81.5975186734038,1.5270000000029427,394.36420000000004,8688.0,487.5520449294384,0.0,83,95,100,110,180,200,220,270,300,390,390
,Aggregated,9302,0,83,81.5975186734038,1.5270000000029427,394.36420000000004,8688.0,487.5520449294384,0.0,83,95,100,110,180,200,220,270,300,390,390
