Type,Name,Request Count,Failure Count,Median Response Time,Average Response Time,Min Response Time,Max Response Time,Average Content Size,Requests/s,Failures/s,50%,66%,75%,80%,90%,95%,98%,99%,99.9%,99.99%,100%
GET,/,9770,0,87,95.17063533265093,2.6021000000007177,463.9331000000002,8688.0,512.8710738767462,0.0,87,100,110,140,190,210,280,290,380,460,460
,Aggregated,9770,0,87,95.17063533265093,2.6021000000007177,463.9331000000002,8688.0,512.8710738767462,0.0,87,100,110,140,190,210,280,290,380,460,460
