Type,Name,Request Count,Failure Count,Median Response Time,Average Response Time,Min Response Time,Max Response Time,Average Content Size,Requests/s,Failures/s,50%,66%,75%,80%,90%,95%,98%,99%,99.9%,99.99%,100%
GET,/,9991,0,73,68.2718063256931,1.3211999999995783,376.4436,8688.0,522.850553469117,0.0,73,86,94,99,140,190,240,260,320,380,380
,Aggregated,9991,0,73,68.2718063256931,1.3211999999995783,376.4436,8688.0,522.850553469117,0.0,73,86,94,99,140,190,240,260,320,380,380
