Type,Name,Request Count,Failure Count,Median Response Time,Average Response Time,Min Response Time,Max Response Time,Average Content Size,Requests/s,Failures/s,50%,66%,75%,80%,90%,95%,98%,99%,99.9%,99.99%,100%
GET,/,8550,0,16,47.52629810526316,1.2508999999987225,334.3316000000005,8688.0,448.14771053241054,0.0,16,47,70,84,130,190,230,280,300,330,330
,Aggregated,8550,0,16,47.52629810526316,1.2508999999987225,334.3316000000005,8688.0,448.14771053241054,0.0,16,47,70,84,130,190,230,280,300,330,330
