Type,Name,Request Count,Failure Count,Median Response Time,Average Response Time,Min Response Time,Max Response Time,Average Content Size,Requests/s,Failures/s,50%,66%,75%,80%,90%,95%,98%,99%,99.9%,99.99%,100%
GET,/,8783,0,13,47.59210778777181,1.2140000000009366,375.8404000000004,8688.0,461.9772126048622,0.0,13,58,78,84,110,190,250,280,370,380,380
,Aggregated,8783,0,13,47.59210778777181,1.2140000000009366,375.8404000000004,8688.0,461.9772126048622,0.0,13,58,78,84,110,190,250,280,370,380,380
