Type,Name,Request Count,Failure Count,Median Response Time,Average Response Time,Min Response Time,Max Response Time,Average Content Size,Requests/s,Failures/s,50%,66%,75%,80%,90%,95%,98%,99%,99.9%,99.99%,100%
GET,/,8487,0,14,50.274699811476225,1.2170000000004677,446.80870000000004,8688.0,444.4942230766984,0.0,14,60,80,87,120,190,290,310,440,450,450
,Aggregated,8487,0,14,50.274699811476225,1.2170000000004677,446.80870000000004,8688.0,444.4942230766984,0.0,14,60,80,87,120,190,290,310,440,450,450
