Type,Name,Request Count,Failure Count,Median Response Time,Average Response Time,Min Response Time,Max Response Time,Average Content Size,Requests/s,Failures/s,50%,66%,75%,80%,90%,95%,98%,99%,99.9%,99.99%,100%
GET,/,9399,0,46,57.71581068198773,1.2428999999993806,354.0920999999999,8688.0,492.4513219891238,0.0,46,79,87,94,120,190,240,260,330,350,350
,Aggregated,9399,0,46,57.71581068198773,1.2428999999993806,354.0920999999999,8688.0,492.4513219891238,0.0,46,79,87,94,120,190,240,260,330,350,350
