Type,Name,Request Count,Failure Count,Median Response Time,Average Response Time,Min Response Time,Max Response Time,Average Content Size,Requests/s,Failures/s,50%,66%,75%,80%,90%,95%,98%,99%,99.9%,99.99%,100%
GET,/,9521,0,60,62.736356454154055,1.2904999999996392,355.61799999999977,8688.0,500.0505996911715,0.0,60,84,93,98,130,190,220,280,350,360,360
,Aggregated,9521,0,60,62.736356454154055,1.2904999999996392,355.61799999999977,8688.0,500.0505996911715,0.0,60,84,93,98,130,190,220,280,350,360,360
