Type,Name,Request Count,Failure Count,Median Response Time,Average Response Time,Min Response Time,Max Response Time,Average Content Size,Requests/s,Failures/s,50%,66%,75%,80%,90%,95%,98%,99%,99.9%,99.99%,100%
GET,/,7958,0,200.0,199.63595099271166,1.3323999999990122,597.7003000000014,8688.0,416.96623330496533,0.0,200,260,280,290,360,390,410,480,560,600,600
,Aggregated,7958,0,200.0,199.63595099271166,1.3323999999990122,597.7003000000014,8688.0,416.96623330496533,0.0,200,260,280,290,360,390,410,480,560,600,600
