Type,Name,Request Count,Failure Count,Median Response Time,Average Response Time,Min Response Time,Max Response Time,Average Content Size,Requests/s,Failures/s,50%,66%,75%,80%,90%,95%,98%,99%,99.9%,99.99%,100%
GET,/,8335,0,56,63.9262386922616,1.2869999999978177,317.1743999999999,8688.0,437.2094392302368,0.0,56,87,93,98,180,200,230,280,300,320,320
,Aggregated,8335,0,56,63.9262386922616,1.2869999999978177,317.1743999999999,8688.0,437.2094392302368,0.0,56,87,93,98,180,200,230,280,300,320,320
