Type,Name,Request Count,Failure Count,Median Response Time,Average Response Time,Min Response Time,Max Response Time,Average Content Size,Requests/s,Failures/s,50%,66%,75%,80%,90%,95%,98%,99%,99.9%,99.99%,100%
GET,/,10010,0,29,55.75525838161867,1.2439999999998008,356.4096000000001,8688.0,525.2774277282211,0.0,29,78,91,97,120,190,200,220,310,320,360
,Aggregated,10010,0,29,55.75525838161867,1.2439999999998008,356.4096000000001,8688.0,525.2774277282211,0.0,29,78,91,97,120,190,200,220,310,320,360
