Type,Name,Request Count,Failure Count,Median Response Time,Average Response Time,Min Response Time,Max Response Time,Average Content Size,Requests/s,Failures/s,50%,66%,75%,80%,90%,95%,98%,99%,99.9%,99.99%,100%
GET,/,9824,0,55,60.09537491856726,1.289399999999219,392.81649999999945,8688.0,514.4456721632015,0.0,55,82,90,95,120,180,220,240,390,390,390
,Aggregated,9824,0,55,60.09537491856726,1.289399999999219,392.81649999999945,8688.0,514.4456721632015,0.0,55,82,90,95,120,180,220,240,390,390,390
