Type,Name,Request Count,Failure Count,Median Response Time,Average Response Time,Min Response Time,Max Response Time,Average Content Size,Requests/s,Failures/s,50%,66%,75%,80%,90%,95%,98%,99%,99.9%,99.99%,100%
GET,/,9209,0,21,54.08488079053085,1.2313000000006014,361.3495000000002,8688.0,482.71849547645263,0.0,21,74,86,93,120,190,210,270,350,360,360
,Aggregated,9209,0,21,54.08488079053085,1.2313000000006014,361.3495000000002,8688.0,482.71849547645263,0.0,21,74,86,93,120,190,210,270,350,360,360
