Type,Name,Request Count,Failure Count,Median Response Time,Average Response Time,Min Response Time,Max Response Time,Average Content Size,Requests/s,Failures/s,50%,66%,75%,80%,90%,95%,98%,99%,99.9%,99.99%,100%
GET,/,8936,0,14,46.44052237018788,1.2899999999973488,400.4527000000007,8688.0,468.4342879950903,0.0,14,53,80,87,110,180,230,300,380,400,400
,Aggregated,8936,0,14,46.44052237018788,1.2899999999973488,400.4527000000007,8688.0,468.4342879950903,0.0,14,53,80,87,110,180,230,300,380,400,400
