Type,Name,Request Count,Failure Count,Median Response Time,Average Response Time,Min Response Time,Max Response Time,Average Content Size,Requests/s,Failures/s,50%,66%,75%,80%,90%,95%,98%,99%,99.9%,99.99%,100%
GET,/,9351,0,21,54.3617341995508,1.2951999999994968,394.3434000000003,8688.0,490.4824565606058,0.0,21,73,86,94,120,190,200,280,310,390,390
,Aggregated,9351,0,21,54.3617341995508,1.2951999999994968,394.3434000000003,8688.0,490.4824565606058,0.0,21,73,86,94,120,190,200,280,310,390,390
