Type,Name,Request Count,Failure Count,Median Response Time,Average Response Time,Min Response Time,Max Response Time,Average Content Size,Requests/s,Failures/s,50%,66%,75%,80%,90%,95%,98%,99%,99.9%,99.99%,100%
GET,/,7629,0,11,46.396510787783626,1.1855000000000615,380.2584000000002,8688.0,401.3405721189989,0.0,11,46,77,88,140,200,230,250,300,380,380
,Aggregated,7629,0,11,46.396510787783626,1.1855000000000615,380.2584000000002,8688.0,401.3405721189989,0.0,11,46,77,88,140,200,230,250,300,380,380
