Type,Name,Request Count,Failure Count,Median Response Time,Average Response Time,Min Response Time,Max Response Time,Average Content Size,Requests/s,Failures/s,50%,66%,75%,80%,90%,95%,98%,99%,99.9%,99.99%,100%
GET,/,9312,0,19,52.98814474871134,1.3065000000000992,361.03859999999963,8688.0,488.15592949711817,0.0,19,75,84,89,110,190,230,260,310,360,360
,Aggregated,9312,0,19,52.98814474871134,1.3065000000000992,361.03859999999963,8688.0,488.15592949711817,0.0,19,75,84,89,110,190,230,260,310,360,360
