Type,Name,Request Count,Failure Count,Median Response Time,Average Response Time,Min Response Time,Max Response Time,Average Content Size,Requests/s,Failures/s,50%,66%,75%,80%,90%,95%,98%,99%,99.9%,99.99%,100%
GET,/,9298,0,11,40.0505486018497,1.2353999999987764,483.78880000000015,8688.0,487.2916290684102,0.0,11,24,62,76,100,160,250,300,380,480,480
,Aggregated,9298,0,11,40.0505486018497,1.2353999999987764,483.78880000000015,8688.0,487.2916290684102,0.0,11,24,62,76,100,160,250,300,380,480,480
