Type,Name,Request Count,Failure Count,Median Response Time,Average Response Time,Min Response Time,Max Response Time,Average Content Size,Requests/s,Failures/s,50%,66%,75%,80%,90%,95%,98%,99%,99.9%,99.99%,100%
GET,/,9070,0,14,46.824494432193966,1.1987999999991672,430.11979999999994,8688.0,475.0979992397151,0.0,14,64,78,85,100,180,230,250,340,430,430
,Aggregated,9070,0,14,46.824494432193966,1.1987999999991672,430.11979999999994,8688.0,475.0979992397151,0.0,14,64,78,85,100,180,230,250,340,430,430
