Type,Name,Request Count,Failure Count,Median Response Time,Average Response Time,Min Response Time,Max Response Time,Average Content Size,Requests/s,Failures/s,50%,66%,75%,80%,90%,95%,98%,99%,99.9%,99.99%,100%
GET,/,9114,0,16,51.4274227123107,1.1695999999989937,487.2334,8688.0,477.33914927864345,0.0,16,61,80,89,140,190,220,290,380,490,490
,Aggregated,9114,0,16,51.4274227123107,1.1695999999989937,487.2334,8688.0,477.33914927864345,0.0,16,61,80,89,140,190,220,290,380,490,490
