Type,Name,Request Count,Failure Count,Median Response Time,Average Response Time,Min Response Time,Max Response Time,Average Content Size,Requests/s,Failures/s,50%,66%,75%,80%,90%,95%,98%,99%,99.9%,99.99%,100%
GET,/,8748,0,14,41.73449858253279,1.1994000000008498,313.81049999999976,8688.0,458.3463755083914,0.0,14,32,66,79,110,180,210,220,280,310,310
,Aggregated,8748,0,14,41.73449858253279,1.1994000000008498,313.81049999999976,8688.0,458.3463755083914,0.0,14,32,66,79,110,180,210,220,280,310,310
