Type,Name,Request Count,Failure Count,Median Response Time,Average Response Time,Min Response Time,Max Response Time,Average Content Size,Requests/s,Failures/s,50%,66%,75%,80%,90%,95%,98%,99%,99.9%,99.99%,100%
GET,/,8568,0,38,59.45773662464987,1.198600000002159,339.04950000000025,8688.0,449.2533899714755,0.0,38,86,92,96,140,200,230,250,310,340,340
,Aggregated,8568,0,38,59.45773662464987,1.198600000002159,339.04950000000025,8688.0,449.2533899714755,0.0,38,86,92,96,140,200,230,250,310,340,340
