Type,Name,Request Count,Failure Count,Median Response Time,Average Response Time,Min Response Time,Max Response Time,Average Content Size,Requests/s,Failures/s,50%,66%,75%,80%,90%,95%,98%,99%,99.9%,99.99%,100%
GET,/,7831,0,88,105.14367646533043,1.411000000000051,553.7549999999998,8688.0,411.25298287926415,0.0,88,110,130,180,210,290,380,390,480,550,550
,Aggregated,7831,0,88,105.14367646533043,1.411000000000051,553.7549999999998,8688.0,411.25298287926415,0.0,88,110,130,180,210,290,380,390,480,550,550
