Type,Name,Request Count,Failure Count,Median Response Time,Average Response Time,Min Response Time,Max Response Time,Average Content Size,Requests/s,Failures/s,50%,66%,75%,80%,90%,95%,98%,99%,99.9%,99.99%,100%
GET,/,7648,0,8,37.36846716788692,1.1657000000013795,383.13250000000033,8688.0,402.054813727247,0.0,8,15,49,69,100,190,270,290,310,380,380
,Aggregated,7648,0,8,37.36846716788692,1.1657000000013795,383.13250000000033,8688.0,402.054813727247,0.0,8,15,49,69,100,190,270,290,310,380,380
