Type,Name,Request Count,Failure Count,Median Response Time,Average Response Time,Min Response Time,Max Response Time,Average Content Size,Requests/s,Failures/s,50%,66%,75%,80%,90%,95%,98%,99%,99.9%,99.99%,100%
GET,/,7905,0,10,39.48878379506657,1.1958000000014124,284.10160000000053,8688.0,414.5374163893319,0.0,10,44,76,84,100,150,190,240,270,280,280
,Aggregated,7905,0,10,39.48878379506657,1.1958000000014124,284.10160000000053,8688.0,414.5374163893319,0.0,10,44,76,84,100,150,190,240,270,280,280
