Type,Name,Request Count,Failure Count,Median Response Time,Average Response Time,Min Response Time,Max Response Time,Average Content Size,Requests/s,Failures/s,50%,66%,75%,80%,90%,95%,98%,99%,99.9%,99.99%,100%
GET,/,8515,0,10,44.42117545507928,1.2845000000005768,482.7114999999997,8688.0,446.32058354833106,0.0,10,22,62,76,120,200,300,320,390,480,480
,Aggregated,8515,0,10,44.42117545507928,1.2845000000005768,482.7114999999997,8688.0,446.32058354833106,0.0,10,22,62,76,120,200,300,320,390,480,480
