Type,Name,Request Count,Failure Count,Median Response Time,Average Response Time,Min Response Time,Max Response Time,Average Content Size,Requests/s,Failures/s,50%,66%,75%,80%,90%,95%,98%,99%,99.9%,99.99%,100%
GET,/,8874,0,42,59.08784055668224,1.210999999999629,315.6903,8688.0,466.23440229514034,0.0,43,82,90,96,140,200,220,240,290,320,320
,Aggregated,8874,0,42,59.08784055668224,1.210999999999629,315.6903,8688.0,466.23440229514034,0.0,43,82,90,96,140,200,220,240,290,320,320
