Type,Name,Request Count,Failure Count,Median Response Time,Average Response Time,Min Response Time,Max Response Time,Average Content Size,Requests/s,Failures/s,50%,66%,75%,80%,90%,95%,98%,99%,99.9%,99.99%,100%
GET,/,7473,0,9,37.32449826040403,1.1248000000012581,366.99210000000005,8688.0,392.30662544647925,0.0,9,20,64,75,98,170,200,270,310,370,370
,Aggregated,7473,0,9,37.32449826040403,1.1248000000012581,366.99210000000005,8688.0,392.30662544647925,0.0,9,20,64,75,98,170,200,270,310,370,370
