Type,Name,Request Count,Failure Count,Median Response Time,Average Response Time,Min Response Time,Max Response Time,Average Content Size,Requests/s,Failures/s,50%,66%,75%,80%,90%,95%,98%,99%,99.9%,99.99%,100%
GET,/,9307,0,70,71.20692392822617,1.2143000000008897,462.27440000000007,8688.0,487.53666312141587,0.0,70,88,95,100,190,210,290,320,450,460,460
,Aggregated,9307,0,70,71.20692392822617,1.2143000000008897,462.27440000000007,8688.0,487.53666312141587,0.0,70,88,95,100,190,210,290,320,450,460,460
