Type,Name,Request Count,Failure Count,Median Response Time,Average Response Time,Min Response Time,Max Response Time,Average Content Size,Requests/s,Failures/s,50%,66%,75%,80%,90%,95%,98%,99%,99.9%,99.99%,100%
GET,/,9806,0,44,62.23270096879461,1.3176000000001409,378.9347000000003,8688.0,513.7611231304287,0.0,44,84,94,99,140,190,240,290,360,380,380
,Aggregated,9806,0,44,62.23270096879461,1.3176000000001409,378.9347000000003,8688.0,513.7611231304287,0.0,44,84,94,99,140,190,240,290,360,380,380
