Type,Name,Request Count,Failure Count,Median Response Time,Average Response Time,Min Response Time,Max Response Time,Average Content Size,Requests/s,Failures/s,50%,66%,75%,80%,90%,95%,98%,99%,99.9%,99.99%,100%
GET,/,9962,0,58,65.7835169343505,1.3797999999987098,361.72769999999986,8688.0,521.3304362307969,0.0,58,88,95,100,180,200,250,270,300,360,360
,Aggregated,9962,0,58,65.7835169343505,1.3797999999987098,361.72769999999986,8688.0,521.3304362307969,0.0,58,88,95,100,180,200,250,270,300,360,360
