Type,Name,Request Count,Failure Count,Median Response Time,Average Response Time,Min Response Time,Max Response Time,Average Content Size,Requests/s,Failures/s,50%,66%,75%,80%,90%,95%,98%,99%,99.9%,99.99%,100%
GET,/,9428,0,14,50.53317794866363,1.267599999998481,313.32059999999996,8688.0,494.0533115931325,0.0,14,69,85,92,110,190,230,240,300,310,310
,Aggregated,9428,0,14,50.53317794866363,1.267599999998481,313.32059999999996,8688.0,494.0533115931325,0.0,14,69,85,92,110,190,230,240,300,310,310
