Type,Name,Request Count,Failure Count,Median Response Time,Average Response Time,Min Response Time,Max Response Time,Average Content Size,Requests/s,Failures/s,50%,66%,75%,80%,90%,95%,98%,99%,99.9%,99.99%,100%
GET,/,7598,0,9,37.50808292971846,1.1745000000011885,383.5437000000006,8688.0,399.4498531546518,0.0,9,19,63,76,100,170,200,260,380,380,380
,Aggregated,7598,0,9,37.50808292971846,1.1745000000011885,383.5437000000006,8688.0,399.4498531546518,0.0,9,19,63,76,100,170,200,260,380,380,380
