Type,Name,Request Count,Failure Count,Median Response Time,Average Response Time,Min Response Time,Max Response Time,Average Content Size,Requests/s,Failures/s,50%,66%,75%,80%,90%,95%,98%,99%,99.9%,99.99%,100%
GET,/,7293,0,7,40.94136396544631,1.1156000000003274,452.5613000000002,8688.0,383.8115609204222,0.0,7,13,61,77,110,200,290,300,440,450,450
,Aggregated,7293,0,7,40.94136396544631,1.1156000000003274,452.5613000000002,8688.0,383.8115609204222,0.0,7,13,61,77,110,200,290,300,440,450,450
