Type,Name,Request Count,Failure Count,Median Response Time,Average Response Time,Min Response Time,Max Response Time,Average Content Size,Requests/s,Failures/s,50%,66%,75%,80%,90%,95%,98%,99%,99.9%,99.99%,100%
GET,/,8354,0,10,44.49987219296129,1.1962000000007578,371.8851000000001,8688.0,437.5437911470822,0.0,10,34,69,82,120,200,260,290,360,370,370
,Aggregated,8354,0,10,44.49987219296129,1.1962000000007578,371.8851000000001,8688.0,437.5437911470822,0.0,10,34,69,82,120,200,260,290,360,370,370
