Type,Name,Request Count,Failure Count,Median Response Time,Average Response Time,Min Response Time,Max Response Time,Average Content Size,Requests/s,Failures/s,50%,66%,75%,80%,90%,95%,98%,99%,99.9%,99.99%,100%
GET,/,8302,0,9,46.77205970850388,1.2422000000000821,376.3439999999996,8688.0,435.5363201240336,0.0,9,39,70,79,170,210,290,300,350,380,380
,Aggregated,8302,0,9,46.77205970850388,1.2422000000000821,376.3439999999996,8688.0,435.5363201240336,0.0,9,39,70,79,170,210,290,300,350,380,380
