Type,Name,Request Count,Failure Count,Median Response Time,Average Response Time,Min Response Time,Max Response Time,Average Content Size,Requests/s,Failures/s,50%,66%,75%,80%,90%,95%,98%,99%,99.9%,99.99%,100%
GET,/,7136,0,15,45.541055213004405,1.2360000000022353,278.17819999999926,8688.0,375.01782609831486,0.0,15,55,76,85,110,170,200,250,270,280,280
,Aggregated,7136,0,15,45.541055213004405,1.2360000000022353,278.17819999999926,8688.0,375.01782609831486,0.0,15,55,76,85,110,170,200,250,270,280,280
