Type,Name,Request Count,Failure Count,Median Response Time,Average Response Time,Min Response Time,Max Response Time,Average Content Size,Requests/s,Failures/s,50%,66%,75%,80%,90%,95%,98%,99%,99.9%,99.99%,100%
GET,/,8954,0,11,42.23992640160836,1.2673000000003043,315.7176000000002,8688.0,469.23442517467976,0.0,11,49,70,81,110,190,200,230,280,320,320
,Aggregated,8954,0,11,42.23992640160836,1.2673000000003043,315.7176000000002,8688.0,469.23442517467976,0.0,11,49,70,81,110,190,200,230,280,320,320
