Type,Name,Request Count,Failure Count,Median Response Time,Average Response Time,Min Response Time,Max Response Time,Average Content Size,Requests/s,Failures/s,50%,66%,75%,80%,90%,95%,98%,99%,99.9%,99.99%,100%
GET,/,9619,0,35,55.55041972138509,1.2351000000005996,402.6696000000003,8688.0,504.8013127308219,0.0,35,78,87,92,110,180,200,240,300,400,400
,Aggregated,9619,0,35,55.55041972138509,1.2351000000005996,402.6696000000003,8688.0,504.8013127308219,0.0,35,78,87,92,110,180,200,240,300,400,400
