Type,Name,Request Count,Failure Count,Median Response Time,Average Response Time,Min Response Time,Max Response Time,Average Content Size,Requests/s,Failures/s,50%,66%,75%,80%,90%,95%,98%,99%,99.9%,99.99%,100%
GET,/,9048,0,16,48.90662608311261,1.1758000000003932,462.5522000000002,8688.0,473.7051166172073,0.0,16,53,77,88,120,190,250,270,370,460,460
,Aggregated,9048,0,16,48.90662608311261,1.1758000000003932,462.5522000000002,8688.0,473.7051166172073,0.0,16,53,77,88,120,190,250,270,370,460,460
