Type,Name,Request Count,Failure Count,Median Response Time,Average Response Time,Min Response Time,Max Response Time,Average Content Size,Requests/s,Failures/s,50%,66%,75%,80%,90%,95%,98%,99%,99.9%,99.99%,100%
GET,/,8531,0,81,77.30989966006368,1.188599999998985,415.2811999999999,8688.0,448.01338620889186,0.0,81,94,100,110,190,200,280,290,370,420,420
,Aggregated,8531,0,81,77.30989966006368,1.188599999998985,415.2811999999999,8688.0,448.01338620889186,0.0,81,94,100,110,190,200,280,290,370,420,420
