Type,Name,Request Count,Failure Count,Median Response Time,Average Response Time,Min Response Time,Max Response Time,Average Content Size,Requests/s,Failures/s,50%,66%,75%,80%,90%,95%,98%,99%,99.9%,99.99%,100%
GET,/,9485,0,63,70.10431251449657,1.2468000000005475,480.39200000000017,8688.0,497.0783453871029,0.0,63,86,93,100,180,240,290,350,400,480,480
,Aggregated,9485,0,63,70.10431251449657,1.2468000000005475,480.39200000000017,8688.0,497.0783453871029,0.0,63,86,93,100,180,240,290,350,400,480,480
