Type,Name,Request Count,Failure Count,Median Response Time,Average Response Time,Min Response Time,Max Response Time,Average Content Size,Requests/s,Failures/s,50%,66%,75%,80%,90%,95%,98%,99%,99.9%,99.99%,100%
GET,/,9402,0,71,67.81111810253161,1.248699999997882,396.6775,8688.0,492.61636219729616,0.0,71,88,96,100,150,190,260,290,350,400,400
,Aggregated,9402,0,71,67.81111810253161,1.248699999997882,396.6775,8688.0,492.61636219729616,0.0,71,88,96,100,150,190,260,290,350,400,400
