Type,Name,Request Count,Failure Count,Median Response Time,Average Response Time,Min Response Time,Max Response Time,Average Content Size,Requests/s,Failures/s,50%,66%,75%,80%,90%,95%,98%,99%,99.9%,99.99%,100%
GET,/,9794,0,95,109.0065231059834,1.4834999999990828,587.2191000000005,8688.0,513.9830762127962,0.0,95,100,140,180,200,290,330,390,400,590,590
,Aggregated,9794,0,95,109.0065231059834,1.4834999999990828,587.2191000000005,8688.0,513.9830762127962,0.0,95,100,140,180,200,290,330,390,400,590,590
