Type,Name,Request Count,Failure Count,Median Response Time,Average Response Time,Min Response Time,Max Response Time,Average Content Size,Requests/s,Failures/s,50%,66%,75%,80%,90%,95%,98%,99%,99.9%,99.99%,100%
GET,/,9362,0,19,52.895965359965864,1.260300000000214,369.4055999999999,8688.0,490.31093071407787,0.0,19,60,79,91,160,190,250,270,360,370,370
,Aggregated,9362,0,19,52.895965359965864,1.260300000000214,369.4055999999999,8688.0,490.31093071407787,0.0,19,60,79,91,160,190,250,270,360,370,370
