Type,Name,Request Count,Failure Count,Median Response Time,Average Response Time,Min Response Time,Max Response Time,Average Content Size,Requests/s,Failures/s,50%,66%,75%,80%,90%,95%,98%,99%,99.9%,99.99%,100%
GET,/,9150,0,83,82.1881049617482,1.266400000000445,383.64650000000023,8688.0,479.8488745203575,0.0,83,96,110,120,190,200,230,270,290,380,380
,Aggregated,9150,0,83,82.1881049617482,1.266400000000445,383.64650000000023,8688.0,479.8488745203575,0.0,83,96,110,120,190,200,230,270,290,380,380
