Type,Name,Request Count,Failure Count,Median Response Time,Average Response Time,Min Response Time,Max Response Time,Average Content Size,Requests/s,Failures/s,50%,66%,75%,80%,90%,95%,98%,99%,99.9%,99.99%,100%
GET,/,10029,0,33,54.84042819822493,1.3217000000000922,389.1260000000001,8688.0,527.0438523420825,0.0,33,76,87,92,110,180,200,220,300,390,390
,Aggregated,10029,0,33,54.84042819822493,1.3217000000000922,389.1260000000001,8688.0,527.0438523420825,0.0,33,76,87,92,110,180,200,220,300,390,390
