Type,Name,Request Count,Failure Count,Median Response Time,Average Response Time,Min Response Time,Max Response Time,Average Content Size,Requests/s,Failures/s,50%,66%,75%,80%,90%,95%,98%,99%,99.9%,99.99%,100%
GET,/,8214,0,14,59.57220539323078,1.3008999999968296,512.8995000000001,8688.0,430.3373778561225,0.0,14,73,88,96,190,230,300,340,430,510,510
,Aggregated,8214,0,14,59.57220539323078,1.3008999999968296,512.8995000000001,8688.0,430.3373778561225,0.0,14,73,88,96,190,230,300,340,430,510,510
