Type,Name,Request Count,Failure Count,Median Response Time,Average Response Time,Min Response Time,Max Response Time,Average Content Size,Requests/s,Failures/s,50%,66%,75%,80%,90%,95%,98%,99%,99.9%,99.99%,100%
GET,/,6104,0,310.0,340.0162324049805,11.0810999999984,1098.5011999999995,8688.0,321.2869323559824,0.0,310,390,400,410,500,600,690,700,800,1100,1100
,Aggregated,6104,0,310.0,340.0162324049805,11.0810999999984,1098.5011999999995,8688.0,321.2869323559824,0.0,310,390,400,410,500,600,690,700,800,1100,1100
