Type,Name,Request Count,Failure Count,Median Response Time,Average Response Time,Min Response Time,Max Response Time,Average Content Size,Requests/s,Failures/s,50%,66%,75%,80%,90%,95%,98%,99%,99.9%,99.99%,100%
GET,/,9206,0,16,50.2445200955897,1.2734999999999275,397.6949000000003,8688.0,483.88268540362975,0.0,16,61,78,87,110,200,270,290,370,400,400
,Aggregated,9206,0,16,50.2445200955897,1.2734999999999275,397.6949000000003,8688.0,483.88268540362975,0.0,16,61,78,87,110,200,270,290,370,400,400
