Type,Name,Request Count,Failure Count,Median Response Time,Average Response Time,Min Response Time,Max Response Time,Average Content Size,Requests/s,Failures/s,50%,66%,75%,80%,90%,95%,98%,99%,99.9%,99.99%,100%
GET,/,9208,0,21,53.34648622936568,1.2842999999982396,419.47960000000074,8688.0,481.85620589274106,0.0,21,74,87,93,110,180,240,270,360,420,420
,Aggregated,9208,0,21,53.34648622936568,1.2842999999982396,419.47960000000074,8688.0,481.85620589274106,0.0,21,74,87,93,110,180,240,270,360,420,420
