Type,Name,Request Count,Failure Count,Median Response Time,Average Response Time,Min Response Time,Max Response Time,Average Content Size,Requests/s,Failures/s,50%,66%,75%,80%,90%,95%,98%,99%,99.9%,99.99%,100%
GET,/,9842,0,70,67.90092217029063,1.4493000000008749,316.2490999999998,8688.0,515.8778272899498,0.0,70,89,97,100,160,190,220,240,300,320,320
,Aggregated,9842,0,70,67.90092217029063,1.4493000000008749,316.2490999999998,8688.0,515.8778272899498,0.0,70,89,97,100,160,190,220,240,300,320,320
