Type,Name,Request Count,Failure Count,Median Response Time,Average Response Time,Min Response Time,Max Response Time,Average Content Size,Requests/s,Failures/s,50%,66%,75%,80%,90%,95%,98%,99%,99.9%,99.99%,100%
GET,/,7945,0,18,31.539919786028936,1.3547999999996563,270.1507000000003,8688.0,417.29764922781436,0.0,18,26,34,50,85,110,160,180,250,270,270
,Aggregated,7945,0,18,31.539919786028936,1.3547999999996563,270.1507000000003,8688.0,417.29764922781436,0.0,18,26,34,50,85,110,160,180,250,270,270
