Type,Name,Request Count,Failure Count,Median Response Time,Average Response Time,Min Response Time,Max Response Time,Average Content Size,Requests/s,Failures/s,50%,66%,75%,80%,90%,95%,98%,99%,99.9%,99.99%,100%
GET,/,9937,0,71,63.472538321424764,1.3697999999990884,387.7533999999994,8688.0,521.5127891371561,0.0,71,86,92,98,120,190,200,260,380,390,390
,Aggregated,9937,0,71,63.472538321424764,1.3697999999990884,387.7533999999994,8688.0,521.5127891371561,0.0,71,86,92,98,120,190,200,260,380,390,390
