Type,Name,Request Count,Failure Count,Median Response Time,Average Response Time,Min Response Time,Max Response Time,Average Content Size,Requests/s,Failures/s,50%,66%,75%,80%,90%,95%,98%,99%,99.9%,99.99%,100%
GET,/,7166,0,10,34.245062615127104,1.1670999999999765,310.8985000000004,8688.0,376.5114377297641,0.0,10,16,44,64,98,150,190,270,310,310,310
,Aggregated,7166,0,10,34.245062615127104,1.1670999999999765,310.8985000000004,8688.0,376.5114377297641,0.0,10,16,44,64,98,150,190,270,310,310,310
