Type,Name,Request Count,Failure Count,Median Response Time,Average Response Time,Min Response Time,Max Response Time,Average Content Size,Requests/s,Failures/s,50%,66%,75%,80%,90%,95%,98%,99%,99.9%,99.99%,100%
GET,/,9378,0,14,45.519488142461334,1.3044999999998197,321.71590000000003,8688.0,491.51015451583385,0.0,14,54,78,88,110,190,200,230,300,320,320
,Aggregated,9378,0,14,45.519488142461334,1.3044999999998197,321.71590000000003,8688.0,491.51015451583385,0.0,14,54,78,88,110,190,200,230,300,320,320
