Type,Name,Request Count,Failure Count,Median Response Time,Average Response Time,Min Response Time,Max Response Time,Average Content Size,Requests/s,Failures/s,50%,66%,75%,80%,90%,95%,98%,99%,99.9%,99.99%,100%
GET,/,9650,0,16,54.50198630051809,1.2779999999992242,362.16219999999976,8688.0,505.7403272541418,0.0,16,72,84,90,140,200,260,280,330,360,360
,Aggregated,9650,0,16,54.50198630051809,1.2779999999992242,362.16219999999976,8688.0,505.7403272541418,0.0,16,72,84,90,140,200,260,280,330,360,360
