Type,Name,Request Count,Failure Count,Median Response Time,Average Response Time,Min Response Time,Max Response Time,Average Content Size,Requests/s,Failures/s,50%,66%,75%,80%,90%,95%,98%,99%,99.9%,99.99%,100%
GET,/,7143,0,7,33.632336497270046,1.2015000000005216,497.5699999999996,8688.0,375.0283083600811,0.0,7,11,30,60,98,190,270,290,410,500,500
,Aggregated,7143,0,7,33.632336497270046,1.2015000000005216,497.5699999999996,8688.0,375.0283083600811,0.0,7,11,30,60,98,190,270,290,410,500,500
