Type,Name,Request Count,Failure Count,Median Response Time,Average Response Time,Min Response Time,Max Response Time,Average Content Size,Requests/s,Failures/s,50%,66%,75%,80%,90%,95%,98%,99%,99.9%,99.99%,100%
GET,/,9555,0,81,80.99109830455251,1.2883999999999673,555.2298999999996,8688.0,500.3573243672158,0.0,81,93,100,110,190,210,300,320,530,560,560
,Aggregated,9555,0,81,80.99109830455251,1.2883999999999673,555.2298999999996,8688.0,500.3573243672158,0.0,81,93,100,110,190,210,300,320,530,560,560
