Type,Name,Request Count,Failure Count,Median Response Time,Average Response Time,Min Response Time,Max Response Time,Average Content Size,Requests/s,Failures/s,50%,66%,75%,80%,90%,95%,98%,99%,99.9%,99.99%,100%
GET,/,9083,0,26,58.585544687878595,1.4034000000009428,399.85350000000074,8688.0,477.0946619343829,0.0,26,78,88,96,140,200,280,300,380,400,400
,Aggregated,9083,0,26,58.585544687878595,1.4034000000009428,399.85350000000074,8688.0,477.0946619343829,0.0,26,78,88,96,140,200,280,300,380,400,400
