Type,Name,Request Count,Failure Count,Median Response Time,Average Response Time,Min Response Time,Max Response Time,Average Content Size,Requests/s,Failures/s,50%,66%,75%,80%,90%,95%,98%,99%,99.9%,99.99%,100%
GET,/,7688,0,10,42.501692689906406,1.2076000000007525,381.8570000000001,8688.0,403.1437894360249,0.0,10,42,73,86,100,180,240,270,330,380,380
,Aggregated,7688,0,10,42.501692689906406,1.2076000000007525,381.8570000000001,8688.0,403.1437894360249,0.0,10,42,73,86,100,180,240,270,330,380,380
