Type,Name,Request Count,Failure Count,Median Response Time,Average Response Time,Min Response Time,Max Response Time,Average Content Size,Requests/s,Failures/s,50%,66%,75%,80%,90%,95%,98%,99%,99.9%,99.99%,100%
GET,/,8368,0,13,55.764841634799154,1.2638999999996514,398.3490999999999,8688.0,439.8418420185923,0.0,13,78,90,95,170,200,270,290,370,400,400
,Aggregated,8368,0,13,55.764841634799154,1.2638999999996514,398.3490999999999,8688.0,439.8418420185923,0.0,13,78,90,95,170,200,270,290,370,400,400
