Type,Name,Request Count,Failure Count,Median Response Time,Average Response Time,Min Response Time,Max Response Time,Average Content Size,Requests/s,Failures/s,50%,66%,75%,80%,90%,95%,98%,99%,99.9%,99.99%,100%
GET,/,9603,0,33,65.44641900447792,1.2653000000000247,500.9249000000002,8688.0,502.88716737752287,0.0,33,80,94,100,180,220,300,350,470,500,500
,Aggregated,9603,0,33,65.44641900447792,1.2653000000000247,500.9249000000002,8688.0,502.88716737752287,0.0,33,80,94,100,180,220,300,350,470,500,500
