Type,Name,Request Count,Failure Count,Median Response Time,Average Response Time,Min Response Time,Max Response Time,Average Content Size,Requests/s,Failures/s,50%,66%,75%,80%,90%,95%,98%,99%,99.9%,99.99%,100%
GET,/,8761,0,11,44.71777311950713,1.1846999999995944,406.3576000000007,8688.0,458.7107416887969,0.0,11,27,63,79,140,200,270,280,370,410,410
,Aggregated,8761,0,11,44.71777311950713,1.1846999999995944,406.3576000000007,8688.0,458.7107416887969,0.0,11,27,63,79,140,200,270,280,370,410,410
