Type,Name,Request Count,Failure Count,Median Response Time,Average Response Time,Min Response Time,Max Response Time,Average Content Size,Requests/s,Failures/s,50%,66%,75%,80%,90%,95%,98%,99%,99.9%,99.99%,100%
GET,/,7149,0,8,35.16336493215835,1.192599999999544,359.00219999999996,8688.0,375.81923514840196,0.0,8,13,43,66,97,190,200,270,290,360,360
,Aggregated,7149,0,8,35.16336493215835,1.192599999999544,359.00219999999996,8688.0,375.81923514840196,0.0,8,13,43,66,97,190,200,270,290,360,360
