Type,Name,Request Count,Failure Count,Median Response Time,Average Response Time,Min Response Time,Max Response Time,Average Content Size,Requests/s,Failures/s,50%,66%,75%,80%,90%,95%,98%,99%,99.9%,99.99%,100%
GET,/,7203,0,11,43.212094071914464,1.1763999999994112,329.96289999999993,8688.0,378.05036059573234,0.0,11,25,62,73,140,200,250,270,320,330,330
,Aggregated,7203,0,11,43.212094071914464,1.1763999999994112,329.96289999999993,8688.0,378.05036059573234,0.0,11,25,62,73,140,200,250,270,320,330,330
