Type,Name,Request Count,Failure Count,Median Response Time,Average Response Time,Min Response Time,Max Response Time,Average Content Size,Requests/s,Failures/s,50%,66%,75%,80%,90%,95%,98%,99%,99.9%,99.99%,100%
GET,/,6247,0,210.0,234.9215857211463,1.9543999999989126,699.4920999999987,8688.0,327.79677218884814,0.0,210,290,310,380,400,480,500,530,680,700,700
,Aggregated,6247,0,210.0,234.9215857211463,1.9543999999989126,699.4920999999987,8688.0,327.79677218884814,0.0,210,290,310,380,400,480,500,530,680,700,700
