Type,Name,Request Count,Failure Count,Median Response Time,Average Response Time,Min Response Time,Max Response Time,Average Content Size,Requests/s,Failures/s,50%,66%,75%,80%,90%,95%,98%,99%,99.9%,99.99%,100%
GET,/,8964,0,12,47.82511122266833,1.2475999999992382,465.73010000000005,8688.0,470.2469223085023,0.0,12,50,73,83,110,200,300,370,440,470,470
,Aggregated,8964,0,12,47.82511122266833,1.2475999999992382,465.73010000000005,8688.0,470.2469223085023,0.0,12,50,73,83,110,200,300,370,440,470,470
