Type,Name,Request Count,Failure Count,Median Response Time,Average Response Time,Min Response Time,Max Response Time,Average Content Size,Requests/s,Failures/s,50%,66%,75%,80%,90%,95%,98%,99%,99.9%,99.99%,100%
GET,/,8637,0,14,51.62464412411688,1.2574000000000751,464.3497000000001,8688.0,453.5232616214088,0.0,14,61,80,88,110,200,290,300,370,460,460
,Aggregated,8637,0,14,51.62464412411688,1.2574000000000751,464.3497000000001,8688.0,453.5232616214088,0.0,14,61,80,88,110,200,290,300,370,460,460
