Type,Name,Request Count,Failure Count,Median Response Time,Average Response Time,Min Response Time,Max Response Time,Average Content Size,Requests/s,Failures/s,50%,66%,75%,80%,90%,95%,98%,99%,99.9%,99.99%,100%
GET,/,10038,0,64,70.38285718270589,1.3845000000003438,527.1993999999997,8688.0,524.6467608036463,0.0,64,86,97,100,170,200,300,370,420,500,530
,Aggregated,10038,0,64,70.38285718270589,1.3845000000003438,527.1993999999997,8688.0,524.6467608036463,0.0,64,86,97,100,170,200,300,370,420,500,530
