Type,Name,Request Count,Failure Count,Median Response Time,Average Response Time,Min Response Time,Max Response Time,Average Content Size,Requests/s,Failures/s,50%,66%,75%,80%,90%,95%,98%,99%,99.9%,99.99%,100%
GET,/,9089,0,87,90.95414389921909,1.1662000000001171,401.22020000000003,8688.0,476.0678560394978,0.0,87,99,110,140,200,250,290,300,330,400,400
,Aggregated,9089,0,87,90.95414389921909,1.1662000000001171,401.22020000000003,8688.0,476.0678560394978,0.0,87,99,110,140,200,250,290,300,330,400,400
