Type,Name,Request Count,Failure Count,Median Response Time,Average Response Time,Min Response Time,Max Response Time,Average Content Size,Requests/s,Failures/s,50%,66%,75%,80%,90%,95%,98%,99%,99.9%,99.99%,100%
GET,/,9090,0,16,47.47965339933967,1.2711000000003025,379.30920000000066,8688.0,477.33885510384187,0.0,16,58,77,87,110,190,230,250,340,380,380
,Aggregated,9090,0,16,47.47965339933967,1.2711000000003025,379.30920000000066,8688.0,477.33885510384187,0.0,16,58,77,87,110,190,230,250,340,380,380
