Type,Name,Request Count,Failure Count,Median Response Time,Average Response Time,Min Response Time,Max Response Time,Average Content Size,Requests/s,Failures/s,50%,66%,75%,80%,90%,95%,98%,99%,99.9%,99.99%,100%
GET,/,9338,0,23,55.4024161276506,1.2379999999989622,387.0925999999999,8688.0,490.17058162836497,0.0,23,76,86,92,120,190,210,280,370,390,390
,Aggregated,9338,0,23,55.4024161276506,1.2379999999989622,387.0925999999999,8688.0,490.17058162836497,0.0,23,76,86,92,120,190,210,280,370,390,390
