Type,Name,Request Count,Failure Count,Median Response Time,Average Response Time,Min Response Time,Max Response Time,Average Content Size,Requests/s,Failures/s,50%,66%,75%,80%,90%,95%,98%,99%,99.9%,99.99%,100%
GET,/,8409,0,10,39.02057315970993,1.2393999999993355,401.9748000000005,8688.0,442.1133157240462,0.0,10,17,56,75,100,190,260,290,400,400,400
,Aggregated,8409,0,10,39.02057315970993,1.2393999999993355,401.9748000000005,8688.0,442.1133157240462,0.0,10,17,56,75,100,190,260,290,400,400,400
