Type,Name,Request Count,Failure Count,Median Response Time,Average Response Time,Min Response Time,Max Response Time,Average Content Size,Requests/s,Failures/s,50%,66%,75%,80%,90%,95%,98%,99%,99.9%,99.99%,100%
GET,/,9457,0,16,49.42653230411346,1.2940000000014606,384.5818000000003,8688.0,495.5898831354409,0.0,16,64,79,87,110,190,220,260,300,380,380
,Aggregated,9457,0,16,49.42653230411346,1.2940000000014606,384.5818000000003,8688.0,495.5898831354409,0.0,16,64,79,87,110,190,220,260,300,380,380
