Type,Name,Request Count,Failure Count,Median Response Time,Average Response Time,Min Response Time,Max Response Time,Average Content Size,Requests/s,Failures/s,50%,66%,75%,80%,90%,95%,98%,99%,99.9%,99.99%,100%
GET,/,8921,0,12,43.20794712476208,1.2407000000003165,451.84149999999954,8688.0,467.6309884287613,0.0,12,44,72,83,110,180,210,250,370,450,450
,Aggregated,8921,0,12,43.20794712476208,1.2407000000003165,451.84149999999954,8688.0,467.6309884287613,0.0,12,44,72,83,110,180,210,250,370,450,450
