Type,Name,Request Count,Failure Count,Median Response Time,Average Response Time,Min Response Time,Max Response Time,Average Content Size,Requests/s,Failures/s,50%,66%,75%,80%,90%,95%,98%,99%,99.9%,99.99%,100%
GET,/,7468,0,12,31.71422947241552,1.2301999999984048,292.4678000000007,8688.0,394.24558748964057,0.0,12,19,49,61,86,110,180,200,280,290,290
,Aggregated,7468,0,12,31.71422947241552,1.2301999999984048,292.4678000000007,8688.0,394.24558748964057,0.0,12,19,49,61,86,110,180,200,280,290,290
