Type,Name,Request Count,Failure Count,Median Response Time,Average Response Time,Min Response Time,Max Response Time,Average Content Size,Requests/s,Failures/s,50%,66%,75%,80%,90%,95%,98%,99%,99.9%,99.99%,100%
GET,/,7087,0,9,36.43278491604348,1.198699999999775,372.53349999999983,8688.0,372.5376083417452,0.0,9,14,55,72,100,180,250,270,340,370,370
,Aggregated,7087,0,9,36.43278491604348,1.198699999999775,372.53349999999983,8688.0,372.5376083417452,0.0,9,14,55,72,100,180,250,270,340,370,370
