Type,Name,Request Count,Failure Count,Median Response Time,Average Response Time,Min Response Time,Max Response Time,Average Content Size,Requests/s,Failures/s,50%,66%,75%,80%,90%,95%,98%,99%,99.9%,99.99%,100%
GET,/,9804,0,77,73.21577790697657,1.3745000000007224,382.6792000000001,8688.0,513.7134363221531,0.0,77,91,97,100,180,200,250,280,330,380,380
,Aggregated,9804,0,77,73.21577790697657,1.3745000000007224,382.6792000000001,8688.0,513.7134363221531,0.0,77,91,97,100,180,200,250,280,330,380,380
