Type,Name,Request Count,Failure Count,Median Response Time,Average Response Time,Min Response Time,Max Response Time,Average Content Size,Requests/s,Failures/s,50%,66%,75%,80%,90%,95%,98%,99%,99.9%,99.99%,100%
GET,/,10370,0,62,62.0577882449372,1.269399999999976,314.81839999999914,8688.0,543.346812944009,0.0,62,85,92,96,120,190,200,230,310,310,310
,Aggregated,10370,0,62,62.0577882449372,1.269399999999976,314.81839999999914,8688.0,543.346812944009,0.0,62,85,92,96,120,190,200,230,310,310,310
