Type,Name,Request Count,Failure Count,Median Response Time,Average Response Time,Min Response Time,Max Response Time,Average Content Size,Requests/s,Failures/s,50%,66%,75%,80%,90%,95%,98%,99%,99.9%,99.99%,100%
GET,/,9202,0,67,65.0021400891117,1.2210000000010268,380.80449999999996,8688.0,482.13333924944993,0.0,67,88,95,99,130,190,230,250,330,380,380
,Aggregated,9202,0,67,65.0021400891117,1.2210000000010268,380.80449999999996,8688.0,482.13333924944993,0.0,67,88,95,99,130,190,230,250,330,380,380
