Type,Name,Request Count,Failure Count,Median Response Time,Average Response Time,Min Response Time,Max Response Time,Average Content Size,Requests/s,Failures/s,50%,66%,75%,80%,90%,95%,98%,99%,99.9%,99.99%,100%
GET,/,9370,0,26,55.98097820704385,1.235799999999898,383.7440999999995,8688.0,491.06079943944496,0.0,26,76,89,93,110,190,270,290,330,380,380
,Aggregated,9370,0,26,55.98097820704385,1.235799999999898,383.7440999999995,8688.0,491.06079943944496,0.0,26,76,89,93,110,190,270,290,330,380,380
