Type,Name,Request Count,Failure Count,Median Response Time,Average Response Time,Min Response Time,Max Response Time,Average Content Size,Requests/s,Failures/s,50%,66%,75%,80%,90%,95%,98%,99%,99.9%,99.99%,100%
GET,/,8415,0,12,47.946213345217004,1.2024999999997732,408.5649999999994,8688.0,442.262485956204,0.0,12,41,72,85,120,200,300,340,400,410,410
,Aggregated,8415,0,12,47.946213345217004,1.2024999999997732,408.5649999999994,8688.0,442.262485956204,0.0,12,41,72,85,120,200,300,340,400,410,410
