Type,Name,Request Count,Failure Count,Median Response Time,Average Response Time,Min Response Time,Max Response Time,Average Content Size,Requests/s,Failures/s,50%,66%,75%,80%,90%,95%,98%,99%,99.9%,99.99%,100%
GET,/,9282,0,73,70.50713793363481,1.2014999999969689,359.6374000000004,8688.0,486.2156926424281,0.0,73,90,96,100,170,200,270,290,350,360,360
,Aggregated,9282,0,73,70.50713793363481,1.2014999999969689,359.6374000000004,8688.0,486.2156926424281,0.0,73,90,96,100,170,200,270,290,350,360,360
