Type,Name,Request Count,Failure Count,Median Response Time,Average Response Time,Min Response Time,Max Response Time,Average Content Size,Requests/s,Failures/s,50%,66%,75%,80%,90%,95%,98%,99%,99.9%,99.99%,100%
GET,/,6761,0,140.0,154.76087961840008,1.2582000000005422,486.71240000000006,8688.0,355.2606124590678,0.0,140,190,200,210,290,300,310,380,400,490,490
,Aggregated,6761,0,140.0,154.76087961840008,1.2582000000005422,486.71240000000006,8688.0,355.2606124590678,0.0,140,190,200,210,290,300,310,380,400,490,490
