Type,Name,Request Count,Failure Count,Median Response Time,Average Response Time,Min Response Time,Max Response Time,Average Content Size,Requests/s,Failures/s,50%,66%,75%,80%,90%,95%,98%,99%,99.9%,99.99%,100%
GET,/,10201,0,76,73.62371491030275,1.2567000000007766,325.86859999999973,8688.0,534.8354280820201,0.0,76,91,100,110,180,200,270,290,310,320,330
,Aggregated,10201,0,76,73.62371491030275,1.2567000000007766,325.86859999999973,8688.0,534.8354280820201,0.0,76,91,100,110,180,200,270,290,310,320,330
