Type,Name,Request Count,Failure Count,Median Response Time,Average Response Time,Min Response Time,Max Response Time,Average Content Size,Requests/s,Failures/s,50%,66%,75%,80%,90%,95%,98%,99%,99.9%,99.99%,100%
GET,/,8560,0,15,45.697481588785244,1.265899999999931,330.88530000000026,8688.0,448.76627218298853,0.0,15,50,75,87,110,190,220,280,290,330,330
,Aggregated,8560,0,15,45.697481588785244,1.265899999999931,330.88530000000026,8688.0,448.76627218298853,0.0,15,50,75,87,110,190,220,280,290,330,330
