Type,Name,Request Count,Failure Count,Median Response Time,Average Response Time,Min Response Time,Max Response Time,Average Content Size,Requests/s,Failures/s,50%,66%,75%,80%,90%,95%,98%,99%,99.9%,99.99%,100%
GET,/,7325,0,8,36.72901168600685,1.209800000001593,322.6551999999998,8688.0,384.0498651562483,0.0,8,12,47,68,110,200,220,250,310,320,320
,Aggregated,7325,0,8,36.72901168600685,1.209800000001593,322.6551999999998,8688.0,384.0498651562483,0.0,8,12,47,68,110,200,220,250,310,320,320
