Type,Name,Request Count,Failure Count,Median Response Time,Average Response Time,Min Response Time,Max Response Time,Average Content Size,Requests/s,Failures/s,50%,66%,75%,80%,90%,95%,98%,99%,99.9%,99.99%,100%
GET,/,5936,0,300.0,311.0639596361183,19.023000000000234,901.4468999999998,8688.0,312.07944505903106,0.0,300,380,400,420,490,510,580,590,700,900,900
,Aggregated,5936,0,300.0,311.0639596361183,19.023000000000234,901.4468999999998,8688.0,312.07944505903106,0.0,300,380,400,420,490,510,580,590,700,900,900
