Type,Name,Request Count,Failure Count,Median Response Time,Average Response Time,Min Response Time,Max Response Time,Average Content Size,Requests/s,Failures/s,50%,66%,75%,80%,90%,95%,98%,99%,99.9%,99.99%,100%
GET,/,8493,0,79,73.56710957258935,1.4185999999991594,393.7682999999996,8688.0,445.8185484355931,0.0,79,91,96,100,190,200,280,300,380,390,390
,Aggregated,8493,0,79,73.56710957258935,1.4185999999991594,393.7682999999996,8688.0,445.8185484355931,0.0,79,91,96,100,190,200,280,300,380,390,390
