Type,Name,Request Count,Failure Count,Median Response Time,Average Response Time,Min Response Time,Max Response Time,Average Content Size,Requests/s,Failures/s,50%,66%,75%,80%,90%,95%,98%,99%,99.9%,99.99%,100%
GET,/,8321,0,47,66.1947145174859,1.2699999999998823,450.74209999999937,8688.0,436.0024491030393,0.0,47,84,95,100,180,200,300,340,390,450,450
,Aggregated,8321,0,47,66.1947145174859,1.2699999999998823,450.74209999999937,8688.0,436.0024491030393,0.0,47,84,95,100,180,200,300,340,390,450,450
