Type,Name,Request Count,Failure Count,Median Response Time,Average Response Time,Min Response Time,Max Response Time,Average Content Size,Requests/s,Failures/s,50%,66%,75%,80%,90%,95%,98%,99%,99.9%,99.99%,100%
GET,/,7765,0,12,32.127328705730854,1.2578000000011968,276.9723000000006,8688.0,407.1264412329424,0.0,12,20,50,63,92,100,170,190,260,280,280
,Aggregated,7765,0,12,32.127328705730854,1.2578000000011968,276.9723000000006,8688.0,407.1264412329424,0.0,12,20,50,63,92,100,170,190,260,280,280
