Type,Name,Request Count,Failure Count,Median Response Time,Average Response Time,Min Response Time,Max Response Time,Average Content Size,Requests/s,Failures/s,50%,66%,75%,80%,90%,95%,98%,99%,99.9%,99.99%,100%
GET,/,9769,0,17,51.19473898044821,1.2196000000006535,300.35550000000023,8688.0,513.4730880609515,0.0,17,72,85,92,120,190,200,210,300,300,300
,Aggregated,9769,0,17,51.19473898044821,1.2196000000006535,300.35550000000023,8688.0,513.4730880609515,0.0,17,72,85,92,120,190,200,210,300,300,300
