Type,Name,Request Count,Failure Count,Median Response Time,Average Response Time,Min Response Time,Max Response Time,Average Content Size,Requests/s,Failures/s,50%,66%,75%,80%,90%,95%,98%,99%,99.9%,99.99%,100%
GET,/,8193,0,12,53.0996482851216,1.2553000000004033,436.547,8688.0,429.4352292336843,0.0,12,65,83,93,180,200,260,280,370,440,440
,Aggregated,8193,0,12,53.0996482851216,1.2553000000004033,436.547,8688.0,429.4352292336843,0.0,12,65,83,93,180,200,260,280,370,440,440
