Type,Name,Request Count,Failure Count,Median Response Time,Average Response Time,Min Response Time,Max Response Time,Average Content Size,Requests/s,Failures/s,50%,66%,75%,80%,90%,95%,98%,99%,99.9%,99.99%,100%
GET,/,6653,0,9,41.46613503682548,1.162700000000072,502.2763000000001,8688.0,349.4514169788251,0.0,9,12,19,50,140,270,300,360,490,500,500
,Aggregated,6653,0,9,41.46613503682548,1.162700000000072,502.2763000000001,8688.0,349.4514169788251,0.0,9,12,19,50,140,270,300,360,490,500,500
