Type,Name,Request Count,Failure Count,Median Response Time,Average Response Time,Min Response Time,Max Response Time,Average Content Size,Requests/s,Failures/s,50%,66%,75%,80%,90%,95%,98%,99%,99.9%,99.99%,100%
GET,/,5060,0,6,25.004482351778634,1.226700000000136,388.3932000000003,8688.0,268.7034372303635,0.0,6,8,11,16,88,100,200,280,380,390,390
,Aggregated,5060,0,6,25.004482351778634,1.226700000000136,388.3932000000003,8688.0,268.7034372303635,0.0,6,8,11,16,88,100,200,280,380,390,390
