Type,Name,Request Count,Failure Count,Median Response Time,Average Response Time,Min Response Time,Max Response Time,Average Content Size,Requests/s,Failures/s,50%,66%,75%,80%,90%,95%,98%,99%,99.9%,99.99%,100%
GET,/,4592,0,5,40.82627578397203,1.1293999999999471,538.4522000000001,8688.0,241.7328138461396,0.0,5,9,66,82,95,190,350,400,510,540,540
,Aggregated,4592,0,5,40.82627578397203,1.1293999999999471,538.4522000000001,8688.0,241.7328138461396,0.0,5,9,66,82,95,190,350,400,510,540,540
