Type,Name,Request Count,Failure Count,Median Response Time,Average Response Time,Min Response Time,Max Response Time,Average Content Size,Requests/s,Failures/s,50%,66%,75%,80%,90%,95%,98%,99%,99.9%,99.99%,100%
GET,/,5958,0,13,40.852892631755694,1.2813000000004848,405.5171999999998,8688.0,313.01917048426185,0.0,13,29,60,74,97,160,290,320,390,410,410
,Aggregated,5958,0,13,40.852892631755694,1.2813000000004848,405.5171999999998,8688.0,313.01917048426185,0.0,13,29,60,74,97,160,290,320,390,410,410
