Type,Name,Request Count,Failure Count,Median Response Time,Average Response Time,Min Response Time,Max Response Time,Average Content Size,Requests/s,Failures/s,50%,66%,75%,80%,90%,95%,98%,99%,99.9%,99.99%,100%
GET,/,5912,0,7,28.330566356562986,1.18619999999936,350.06950000000006,8688.0,310.6295205915067,0.0,7,11,18,40,85,150,200,240,320,350,350
,Aggregated,5912,0,7,28.330566356562986,1.18619999999936,350.06950000000006,8688.0,310.6295205915067,0.0,7,11,18,40,85,150,200,240,320,350,350
