Type,Name,Request Count,Failure Count,Median Response Time,Average Response Time,Min Response Time,Max Response Time,Average Content Size,Requests/s,Failures/s,50%,66%,75%,80%,90%,95%,98%,99%,99.9%,99.99%,100%
GET,/,2548,0,5,25.049621310831967,1.0874000000029582,366.06959999999987,8688.0,135.13063236779672,0.0,5,7,10,20,86,110,200,230,320,370,370
,Aggregated,2548,0,5,25.049621310831967,1.0874000000029582,366.06959999999987,8688.0,135.13063236779672,0.0,5,7,10,20,86,110,200,230,320,370,370
