Type,Name,Request Count,Failure Count,Median Response Time,Average Response Time,Min Response Time,Max Response Time,Average Content Size,Requests/s,Failures/s,50%,66%,75%,80%,90%,95%,98%,99%,99.9%,99.99%,100%
GET,/,7286,0,85,84.7377575898986,1.2484999999990976,466.5267000000002,8688.0,383.07255575991866,0.0,85,97,100,140,200,280,310,380,410,470,470
,Aggregated,7286,0,85,84.7377575898986,1.2484999999990976,466.5267000000002,8688.0,383.07255575991866,0.0,85,97,100,140,200,280,310,380,410,470,470
