Type,Name,Request Count,Failure Count,Median Response Time,Average Response Time,Min Response Time,Max Response Time,Average Content Size,Requests/s,Failures/s,50%,66%,75%,80%,90%,95%,98%,99%,99.9%,99.99%,100%
GET,/,7929,0,9,37.416802333207166,1.2691999999994152,450.11250000000035,8688.0,415.33596992193867,0.0,9,17,38,66,100,180,250,280,440,450,450
,Aggregated,7929,0,9,37.416802333207166,1.2691999999994152,450.11250000000035,8688.0,415.33596992193867,0.0,9,17,38,66,100,180,250,280,440,450,450
