Type,Name,Request Count,Failure Count,Median Response Time,Average Response Time,Min Response Time,Max Response Time,Average Content Size,Requests/s,Failures/s,50%,66%,75%,80%,90%,95%,98%,99%,99.9%,99.99%,100%
GET,/,5651,0,6,32.79945043355177,1.2246999999998565,367.50459999999975,8688.0,296.55600587231146,0.0,6,8,16,64,96,180,250,290,340,370,370
,Aggregated,5651,0,6,32.79945043355177,1.2246999999998565,367.50459999999975,8688.0,296.55600587231146,0.0,6,8,16,64,96,180,250,290,340,370,370
