Type,Name,Request Count,Failure Count,Median Response Time,Average Response Time,Min Response Time,Max Response Time,Average Content Size,Requests/s,Failures/s,50%,66%,75%,80%,90%,95%,98%,99%,99.9%,99.99%,100%
GET,/,7178,0,10,36.01570282808598,1.3205000000002798,548.6740000000001,8688.0,376.55823272527863,0.0,10,15,45,67,98,170,250,280,370,550,550
,Aggregated,7178,0,10,36.01570282808598,1.3205000000002798,548.6740000000001,8688.0,376.55823272527863,0.0,10,15,45,67,98,170,250,280,370,550,550
