Type,Name,Request Count,Failure Count,Median Response Time,Average Response Time,Min Response Time,Max Response Time,Average Content Size,Requests/s,Failures/s,50%,66%,75%,80%,90%,95%,98%,99%,99.9%,99.99%,100%
GET,/,5894,0,11,37.926517831693296,1.24320000000111,347.17549999999875,8688.0,309.318719266889,0.0,11,26,63,77,100,150,200,240,290,350,350
,Aggregated,5894,0,11,37.926517831693296,1.24320000000111,347.17549999999875,8688.0,309.318719266889,0.0,11,26,63,77,100,150,200,240,290,350,350
