Type,Name,Request Count,Failure Count,Median Response Time,Average Response Time,Min Response Time,Max Response Time,Average Content Size,Requests/s,Failures/s,50%,66%,75%,80%,90%,95%,98%,99%,99.9%,99.99%,100%
GET,/,3591,0,4,30.592955137844594,1.144299999999987,433.07729999999987,8688.0,188.71777032717162,0.0,4,6,8,10,95,210,300,330,400,430,430
,Aggregated,3591,0,4,30.592955137844594,1.144299999999987,433.07729999999987,8688.0,188.71777032717162,0.0,4,6,8,10,95,210,300,330,400,430,430
