Type,Name,Request Count,Failure Count,Median Response Time,Average Response Time,Min Response Time,Max Response Time,Average Content Size,Requests/s,Failures/s,50%,66%,75%,80%,90%,95%,98%,99%,99.9%,99.99%,100%
GET,/,5640,0,9,25.82702164893613,1.3150000000017315,403.2535999999998,8688.0,297.533589426222,0.0,9,14,20,30,73,100,190,230,390,400,400
,Aggregated,5640,0,9,25.82702164893613,1.3150000000017315,403.2535999999998,8688.0,297.533589426222,0.0,9,14,20,30,73,100,190,230,390,400,400
