Type,Name,Request Count,Failure Count,Median Response Time,Average Response Time,Min Response Time,Max Response Time,Average Content Size,Requests/s,Failures/s,50%,66%,75%,80%,90%,95%,98%,99%,99.9%,99.99%,100%
GET,/,5848,0,8,29.370955848153155,1.2360999999998512,365.8633,8688.0,307.3268700897257,0.0,8,13,24,51,86,110,200,280,310,370,370
,Aggregated,5848,0,8,29.370955848153155,1.2360999999998512,365.8633,8688.0,307.3268700897257,0.0,8,13,24,51,86,110,200,280,310,370,370
