Type,Name,Request Count,Failure Count,Median Response Time,Average Response Time,Min Response Time,Max Response Time,Average Content Size,Requests/s,Failures/s,50%,66%,75%,80%,90%,95%,98%,99%,99.9%,99.99%,100%
GET,/,4788,0,6,25.91824899749369,1.1754000000010478,420.25250000000017,8688.0,252.49844598177947,0.0,6,11,16,40,85,99,180,240,390,420,420
,Aggregated,4788,0,6,25.91824899749369,1.1754000000010478,420.25250000000017,8688.0,252.49844598177947,0.0,6,11,16,40,85,99,180,240,390,420,420
