Type,Name,Request Count,Failure Count,Median Response Time,Average Response Time,Min Response Time,Max Response Time,Average Content Size,Requests/s,Failures/s,50%,66%,75%,80%,90%,95%,98%,99%,99.9%,99.99%,100%
GET,/,2962,0,4,23.23703497636736,1.2167999999999068,328.5011,8688.0,156.36493371185387,0.0,4,6,7,13,81,110,200,230,320,330,330
,Aggregated,2962,0,4,23.23703497636736,1.2167999999999068,328.5011,8688.0,156.36493371185387,0.0,4,6,7,13,81,110,200,230,320,330,330
