Type,Name,Request Count,Failure Count,Median Response Time,Average Response Time,Min Response Time,Max Response Time,Average Content Size,Requests/s,Failures/s,50%,66%,75%,80%,90%,95%,98%,99%,99.9%,99.99%,100%
GET,/,5653,0,6,34.41329067751644,1.2995999999994012,483.83140000000014,8688.0,296.9165717597413,0.0,6,8,27,64,96,190,280,310,400,480,480
,Aggregated,5653,0,6,34.41329067751644,1.2995999999994012,483.83140000000014,8688.0,296.9165717597413,0.0,6,8,27,64,96,190,280,310,400,480,480
