Type,Name,Request Count,Failure Count,Median Response Time,Average Response Time,Min Response Time,Max Response Time,Average Content Size,Requests/s,Failures/s,50%,66%,75%,80%,90%,95%,98%,99%,99.9%,99.99%,100%
GET,/,6680,0,8,43.445502754490896,1.1685000000003498,459.5519000000001,8688.0,350.5492292069754,0.0,8,40,76,83,110,200,280,300,390,460,460
,Aggregated,6680,0,8,43.445502754490896,1.1685000000003498,459.5519000000001,8688.0,350.5492292069754,0.0,8,40,76,83,110,200,280,300,390,460,460
