Type,Name,Request Count,Failure Count,Median Response Time,Average Response Time,Min Response Time,Max Response Time,Average Content Size,Requests/s,Failures/s,50%,66%,75%,80%,90%,95%,98%,99%,99.9%,99.99%,100%
GET,/,6422,0,9,30.515973824353697,1.310100000001313,503.8569000000006,8688.0,336.944363179411,0.0,9,14,21,44,91,130,220,300,430,500,500
,Aggregated,6422,0,9,30.515973824353697,1.310100000001313,503.8569000000006,8688.0,336.944363179411,0.0,9,14,21,44,91,130,220,300,430,500,500
