Type,Name,Request Count,Failure Count,Median Response Time,Average Response Time,Min Response Time,Max Response Time,Average Content Size,Requests/s,Failures/s,50%,66%,75%,80%,90%,95%,98%,99%,99.9%,99.99%,100%
GET,/,7525,0,10,35.02488595348825,1.2404999999997557,387.1877999999995,8688.0,395.4103137724137,0.0,10,17,52,67,93,120,250,270,380,390,390
,Aggregated,7525,0,10,35.02488595348825,1.2404999999997557,387.1877999999995,8688.0,395.4103137724137,0.0,10,17,52,67,93,120,250,270,380,390,390
