Type,Name,Request Count,Failure Count,Median Response Time,Average Response Time,Min Response Time,Max Response Time,Average Content Size,Requests/s,Failures/s,50%,66%,75%,80%,90%,95%,98%,99%,99.9%,99.99%,100%
GET,/,7424,0,96,119.18191873653019,1.2906000000008078,706.9744000000001,8688.0,390.80753800075706,0.0,96,110,190,200,280,300,380,430,600,710,710
,Aggregated,7424,0,96,119.18191873653019,1.2906000000008078,706.9744000000001,8688.0,390.80753800075706,0.0,96,110,190,200,280,300,380,430,600,710,710
