Type,Name,Request Count,Failure Count,Median Response Time,Average Response Time,Min Response Time,Max Response Time,Average Content Size,Requests/s,Failures/s,50%,66%,75%,80%,90%,95%,98%,99%,99.9%,99.99%,100%
GET,/,3091,0,5,35.490025040439924,1.1756999999992246,491.88809999999995,8688.0,162.5815980981583,0.0,5,7,11,53,94,200,300,380,480,490,490
,Aggregated,3091,0,5,35.490025040439924,1.1756999999992246,491.88809999999995,8688.0,162.5815980981583,0.0,5,7,11,53,94,200,300,380,480,490,490
