Type,Name,Request Count,Failure Count,Median Response Time,Average Response Time,Min Response Time,Max Response Time,Average Content Size,Requests/s,Failures/s,50%,66%,75%,80%,90%,95%,98%,99%,99.9%,99.99%,100%
GET,/,2956,0,300.0,341.1134695534505,1.6179000000011712,1001.0074000000002,8688.0,156.05144824736806,0.0,300,400,490,500,600,690,800,810,990,1000,1000
,Aggregated,2956,0,300.0,341.1134695534505,1.6179000000011712,1001.0074000000002,8688.0,156.05144824736806,0.0,300,400,490,500,600,690,800,810,990,1000,1000
