Type,Name,Request Count,Failure Count,Median Response Time,Average Response Time,Min Response Time,Max Response Time,Average Content Size,Requests/s,Failures/s,50%,66%,75%,80%,90%,95%,98%,99%,99.9%,99.99%,100%
GET,/,6657,0,7,47.86416931050023,1.1943999999992627,462.60600000000005,8688.0,349.88958922685975,0.0,7,37,80,88,170,200,290,300,450,460,460
,Aggregated,6657,0,7,47.86416931050023,1.1943999999992627,462.60600000000005,8688.0,349.88958922685975,0.0,7,37,80,88,170,200,290,300,450,460,460
