Type,Name,Request Count,Failure Count,Median Response Time,Average Response Time,Min Response Time,Max Response Time,Average Content Size,Requests/s,Failures/s,50%,66%,75%,80%,90%,95%,98%,99%,99.9%,99.99%,100%
GET,/,5534,0,7,42.951094994578945,1.2328999999997592,846.8315000000005,8688.0,290.4042379017639,0.0,7,10,41,71,110,200,310,460,740,850,850
,Aggregated,5534,0,7,42.951094994578945,1.2328999999997592,846.8315000000005,8688.0,290.4042379017639,0.0,7,10,41,71,110,200,310,460,740,850,850
