Type,Name,Request Count,Failure Count,Median Response Time,Average Response Time,Min Response Time,Max Response Time,Average Content Size,Requests/s,Failures/s,50%,66%,75%,80%,90%,95%,98%,99%,99.9%,99.99%,100%
GET,/,7263,0,43,65.30304628941215,1.2305999999995265,444.39759999999984,8688.0,381.535613606472,0.0,43,86,94,99,190,220,290,300,390,440,440
,Aggregated,7263,0,43,65.30304628941215,1.2305999999995265,444.39759999999984,8688.0,381.535613606472,0.0,43,86,94,99,190,220,290,300,390,440,440
