Type,Name,Request Count,Failure Count,Median Response Time,Average Response Time,Min Response Time,Max Response Time,Average Content Size,Requests/s,Failures/s,50%,66%,75%,80%,90%,95%,98%,99%,99.9%,99.99%,100%
GET,/,2807,0,100.0,154.77707210545086,1.243599999998679,802.8349999999999,8688.0,147.67369165247584,0.0,100,110,190,200,400,510,600,610,720,800,800
,Aggregated,2807,0,100.0,154.77707210545086,1.243599999998679,802.8349999999999,8688.0,147.67369165247584,0.0,100,110,190,200,400,510,600,610,720,800,800
