Type,Name,Request Count,Failure Count,Median Response Time,Average Response Time,Min Response Time,Max Response Time,Average Content Size,Requests/s,Failures/s,50%,66%,75%,80%,90%,95%,98%,99%,99.9%,99.99%,100%
GET,/,5496,0,7,25.511878566229967,1.263500000000306,381.8788999999998,8688.0,289.9647995818611,0.0,7,10,14,27,79,100,190,270,360,380,380
,Aggregated,5496,0,7,25.511878566229967,1.263500000000306,381.8788999999998,8688.0,289.9647995818611,0.0,7,10,14,27,79,100,190,270,360,380,380
