Type,Name,Request Count,Failure Count,Median Response Time,Average Response Time,Min Response Time,Max Response Time,Average Content Size,Requests/s,Failures/s,50%,66%,75%,80%,90%,95%,98%,99%,99.9%,99.99%,100%
GET,/,3956,0,5,25.408461324570293,1.2003000000007091,342.27839999999964,8688.0,207.5094028485249,0.0,5,8,10,13,89,150,200,230,310,340,340
,Aggregated,3956,0,5,25.408461324570293,1.2003000000007091,342.27839999999964,8688.0,207.5094028485249,0.0,5,8,10,13,89,150,200,230,310,340,340
