Type,Name,Request Count,Failure Count,Median Response Time,Average Response Time,Min Response Time,Max Response Time,Average Content Size,Requests/s,Failures/s,50%,66%,75%,80%,90%,95%,98%,99%,99.9%,99.99%,100%
GET,/,5698,0,8,31.710996489996454,1.2727000000012367,491.3140999999999,8688.0,299.5564099082169,0.0,8,12,25,63,89,160,200,260,390,490,490
,Aggregated,5698,0,8,31.710996489996454,1.2727000000012367,491.3140999999999,8688.0,299.5564099082169,0.0,8,12,25,63,89,160,200,260,390,490,490
