Type,Name,Request Count,Failure Count,Median Response Time,Average Response Time,Min Response Time,Max Response Time,Average Content Size,Requests/s,Failures/s,50%,66%,75%,80%,90%,95%,98%,99%,99.9%,99.99%,100%
GET,/,3564,0,5,37.69764116161614,1.1974999999999625,524.4721999999999,8688.0,187.29403598558997,0.0,5,7,23,69,97,230,330,390,450,520,520
,Aggregated,3564,0,5,37.69764116161614,1.1974999999999625,524.4721999999999,8688.0,187.29403598558997,0.0,5,7,23,69,97,230,330,390,450,520,520
