Type,Name,Request Count,Failure Count,Median Response Time,Average Response Time,Min Response Time,Max Response Time,Average Content Size,Requests/s,Failures/s,50%,66%,75%,80%,90%,95%,98%,99%,99.9%,99.99%,100%
GET,/,7084,0,12,36.98043901750415,1.3068000000000524,585.3218999999998,8688.0,371.7831789601032,0.0,12,21,30,54,95,190,270,320,420,590,590
,Aggregated,7084,0,12,36.98043901750415,1.3068000000000524,585.3218999999998,8688.0,371.7831789601032,0.0,12,21,30,54,95,190,270,320,420,590,590
