Type,Name,Request Count,Failure Count,Median Response Time,Average Response Time,Min Response Time,Max Response Time,Average Content Size,Requests/s,Failures/s,50%,66%,75%,80%,90%,95%,98%,99%,99.9%,99.99%,100%
GET,/,5043,0,6,32.23646609161206,1.205399999999912,458.78939999999966,8688.0,264.5072335314919,0.0,6,10,15,46,92,200,290,300,450,460,460
,Aggregated,5043,0,6,32.23646609161206,1.205399999999912,458.78939999999966,8688.0,264.5072335314919,0.0,6,10,15,46,92,200,290,300,450,460,460
