Type,Name,Request Count,Failure Count,Median Response Time,Average Response Time,Min Response Time,Max Response Time,Average Content Size,Requests/s,Failures/s,50%,66%,75%,80%,90%,95%,98%,99%,99.9%,99.99%,100%
GET,/,5123,0,89,96.31800665625654,1.2948000000001514,888.5998999999996,8688.0,269.5397129040996,0.0,89,96,100,110,220,370,500,590,690,890,890
,Aggregated,5123,0,89,96.31800665625654,1.2948000000001514,888.5998999999996,8688.0,269.5397129040996,0.0,89,96,100,110,220,370,500,590,690,890,890
