Type,Name,Request Count,Failure Count,Median Response Time,Average Response Time,Min Response Time,Max Response Time,Average Content Size,Requests/s,Failures/s,50%,66%,75%,80%,90%,95%,98%,99%,99.9%,99.99%,100%
GET,/,6280,0,11,181.19423851910867,1.3503999999997518,2698.7767000000003,8688.0,329.20900513029153,0.0,11,82,91,95,210,1800,2300,2400,2400,2700,2700
,Aggregated,6280,0,11,181.19423851910867,1.3503999999997518,2698.7767000000003,8688.0,329.20900513029153,0.0,11,82,91,95,210,1800,2300,2400,2400,2700,2700
