Type,Name,Request Count,Failure Count,Median Response Time,Average Response Time,Min Response Time,Max Response Time,Average Content Size,Requests/s,Failures/s,50%,66%,75%,80%,90%,95%,98%,99%,99.9%,99.99%,100%
GET,/,5864,0,8,29.419811715552594,1.2173000000004208,405.64290000000017,8688.0,308.7289838896543,0.0,8,14,42,61,86,100,180,200,390,410,410
,Aggregated,5864,0,8,29.419811715552594,1.2173000000004208,405.64290000000017,8688.0,308.7289838896543,0.0,8,14,42,61,86,100,180,200,390,410,410
