Type,Name,Request Count,Failure Count,Median Response Time,Average Response Time,Min Response Time,Max Response Time,Average Content Size,Requests/s,Failures/s,50%,66%,75%,80%,90%,95%,98%,99%,99.9%,99.99%,100%
GET,/,5133,0,6,29.419067523865216,1.2740999999998337,361.44700000000006,8688.0,269.86614846820606,0.0,6,10,22,61,93,110,200,270,350,360,360
,Aggregated,5133,0,6,29.419067523865216,1.2740999999998337,361.44700000000006,8688.0,269.86614846820606,0.0,6,10,22,61,93,110,200,270,350,360,360
