Type,Name,Request Count,Failure Count,Median Response Time,Average Response Time,Min Response Time,Max Response Time,Average Content Size,Requests/s,Failures/s,50%,66%,75%,80%,90%,95%,98%,99%,99.9%,99.99%,100%
GET,/,4499,0,7,22.13930869082024,1.2535000000006846,295.49130000000014,8688.0,239.1979958460044,0.0,7,10,13,27,76,93,170,190,290,300,300
,Aggregated,4499,0,7,22.13930869082024,1.2535000000006846,295.49130000000014,8688.0,239.1979958460044,0.0,7,10,13,27,76,93,170,190,290,300,300
