Type,Name,Request Count,Failure Count,Median Response Time,Average Response Time,Min Response Time,Max Response Time,Average Content Size,Requests/s,Failures/s,50%,66%,75%,80%,90%,95%,98%,99%,99.9%,99.99%,100%
GET,/,2618,0,79,71.57957601222276,1.2130999999993008,485.1261,8688.0,137.70714327108044,0.0,79,95,98,100,190,230,300,380,480,490,490
,Aggregated,2618,0,79,71.57957601222276,1.2130999999993008,485.1261,8688.0,137.70714327108044,0.0,79,95,98,100,190,230,300,380,480,490,490
