Type,Name,Request Count,Failure Count,Median Response Time,Average Response Time,Min Response Time,Max Response Time,Average Content Size,Requests/s,Failures/s,50%,66%,75%,80%,90%,95%,98%,99%,99.9%,99.99%,100%
GET,/,5990,0,7,38.9094682971618,1.1649000000000242,391.29119999999995,8688.0,314.8689660648752,0.0,7,13,57,79,110,200,270,290,380,390,390
,Aggregated,5990,0,7,38.9094682971618,1.1649000000000242,391.29119999999995,8688.0,314.8689660648752,0.0,7,13,57,79,110,200,270,290,380,390,390
