Type,Name,Request Count,Failure Count,Median Response Time,Average Response Time,Min Response Time,Max Response Time,Average Content Size,Requests/s,Failures/s,50%,66%,75%,80%,90%,95%,98%,99%,99.9%,99.99%,100%
GET,/,4921,0,9,61.25074358870148,1.230400000000742,660.5628000000002,8688.0,258.8656423380703,0.0,9,86,93,96,110,200,390,460,630,660,660
,Aggregated,4921,0,9,61.25074358870148,1.230400000000742,660.5628000000002,8688.0,258.8656423380703,0.0,9,86,93,96,110,200,390,460,630,660,660
