Type,Name,Request Count,Failure Count,Median Response Time,Average Response Time,Min Response Time,Max Response Time,Average Content Size,Requests/s,Failures/s,50%,66%,75%,80%,90%,95%,98%,99%,99.9%,99.99%,100%
GET,/,1918,0,4,29.57146386861321,1.1296000000022843,560.5287999999999,8688.0,100.88776253996812,0.0,4,4,5,5,71,190,450,550,560,560,560
,Aggregated,1918,0,4,29.57146386861321,1.1296000000022843,560.5287999999999,8688.0,100.88776253996812,0.0,4,4,5,5,71,190,450,550,560,560,560
