Type,Name,Request Count,Failure Count,Median Response Time,Average Response Time,Min Response Time,Max Response Time,Average Content Size,Requests/s,Failures/s,50%,66%,75%,80%,90%,95%,98%,99%,99.9%,99.99%,100%
GET,/,7331,0,9,44.59426566634836,1.278700000000299,487.4276000000002,8688.0,384.59398587866957,0.0,9,20,67,81,130,200,280,340,420,490,490
,Aggregated,7331,0,9,44.59426566634836,1.278700000000299,487.4276000000002,8688.0,384.59398587866957,0.0,9,20,67,81,130,200,280,340,420,490,490
