Type,Name,Request Count,Failure Count,Median Response Time,Average Response Time,Min Response Time,Max Response Time,Average Content Size,Requests/s,Failures/s,50%,66%,75%,80%,90%,95%,98%,99%,99.9%,99.99%,100%
GET,/,6456,0,10,28.599573636926927,1.2386000000006447,390.70480000000043,8688.0,339.79208741124785,0.0,10,14,19,39,92,130,190,220,290,390,390
,Aggregated,6456,0,10,28.599573636926927,1.2386000000006447,390.70480000000043,8688.0,339.79208741124785,0.0,10,14,19,39,92,130,190,220,290,390,390
