Type,Name,Request Count,Failure Count,Median Response Time,Average Response Time,Min Response Time,Max Response Time,Average Content Size,Requests/s,Failures/s,50%,66%,75%,80%,90%,95%,98%,99%,99.9%,99.99%,100%
GET,/,6307,0,9,46.92518259077234,1.2191000000001395,428.46150000000006,8688.0,331.076518239469,0.0,9,46,81,90,110,200,290,330,400,430,430
,Aggregated,6307,0,9,46.92518259077234,1.2191000000001395,428.46150000000006,8688.0,331.076518239469,0.0,9,46,81,90,110,200,290,330,400,430,430
