Type,Name,Request Count,Failure Count,Median Response Time,Average Response Time,Min Response Time,Max Response Time,Average Content Size,Requests/s,Failures/s,50%,66%,75%,80%,90%,95%,98%,99%,99.9%,99.99%,100%
GET,/,7038,0,11,59.62185409207171,1.1703999999994608,508.8320000000004,8688.0,369.46317729121586,0.0,11,86,92,95,150,210,300,380,480,510,510
,Aggregated,7038,0,11,59.62185409207171,1.1703999999994608,508.8320000000004,8688.0,369.46317729121586,0.0,11,86,92,95,150,210,300,380,480,510,510
