Type,Name,Request Count,Failure Count,Median Response Time,Average Response Time,Min Response Time,Max Response Time,Average Content Size,Requests/s,Failures/s,50%,66%,75%,80%,90%,95%,98%,99%,99.9%,99.99%,100%
GET,/,7559,0,14,40.007410808307746,1.317900000000094,397.72720000000027,8688.0,396.6213013467044,0.0,14,37,62,78,100,140,200,270,350,400,400
,Aggregated,7559,0,14,40.007410808307746,1.317900000000094,397.72720000000027,8688.0,396.6213013467044,0.0,14,37,62,78,100,140,200,270,350,400,400
