Type,Name,Request Count,Failure Count,Median Response Time,Average Response Time,Min Response Time,Max Response Time,Average Content Size,Requests/s,Failures/s,50%,66%,75%,80%,90%,95%,98%,99%,99.9%,99.99%,100%
GET,/,6091,0,10,30.81947532424868,1.3316000000003214,352.1380999999999,8688.0,320.4110700228624,0.0,10,15,31,52,88,150,200,250,290,350,350
,Aggregated,6091,0,10,30.81947532424868,1.3316000000003214,352.1380999999999,8688.0,320.4110700228624,0.0,10,15,31,52,88,150,200,250,290,350,350
