Type,Name,Request Count,Failure Count,Median Response Time,Average Response Time,Min Response Time,Max Response Time,Average Content Size,Requests/s,Failures/s,50%,66%,75%,80%,90%,95%,98%,99%,99.9%,99.99%,100%
GET,/,6040,0,10,26.625410082781617,1.4003999999996353,328.6877000000001,8688.0,319.3168652914605,0.0,10,16,22,35,76,120,170,220,290,330,330
,Aggregated,6040,0,10,26.625410082781617,1.4003999999996353,328.6877000000001,8688.0,319.3168652914605,0.0,10,16,22,35,76,120,170,220,290,330,330
