Type,Name,Request Count,Failure Count,Median Response Time,Average Response Time,Min Response Time,Max Response Time,Average Content Size,Requests/s,Failures/s,50%,66%,75%,80%,90%,95%,98%,99%,99.9%,99.99%,100%
GET,/,6466,0,8,30.09046461490855,1.2963999999993092,318.25979999999987,8688.0,340.1089119234013,0.0,8,12,38,58,89,120,190,250,300,320,320
,Aggregated,6466,0,8,30.09046461490855,1.2963999999993092,318.25979999999987,8688.0,340.1089119234013,0.0,8,12,38,58,89,120,190,250,300,320,320
