Type,Name,Request Count,Failure Count,Median Response Time,Average Response Time,Min Response Time,Max Response Time,Average Content Size,Requests/s,Failures/s,50%,66%,75%,80%,90%,95%,98%,99%,99.9%,99.99%,100%
GET,/,6101,0,8,28.76747146369453,1.2969000000015996,390.1531999999994,8688.0,320.0208507518032,0.0,8,11,16,40,91,130,210,290,380,390,390
,Aggregated,6101,0,8,28.76747146369453,1.2969000000015996,390.1531999999994,8688.0,320.0208507518032,0.0,8,11,16,40,91,130,210,290,380,390,390
