Type,Name,Request Count,Failure Count,Median Response Time,Average Response Time,Min Response Time,Max Response Time,Average Content Size,Requests/s,Failures/s,50%,66%,75%,80%,90%,95%,98%,99%,99.9%,99.99%,100%
GET,/,7260,0,47,66.30357670798863,1.3287000000019589,492.93889999999993,8688.0,380.6005751958639,0.0,47,88,95,100,190,220,300,330,480,490,490
,Aggregated,7260,0,47,66.30357670798863,1.3287000000019589,492.93889999999993,8688.0,380.6005751958639,0.0,47,88,95,100,190,220,300,330,480,490,490
