Type,Name,Request Count,Failure Count,Median Response Time,Average Response Time,Min Response Time,Max Response Time,Average Content Size,Requests/s,Failures/s,50%,66%,75%,80%,90%,95%,98%,99%,99.9%,99.99%,100%
GET,/,1497,0,6,58.97220106880432,1.4108999999997707,751.7526999999999,8688.0,78.67751104182683,0.0,6,8,13,51,210,500,600,660,700,750,750
,Aggregated,1497,0,6,58.97220106880432,1.4108999999997707,751.7526999999999,8688.0,78.67751104182683,0.0,6,8,13,51,210,500,600,660,700,750,750
