Type,Name,Request Count,Failure Count,Median Response Time,Average Response Time,Min Response Time,Max Response Time,Average Content Size,Requests/s,Failures/s,50%,66%,75%,80%,90%,95%,98%,99%,99.9%,99.99%,100%
GET,/,6104,0,9,25.17042391874186,1.2926999999987032,369.31630000000035,8688.0,322.89323198233205,0.0,9,14,19,30,74,95,180,230,280,370,370
,Aggregated,6104,0,9,25.17042391874186,1.2926999999987032,369.31630000000035,8688.0,322.89323198233205,0.0,9,14,19,30,74,95,180,230,280,370,370
