Type,Name,Request Count,Failure Count,Median Response Time,Average Response Time,Min Response Time,Max Response Time,Average Content Size,Requests/s,Failures/s,50%,66%,75%,80%,90%,95%,98%,99%,99.9%,99.99%,100%
GET,/,5400,0,7,28.47579077777782,1.1674999999993219,373.56370000000004,8688.0,284.98661386264587,0.0,7,14,18,38,83,130,250,290,340,370,370
,Aggregated,5400,0,7,28.47579077777782,1.1674999999993219,373.56370000000004,8688.0,284.98661386264587,0.0,7,14,18,38,83,130,250,290,340,370,370
