Type,Name,Request Count,Failure Count,Median Response Time,Average Response Time,Min Response Time,Max Response Time,Average Content Size,Requests/s,Failures/s,50%,66%,75%,80%,90%,95%,98%,99%,99.9%,99.99%,100%
GET,/,6864,0,11,34.90366646270408,1.231200000001209,392.096,8688.0,360.05396107782735,0.0,11,19,37,61,96,160,210,270,330,390,390
,Aggregated,6864,0,11,34.90366646270408,1.231200000001209,392.096,8688.0,360.05396107782735,0.0,11,19,37,61,96,160,210,270,330,390,390
