Type,Name,Request Count,Failure Count,Median Response Time,Average Response Time,Min Response Time,Max Response Time,Average Content Size,Requests/s,Failures/s,50%,66%,75%,80%,90%,95%,98%,99%,99.9%,99.99%,100%
GET,/,3383,0,6,57.70834253621035,1.173899999999506,487.63410000000107,8688.0,177.80430458595356,0.0,6,51,92,100,200,270,300,310,470,490,490
,Aggregated,3383,0,6,57.70834253621035,1.173899999999506,487.63410000000107,8688.0,177.80430458595356,0.0,6,51,92,100,200,270,300,310,470,490,490
