Type,Name,Request Count,Failure Count,Median Response Time,Average Response Time,Min Response Time,Max Response Time,Average Content Size,Requests/s,Failures/s,50%,66%,75%,80%,90%,95%,98%,99%,99.9%,99.99%,100%
GET,/,2710,0,5,26.127881549815548,1.2627999999992312,582.1046999999999,8688.0,143.50621987044403,0.0,5,6,8,26,81,99,260,440,540,580,580
,Aggregated,2710,0,5,26.127881549815548,1.2627999999992312,582.1046999999999,8688.0,143.50621987044403,0.0,5,6,8,26,81,99,260,440,540,580,580
