Type,Name,Request Count,Failure Count,Median Response Time,Average Response Time,Min Response Time,Max Response Time,Average Content Size,Requests/s,Failures/s,50%,66%,75%,80%,90%,95%,98%,99%,99.9%,99.99%,100%
GET,/,4227,0,7,27.140155665956964,1.2393999999993355,549.0012000000002,8688.0,223.5239090264557,0.0,7,10,13,18,80,110,260,320,520,550,550
,Aggregated,4227,0,7,27.140155665956964,1.2393999999993355,549.0012000000002,8688.0,223.5239090264557,0.0,7,10,13,18,80,110,260,320,520,550,550
