Type,Name,Request Count,Failure Count,Median Response Time,Average Response Time,Min Response Time,Max Response Time,Average Content Size,Requests/s,Failures/s,50%,66%,75%,80%,90%,95%,98%,99%,99.9%,99.99%,100%
GET,/,5992,0,8,27.653402820427235,1.248699999997882,386.3749999999997,8688.0,315.8091133575807,0.0,8,12,17,42,82,120,200,280,290,390,390
,Aggregated,5992,0,8,27.653402820427235,1.248699999997882,386.3749999999997,8688.0,315.8091133575807,0.0,8,12,17,42,82,120,200,280,290,390,390
