Type,Name,Request Count,Failure Count,Median Response Time,Average Response Time,Min Response Time,Max Response Time,Average Content Size,Requests/s,Failures/s,50%,66%,75%,80%,90%,95%,98%,99%,99.9%,99.99%,100%
GET,/,7917,0,14,51.59514552229366,1.4524000000015747,582.5616999999994,8688.0,415.1756648929237,0.0,14,64,84,90,120,190,290,320,470,580,580
,Aggregated,7917,0,14,51.59514552229366,1.4524000000015747,582.5616999999994,8688.0,415.1756648929237,0.0,14,64,84,90,120,190,290,320,470,580,580
