Type,Name,Request Count,Failure Count,Median Response Time,Average Response Time,Min Response Time,Max Response Time,Average Content Size,Requests/s,Failures/s,50%,66%,75%,80%,90%,95%,98%,99%,99.9%,99.99%,100%
GET,/,3776,0,6,174.45668723516962,1.2182999999996724,2499.3275,8688.0,198.6716700754779,0.0,6,46,85,100,280,2000,2200,2200,2400,2500,2500
,Aggregated,3776,0,6,174.45668723516962,1.2182999999996724,2499.3275,8688.0,198.6716700754779,0.0,6,46,85,100,280,2000,2200,2200,2400,2500,2500
