Type,Name,Request Count,Failure Count,Median Response Time,Average Response Time,Min Response Time,Max Response Time,Average Content Size,Requests/s,Failures/s,50%,66%,75%,80%,90%,95%,98%,99%,99.9%,99.99%,100%
GET,/,7119,0,7,34.971688593903636,1.183299999999221,644.7191000000006,8688.0,374.84646006375164,0.0,7,12,29,60,98,170,250,300,640,640,640
,Aggregated,7119,0,7,34.971688593903636,1.183299999999221,644.7191000000006,8688.0,374.84646006375164,0.0,7,12,29,60,98,170,250,300,640,640,640
