Type,Name,Request Count,Failure Count,Median Response Time,Average Response Time,Min Response Time,Max Response Time,Average Content Size,Requests/s,Failures/s,50%,66%,75%,80%,90%,95%,98%,99%,99.9%,99.99%,100%
GET,/,5624,0,9,23.6624354551921,1.2376999999972327,455.97079999999977,8688.0,296.9950323061636,0.0,9,12,14,20,73,96,170,220,430,460,460
,Aggregated,5624,0,9,23.6624354551921,1.2376999999972327,455.97079999999977,8688.0,296.9950323061636,0.0,9,12,14,20,73,96,170,220,430,460,460
