Type,Name,Request Count,Failure Count,Median Response Time,Average Response Time,Min Response Time,Max Response Time,Average Content Size,Requests/s,Failures/s,50%,66%,75%,80%,90%,95%,98%,99%,99.9%,99.99%,100%
GET,/,6261,0,8,31.202428701485495,1.2300999999990125,338.19420000000025,8688.0,328.5076802423211,0.0,8,14,24,56,95,150,200,250,310,340,340
,Aggregated,6261,0,8,31.202428701485495,1.2300999999990125,338.19420000000025,8688.0,328.5076802423211,0.0,8,14,24,56,95,150,200,250,310,340,340
