Type,Name,Request Count,Failure Count,Median Response Time,Average Response Time,Min Response Time,Max Response Time,Average Content Size,Requests/s,Failures/s,50%,66%,75%,80%,90%,95%,98%,99%,99.9%,99.99%,100%
GET,/,7235,0,7,34.984463054595636,1.2204999999996247,589.1158,8688.0,379.77486975731586,0.0,7,11,27,54,94,200,300,360,400,590,590
,Aggregated,7235,0,7,34.984463054595636,1.2204999999996247,589.1158,8688.0,379.77486975731586,0.0,7,11,27,54,94,200,300,360,400,590,590
