Type,Name,Request Count,Failure Count,Median Response Time,Average Response Time,Min Response Time,Max Response Time,Average Content Size,Requests/s,Failures/s,50%,66%,75%,80%,90%,95%,98%,99%,99.9%,99.99%,100%
GET,/,7189,0,8,40.00616793712602,1.2208999999998582,592.3088999999999,8688.0,376.76723146293403,0.0,8,12,45,72,100,190,280,390,550,590,590
,Aggregated,7189,0,8,40.00616793712602,1.2208999999998582,592.3088999999999,8688.0,376.76723146293403,0.0,8,12,45,72,100,190,280,390,550,590,590
