Type,Name,Request Count,Failure Count,Median Response Time,Average Response Time,Min Response Time,Max Response Time,Average Content Size,Requests/s,Failures/s,50%,66%,75%,80%,90%,95%,98%,99%,99.9%,99.99%,100%
GET,/,4074,0,7,25.720217648502608,1.1775999999992237,364.7870000000002,8688.0,215.4611941183599,0.0,7,10,12,15,73,150,250,300,360,360,360
,Aggregated,4074,0,7,25.720217648502608,1.1775999999992237,364.7870000000002,8688.0,215.4611941183599,0.0,7,10,12,15,73,150,250,300,360,360,360
