Type,Name,Request Count,Failure Count,Median Response Time,Average Response Time,Min Response Time,Max Response Time,Average Content Size,Requests/s,Failures/s,50%,66%,75%,80%,90%,95%,98%,99%,99.9%,99.99%,100%
GET,/,6904,0,11,31.689082937427546,1.294999999998936,316.6187999999996,8688.0,362.8475876914072,0.0,11,18,40,57,90,120,190,210,300,320,320
,Aggregated,6904,0,11,31.689082937427546,1.294999999998936,316.6187999999996,8688.0,362.8475876914072,0.0,11,18,40,57,90,120,190,210,300,320,320
