Type,Name,Request Count,Failure Count,Median Response Time,Average Response Time,Min Response Time,Max Response Time,Average Content Size,Requests/s,Failures/s,50%,66%,75%,80%,90%,95%,98%,99%,99.9%,99.99%,100%
GET,/,6583,0,6,45.54935596232736,1.2043999999988841,502.2958000000006,8688.0,345.69887010316177,0.0,6,18,76,86,160,200,290,300,400,500,500
,Aggregated,6583,0,6,45.54935596232736,1.2043999999988841,502.2958000000006,8688.0,345.69887010316177,0.0,6,18,76,86,160,200,290,300,400,500,500
