Type,Name,Request Count,Failure Count,Median Response Time,Average Response Time,Min Response Time,Max Response Time,Average Content Size,Requests/s,Failures/s,50%,66%,75%,80%,90%,95%,98%,99%,99.9%,99.99%,100%
GET,/,7458,0,9,35.66347890855458,1.281900000000391,375.5505000000001,8688.0,391.23113345984854,0.0,9,16,47,65,100,180,220,280,300,380,380
,Aggregated,7458,0,9,35.66347890855458,1.281900000000391,375.5505000000001,8688.0,391.23113345984854,0.0,9,16,47,65,100,180,220,280,300,380,380
