Type,Name,Request Count,Failure Count,Median Response Time,Average Response Time,Min Response Time,Max Response Time,Average Content Size,Requests/s,Failures/s,50%,66%,75%,80%,90%,95%,98%,99%,99.9%,99.99%,100%
GET,/,3394,0,4,27.431115173836147,1.079299999998895,468.36920000000015,8688.0,178.5378492255205,0.0,4,5,6,7,81,190,300,300,470,470,470
,Aggregated,3394,0,4,27.431115173836147,1.079299999998895,468.36920000000015,8688.0,178.5378492255205,0.0,4,5,6,7,81,190,300,300,470,470,470
