Type,Name,Request Count,Failure Count,Median Response Time,Average Response Time,Min Response Time,Max Response Time,Average Content Size,Requests/s,Failures/s,50%,66%,75%,80%,90%,95%,98%,99%,99.9%,99.99%,100%
GET,/,7733,0,96,122.68885308418443,1.2535000000006846,696.9871999999997,8688.0,405.36297842551875,0.0,96,110,190,200,290,320,410,500,630,700,700
,Aggregated,7733,0,96,122.68885308418443,1.2535000000006846,696.9871999999997,8688.0,405.36297842551875,0.0,96,110,190,200,290,320,410,500,630,700,700
