Type,Name,Request Count,Failure Count,Median Response Time,Average Response Time,Min Response Time,Max Response Time,Average Content Size,Requests/s,Failures/s,50%,66%,75%,80%,90%,95%,98%,99%,99.9%,99.99%,100%
GET,/,7149,0,21,59.914977493355885,1.191700000001461,359.8414000000001,8688.0,374.8724914442472,0.0,21,87,93,97,150,200,270,290,340,360,360
,Aggregated,7149,0,21,59.914977493355885,1.191700000001461,359.8414000000001,8688.0,374.8724914442472,0.0,21,87,93,97,150,200,270,290,340,360,360
