Type,Name,Request Count,Failure Count,Median Response Time,Average Response Time,Min Response Time,Max Response Time,Average Content Size,Requests/s,Failures/s,50%,66%,75%,80%,90%,95%,98%,99%,99.9%,99.99%,100%
GET,/,5190,0,5,32.01008287090562,1.201300000001737,350.0793,8688.0,273.10487196848146,0.0,5,7,12,52,96,190,240,290,350,350,350
,Aggregated,5190,0,5,32.01008287090562,1.201300000001737,350.0793,8688.0,273.10487196848146,0.0,5,7,12,52,96,190,240,290,350,350,350
