Type,Name,Request Count,Failure Count,Median Response Time,Average Response Time,Min Response Time,Max Response Time,Average Content Size,Requests/s,Failures/s,50%,66%,75%,80%,90%,95%,98%,99%,99.9%,99.99%,100%
GET,/,5128,0,7,30.47972968018726,1.225000000001586,576.3211000000003,8688.0,269.3052017267524,0.0,7,10,16,47,82,110,300,300,550,580,580
,Aggregated,5128,0,7,30.47972968018726,1.225000000001586,576.3211000000003,8688.0,269.3052017267524,0.0,7,10,16,47,82,110,300,300,550,580,580
