Type,Name,Request Count,Failure Count,Median Response Time,Average Response Time,Min Response Time,Max Response Time,Average Content Size,Requests/s,Failures/s,50%,66%,75%,80%,90%,95%,98%,99%,99.9%,99.99%,100%
GET,/,5138,0,8,51.882263993771716,1.2714000000002557,603.5433999999996,8688.0,270.17787084456734,0.0,8,31,78,92,180,260,330,390,510,600,600
,Aggregated,5138,0,8,51.882263993771716,1.2714000000002557,603.5433999999996,8688.0,270.17787084456734,0.0,8,31,78,92,180,260,330,390,510,600,600
