Type,Name,Request Count,Failure Count,Median Response Time,Average Response Time,Min Response Time,Max Response Time,Average Content Size,Requests/s,Failures/s,50%,66%,75%,80%,90%,95%,98%,99%,99.9%,99.99%,100%
GET,/,6539,0,61,77.21589883774303,1.2827000000008582,487.37399999999997,8688.0,343.12258663216846,0.0,61,92,98,110,210,300,330,390,430,490,490
,Aggregated,6539,0,61,77.21589883774303,1.2827000000008582,487.37399999999997,8688.0,343.12258663216846,0.0,61,92,98,110,210,300,330,390,430,490,490
