Type,Name,Request Count,Failure Count,Median Response Time,Average Response Time,Min Response Time,Max Response Time,Average Content Size,Requests/s,Failures/s,50%,66%,75%,80%,90%,95%,98%,99%,99.9%,99.99%,100%
GET,/,6600,0,7,28.88864931818174,1.2676000000002574,457.7249999999999,8688.0,347.5344698363039,0.0,7,10,20,48,89,130,190,230,450,460,460
,Aggregated,6600,0,7,28.88864931818174,1.2676000000002574,457.7249999999999,8688.0,347.5344698363039,0.0,7,10,20,48,89,130,190,230,450,460,460
