Type,Name,Request Count,Failure Count,Median Response Time,Average Response Time,Min Response Time,Max Response Time,Average Content Size,Requests/s,Failures/s,50%,66%,75%,80%,90%,95%,98%,99%,99.9%,99.99%,100%
GET,/,4838,0,7,27.332019801570787,1.1601999999992785,334.56330000000014,8688.0,253.97127472284748,0.0,7,11,14,39,90,110,200,220,300,330,330
,Aggregated,4838,0,7,27.332019801570787,1.1601999999992785,334.56330000000014,8688.0,253.97127472284748,0.0,7,11,14,39,90,110,200,220,300,330,330
