Type,Name,Request Count,Failure Count,Median Response Time,Average Response Time,Min Response Time,Max Response Time,Average Content Size,Requests/s,Failures/s,50%,66%,75%,80%,90%,95%,98%,99%,99.9%,99.99%,100%
GET,/,7782,0,10,39.21900822410692,1.1919999999996378,352.37100000000066,8688.0,407.9994987017483,0.0,10,17,53,71,100,190,240,270,330,350,350
,Aggregated,7782,0,10,39.21900822410692,1.1919999999996378,352.37100000000066,8688.0,407.9994987017483,0.0,10,17,53,71,100,190,240,270,330,350,350
