Type,Name,Request Count,Failure Count,Median Response Time,Average Response Time,Min Response Time,Max Response Time,Average Content Size,Requests/s,Failures/s,50%,66%,75%,80%,90%,95%,98%,99%,99.9%,99.99%,100%
GET,/,5145,0,7,28.68490182701646,1.2768999999970276,391.40019999999964,8688.0,271.37086318146004,0.0,7,11,17,45,93,140,200,270,300,390,390
,Aggregated,5145,0,7,28.68490182701646,1.2768999999970276,391.40019999999964,8688.0,271.37086318146004,0.0,7,11,17,45,93,140,200,270,300,390,390
