Type,Name,Request Count,Failure Count,Median Response Time,Average Response Time,Min Response Time,Max Response Time,Average Content Size,Requests/s,Failures/s,50%,66%,75%,80%,90%,95%,98%,99%,99.9%,99.99%,100%
GET,/,2314,0,4,19.994194900605045,1.1505000000013865,383.21760000000006,8688.0,123.58756050199095,0.0,4,5,6,7,58,95,290,300,320,380,380
,Aggregated,2314,0,4,19.994194900605045,1.1505000000013865,383.21760000000006,8688.0,123.58756050199095,0.0,4,5,6,7,58,95,290,300,320,380,380
