Type,Name,Request Count,Failure Count,Median Response Time,Average Response Time,Min Response Time,Max Response Time,Average Content Size,Requests/s,Failures/s,50%,66%,75%,80%,90%,95%,98%,99%,99.9%,99.99%,100%
GET,/,6456,0,8,31.49830034076821,1.215700000001263,431.6784999999999,8688.0,339.2815164138787,0.0,8,13,19,51,94,150,220,290,390,430,430
,Aggregated,6456,0,8,31.49830034076821,1.215700000001263,431.6784999999999,8688.0,339.2815164138787,0.0,8,13,19,51,94,150,220,290,390,430,430
