Type,Name,Request Count,Failure Count,Median Response Time,Average Response Time,Min Response Time,Max Response Time,Average Content Size,Requests/s,Failures/s,50%,66%,75%,80%,90%,95%,98%,99%,99.9%,99.99%,100%
GET,/,3626,0,5,32.049342608935454,1.1647999999997438,445.9499,8688.0,190.67848289170934,0.0,5,6,9,50,92,200,280,330,370,450,450
,Aggregated,3626,0,5,32.049342608935454,1.1647999999997438,445.9499,8688.0,190.67848289170934,0.0,5,6,9,50,92,200,280,330,370,450,450
