Type,Name,Request Count,Failure Count,Median Response Time,Average Response Time,Min Response Time,Max Response Time,Average Content Size,Requests/s,Failures/s,50%,66%,75%,80%,90%,95%,98%,99%,99.9%,99.99%,100%
GET,/,6497,0,9,30.103948022164083,1.259499999999747,389.2182000000002,8688.0,342.6739250118793,0.0,9,13,23,50,90,130,200,250,320,390,390
,Aggregated,6497,0,9,30.103948022164083,1.259499999999747,389.2182000000002,8688.0,342.6739250118793,0.0,9,13,23,50,90,130,200,250,320,390,390
