Type,Name,Request Count,Failure Count,Median Response Time,Average Response Time,Min Response Time,Max Response Time,Average Content Size,Requests/s,Failures/s,50%,66%,75%,80%,90%,95%,98%,99%,99.9%,99.99%,100%
GET,/,5081,0,7,51.76761001771295,1.194299999998094,694.5829999999997,8688.0,266.7510768265196,0.0,7,12,52,90,190,290,400,490,600,690,690
,Aggregated,5081,0,7,51.76761001771295,1.194299999998094,694.5829999999997,8688.0,266.7510768265196,0.0,7,12,52,90,190,290,400,490,600,690,690
