Type,Name,Request Count,Failure Count,Median Response Time,Average Response Time,Min Response Time,Max Response Time,Average Content Size,Requests/s,Failures/s,50%,66%,75%,80%,90%,95%,98%,99%,99.9%,99.99%,100%
GET,/,4142,0,6,26.14226383389667,1.226700000000136,403.8021999999999,8688.0,219.00375353631705,0.0,6,9,11,15,85,110,210,300,400,400,400
,Aggregated,4142,0,6,26.14226383389667,1.226700000000136,403.8021999999999,8688.0,219.00375353631705,0.0,6,9,11,15,85,110,210,300,400,400,400
