Type,Name,Request Count,Failure Count,Median Response Time,Average Response Time,Min Response Time,Max Response Time,Average Content Size,Requests/s,Failures/s,50%,66%,75%,80%,90%,95%,98%,99%,99.9%,99.99%,100%
GET,/,2727,0,500.0,557.1066812614588,13.82070000000013,1639.7053,8688.0,143.0792985515248,0.0,500,690,730,800,900,1000,1200,1200,1400,1600,1600
,Aggregated,2727,0,500.0,557.1066812614588,13.82070000000013,1639.7053,8688.0,143.0792985515248,0.0,500,690,730,800,900,1000,1200,1200,1400,1600,1600
