Type,Name,Request Count,Failure Count,Median Response Time,Average Response Time,Min Response Time,Max Response Time,Average Content Size,Requests/s,Failures/s,50%,66%,75%,80%,90%,95%,98%,99%,99.9%,99.99%,100%
GET,/,3870,0,5,32.59011984496122,1.2075999999989762,671.9233,8688.0,203.4241912441166,0.0,5,8,13,17,83,180,400,490,570,670,670
,Aggregated,3870,0,5,32.59011984496122,1.2075999999989762,671.9233,8688.0,203.4241912441166,0.0,5,8,13,17,83,180,400,490,570,670,670
