Type,Name,Request Count,Failure Count,Median Response Time,Average Response Time,Min Response Time,Max Response Time,Average Content Size,Requests/s,Failures/s,50%,66%,75%,80%,90%,95%,98%,99%,99.9%,99.99%,100%
GET,/,6685,0,6,46.15273258040402,1.1969000000000563,484.89359999999994,8688.0,350.5719010221964,0.0,6,24,80,91,130,200,290,300,390,480,480
,Aggregated,6685,0,6,46.15273258040402,1.1969000000000563,484.89359999999994,8688.0,350.5719010221964,0.0,6,24,80,91,130,200,290,300,390,480,480
