Type,Name,Request Count,Failure Count,Median Response Time,Average Response Time,Min Response Time,Max Response Time,Average Content Size,Requests/s,Failures/s,50%,66%,75%,80%,90%,95%,98%,99%,99.9%,99.99%,100%
GET,/,6706,0,8,48.44971263048023,1.160000000000494,495.8608,8688.0,352.7728053293058,0.0,8,56,82,90,110,190,290,390,480,500,500
,Aggregated,6706,0,8,48.44971263048023,1.160000000000494,495.8608,8688.0,352.7728053293058,0.0,8,56,82,90,110,190,290,390,480,500,500
