Type,Name,Request Count,Failure Count,Median Response Time,Average Response Time,Min Response Time,Max Response Time,Average Content Size,Requests/s,Failures/s,50%,66%,75%,80%,90%,95%,98%,99%,99.9%,99.99%,100%
GET,/,3682,0,5,27.49331295491587,1.13449999999915,547.9326000000002,8688.0,194.87971445252228,0.0,5,7,9,12,75,160,300,380,480,550,550
,Aggregated,3682,0,5,27.49331295491587,1.13449999999915,547.9326000000002,8688.0,194.87971445252228,0.0,5,7,9,12,75,160,300,380,480,550,550
