Type,Name,Request Count,Failure Count,Median Response Time,Average Response Time,Min Response Time,Max Response Time,Average Content Size,Requests/s,Failures/s,50%,66%,75%,80%,90%,95%,98%,99%,99.9%,99.99%,100%
GET,/,5245,0,8,32.6674933460439,1.2553000000004033,376.75180000000006,8688.0,275.89856596891275,0.0,8,12,22,59,94,180,230,290,320,380,380
,Aggregated,5245,0,8,32.6674933460439,1.2553000000004033,376.75180000000006,8688.0,275.89856596891275,0.0,8,12,22,59,94,180,230,290,320,380,380
