Type,Name,Request Count,Failure Count,Median Response Time,Average Response Time,Min Response Time,Max Response Time,Average Content Size,Requests/s,Failures/s,50%,66%,75%,80%,90%,95%,98%,99%,99.9%,99.99%,100%
GET,/,5576,0,10,40.461108769727524,1.2526999999984412,496.5872,8688.0,292.84801251878895,0.0,10,25,70,83,100,160,200,290,490,500,500
,Aggregated,5576,0,10,40.461108769727524,1.2526999999984412,496.5872,8688.0,292.84801251878895,0.0,10,25,70,83,100,160,200,290,490,500,500
