Type,Name,Request Count,Failure Count,Median Response Time,Average Response Time,Min Response Time,Max Response Time,Average Content Size,Requests/s,Failures/s,50%,66%,75%,80%,90%,95%,98%,99%,99.9%,99.99%,100%
GET,/,1876,0,500.0,994.3948137526643,1.8232999999980848,7437.4692000000005,8688.0,98.67681762530673,0.0,500,510,600,600,4700,6400,6700,6900,7400,7400,7400
,Aggregated,1876,0,500.0,994.3948137526643,1.8232999999980848,7437.4692000000005,8688.0,98.67681762530673,0.0,500,510,600,600,4700,6400,6700,6900,7400,7400,7400
