Type,Name,Request Count,Failure Count,Median Response Time,Average Response Time,Min Response Time,Max Response Time,Average Content Size,Requests/s,Failures/s,50%,66%,75%,80%,90%,95%,98%,99%,99.9%,99.99%,100%
GET,/,2407,0,56,73.00240386373073,1.1639999999992767,584.1575000000001,8688.0,126.59686079793434,0.0,56,92,97,100,200,290,380,480,580,580,580
,Aggregated,2407,0,56,73.00240386373073,1.1639999999992767,584.1575000000001,8688.0,126.59686079793434,0.0,56,92,97,100,200,290,380,480,580,580,580
