Type,Name,Request Count,Failure Count,Median Response Time,Average Response Time,Min Response Time,Max Response Time,Average Content Size,Requests/s,Failures/s,50%,66%,75%,80%,90%,95%,98%,99%,99.9%,99.99%,100%
GET,/,5774,0,16,73.94122713889848,1.3227000000011202,1508.6493999999996,8688.0,302.8267576642441,0.0,16,61,88,95,180,290,510,1100,1300,1500,1500
,Aggregated,5774,0,16,73.94122713889848,1.3227000000011202,1508.6493999999996,8688.0,302.8267576642441,0.0,16,61,88,95,180,290,510,1100,1300,1500,1500
