Type,Name,Request Count,Failure Count,Median Response Time,Average Response Time,Min Response Time,Max Response Time,Average Content Size,Requests/s,Failures/s,50%,66%,75%,80%,90%,95%,98%,99%,99.9%,99.99%,100%
GET,/,5015,0,8,37.610745024925066,1.2364999999991966,461.91760000000005,8688.0,263.81174128883004,0.0,8,12,58,79,97,170,260,300,450,460,460
,Aggregated,5015,0,8,37.610745024925066,1.2364999999991966,461.91760000000005,8688.0,263.81174128883004,0.0,8,12,58,79,97,170,260,300,450,460,460
