Type,Name,Request Count,Failure Count,Median Response Time,Average Response Time,Min Response Time,Max Response Time,Average Content Size,Requests/s,Failures/s,50%,66%,75%,80%,90%,95%,98%,99%,99.9%,99.99%,100%
GET,/,7336,0,9,39.935022178298645,1.206799999998509,527.9768000000003,8688.0,384.76705780060286,0.0,9,18,56,74,110,190,250,270,390,530,530
,Aggregated,7336,0,9,39.935022178298645,1.206799999998509,527.9768000000003,8688.0,384.76705780060286,0.0,9,18,56,74,110,190,250,270,390,530,530
