Type,Name,Request Count,Failure Count,Median Response Time,Average Response Time,Min Response Time,Max Response Time,Average Content Size,Requests/s,Failures/s,50%,66%,75%,80%,90%,95%,98%,99%,99.9%,99.99%,100%
GET,/,7841,0,11,38.85615936742764,1.29659999999987,301.9457000000001,8688.0,411.3673687328386,0.0,11,21,65,79,110,180,200,210,300,300,300
,Aggregated,7841,0,11,38.85615936742764,1.29659999999987,301.9457000000001,8688.0,411.3673687328386,0.0,11,21,65,79,110,180,200,210,300,300,300
