Type,Name,Request Count,Failure Count,Median Response Time,Average Response Time,Min Response Time,Max Response Time,Average Content Size,Requests/s,Failures/s,50%,66%,75%,80%,90%,95%,98%,99%,99.9%,99.99%,100%
GET,/,7858,0,11,46.089366569101585,1.2177999999991584,383.9638000000001,8688.0,412.00850562472016,0.0,11,45,79,87,110,190,270,300,370,380,380
,Aggregated,7858,0,11,46.089366569101585,1.2177999999991584,383.9638000000001,8688.0,412.00850562472016,0.0,11,45,79,87,110,190,270,300,370,380,380
