Type,Name,Request Count,Failure Count,Median Response Time,Average Response Time,Min Response Time,Max Response Time,Average Content Size,Requests/s,Failures/s,50%,66%,75%,80%,90%,95%,98%,99%,99.9%,99.99%,100%
GET,/,7449,0,68,73.6442273728017,1.3642000000011478,502.4550000000003,8688.0,390.8714306085019,0.0,68,91,100,110,190,200,290,300,400,500,500
,Aggregated,7449,0,68,73.6442273728017,1.3642000000011478,502.4550000000003,8688.0,390.8714306085019,0.0,68,91,100,110,190,200,290,300,400,500,500
