Type,Name,Request Count,Failure Count,Median Response Time,Average Response Time,Min Response Time,Max Response Time,Average Content Size,Requests/s,Failures/s,50%,66%,75%,80%,90%,95%,98%,99%,99.9%,99.99%,100%
GET,/,9454,0,62,64.44283288555123,1.3262000000011653,352.6767,8688.0,494.8961533129884,0.0,62,88,96,100,150,190,240,270,340,350,350
,Aggregated,9454,0,62,64.44283288555123,1.3262000000011653,352.6767,8688.0,494.8961533129884,0.0,62,88,96,100,150,190,240,270,340,350,350
