Type,Name,Request Count,Failure Count,Median Response Time,Average Response Time,Min Response Time,Max Response Time,Average Content Size,Requests/s,Failures/s,50%,66%,75%,80%,90%,95%,98%,99%,99.9%,99.99%,100%
GET,/,9175,0,70,71.55390491553139,1.3760999999998802,364.31669999999986,8688.0,482.18943932188745,0.0,70,89,99,100,180,200,250,280,360,360,360
,Aggregated,9175,0,70,71.55390491553139,1.3760999999998802,364.31669999999986,8688.0,482.18943932188745,0.0,70,89,99,100,180,200,250,280,360,360,360
