Type,Name,Request Count,Failure Count,Median Response Time,Average Response Time,Min Response Time,Max Response Time,Average Content Size,Requests/s,Failures/s,50%,66%,75%,80%,90%,95%,98%,99%,99.9%,99.99%,100%
GET,/,9761,0,62,64.80719364819174,1.3983000000017398,355.38380000000024,8688.0,512.3517359389452,0.0,62,85,96,100,160,190,210,240,280,360,360
,Aggregated,9761,0,62,64.80719364819174,1.3983000000017398,355.38380000000024,8688.0,512.3517359389452,0.0,62,85,96,100,160,190,210,240,280,360,360
