Type,Name,Request Count,Failure Count,Median Response Time,Average Response Time,Min Response Time,Max Response Time,Average Content Size,Requests/s,Failures/s,50%,66%,75%,80%,90%,95%,98%,99%,99.9%,99.99%,100%
GET,/,7421,0,14,45.74218524457622,1.335499999999712,426.8454000000004,8688.0,388.7289286522452,0.0,14,55,78,85,110,180,210,250,350,430,430
,Aggregated,7421,0,14,45.74218524457622,1.335499999999712,426.8454000000004,8688.0,388.7289286522452,0.0,14,55,78,85,110,180,210,250,350,430,430
