Type,Name,Request Count,Failure Count,Median Response Time,Average Response Time,Min Response Time,Max Response Time,Average Content Size,Requests/s,Failures/s,50%,66%,75%,80%,90%,95%,98%,99%,99.9%,99.99%,100%
GET,/,9158,0,91,94.6809931644465,1.4786000000004407,391.88060000000036,8688.0,480.1145036156608,0.0,91,100,110,130,190,210,280,290,310,390,390
,Aggregated,9158,0,91,94.6809931644465,1.4786000000004407,391.88060000000036,8688.0,480.1145036156608,0.0,91,100,110,130,190,210,280,290,310,390,390
