Type,Name,Request Count,Failure Count,Median Response Time,Average Response Time,Min Response Time,Max Response Time,Average Content Size,Requests/s,Failures/s,50%,66%,75%,80%,90%,95%,98%,99%,99.9%,99.99%,100%
GET,/,9159,0,26,54.3834318266188,1.320599999999672,386.50589999999954,8688.0,480.24192064513454,0.0,26,76,86,92,110,180,240,270,350,390,390
,Aggregated,9159,0,26,54.3834318266188,1.320599999999672,386.50589999999954,8688.0,480.24192064513454,0.0,26,76,86,92,110,180,240,270,350,390,390
