Type,Name,Request Count,Failure Count,Median Response Time,Average Response Time,Min Response Time,Max Response Time,Average Content Size,Requests/s,Failures/s,50%,66%,75%,80%,90%,95%,98%,99%,99.9%,99.99%,100%
GET,/,9245,0,14,45.12119709031926,1.2767999999994117,349.3671000000003,8688.0,484.3587265934164,0.0,14,51,70,81,110,190,230,260,280,350,350
,Aggregated,9245,0,14,45.12119709031926,1.2767999999994117,349.3671000000003,8688.0,484.3587265934164,0.0,14,51,70,81,110,190,230,260,280,350,350
