Type,Name,Request Count,Failure Count,Median Response Time,Average Response Time,Min Response Time,Max Response Time,Average Content Size,Requests/s,Failures/s,50%,66%,75%,80%,90%,95%,98%,99%,99.9%,99.99%,100%
GET,/,9168,0,74,72.1126948734732,1.3871999999999218,329.2546999999999,8688.0,481.5713947132165,0.0,74,89,98,100,180,200,250,280,300,330,330
,Aggregated,9168,0,74,72.1126948734732,1.3871999999999218,329.2546999999999,8688.0,481.5713947132165,0.0,74,89,98,100,180,200,250,280,300,330,330
