Type,Name,Request Count,Failure Count,Median Response Time,Average Response Time,Min Response Time,Max Response Time,Average Content Size,Requests/s,Failures/s,50%,66%,75%,80%,90%,95%,98%,99%,99.9%,99.99%,100%
GET,/,9588,0,20,49.032886024196934,1.3950999999998714,392.95140000000026,8688.0,502.2914722121062,0.0,20,63,82,89,100,160,270,290,370,390,390
,Aggregated,9588,0,20,49.032886024196934,1.3950999999998714,392.95140000000026,8688.0,502.2914722121062,0.0,20,63,82,89,100,160,270,290,370,390,390
