Type,Name,Request Count,Failure Count,Median Response Time,Average Response Time,Min Response Time,Max Response Time,Average Content Size,Requests/s,Failures/s,50%,66%,75%,80%,90%,95%,98%,99%,99.9%,99.99%,100%
GET,/,9264,0,91,103.75856128022447,1.3153999999993005,485.75469999999757,8688.0,485.54937306750736,0.0,91,110,160,190,210,280,300,310,360,490,490
,Aggregated,9264,0,91,103.75856128022447,1.3153999999993005,485.75469999999757,8688.0,485.54937306750736,0.0,91,110,160,190,210,280,300,310,360,490,490
