Type,Name,Request Count,Failure Count,Median Response Time,Average Response Time,Min Response Time,Max Response Time,Average Content Size,Requests/s,Failures/s,50%,66%,75%,80%,90%,95%,98%,99%,99.9%,99.99%,100%
GET,/,8492,0,77,72.47236874705604,1.441399999999149,393.65079999999966,8688.0,445.02833330542904,0.0,77,89,95,99,190,200,290,300,380,390,390
,Aggregated,8492,0,77,72.47236874705604,1.441399999999149,393.65079999999966,8688.0,445.02833330542904,0.0,77,89,95,99,190,200,290,300,380,390,390
