Type,Name,Request Count,Failure Count,Median Response Time,Average Response Time,Min Response Time,Max Response Time,Average Content Size,Requests/s,Failures/s,50%,66%,75%,80%,90%,95%,98%,99%,99.9%,99.99%,100%
GET,/,8271,0,84,81.84868591464118,1.2863999999996878,367.1702999999997,8688.0,434.8541853182841,0.0,84,97,100,110,190,200,250,280,360,370,370
,Aggregated,8271,0,84,81.84868591464118,1.2863999999996878,367.1702999999997,8688.0,434.8541853182841,0.0,84,97,100,110,190,200,250,280,360,370,370
