Type,Name,Request Count,Failure Count,Median Response Time,Average Response Time,Min Response Time,Max Response Time,Average Content Size,Requests/s,Failures/s,50%,66%,75%,80%,90%,95%,98%,99%,99.9%,99.99%,100%
GET,/,9131,0,15,45.16706958712105,1.2220000000002784,285.3613999999993,8688.0,480.49741114452127,0.0,15,50,75,88,110,180,210,240,280,290,290
,Aggregated,9131,0,15,45.16706958712105,1.2220000000002784,285.3613999999993,8688.0,480.49741114452127,0.0,15,50,75,88,110,180,210,240,280,290,290
