Type,Name,Request Count,Failure Count,Median Response Time,Average Response Time,Min Response Time,Max Response Time,Average Content Size,Requests/s,Failures/s,50%,66%,75%,80%,90%,95%,98%,99%,99.9%,99.99%,100%
GET,/,9454,0,64,67.70239796911353,1.2620999999999327,387.2973000000002,8688.0,495.87366284139955,0.0,64,86,95,100,170,200,270,290,320,390,390
,Aggregated,9454,0,64,67.70239796911353,1.2620999999999327,387.2973000000002,8688.0,495.87366284139955,0.0,64,86,95,100,170,200,270,290,320,390,390
