Type,Name,Request Count,Failure Count,Median Response Time,Average Response Time,Min Response Time,Max Response Time,Average Content Size,Requests/s,Failures/s,50%,66%,75%,80%,90%,95%,98%,99%,99.9%,99.99%,100%
GET,/,8661,0,14,50.68089538159586,1.2492000000001724,369.85949999999957,8688.0,454.2272774963714,0.0,14,63,82,90,150,190,220,280,360,370,370
,Aggregated,8661,0,14,50.68089538159586,1.2492000000001724,369.85949999999957,8688.0,454.2272774963714,0.0,14,63,82,90,150,190,220,280,360,370,370
