Type,Name,Request Count,Failure Count,Median Response Time,Average Response Time,Min Response Time,Max Response Time,Average Content Size,Requests/s,Failures/s,50%,66%,75%,80%,90%,95%,98%,99%,99.9%,99.99%,100%
GET,/,9490,0,15,44.59630370916756,1.2701999999968905,292.68119999999965,8688.0,497.11281587810805,0.0,15,55,73,84,110,170,200,230,260,290,290
,Aggregated,9490,0,15,44.59630370916756,1.2701999999968905,292.68119999999965,8688.0,497.11281587810805,0.0,15,55,73,84,110,170,200,230,260,290,290
