Type,Name,Request Count,Failure Count,Median Response Time,Average Response Time,Min Response Time,Max Response Time,Average Content Size,Requests/s,Failures/s,50%,66%,75%,80%,90%,95%,98%,99%,99.9%,99.99%,100%
GET,/,8967,0,76,75.586657354745,1.2870999999989863,416.9988,8688.0,470.1866474643144,0.0,76,91,100,110,190,210,280,290,410,420,420
,Aggregated,8967,0,76,75.586657354745,1.2870999999989863,416.9988,8688.0,470.1866474643144,0.0,76,91,100,110,190,210,280,290,410,420,420
