Type,Name,Request Count,Failure Count,Median Response Time,Average Response Time,Min Response Time,Max Response Time,Average Content Size,Requests/s,Failures/s,50%,66%,75%,80%,90%,95%,98%,99%,99.9%,99.99%,100%
GET,/,9810,0,19,51.351898460754626,1.4377999999997115,348.07850000000064,8688.0,514.977227475777,0.0,19,64,80,87,110,190,270,280,340,350,350
,Aggregated,9810,0,19,51.351898460754626,1.4377999999997115,348.07850000000064,8688.0,514.977227475777,0.0,19,64,80,87,110,190,270,280,340,350,350
