Type,Name,Request Count,Failure Count,Median Response Time,Average Response Time,Min Response Time,Max Response Time,Average Content Size,Requests/s,Failures/s,50%,66%,75%,80%,90%,95%,98%,99%,99.9%,99.99%,100%
GET,/,7457,0,13,41.17871680300396,1.2443999999991462,283.52829999999994,8688.0,390.77292085711775,0.0,13,29,66,80,110,180,210,240,280,280,280
,Aggregated,7457,0,13,41.17871680300396,1.2443999999991462,283.52829999999994,8688.0,390.77292085711775,0.0,13,29,66,80,110,180,210,240,280,280,280
