Type,Name,Request Count,Failure Count,Median Response Time,Average Response Time,Min Response Time,Max Response Time,Average Content Size,Requests/s,Failures/s,50%,66%,75%,80%,90%,95%,98%,99%,99.9%,99.99%,100%
GET,/,6645,0,9,42.2904454778028,1.2270000000000891,353.5906999999998,8688.0,349.3283794170826,0.0,9,15,62,79,130,200,260,280,320,350,350
,Aggregated,6645,0,9,42.2904454778028,1.2270000000000891,353.5906999999998,8688.0,349.3283794170826,0.0,9,15,62,79,130,200,260,280,320,350,350
