Type,Name,Request Count,Failure Count,Median Response Time,Average Response Time,Min Response Time,Max Response Time,Average Content Size,Requests/s,Failures/s,50%,66%,75%,80%,90%,95%,98%,99%,99.9%,99.99%,100%
GET,/,9030,0,14,41.51641760797335,1.3094999999996304,330.1965,8688.0,474.5826481043473,0.0,14,33,60,73,100,180,230,290,320,330,330
,Aggregated,9030,0,14,41.51641760797335,1.3094999999996304,330.1965,8688.0,474.5826481043473,0.0,14,33,60,73,100,180,230,290,320,330,330
