Type,Name,Request Count,Failure Count,Median Response Time,Average Response Time,Min Response Time,Max Response Time,Average Content Size,Requests/s,Failures/s,50%,66%,75%,80%,90%,95%,98%,99%,99.9%,99.99%,100%
GET,/,7689,0,10,39.92099914163089,1.2141000000003288,291.2672999999999,8688.0,403.2112951361708,0.0,10,19,64,78,110,180,240,260,290,290,290
,Aggregated,7689,0,10,39.92099914163089,1.2141000000003288,291.2672999999999,8688.0,403.2112951361708,0.0,10,19,64,78,110,180,240,260,290,290,290
