Type,Name,Request Count,Failure Count,Median Response Time,Average Response Time,Min Response Time,Max Response Time,Average Content Size,Requests/s,Failures/s,50%,66%,75%,80%,90%,95%,98%,99%,99.9%,99.99%,100%
GET,/,8384,0,15,57.79947966364529,1.263500000000306,542.4346999999993,8688.0,439.3588726559191,0.0,15,71,88,95,170,200,290,360,410,540,540
,Aggregated,8384,0,15,57.79947966364529,1.263500000000306,542.4346999999993,8688.0,439.3588726559191,0.0,15,71,88,95,170,200,290,360,410,540,540
