Type,Name,Request Count,Failure Count,Median Response Time,Average Response Time,Min Response Time,Max Response Time,Average Content Size,Requests/s,Failures/s,50%,66%,75%,80%,90%,95%,98%,99%,99.9%,99.99%,100%
GET,/,9786,0,95,107.06284887594518,1.4992999999998702,402.83280000000053,8688.0,513.5036686546315,0.0,95,110,120,170,200,250,300,370,390,400,400
,Aggregated,9786,0,95,107.06284887594518,1.4992999999998702,402.83280000000053,8688.0,513.5036686546315,0.0,95,110,120,170,200,250,300,370,390,400,400
