Type,Name,Request Count,Failure Count,Median Response Time,Average Response Time,Min Response Time,Max Response Time,Average Content Size,Requests/s,Failures/s,50%,66%,75%,80%,90%,95%,98%,99%,99.9%,99.99%,100%
GET,/,9210,0,13,40.416729185667805,1.3103999999977134,331.59899999999976,8688.0,482.5723996205284,0.0,13,24,58,70,120,180,200,220,320,330,330
,Aggregated,9210,0,13,40.416729185667805,1.3103999999977134,331.59899999999976,8688.0,482.5723996205284,0.0,13,24,58,70,120,180,200,220,320,330,330
