Type,Name,Request Count,Failure Count,Median Response Time,Average Response Time,Min Response Time,Max Response Time,Average Content Size,Requests/s,Failures/s,50%,66%,75%,80%,90%,95%,98%,99%,99.9%,99.99%,100%
GET,/,9835,0,39,60.65370223690919,1.3772999999979163,330.0863999999999,8688.0,515.0521230356254,0.0,39,80,94,100,170,200,230,250,290,330,330
,Aggregated,9835,0,39,60.65370223690919,1.3772999999979163,330.0863999999999,8688.0,515.0521230356254,0.0,39,80,94,100,170,200,230,250,290,330,330
