Type,Name,Request Count,Failure Count,Median Response Time,Average Response Time,Min Response Time,Max Response Time,Average Content Size,Requests/s,Failures/s,50%,66%,75%,80%,90%,95%,98%,99%,99.9%,99.99%,100%
GET,/,7584,0,85,88.63098722310146,1.2270000000000891,397.5048000000001,8688.0,397.2678611045239,0.0,85,98,110,170,200,280,290,300,370,400,400
,Aggregated,7584,0,85,88.63098722310146,1.2270000000000891,397.5048000000001,8688.0,397.2678611045239,0.0,85,98,110,170,200,280,290,300,370,400,400
