Type,Name,Request Count,Failure Count,Median Response Time,Average Response Time,Min Response Time,Max Response Time,Average Content Size,Requests/s,Failures/s,50%,66%,75%,80%,90%,95%,98%,99%,99.9%,99.99%,100%
GET,/,8465,0,20,60.5395943414058,1.268099999998995,448.06489999999945,8688.0,443.2213491757668,0.0,20,79,87,92,170,200,290,310,440,450,450
,Aggregated,8465,0,20,60.5395943414058,1.268099999998995,448.06489999999945,8688.0,443.2213491757668,0.0,20,79,87,92,170,200,290,310,440,450,450
