Type,Name,Request Count,Failure Count,Median Response Time,Average Response Time,Min Response Time,Max Response Time,Average Content Size,Requests/s,Failures/s,50%,66%,75%,80%,90%,95%,98%,99%,99.9%,99.99%,100%
GET,/,8657,0,83,77.0225377035923,1.2588000000004484,361.28749999999957,8688.0,454.29103127750363,0.0,83,92,98,100,180,210,290,290,310,360,360
,Aggregated,8657,0,83,77.0225377035923,1.2588000000004484,361.28749999999957,8688.0,454.29103127750363,0.0,83,92,98,100,180,210,290,290,310,360,360
