Type,Name,Request Count,Failure Count,Median Response Time,Average Response Time,Min Response Time,Max Response Time,Average Content Size,Requests/s,Failures/s,50%,66%,75%,80%,90%,95%,98%,99%,99.9%,99.99%,100%
GET,/,9091,0,31,57.82919510504913,1.3640999999999792,478.1686000000001,8688.0,477.81237640045237,0.0,31,76,88,94,120,200,290,310,380,480,480
,Aggregated,9091,0,31,57.82919510504913,1.3640999999999792,478.1686000000001,8688.0,477.81237640045237,0.0,31,76,88,94,120,200,290,310,380,480,480
