Type,Name,Request Count,Failure Count,Median Response Time,Average Response Time,Min Response Time,Max Response Time,Average Content Size,Requests/s,Failures/s,50%,66%,75%,80%,90%,95%,98%,99%,99.9%,99.99%,100%
GET,/,7439,0,10,38.30644363489706,1.1969000000000563,470.93830000000025,8688.0,390.49199322161945,0.0,10,21,58,70,99,180,210,280,380,470,470
,Aggregated,7439,0,10,38.30644363489706,1.1969000000000563,470.93830000000025,8688.0,390.49199322161945,0.0,10,21,58,70,99,180,210,280,380,470,470
