Type,Name,Request Count,Failure Count,Median Response Time,Average Response Time,Min Response Time,Max Response Time,Average Content Size,Requests/s,Failures/s,50%,66%,75%,80%,90%,95%,98%,99%,99.9%,99.99%,100%
GET,/,8910,0,18,50.97470602693611,1.2842999999982396,401.92549999999994,8688.0,466.53491155601324,0.0,18,60,80,88,130,190,230,250,400,400,400
,Aggregated,8910,0,18,50.97470602693611,1.2842999999982396,401.92549999999994,8688.0,466.53491155601324,0.0,18,60,80,88,130,190,230,250,400,400,400
