Type,Name,Request Count,Failure Count,Median Response Time,Average Response Time,Min Response Time,Max Response Time,Average Content Size,Requests/s,Failures/s,50%,66%,75%,80%,90%,95%,98%,99%,99.9%,99.99%,100%
GET,/,7169,0,10,50.66802049100299,1.2988999999983264,515.4532,8688.0,375.6654298265752,0.0,10,59,81,92,150,200,260,350,430,520,520
,Aggregated,7169,0,10,50.66802049100299,1.2988999999983264,515.4532,8688.0,375.6654298265752,0.0,10,59,81,92,150,200,260,350,430,520,520
