Type,Name,Request Count,Failure Count,Median Response Time,Average Response Time,Min Response Time,Max Response Time,Average Content Size,Requests/s,Failures/s,50%,66%,75%,80%,90%,95%,98%,99%,99.9%,99.99%,100%
GET,/,8223,0,89,100.370115249909,1.2539999999994222,499.3941,8688.0,430.4914600339153,0.0,89,100,140,180,210,280,340,390,480,500,500
,Aggregated,8223,0,89,100.370115249909,1.2539999999994222,499.3941,8688.0,430.4914600339153,0.0,89,100,140,180,210,280,340,390,480,500,500
