Type,Name,Request Count,Failure Count,Median Response Time,Average Response Time,Min Response Time,Max Response Time,Average Content Size,Requests/s,Failures/s,50%,66%,75%,80%,90%,95%,98%,99%,99.9%,99.99%,100%
GET,/,8439,0,14,50.37826364498172,1.3632999999995121,396.44179999999983,8688.0,442.95475105800426,0.0,14,65,80,88,110,190,250,300,380,400,400
,Aggregated,8439,0,14,50.37826364498172,1.3632999999995121,396.44179999999983,8688.0,442.95475105800426,0.0,14,65,80,88,110,190,250,300,380,400,400
