Type,Name,Request Count,Failure Count,Median Response Time,Average Response Time,Min Response Time,Max Response Time,Average Content Size,Requests/s,Failures/s,50%,66%,75%,80%,90%,95%,98%,99%,99.9%,99.99%,100%
GET,/,9628,0,18,48.204497985043446,1.3582000000003092,366.6333000000002,8688.0,504.71718867185547,0.0,18,56,75,83,110,190,250,280,360,370,370
,Aggregated,9628,0,18,48.204497985043446,1.3582000000003092,366.6333000000002,8688.0,504.71718867185547,0.0,18,56,75,83,110,190,250,280,360,370,370
