Type,Name,Request Count,Failure Count,Median Response Time,Average Response Time,Min Response Time,Max Response Time,Average Content Size,Requests/s,Failures/s,50%,66%,75%,80%,90%,95%,98%,99%,99.9%,99.99%,100%
GET,/,8795,0,47,59.28933881750985,1.3644999999993246,418.48110000000014,8688.0,461.2329807911572,0.0,47,81,90,95,120,190,220,280,380,420,420
,Aggregated,8795,0,47,59.28933881750985,1.3644999999993246,418.48110000000014,8688.0,461.2329807911572,0.0,47,81,90,95,120,190,220,280,380,420,420
