Type,Name,Request Count,Failure Count,Median Response Time,Average Response Time,Min Response Time,Max Response Time,Average Content Size,Requests/s,Failures/s,50%,66%,75%,80%,90%,95%,98%,99%,99.9%,99.99%,100%
GET,/,9463,0,22,52.38566658564943,1.3006000000004292,487.1808,8688.0,496.5083872162837,0.0,22,77,88,92,110,170,210,280,480,490,490
,Aggregated,9463,0,22,52.38566658564943,1.3006000000004292,487.1808,8688.0,496.5083872162837,0.0,22,77,88,92,110,170,210,280,480,490,490
