Type,Name,Request Count,Failure Count,Median Response Time,Average Response Time,Min Response Time,Max Response Time,Average Content Size,Requests/s,Failures/s,50%,66%,75%,80%,90%,95%,98%,99%,99.9%,99.99%,100%
GET,/,9109,0,77,73.33807321330515,1.4609999999990464,408.5200999999996,8688.0,477.77247755304717,0.0,77,91,98,100,170,200,290,310,400,410,410
,Aggregated,9109,0,77,73.33807321330515,1.4609999999990464,408.5200999999996,8688.0,477.77247755304717,0.0,77,91,98,100,170,200,290,310,400,410,410
