Type,Name,Request Count,Failure Count,Median Response Time,Average Response Time,Min Response Time,Max Response Time,Average Content Size,Requests/s,Failures/s,50%,66%,75%,80%,90%,95%,98%,99%,99.9%,99.99%,100%
GET,/,9007,0,14,44.826181203508376,1.2423000000012507,329.32839999999965,8688.0,471.68635067557244,0.0,14,44,68,82,120,190,210,260,300,330,330
,Aggregated,9007,0,14,44.826181203508376,1.2423000000012507,329.32839999999965,8688.0,471.68635067557244,0.0,14,44,68,82,120,190,210,260,300,330,330
