Type,Name,Request Count,Failure Count,Median Response Time,Average Response Time,Min Response Time,Max Response Time,Average Content Size,Requests/s,Failures/s,50%,66%,75%,80%,90%,95%,98%,99%,99.9%,99.99%,100%
GET,/,8186,0,19,60.75894041045673,1.3433000000002693,474.1344000000005,8688.0,429.92988548270796,0.0,19,79,92,98,180,210,290,320,370,470,470
,Aggregated,8186,0,19,60.75894041045673,1.3433000000002693,474.1344000000005,8688.0,429.92988548270796,0.0,19,79,92,98,180,210,290,320,370,470,470
