Type,Name,Request Count,Failure Count,Median Response Time,Average Response Time,Min Response Time,Max Response Time,Average Content Size,Requests/s,Failures/s,50%,66%,75%,80%,90%,95%,98%,99%,99.9%,99.99%,100%
GET,/,8766,0,17,57.377392128679276,1.2568999999977848,420.9708000000001,8688.0,459.3737148449928,0.0,17,66,84,93,170,210,290,380,410,420,420
,Aggregated,8766,0,17,57.377392128679276,1.2568999999977848,420.9708000000001,8688.0,459.3737148449928,0.0,17,66,84,93,170,210,290,380,410,420,420
