Type,Name,Request Count,Failure Count,Median Response Time,Average Response Time,Min Response Time,Max Response Time,Average Content Size,Requests/s,Failures/s,50%,66%,75%,80%,90%,95%,98%,99%,99.9%,99.99%,100%
GET,/,9737,0,43,61.879962093047254,1.3153000000016846,470.5773999999998,8688.0,509.9486149573575,0.0,43,77,91,98,150,190,280,300,390,470,470
,Aggregated,9737,0,43,61.879962093047254,1.3153000000016846,470.5773999999998,8688.0,509.9486149573575,0.0,43,77,91,98,150,190,280,300,390,470,470
