Type,Name,Request Count,Failure Count,Median Response Time,Average Response Time,Min Response Time,Max Response Time,Average Content Size,Requests/s,Failures/s,50%,66%,75%,80%,90%,95%,98%,99%,99.9%,99.99%,100%
GET,/,8200,0,85,79.0837765121955,1.3234000000004187,391.2664999999995,8688.0,430.21027863461705,0.0,85,94,100,110,190,200,270,290,370,390,390
,Aggregated,8200,0,85,79.0837765121955,1.3234000000004187,391.2664999999995,8688.0,430.21027863461705,0.0,85,94,100,110,190,200,270,290,370,390,390
