Type,Name,Request Count,Failure Count,Median Response Time,Average Response Time,Min Response Time,Max Response Time,Average Content Size,Requests/s,Failures/s,50%,66%,75%,80%,90%,95%,98%,99%,99.9%,99.99%,100%
GET,/,9228,0,15,39.971138556567155,1.2743999999997868,377.57660000000027,8688.0,483.3958863867769,0.0,15,29,58,73,100,170,200,250,320,380,380
,Aggregated,9228,0,15,39.971138556567155,1.2743999999997868,377.57660000000027,8688.0,483.3958863867769,0.0,15,29,58,73,100,170,200,250,320,380,380
