Type,Name,Request Count,Failure Count,Median Response Time,Average Response Time,Min Response Time,Max Response Time,Average Content Size,Requests/s,Failures/s,50%,66%,75%,80%,90%,95%,98%,99%,99.9%,99.99%,100%
GET,/,8787,0,12,42.59553799931723,1.177900000000065,386.69569999999976,8688.0,460.34390890215747,0.0,12,33,68,78,110,190,220,290,320,390,390
,Aggregated,8787,0,12,42.59553799931723,1.177900000000065,386.69569999999976,8688.0,460.34390890215747,0.0,12,33,68,78,110,190,220,290,320,390,390
