Type,Name,Request Count,Failure Count,Median Response Time,Average Response Time,Min Response Time,Max Response Time,Average Content Size,Requests/s,Failures/s,50%,66%,75%,80%,90%,95%,98%,99%,99.9%,99.99%,100%
GET,/,7851,0,11,39.49683328238416,1.3030999999994464,369.55269999999985,8688.0,412.70733392372426,0.0,11,34,62,75,100,170,200,250,360,370,370
,Aggregated,7851,0,11,39.49683328238416,1.3030999999994464,369.55269999999985,8688.0,412.70733392372426,0.0,11,34,62,75,100,170,200,250,360,370,370
