Type,Name,Request Count,Failure Count,Median Response Time,Average Response Time,Min Response Time,Max Response Time,Average Content Size,Requests/s,Failures/s,50%,66%,75%,80%,90%,95%,98%,99%,99.9%,99.99%,100%
GET,/,7549,0,11,43.4091408001057,1.343799999999007,337.9531,8688.0,395.85648308802155,0.0,11,32,72,87,120,190,210,230,330,340,340
,Aggregated,7549,0,11,43.4091408001057,1.343799999999007,337.9531,8688.0,395.85648308802155,0.0,11,32,72,87,120,190,210,230,330,340,340
