Type,Name,Request Count,Failure Count,Median Response Time,Average Response Time,Min Response Time,Max Response Time,Average Content Size,Requests/s,Failures/s,50%,66%,75%,80%,90%,95%,98%,99%,99.9%,99.99%,100%
GET,/,8993,0,93,100.42390696096966,1.659200000000638,465.5269999999998,8688.0,469.6013953417958,0.0,93,100,120,170,190,210,280,310,430,470,470
,Aggregated,8993,0,93,100.42390696096966,1.659200000000638,465.5269999999998,8688.0,469.6013953417958,0.0,93,100,120,170,190,210,280,310,430,470,470
