Type,Name,Request Count,Failure Count,Median Response Time,Average Response Time,Min Response Time,Max Response Time,Average Content Size,Requests/s,Failures/s,50%,66%,75%,80%,90%,95%,98%,99%,99.9%,99.99%,100%
GET,/,7771,0,11,44.8531788830266,1.1748000000011416,428.5857000000002,8688.0,407.63022621170524,0.0,11,37,69,81,110,200,280,330,390,430,430
,Aggregated,7771,0,11,44.8531788830266,1.1748000000011416,428.5857000000002,8688.0,407.63022621170524,0.0,11,37,69,81,110,200,280,330,390,430,430
