Type,Name,Request Count,Failure Count,Median Response Time,Average Response Time,Min Response Time,Max Response Time,Average Content Size,Requests/s,Failures/s,50%,66%,75%,80%,90%,95%,98%,99%,99.9%,99.99%,100%
GET,/,9590,0,28,55.79088473409822,1.4622000000006352,370.6744000000004,8688.0,502.81042516304245,0.0,28,72,84,91,120,180,240,280,290,370,370
,Aggregated,9590,0,28,55.79088473409822,1.4622000000006352,370.6744000000004,8688.0,502.81042516304245,0.0,28,72,84,91,120,180,240,280,290,370,370
