Type,Name,Request Count,Failure Count,Median Response Time,Average Response Time,Min Response Time,Max Response Time,Average Content Size,Requests/s,Failures/s,50%,66%,75%,80%,90%,95%,98%,99%,99.9%,99.99%,100%
GET,/,9156,0,13,41.826190607251796,1.2883999999999673,501.29550000000035,8688.0,479.76129452112605,0.0,13,23,55,72,110,190,260,280,330,500,500
,Aggregated,9156,0,13,41.826190607251796,1.2883999999999673,501.29550000000035,8688.0,479.76129452112605,0.0,13,23,55,72,110,190,260,280,330,500,500
