Type,Name,Request Count,Failure Count,Median Response Time,Average Response Time,Min Response Time,Max Response Time,Average Content Size,Requests/s,Failures/s,50%,66%,75%,80%,90%,95%,98%,99%,99.9%,99.99%,100%
GET,/,9379,0,32,55.83906884529263,1.40110000000071,378.3069999999995,8688.0,492.8938997854244,0.0,32,72,88,94,120,180,230,270,310,380,380
,Aggregated,9379,0,32,55.83906884529263,1.40110000000071,378.3069999999995,8688.0,492.8938997854244,0.0,32,72,88,94,120,180,230,270,310,380,380
