Type,Name,Request Count,Failure Count,Median Response Time,Average Response Time,Min Response Time,Max Response Time,Average Content Size,Requests/s,Failures/s,50%,66%,75%,80%,90%,95%,98%,99%,99.9%,99.99%,100%
GET,/,9790,0,54,64.29430579162434,1.3661000000020351,382.8193000000004,8688.0,513.9641776964036,0.0,54,82,94,100,170,200,210,280,310,380,380
,Aggregated,9790,0,54,64.29430579162434,1.3661000000020351,382.8193000000004,8688.0,513.9641776964036,0.0,54,82,94,100,170,200,210,280,310,380,380
