Type,Name,Request Count,Failure Count,Median Response Time,Average Response Time,Min Response Time,Max Response Time,Average Content Size,Requests/s,Failures/s,50%,66%,75%,80%,90%,95%,98%,99%,99.9%,99.99%,100%
GET,/,8268,0,21,54.65820655539445,1.2162999999993929,288.05610000000036,8688.0,433.723797110322,0.0,21,79,90,95,120,190,200,250,270,290,290
,Aggregated,8268,0,21,54.65820655539445,1.2162999999993929,288.05610000000036,8688.0,433.723797110322,0.0,21,79,90,95,120,190,200,250,270,290,290
