Type,Name,Request Count,Failure Count,Median Response Time,Average Response Time,Min Response Time,Max Response Time,Average Content Size,Requests/s,Failures/s,50%,66%,75%,80%,90%,95%,98%,99%,99.9%,99.99%,100%
GET,/,8475,0,90,89.85968512094387,1.4881999999989404,388.0600999999997,8688.0,443.16507147664197,0.0,90,98,110,120,190,220,290,300,370,390,390
,Aggregated,8475,0,90,89.85968512094387,1.4881999999989404,388.0600999999997,8688.0,443.16507147664197,0.0,90,98,110,120,190,220,290,300,370,390,390
