Type,Name,Request Count,Failure Count,Median Response Time,Average Response Time,Min Response Time,Max Response Time,Average Content Size,Requests/s,Failures/s,50%,66%,75%,80%,90%,95%,98%,99%,99.9%,99.99%,100%
GET,/,8104,0,84,144.24009239881542,1.354300000002695,1396.8106000000002,8688.0,424.30714145912947,0.0,84,100,150,190,290,800,990,1000,1300,1400,1400
,Aggregated,8104,0,84,144.24009239881542,1.354300000002695,1396.8106000000002,8688.0,424.30714145912947,0.0,84,100,150,190,290,800,990,1000,1300,1400,1400
