Type,Name,Request Count,Failure Count,Median Response Time,Average Response Time,Min Response Time,Max Response Time,Average Content Size,Requests/s,Failures/s,50%,66%,75%,80%,90%,95%,98%,99%,99.9%,99.99%,100%
GET,/,8966,0,13,46.275254829355504,1.304000000000194,409.91260000000017,8688.0,471.11976830197716,0.0,13,46,69,81,100,190,290,300,390,410,410
,Aggregated,8966,0,13,46.275254829355504,1.304000000000194,409.91260000000017,8688.0,471.11976830197716,0.0,13,46,69,81,100,190,290,300,390,410,410
