Type,Name,Request Count,Failure Count,Median Response Time,Average Response Time,Min Response Time,Max Response Time,Average Content Size,Requests/s,Failures/s,50%,66%,75%,80%,90%,95%,98%,99%,99.9%,99.99%,100%
GET,/,9078,0,16,45.79810490196092,1.3177000000013095,431.3172000000005,8688.0,475.50128884368974,0.0,16,47,71,82,110,180,260,300,350,430,430
,Aggregated,9078,0,16,45.79810490196092,1.3177000000013095,431.3172000000005,8688.0,475.50128884368974,0.0,16,47,71,82,110,180,260,300,350,430,430
