Type,Name,Request Count,Failure Count,Median Response Time,Average Response Time,Min Response Time,Max Response Time,Average Content Size,Requests/s,Failures/s,50%,66%,75%,80%,90%,95%,98%,99%,99.9%,99.99%,100%
GET,/,8687,0,14,50.8790135720041,1.4111999999997238,426.2364999999999,8688.0,455.96597692335985,0.0,14,60,79,88,130,200,260,300,380,430,430
,Aggregated,8687,0,14,50.8790135720041,1.4111999999997238,426.2364999999999,8688.0,455.96597692335985,0.0,14,60,79,88,130,200,260,300,380,430,430
