Type,Name,Request Count,Failure Count,Median Response Time,Average Response Time,Min Response Time,Max Response Time,Average Content Size,Requests/s,Failures/s,50%,66%,75%,80%,90%,95%,98%,99%,99.9%,99.99%,100%
GET,/,9289,0,100.0,138.57619386370936,1.7654999999994203,647.5674000000007,8688.0,486.01104005745975,0.0,100,170,190,200,290,320,400,430,540,650,650
,Aggregated,9289,0,100.0,138.57619386370936,1.7654999999994203,647.5674000000007,8688.0,486.01104005745975,0.0,100,170,190,200,290,320,400,430,540,650,650
