Type,Name,Request Count,Failure Count,Median Response Time,Average Response Time,Min Response Time,Max Response Time,Average Content Size,Requests/s,Failures/s,50%,66%,75%,80%,90%,95%,98%,99%,99.9%,99.99%,100%
GET,/,9055,0,37,61.71558130314764,1.2650000000000716,318.73249999999985,8688.0,474.7333249385006,0.0,37,85,94,100,170,200,270,290,310,320,320
,Aggregated,9055,0,37,61.71558130314764,1.2650000000000716,318.73249999999985,8688.0,474.7333249385006,0.0,37,85,94,100,170,200,270,290,310,320,320
