Type,Name,Request Count,Failure Count,Median Response Time,Average Response Time,Min Response Time,Max Response Time,Average Content Size,Requests/s,Failures/s,50%,66%,75%,80%,90%,95%,98%,99%,99.9%,99.99%,100%
GET,/,8810,0,86,80.85986303064696,1.3464000000027454,381.93570000000057,8688.0,462.83168183617323,0.0,86,94,100,110,190,200,220,280,320,380,380
,Aggregated,8810,0,86,80.85986303064696,1.3464000000027454,381.93570000000057,8688.0,462.83168183617323,0.0,86,94,100,110,190,200,220,280,320,380,380
