Type,Name,Request Count,Failure Count,Median Response Time,Average Response Time,Min Response Time,Max Response Time,Average Content Size,Requests/s,Failures/s,50%,66%,75%,80%,90%,95%,98%,99%,99.9%,99.99%,100%
GET,/,7732,0,81,80.60446280393192,1.2129000000005163,490.2236000000002,8688.0,405.35146674675445,0.0,81,95,100,110,200,280,310,390,480,490,490
,Aggregated,7732,0,81,80.60446280393192,1.2129000000005163,490.2236000000002,8688.0,405.35146674675445,0.0,81,95,100,110,200,280,310,390,480,490,490
