Type,Name,Request Count,Failure Count,Median Response Time,Average Response Time,Min Response Time,Max Response Time,Average Content Size,Requests/s,Failures/s,50%,66%,75%,80%,90%,95%,98%,99%,99.9%,99.99%,100%
GET,/,8826,0,86,86.74692778155467,1.2809999999987554,386.3475000000003,8688.0,463.6371343879785,0.0,86,98,100,110,190,200,290,300,380,390,390
,Aggregated,8826,0,86,86.74692778155467,1.2809999999987554,386.3475000000003,8688.0,463.6371343879785,0.0,86,98,100,110,190,200,290,300,380,390,390
