Type,Name,Request Count,Failure Count,Median Response Time,Average Response Time,Min Response Time,Max Response Time,Average Content Size,Requests/s,Failures/s,50%,66%,75%,80%,90%,95%,98%,99%,99.9%,99.99%,100%
GET,/,8847,0,15,44.176756177235376,1.2968999999998232,392.75730000000044,8688.0,463.7871509499948,0.0,15,42,69,79,110,180,210,280,320,390,390
,Aggregated,8847,0,15,44.176756177235376,1.2968999999998232,392.75730000000044,8688.0,463.7871509499948,0.0,15,42,69,79,110,180,210,280,320,390,390
