Type,Name,Request Count,Failure Count,Median Response Time,Average Response Time,Min Response Time,Max Response Time,Average Content Size,Requests/s,Failures/s,50%,66%,75%,80%,90%,95%,98%,99%,99.9%,99.99%,100%
GET,/,9104,0,14,43.10400601933214,1.2873999999989394,349.24700000000007,8688.0,476.87019551631954,0.0,14,48,71,80,100,180,210,250,280,350,350
,Aggregated,9104,0,14,43.10400601933214,1.2873999999989394,349.24700000000007,8688.0,476.87019551631954,0.0,14,48,71,80,100,180,210,250,280,350,350
