Type,Name,Request Count,Failure Count,Median Response Time,Average Response Time,Min Response Time,Max Response Time,Average Content Size,Requests/s,Failures/s,50%,66%,75%,80%,90%,95%,98%,99%,99.9%,99.99%,100%
GET,/,8510,0,15,40.17612065804944,1.263500000000306,385.25030000000004,8688.0,445.5181025175776,0.0,15,20,45,64,120,190,240,290,380,390,390
,Aggregated,8510,0,15,40.17612065804944,1.263500000000306,385.25030000000004,8688.0,445.5181025175776,0.0,15,20,45,64,120,190,240,290,380,390,390
