Type,Name,Request Count,Failure Count,Median Response Time,Average Response Time,Min Response Time,Max Response Time,Average Content Size,Requests/s,Failures/s,50%,66%,75%,80%,90%,95%,98%,99%,99.9%,99.99%,100%
GET,/,8770,0,16,48.43587785632815,1.3622000000008683,466.30929999999984,8688.0,459.49098820306085,0.0,16,31,64,79,120,220,300,340,380,470,470
,Aggregated,8770,0,16,48.43587785632815,1.3622000000008683,466.30929999999984,8688.0,459.49098820306085,0.0,16,31,64,79,120,220,300,340,380,470,470
