Type,Name,Request Count,Failure Count,Median Response Time,Average Response Time,Min Response Time,Max Response Time,Average Content Size,Requests/s,Failures/s,50%,66%,75%,80%,90%,95%,98%,99%,99.9%,99.99%,100%
GET,/,9401,0,75,73.31073273056083,1.325600000001259,333.8063,8688.0,492.74870847425166,0.0,75,90,98,110,170,190,230,280,320,330,330
,Aggregated,9401,0,75,73.31073273056083,1.325600000001259,333.8063,8688.0,492.74870847425166,0.0,75,90,98,110,170,190,230,280,320,330,330
