Type,Name,Request Count,Failure Count,Median Response Time,Average Response Time,Min Response Time,Max Response Time,Average Content Size,Requests/s,Failures/s,50%,66%,75%,80%,90%,95%,98%,99%,99.9%,99.99%,100%
GET,/,8884,0,16,49.74465915128294,1.206799999998509,391.1189999999998,8688.0,465.3459555290868,0.0,16,54,74,85,130,200,260,290,310,390,390
,Aggregated,8884,0,16,49.74465915128294,1.206799999998509,391.1189999999998,8688.0,465.3459555290868,0.0,16,54,74,85,130,200,260,290,310,390,390
