Type,Name,Request Count,Failure Count,Median Response Time,Average Response Time,Min Response Time,Max Response Time,Average Content Size,Requests/s,Failures/s,50%,66%,75%,80%,90%,95%,98%,99%,99.9%,99.99%,100%
GET,/,7445,0,27,43.07718288784421,1.464300000000307,243.80500000000006,8688.0,389.60370123720594,0.0,27,53,64,70,96,110,170,180,240,240,240
,Aggregated,7445,0,27,43.07718288784421,1.464300000000307,243.80500000000006,8688.0,389.60370123720594,0.0,27,53,64,70,96,110,170,180,240,240,240
