Type,Name,Request Count,Failure Count,Median Response Time,Average Response Time,Min Response Time,Max Response Time,Average Content Size,Requests/s,Failures/s,50%,66%,75%,80%,90%,95%,98%,99%,99.9%,99.99%,100%
GET,/,8891,0,32,59.33478396130927,1.372599999999835,356.2484000000001,8688.0,466.02168738645804,0.0,32,79,89,96,170,200,230,280,340,360,360
,Aggregated,8891,0,32,59.33478396130927,1.372599999999835,356.2484000000001,8688.0,466.02168738645804,0.0,32,79,89,96,170,200,230,280,340,360,360
