Type,Name,Request Count,Failure Count,Median Response Time,Average Response Time,Min Response Time,Max Response Time,Average Content Size,Requests/s,Failures/s,50%,66%,75%,80%,90%,95%,98%,99%,99.9%,99.99%,100%
GET,/,6824,0,12,30.414647523446572,1.2930000000004327,279.44649999999973,8688.0,359.2069493498272,0.0,12,18,44,59,80,110,180,210,250,280,280
,Aggregated,6824,0,12,30.414647523446572,1.2930000000004327,279.44649999999973,8688.0,359.2069493498272,0.0,12,18,44,59,80,110,180,210,250,280,280
