Type,Name,Request Count,Failure Count,Median Response Time,Average Response Time,Min Response Time,Max Response Time,Average Content Size,Requests/s,Failures/s,50%,66%,75%,80%,90%,95%,98%,99%,99.9%,99.99%,100%
GET,/,9503,0,26,54.39476441123831,1.2918999999982361,365.9342999999997,8688.0,497.68327926678177,0.0,26,72,82,88,110,190,250,280,340,370,370
,Aggregated,9503,0,26,54.39476441123831,1.2918999999982361,365.9342999999997,8688.0,497.68327926678177,0.0,26,72,82,88,110,190,250,280,340,370,370
