Type,Name,Request Count,Failure Count,Median Response Time,Average Response Time,Min Response Time,Max Response Time,Average Content Size,Requests/s,Failures/s,50%,66%,75%,80%,90%,95%,98%,99%,99.9%,99.99%,100%
GET,/,5849,0,6,32.91115848863059,1.1836999999985665,510.2582,8688.0,307.0918375493704,0.0,6,9,17,53,95,190,290,310,490,510,510
,Aggregated,5849,0,6,32.91115848863059,1.1836999999985665,510.2582,8688.0,307.0918375493704,0.0,6,9,17,53,95,190,290,310,490,510,510
