Type,Name,Request Count,Failure Count,Median Response Time,Average Response Time,Min Response Time,Max Response Time,Average Content Size,Requests/s,Failures/s,50%,66%,75%,80%,90%,95%,98%,99%,99.9%,99.99%,100%
GET,/,4646,0,5,26.491451506672412,1.2485000000026503,387.99530000000004,8688.0,244.0858439242871,0.0,5,7,10,14,91,180,220,280,380,390,390
,Aggregated,4646,0,5,26.491451506672412,1.2485000000026503,387.99530000000004,8688.0,244.0858439242871,0.0,5,7,10,14,91,180,220,280,380,390,390
