Type,Name,Request Count,Failure Count,Median Response Time,Average Response Time,Min Response Time,Max Response Time,Average Content Size,Requests/s,Failures/s,50%,66%,75%,80%,90%,95%,98%,99%,99.9%,99.99%,100%
GET,/,2803,0,100.0,154.92452625758133,1.2178000000009348,617.3743000000001,8688.0,147.29065599188567,0.0,100,190,200,220,320,400,500,510,610,620,620
,Aggregated,2803,0,100.0,154.92452625758133,1.2178000000009348,617.3743000000001,8688.0,147.29065599188567,0.0,100,190,200,220,320,400,500,510,610,620,620
