Type,Name,Request Count,Failure Count,Median Response Time,Average Response Time,Min Response Time,Max Response Time,Average Content Size,Requests/s,Failures/s,50%,66%,75%,80%,90%,95%,98%,99%,99.9%,99.99%,100%
GET,/,5342,0,6,32.070820778734486,1.150400000000218,464.3396000000002,8688.0,281.03845693613965,0.0,6,9,14,53,94,180,260,300,420,460,460
,Aggregated,5342,0,6,32.070820778734486,1.150400000000218,464.3396000000002,8688.0,281.03845693613965,0.0,6,9,14,53,94,180,260,300,420,460,460
