Type,Name,Request Count,Failure Count,Median Response Time,Average Response Time,Min Response Time,Max Response Time,Average Content Size,Requests/s,Failures/s,50%,66%,75%,80%,90%,95%,98%,99%,99.9%,99.99%,100%
GET,/,3538,0,6,26.820980243075212,1.2334000000002732,385.8883999999998,8688.0,187.08829809651246,0.0,6,11,16,24,81,120,220,290,310,390,390
,Aggregated,3538,0,6,26.820980243075212,1.2334000000002732,385.8883999999998,8688.0,187.08829809651246,0.0,6,11,16,24,81,120,220,290,310,390,390
