Type,Name,Request Count,Failure Count,Median Response Time,Average Response Time,Min Response Time,Max Response Time,Average Content Size,Requests/s,Failures/s,50%,66%,75%,80%,90%,95%,98%,99%,99.9%,99.99%,100%
GET,/,5058,0,5,29.449183610122503,1.2255999999997158,572.0911000000002,8688.0,266.43499672639007,0.0,5,8,13,43,89,170,250,290,550,570,570
,Aggregated,5058,0,5,29.449183610122503,1.2255999999997158,572.0911000000002,8688.0,266.43499672639007,0.0,5,8,13,43,89,170,250,290,550,570,570
