Type,Name,Request Count,Failure Count,Median Response Time,Average Response Time,Min Response Time,Max Response Time,Average Content Size,Requests/s,Failures/s,50%,66%,75%,80%,90%,95%,98%,99%,99.9%,99.99%,100%
GET,/,4640,0,6,27.162341379310302,1.2369999999997106,386.4570999999999,8688.0,243.81750211813454,0.0,6,9,13,37,86,120,190,210,380,390,390
,Aggregated,4640,0,6,27.162341379310302,1.2369999999997106,386.4570999999999,8688.0,243.81750211813454,0.0,6,9,13,37,86,120,190,210,380,390,390
