Type,Name,Request Count,Failure Count,Median Response Time,Average Response Time,Min Response Time,Max Response Time,Average Content Size,Requests/s,Failures/s,50%,66%,75%,80%,90%,95%,98%,99%,99.9%,99.99%,100%
GET,/,6673,0,6,31.37515687097247,1.1179999999999524,422.24959999999976,8688.0,350.73816045275595,0.0,6,9,14,45,100,180,230,290,380,420,420
,Aggregated,6673,0,6,31.37515687097247,1.1179999999999524,422.24959999999976,8688.0,350.73816045275595,0.0,6,9,14,45,100,180,230,290,380,420,420
