Type,Name,Request Count,Failure Count,Median Response Time,Average Response Time,Min Response Time,Max Response Time,Average Content Size,Requests/s,Failures/s,50%,66%,75%,80%,90%,95%,98%,99%,99.9%,99.99%,100%
GET,/,5678,0,6,30.16119404719995,1.1247000000000895,385.94649999999996,8688.0,298.89485420966906,0.0,6,8,11,44,88,190,260,290,360,390,390
,Aggregated,5678,0,6,30.16119404719995,1.1247000000000895,385.94649999999996,8688.0,298.89485420966906,0.0,6,8,11,44,88,190,260,290,360,390,390
