Type,Name,Request Count,Failure Count,Median Response Time,Average Response Time,Min Response Time,Max Response Time,Average Content Size,Requests/s,Failures/s,50%,66%,75%,80%,90%,95%,98%,99%,99.9%,99.99%,100%
GET,/,7511,0,95,106.20283863666586,1.2853999999986598,395.28100000000063,8688.0,394.43414066912936,0.0,95,110,180,190,210,280,300,300,350,400,400
,Aggregated,7511,0,95,106.20283863666586,1.2853999999986598,395.28100000000063,8688.0,394.43414066912936,0.0,95,110,180,190,210,280,300,300,350,400,400
