Type,Name,Request Count,Failure Count,Median Response Time,Average Response Time,Min Response Time,Max Response Time,Average Content Size,Requests/s,Failures/s,50%,66%,75%,80%,90%,95%,98%,99%,99.9%,99.99%,100%
GET,/,6929,0,8,32.4427896666187,1.241600000000176,377.75349999999986,8688.0,364.36750728046525,0.0,8,11,29,56,93,160,270,290,370,380,380
,Aggregated,6929,0,8,32.4427896666187,1.241600000000176,377.75349999999986,8688.0,364.36750728046525,0.0,8,11,29,56,93,160,270,290,370,380,380
