Type,Name,Request Count,Failure Count,Median Response Time,Average Response Time,Min Response Time,Max Response Time,Average Content Size,Requests/s,Failures/s,50%,66%,75%,80%,90%,95%,98%,99%,99.9%,99.99%,100%
GET,/,6723,0,5,49.653364376022644,1.1583000000001675,481.06820000000016,8688.0,352.86832728136136,0.0,5,10,78,91,190,280,330,390,430,480,480
,Aggregated,6723,0,5,49.653364376022644,1.1583000000001675,481.06820000000016,8688.0,352.86832728136136,0.0,5,10,78,91,190,280,330,390,430,480,480
