Type,Name,Request Count,Failure Count,Median Response Time,Average Response Time,Min Response Time,Max Response Time,Average Content Size,Requests/s,Failures/s,50%,66%,75%,80%,90%,95%,98%,99%,99.9%,99.99%,100%
GET,/,2457,0,5,62.09291473341464,1.163500000000539,1104.5195000000003,8688.0,129.06613975852142,0.0,5,8,42,73,100,260,890,900,1000,1100,1100
,Aggregated,2457,0,5,62.09291473341464,1.163500000000539,1104.5195000000003,8688.0,129.06613975852142,0.0,5,8,42,73,100,260,890,900,1000,1100,1100
