Type,Name,Request Count,Failure Count,Median Response Time,Average Response Time,Min Response Time,Max Response Time,Average Content Size,Requests/s,Failures/s,50%,66%,75%,80%,90%,95%,98%,99%,99.9%,99.99%,100%
GET,/,8692,0,79,84.89303917395331,1.260800000000728,501.7450999999999,8688.0,455.3725544136365,0.0,79,94,100,130,200,290,370,390,470,500,500
,Aggregated,8692,0,79,84.89303917395331,1.260800000000728,501.7450999999999,8688.0,455.3725544136365,0.0,79,94,100,130,200,290,370,390,470,500,500
