Type,Name,Request Count,Failure Count,Median Response Time,Average Response Time,Min Response Time,Max Response Time,Average Content Size,Requests/s,Failures/s,50%,66%,75%,80%,90%,95%,98%,99%,99.9%,99.99%,100%
GET,/,6681,0,8,56.76613372249671,1.156599999999841,506.9134000000002,8688.0,349.97729348280507,0.0,8,74,89,96,190,220,300,350,410,510,510
,Aggregated,6681,0,8,56.76613372249671,1.156599999999841,506.9134000000002,8688.0,349.97729348280507,0.0,8,74,89,96,190,220,300,350,410,510,510
