Type,Name,Request Count,Failure Count,Median Response Time,Average Response Time,Min Response Time,Max Response Time,Average Content Size,Requests/s,Failures/s,50%,66%,75%,80%,90%,95%,98%,99%,99.9%,99.99%,100%
GET,/,5513,0,5,30.73715198621444,1.1832999999974447,457.5624,8688.0,289.96631528913844,0.0,5,8,11,19,90,200,300,330,450,460,460
,Aggregated,5513,0,5,30.73715198621444,1.1832999999974447,457.5624,8688.0,289.96631528913844,0.0,5,8,11,19,90,200,300,330,450,460,460
