Type,Name,Request Count,Failure Count,Median Response Time,Average Response Time,Min Response Time,Max Response Time,Average Content Size,Requests/s,Failures/s,50%,66%,75%,80%,90%,95%,98%,99%,99.9%,99.99%,100%
GET,/,5886,0,8,36.42336046551136,1.1744000000000199,466.3651,8688.0,308.8114131243635,0.0,8,16,64,78,93,140,240,290,460,470,470
,Aggregated,5886,0,8,36.42336046551136,1.1744000000000199,466.3651,8688.0,308.8114131243635,0.0,8,16,64,78,93,140,240,290,460,470,470
