Type,Name,Request Count,Failure Count,Median Response Time,Average Response Time,Min Response Time,Max Response Time,Average Content Size,Requests/s,Failures/s,50%,66%,75%,80%,90%,95%,98%,99%,99.9%,99.99%,100%
GET,/,6012,0,7,36.77023980372578,1.2790999999996444,471.4328000000001,8688.0,315.11069348205126,0.0,7,12,48,69,98,200,240,310,370,470,470
,Aggregated,6012,0,7,36.77023980372578,1.2790999999996444,471.4328000000001,8688.0,315.11069348205126,0.0,7,12,48,69,98,200,240,310,370,470,470
