Type,Name,Request Count,Failure Count,Median Response Time,Average Response Time,Min Response Time,Max Response Time,Average Content Size,Requests/s,Failures/s,50%,66%,75%,80%,90%,95%,98%,99%,99.9%,99.99%,100%
GET,/,5162,0,6,31.277074118558602,1.2890000000007618,449.14680000000027,8688.0,272.08613722148505,0.0,6,9,14,59,96,180,230,280,420,450,450
,Aggregated,5162,0,6,31.277074118558602,1.2890000000007618,449.14680000000027,8688.0,272.08613722148505,0.0,6,9,14,59,96,180,230,280,420,450,450
