Type,Name,Request Count,Failure Count,Median Response Time,Average Response Time,Min Response Time,Max Response Time,Average Content Size,Requests/s,Failures/s,50%,66%,75%,80%,90%,95%,98%,99%,99.9%,99.99%,100%
GET,/,5393,0,5,34.36344819210085,1.0874000000011819,434.14080000000024,8688.0,283.0660867043475,0.0,5,7,11,45,98,220,300,340,410,430,430
,Aggregated,5393,0,5,34.36344819210085,1.0874000000011819,434.14080000000024,8688.0,283.0660867043475,0.0,5,7,11,45,98,220,300,340,410,430,430
