Type,Name,Request Count,Failure Count,Median Response Time,Average Response Time,Min Response Time,Max Response Time,Average Content Size,Requests/s,Failures/s,50%,66%,75%,80%,90%,95%,98%,99%,99.9%,99.99%,100%
GET,/,6711,0,7,47.49899873342271,1.2574000000000751,453.0363999999998,8688.0,352.10771894182653,0.0,7,35,81,90,150,210,300,300,370,450,450
,Aggregated,6711,0,7,47.49899873342271,1.2574000000000751,453.0363999999998,8688.0,352.10771894182653,0.0,7,35,81,90,150,210,300,300,370,450,450
