Type,Name,Request Count,Failure Count,Median Response Time,Average Response Time,Min Response Time,Max Response Time,Average Content Size,Requests/s,Failures/s,50%,66%,75%,80%,90%,95%,98%,99%,99.9%,99.99%,100%
GET,/,6316,0,8,31.344483106396346,1.2664999999998372,374.56979999999976,8688.0,331.79338631194713,0.0,8,14,26,53,92,130,210,290,370,370,370
,Aggregated,6316,0,8,31.344483106396346,1.2664999999998372,374.56979999999976,8688.0,331.79338631194713,0.0,8,14,26,53,92,130,210,290,370,370,370
