Type,Name,Request Count,Failure Count,Median Response Time,Average Response Time,Min Response Time,Max Response Time,Average Content Size,Requests/s,Failures/s,50%,66%,75%,80%,90%,95%,98%,99%,99.9%,99.99%,100%
GET,/,6658,0,12,57.95870031541005,1.2156999999994866,497.83869999999996,8688.0,349.03326353336996,0.0,12,81,89,94,170,210,300,370,480,500,500
,Aggregated,6658,0,12,57.95870031541005,1.2156999999994866,497.83869999999996,8688.0,349.03326353336996,0.0,12,81,89,94,170,210,300,370,480,500,500
