Type,Name,Request Count,Failure Count,Median Response Time,Average Response Time,Min Response Time,Max Response Time,Average Content Size,Requests/s,Failures/s,50%,66%,75%,80%,90%,95%,98%,99%,99.9%,99.99%,100%
GET,/,6263,0,9,31.67427124381288,1.3425999999991944,394.9170999999998,8688.0,328.8491796317137,0.0,9,15,31,57,94,140,210,250,320,390,390
,Aggregated,6263,0,9,31.67427124381288,1.3425999999991944,394.9170999999998,8688.0,328.8491796317137,0.0,9,15,31,57,94,140,210,250,320,390,390
