Type,Name,Request Count,Failure Count,Median Response Time,Average Response Time,Min Response Time,Max Response Time,Average Content Size,Requests/s,Failures/s,50%,66%,75%,80%,90%,95%,98%,99%,99.9%,99.99%,100%
GET,/,5848,0,9,31.34902522229807,1.292000000001181,321.2592000000001,8688.0,308.65087277402284,0.0,9,16,43,63,91,110,200,270,300,320,320
,Aggregated,5848,0,9,31.34902522229807,1.292000000001181,321.2592000000001,8688.0,308.65087277402284,0.0,9,16,43,63,91,110,200,270,300,320,320
