Type,Name,Request Count,Failure Count,Median Response Time,Average Response Time,Min Response Time,Max Response Time,Average Content Size,Requests/s,Failures/s,50%,66%,75%,80%,90%,95%,98%,99%,99.9%,99.99%,100%
GET,/,2494,0,5,25.171476343223738,1.1670999999999765,299.66369999999995,8688.0,132.48693315452581,0.0,5,9,12,37,81,100,200,260,300,300,300
,Aggregated,2494,0,5,25.171476343223738,1.1670999999999765,299.66369999999995,8688.0,132.48693315452581,0.0,5,9,12,37,81,100,200,260,300,300,300
