Type,Name,Request Count,Failure Count,Median Response Time,Average Response Time,Min Response Time,Max Response Time,Average Content Size,Requests/s,Failures/s,50%,66%,75%,80%,90%,95%,98%,99%,99.9%,99.99%,100%
GET,/,5995,0,6,33.2385548123437,1.1951000000003376,463.10220000000027,8688.0,315.34611863148535,0.0,6,10,36,64,91,170,270,340,390,460,460
,Aggregated,5995,0,6,33.2385548123437,1.1951000000003376,463.10220000000027,8688.0,315.34611863148535,0.0,6,10,36,64,91,170,270,340,390,460,460
