Type,Name,Request Count,Failure Count,Median Response Time,Average Response Time,Min Response Time,Max Response Time,Average Content Size,Requests/s,Failures/s,50%,66%,75%,80%,90%,95%,98%,99%,99.9%,99.99%,100%
GET,/,6022,0,8,30.834934191298668,1.1800000000015132,422.67069999999984,8688.0,317.085718801504,0.0,8,13,43,65,90,110,190,250,370,420,420
,Aggregated,6022,0,8,30.834934191298668,1.1800000000015132,422.67069999999984,8688.0,317.085718801504,0.0,8,13,43,65,90,110,190,250,370,420,420
