Type,Name,Request Count,Failure Count,Median Response Time,Average Response Time,Min Response Time,Max Response Time,Average Content Size,Requests/s,Failures/s,50%,66%,75%,80%,90%,95%,98%,99%,99.9%,99.99%,100%
GET,/,6041,0,8,32.252811653699716,1.3409000000006444,403.03699999999986,8688.0,317.5693660866727,0.0,8,14,38,60,94,130,200,280,400,400,400
,Aggregated,6041,0,8,32.252811653699716,1.3409000000006444,403.03699999999986,8688.0,317.5693660866727,0.0,8,14,38,60,94,130,200,280,400,400,400
