Type,Name,Request Count,Failure Count,Median Response Time,Average Response Time,Min Response Time,Max Response Time,Average Content Size,Requests/s,Failures/s,50%,66%,75%,80%,90%,95%,98%,99%,99.9%,99.99%,100%
GET,/,6600,0,9,33.71494109090922,1.2270000000000891,421.95529999999957,8688.0,346.6538185488877,0.0,9,13,37,60,97,140,240,300,390,420,420
,Aggregated,6600,0,9,33.71494109090922,1.2270000000000891,421.95529999999957,8688.0,346.6538185488877,0.0,9,13,37,60,97,140,240,300,390,420,420
