Type,Name,Request Count,Failure Count,Median Response Time,Average Response Time,Min Response Time,Max Response Time,Average Content Size,Requests/s,Failures/s,50%,66%,75%,80%,90%,95%,98%,99%,99.9%,99.99%,100%
GET,/,6359,0,7,47.3483720396289,1.3157000000001418,391.5063999999999,8688.0,333.95098883894696,0.0,7,46,85,92,120,200,290,300,380,390,390
,Aggregated,6359,0,7,47.3483720396289,1.3157000000001418,391.5063999999999,8688.0,333.95098883894696,0.0,7,46,85,92,120,200,290,300,380,390,390
