Type,Name,Request Count,Failure Count,Median Response Time,Average Response Time,Min Response Time,Max Response Time,Average Content Size,Requests/s,Failures/s,50%,66%,75%,80%,90%,95%,98%,99%,99.9%,99.99%,100%
GET,/,6383,0,100.0,284.81253001723337,1.3067000000006601,3007.214899999999,8688.0,334.6186023285529,0.0,100,190,200,220,390,2200,2500,2600,2800,3000,3000
,Aggregated,6383,0,100.0,284.81253001723337,1.3067000000006601,3007.214899999999,8688.0,334.6186023285529,0.0,100,190,200,220,390,2200,2500,2600,2800,3000,3000
