Type,Name,Request Count,Failure Count,Median Response Time,Average Response Time,Min Response Time,Max Response Time,Average Content Size,Requests/s,Failures/s,50%,66%,75%,80%,90%,95%,98%,99%,99.9%,99.99%,100%
GET,/,4834,0,77,75.12587811336363,1.1589000000000738,461.33190000000025,8688.0,254.2146262786123,0.0,77,94,99,100,200,290,300,310,400,460,460
,Aggregated,4834,0,77,75.12587811336363,1.1589000000000738,461.33190000000025,8688.0,254.2146262786123,0.0,77,94,99,100,200,290,300,310,400,460,460
