Type,Name,Request Count,Failure Count,Median Response Time,Average Response Time,Min Response Time,Max Response Time,Average Content Size,Requests/s,Failures/s,50%,66%,75%,80%,90%,95%,98%,99%,99.9%,99.99%,100%
GET,/,5213,0,6,30.717227834260353,1.1472999999995181,569.6940999999999,8688.0,273.7294801322315,0.0,6,10,16,55,91,110,210,300,540,570,570
,Aggregated,5213,0,6,30.717227834260353,1.1472999999995181,569.6940999999999,8688.0,273.7294801322315,0.0,6,10,16,55,91,110,210,300,540,570,570
