Type,Name,Request Count,Failure Count,Median Response Time,Average Response Time,Min Response Time,Max Response Time,Average Content Size,Requests/s,Failures/s,50%,66%,75%,80%,90%,95%,98%,99%,99.9%,99.99%,100%
GET,/,6007,0,6,34.92604801065426,1.2223000000002315,401.11240000000015,8688.0,315.55861203820695,0.0,6,8,41,69,98,190,270,290,380,400,400
,Aggregated,6007,0,6,34.92604801065426,1.2223000000002315,401.11240000000015,8688.0,315.55861203820695,0.0,6,8,41,69,98,190,270,290,380,400,400
