Type,Name,Request Count,Failure Count,Median Response Time,Average Response Time,Min Response Time,Max Response Time,Average Content Size,Requests/s,Failures/s,50%,66%,75%,80%,90%,95%,98%,99%,99.9%,99.99%,100%
GET,/,6799,0,7,33.39470763347558,1.2358999999992903,400.6704000000001,8688.0,357.2674057699447,0.0,7,11,24,55,96,180,290,300,380,400,400
,Aggregated,6799,0,7,33.39470763347558,1.2358999999992903,400.6704000000001,8688.0,357.2674057699447,0.0,7,11,24,55,96,180,290,300,380,400,400
