Type,Name,Request Count,Failure Count,Median Response Time,Average Response Time,Min Response Time,Max Response Time,Average Content Size,Requests/s,Failures/s,50%,66%,75%,80%,90%,95%,98%,99%,99.9%,99.99%,100%
GET,/,6296,0,9,30.43853073379928,1.2563000000014313,377.11360000000036,8688.0,331.1366887093515,0.0,9,16,38,60,88,100,190,200,350,380,380
,Aggregated,6296,0,9,30.43853073379928,1.2563000000014313,377.11360000000036,8688.0,331.1366887093515,0.0,9,16,38,60,88,100,190,200,350,380,380
