Type,Name,Request Count,Failure Count,Median Response Time,Average Response Time,Min Response Time,Max Response Time,Average Content Size,Requests/s,Failures/s,50%,66%,75%,80%,90%,95%,98%,99%,99.9%,99.99%,100%
GET,/,6467,0,8,34.081303061697916,1.2793000000002053,399.88319999999965,8688.0,339.0804419119864,0.0,8,15,43,67,97,180,200,220,370,400,400
,Aggregated,6467,0,8,34.081303061697916,1.2793000000002053,399.88319999999965,8688.0,339.0804419119864,0.0,8,15,43,67,97,180,200,220,370,400,400
