Type,Name,Request Count,Failure Count,Median Response Time,Average Response Time,Min Response Time,Max Response Time,Average Content Size,Requests/s,Failures/s,50%,66%,75%,80%,90%,95%,98%,99%,99.9%,99.99%,100%
GET,/,7345,0,10,39.47295937372358,1.2900000000009015,489.0383999999992,8688.0,386.0187023174131,0.0,10,18,47,68,98,190,300,390,480,490,490
,Aggregated,7345,0,10,39.47295937372358,1.2900000000009015,489.0383999999992,8688.0,386.0187023174131,0.0,10,18,47,68,98,190,300,390,480,490,490
