Type,Name,Request Count,Failure Count,Median Response Time,Average Response Time,Min Response Time,Max Response Time,Average Content Size,Requests/s,Failures/s,50%,66%,75%,80%,90%,95%,98%,99%,99.9%,99.99%,100%
GET,/,7060,0,7,34.16269256373938,1.1934999999994034,439.7275000000001,8688.0,370.5413385005278,0.0,7,10,33,61,97,170,260,300,390,440,440
,Aggregated,7060,0,7,34.16269256373938,1.1934999999994034,439.7275000000001,8688.0,370.5413385005278,0.0,7,10,33,61,97,170,260,300,390,440,440
