Type,Name,Request Count,Failure Count,Median Response Time,Average Response Time,Min Response Time,Max Response Time,Average Content Size,Requests/s,Failures/s,50%,66%,75%,80%,90%,95%,98%,99%,99.9%,99.99%,100%
GET,/,7481,0,10,36.38432815131666,1.2624000000016622,374.6331999999999,8688.0,391.924243939009,0.0,10,17,47,66,98,180,250,280,340,370,370
,Aggregated,7481,0,10,36.38432815131666,1.2624000000016622,374.6331999999999,8688.0,391.924243939009,0.0,10,17,47,66,98,180,250,280,340,370,370
