Type,Name,Request Count,Failure Count,Median Response Time,Average Response Time,Min Response Time,Max Response Time,Average Content Size,Requests/s,Failures/s,50%,66%,75%,80%,90%,95%,98%,99%,99.9%,99.99%,100%
GET,/,4873,0,7,29.202727683152048,1.220599999999905,481.849,8688.0,256.37059136477427,0.0,7,9,13,34,92,180,210,290,410,480,480
,Aggregated,4873,0,7,29.202727683152048,1.220599999999905,481.849,8688.0,256.37059136477427,0.0,7,9,13,34,92,180,210,290,410,480,480
