Type,Name,Request Count,Failure Count,Median Response Time,Average Response Time,Min Response Time,Max Response Time,Average Content Size,Requests/s,Failures/s,50%,66%,75%,80%,90%,95%,98%,99%,99.9%,99.99%,100%
GET,/,6385,0,6,44.38000737666411,1.1908999999992176,455.21600000000007,8688.0,336.02831444879047,0.0,6,30,81,89,110,200,290,300,390,460,460
,Aggregated,6385,0,6,44.38000737666411,1.1908999999992176,455.21600000000007,8688.0,336.02831444879047,0.0,6,30,81,89,110,200,290,300,390,460,460
