Type,Name,Request Count,Failure Count,Median Response Time,Average Response Time,Min Response Time,Max Response Time,Average Content Size,Requests/s,Failures/s,50%,66%,75%,80%,90%,95%,98%,99%,99.9%,99.99%,100%
GET,/,7087,0,8,37.1215041202201,1.2191000000001395,460.1399000000006,8688.0,372.5051200506561,0.0,8,16,45,66,100,190,260,290,390,460,460
,Aggregated,7087,0,8,37.1215041202201,1.2191000000001395,460.1399000000006,8688.0,372.5051200506561,0.0,8,16,45,66,100,190,260,290,390,460,460
