Type,Name,Request Count,Failure Count,Median Response Time,Average Response Time,Min Response Time,Max Response Time,Average Content Size,Requests/s,Failures/s,50%,66%,75%,80%,90%,95%,98%,99%,99.9%,99.99%,100%
GET,/,5145,0,95,102.04859325558793,1.2806000000011863,568.6909999999998,8688.0,270.8962422932347,0.0,95,99,100,110,200,310,410,450,540,570,570
,Aggregated,5145,0,95,102.04859325558793,1.2806000000011863,568.6909999999998,8688.0,270.8962422932347,0.0,95,99,100,110,200,310,410,450,540,570,570
