Type,Name,Request Count,Failure Count,Median Response Time,Average Response Time,Min Response Time,Max Response Time,Average Content Size,Requests/s,Failures/s,50%,66%,75%,80%,90%,95%,98%,99%,99.9%,99.99%,100%
GET,/,7782,0,9,35.40493736828581,1.2643000000025495,489.96620000000047,8688.0,408.8708659196456,0.0,9,16,44,63,94,170,240,290,460,490,490
,Aggregated,7782,0,9,35.40493736828581,1.2643000000025495,489.96620000000047,8688.0,408.8708659196456,0.0,9,16,44,63,94,170,240,290,460,490,490
