Type,Name,Request Count,Failure Count,Median Response Time,Average Response Time,Min Response Time,Max Response Time,Average Content Size,Requests/s,Failures/s,50%,66%,75%,80%,90%,95%,98%,99%,99.9%,99.99%,100%
GET,/,5635,0,7,28.055838385093015,1.1936999999999642,350.6564000000001,8688.0,296.423790510409,0.0,7,10,13,25,92,160,220,240,320,350,350
,Aggregated,5635,0,7,28.055838385093015,1.1936999999999642,350.6564000000001,8688.0,296.423790510409,0.0,7,10,13,25,92,160,220,240,320,350,350
