Type,Name,Request Count,Failure Count,Median Response Time,Average Response Time,Min Response Time,Max Response Time,Average Content Size,Requests/s,Failures/s,50%,66%,75%,80%,90%,95%,98%,99%,99.9%,99.99%,100%
GET,/,4618,0,6,28.93146892594199,1.1396000000001294,376.6460999999999,8688.0,243.62866341462777,0.0,6,8,12,41,90,180,240,280,340,380,380
,Aggregated,4618,0,6,28.93146892594199,1.1396000000001294,376.6460999999999,8688.0,243.62866341462777,0.0,6,8,12,41,90,180,240,280,340,380,380
