Type,Name,Request Count,Failure Count,Median Response Time,Average Response Time,Min Response Time,Max Response Time,Average Content Size,Requests/s,Failures/s,50%,66%,75%,80%,90%,95%,98%,99%,99.9%,99.99%,100%
GET,/,3955,0,7,25.66476073324905,1.2588999999998407,345.796,8688.0,209.55347822909613,0.0,7,10,13,20,80,120,210,240,330,350,350
,Aggregated,3955,0,7,25.66476073324905,1.2588999999998407,345.796,8688.0,209.55347822909613,0.0,7,10,13,20,80,120,210,240,330,350,350
