Type,Name,Request Count,Failure Count,Median Response Time,Average Response Time,Min Response Time,Max Response Time,Average Content Size,Requests/s,Failures/s,50%,66%,75%,80%,90%,95%,98%,99%,99.9%,99.99%,100%
GET,/,5115,0,5,31.75842586510264,1.163200000000586,396.8319,8688.0,268.90284879005304,0.0,5,8,12,40,99,190,290,310,390,400,400
,Aggregated,5115,0,5,31.75842586510264,1.163200000000586,396.8319,8688.0,268.90284879005304,0.0,5,8,12,40,99,190,290,310,390,400,400
