Type,Name,Request Count,Failure Count,Median Response Time,Average Response Time,Min Response Time,Max Response Time,Average Content Size,Requests/s,Failures/s,50%,66%,75%,80%,90%,95%,98%,99%,99.9%,99.99%,100%
GET,/,6870,0,8,32.88212010189251,1.1928999999994971,394.2682,8688.0,360.4994680059484,0.0,8,11,17,46,100,190,220,290,300,390,390
,Aggregated,6870,0,8,32.88212010189251,1.1928999999994971,394.2682,8688.0,360.4994680059484,0.0,8,11,17,46,100,190,220,290,300,390,390
