Type,Name,Request Count,Failure Count,Median Response Time,Average Response Time,Min Response Time,Max Response Time,Average Content Size,Requests/s,Failures/s,50%,66%,75%,80%,90%,95%,98%,99%,99.9%,99.99%,100%
GET,/,6702,0,8,34.25090079080868,1.1881000000002473,647.2388999999996,8688.0,352.5041167222436,0.0,8,11,20,45,93,190,290,380,640,650,650
,Aggregated,6702,0,8,34.25090079080868,1.1881000000002473,647.2388999999996,8688.0,352.5041167222436,0.0,8,11,20,45,93,190,290,380,640,650,650
