Type,Name,Request Count,Failure Count,Median Response Time,Average Response Time,Min Response Time,Max Response Time,Average Content Size,Requests/s,Failures/s,50%,66%,75%,80%,90%,95%,98%,99%,99.9%,99.99%,100%
GET,/,6092,0,8,32.649721011162164,1.1991999999994007,542.9141999999998,8688.0,319.3564657682769,0.0,8,13,20,54,92,140,240,310,440,540,540
,Aggregated,6092,0,8,32.649721011162164,1.1991999999994007,542.9141999999998,8688.0,319.3564657682769,0.0,8,13,20,54,92,140,240,310,440,540,540
