Type,Name,Request Count,Failure Count,Median Response Time,Average Response Time,Min Response Time,Max Response Time,Average Content Size,Requests/s,Failures/s,50%,66%,75%,80%,90%,95%,98%,99%,99.9%,99.99%,100%
GET,/,7232,0,91,89.53582712942513,1.1323999999994783,450.1333999999999,8688.0,379.53182794949544,0.0,91,98,100,130,200,240,290,300,360,450,450
,Aggregated,7232,0,91,89.53582712942513,1.1323999999994783,450.1333999999999,8688.0,379.53182794949544,0.0,91,98,100,130,200,240,290,300,360,450,450
