Type,Name,Request Count,Failure Count,Median Response Time,Average Response Time,Min Response Time,Max Response Time,Average Content Size,Requests/s,Failures/s,50%,66%,75%,80%,90%,95%,98%,99%,99.9%,99.99%,100%
GET,/,6055,0,9,32.21825131296456,1.2805000000000177,373.1483,8688.0,317.624244442885,0.0,9,18,46,65,92,120,200,220,320,370,370
,Aggregated,6055,0,9,32.21825131296456,1.2805000000000177,373.1483,8688.0,317.624244442885,0.0,9,18,46,65,92,120,200,220,320,370,370
