Type,Name,Request Count,Failure Count,Median Response Time,Average Response Time,Min Response Time,Max Response Time,Average Content Size,Requests/s,Failures/s,50%,66%,75%,80%,90%,95%,98%,99%,99.9%,99.99%,100%
GET,/,5900,0,8,30.650927644067806,1.2190999999983632,460.86709999999977,8688.0,310.0316844685868,0.0,8,13,23,50,88,140,220,280,370,460,460
,Aggregated,5900,0,8,30.650927644067806,1.2190999999983632,460.86709999999977,8688.0,310.0316844685868,0.0,8,13,23,50,88,140,220,280,370,460,460
