Type,Name,Request Count,Failure Count,Median Response Time,Average Response Time,Min Response Time,Max Response Time,Average Content Size,Requests/s,Failures/s,50%,66%,75%,80%,90%,95%,98%,99%,99.9%,99.99%,100%
GET,/,6264,0,8,31.494174137931076,1.2271999999988736,521.4867,8688.0,329.77789863316707,0.0,8,13,33,54,88,120,210,320,400,520,520
,Aggregated,6264,0,8,31.494174137931076,1.2271999999988736,521.4867,8688.0,329.77789863316707,0.0,8,13,33,54,88,120,210,320,400,520,520
