Type,Name,Request Count,Failure Count,Median Response Time,Average Response Time,Min Response Time,Max Response Time,Average Content Size,Requests/s,Failures/s,50%,66%,75%,80%,90%,95%,98%,99%,99.9%,99.99%,100%
GET,/,5102,0,6,30.402378655429295,1.133100000000553,303.62739999999985,8688.0,267.7987152673109,0.0,6,9,14,54,100,190,200,220,300,300,300
,Aggregated,5102,0,6,30.402378655429295,1.133100000000553,303.62739999999985,8688.0,267.7987152673109,0.0,6,9,14,54,100,190,200,220,300,300,300
