Type,Name,Request Count,Failure Count,Median Response Time,Average Response Time,Min Response Time,Max Response Time,Average Content Size,Requests/s,Failures/s,50%,66%,75%,80%,90%,95%,98%,99%,99.9%,99.99%,100%
GET,/,4890,0,7,31.54211478527599,1.233300000000881,362.69689999999997,8688.0,257.51611225116176,0.0,7,11,28,61,91,150,230,280,340,360,360
,Aggregated,4890,0,7,31.54211478527599,1.233300000000881,362.69689999999997,8688.0,257.51611225116176,0.0,7,11,28,61,91,150,230,280,340,360,360
