Type,Name,Request Count,Failure Count,Median Response Time,Average Response Time,Min Response Time,Max Response Time,Average Content Size,Requests/s,Failures/s,50%,66%,75%,80%,90%,95%,98%,99%,99.9%,99.99%,100%
GET,/,4754,0,6,26.457516049642315,1.15360000000031,455.9786999999997,8688.0,250.82996400288104,0.0,6,8,11,31,89,100,200,300,380,460,460
,Aggregated,4754,0,6,26.457516049642315,1.15360000000031,455.9786999999997,8688.0,250.82996400288104,0.0,6,8,11,31,89,100,200,300,380,460,460
