Type,Name,Request Count,Failure Count,Median Response Time,Average Response Time,Min Response Time,Max Response Time,Average Content Size,Requests/s,Failures/s,50%,66%,75%,80%,90%,95%,98%,99%,99.9%,99.99%,100%
GET,/,7021,0,15,62.10542683378431,1.3169999999984583,583.8422000000003,8688.0,368.64404613470975,0.0,15,87,93,97,120,200,370,400,490,580,580
,Aggregated,7021,0,15,62.10542683378431,1.3169999999984583,583.8422000000003,8688.0,368.64404613470975,0.0,15,87,93,97,120,200,370,400,490,580,580
