Type,Name,Request Count,Failure Count,Median Response Time,Average Response Time,Min Response Time,Max Response Time,Average Content Size,Requests/s,Failures/s,50%,66%,75%,80%,90%,95%,98%,99%,99.9%,99.99%,100%
GET,/,7270,0,7,35.660222008253,1.2503000000005926,578.1096999999997,8688.0,381.4548440237408,0.0,7,12,44,68,96,180,290,300,490,580,580
,Aggregated,7270,0,7,35.660222008253,1.2503000000005926,578.1096999999997,8688.0,381.4548440237408,0.0,7,12,44,68,96,180,290,300,490,580,580
