Type,Name,Request Count,Failure Count,Median Response Time,Average Response Time,Min Response Time,Max Response Time,Average Content Size,Requests/s,Failures/s,50%,66%,75%,80%,90%,95%,98%,99%,99.9%,99.99%,100%
GET,/,5912,0,9,27.88723355886327,1.306400000000707,358.15229999999997,8688.0,311.4949576815273,0.0,9,13,19,45,84,100,200,240,330,360,360
,Aggregated,5912,0,9,27.88723355886327,1.306400000000707,358.15229999999997,8688.0,311.4949576815273,0.0,9,13,19,45,84,100,200,240,330,360,360
