Type,Name,Request Count,Failure Count,Median Response Time,Average Response Time,Min Response Time,Max Response Time,Average Content Size,Requests/s,Failures/s,50%,66%,75%,80%,90%,95%,98%,99%,99.9%,99.99%,100%
GET,/,2431,0,6,110.03802373508871,1.2028999999991186,1100.4768999999994,8688.0,127.87154255898166,0.0,6,32,95,110,490,690,800,860,1000,1100,1100
,Aggregated,2431,0,6,110.03802373508871,1.2028999999991186,1100.4768999999994,8688.0,127.87154255898166,0.0,6,32,95,110,490,690,800,860,1000,1100,1100
