Type,Name,Request Count,Failure Count,Median Response Time,Average Response Time,Min Response Time,Max Response Time,Average Content Size,Requests/s,Failures/s,50%,66%,75%,80%,90%,95%,98%,99%,99.9%,99.99%,100%
GET,/,6764,0,8,47.94578222944992,1.1300999999974692,587.6247000000001,8688.0,354.96090395275513,0.0,8,50,82,89,110,200,300,380,500,590,590
,Aggregated,6764,0,8,47.94578222944992,1.1300999999974692,587.6247000000001,8688.0,354.96090395275513,0.0,8,50,82,89,110,200,300,380,500,590,590
