Type,Name,Request Count,Failure Count,Median Response Time,Average Response Time,Min Response Time,Max Response Time,Average Content Size,Requests/s,Failures/s,50%,66%,75%,80%,90%,95%,98%,99%,99.9%,99.99%,100%
GET,/,6744,0,8,35.52269172597857,1.2650000000000716,479.4662999999995,8688.0,353.69789597890144,0.0,8,14,46,65,96,180,260,300,400,480,480
,Aggregated,6744,0,8,35.52269172597857,1.2650000000000716,479.4662999999995,8688.0,353.69789597890144,0.0,8,14,46,65,96,180,260,300,400,480,480
