Type,Name,Request Count,Failure Count,Median Response Time,Average Response Time,Min Response Time,Max Response Time,Average Content Size,Requests/s,Failures/s,50%,66%,75%,80%,90%,95%,98%,99%,99.9%,99.99%,100%
GET,/,4873,0,6,30.77870560229839,1.225899999999669,456.1872,8688.0,255.831192726603,0.0,6,9,15,63,91,160,210,270,370,460,460
,Aggregated,4873,0,6,30.77870560229839,1.225899999999669,456.1872,8688.0,255.831192726603,0.0,6,9,15,63,91,160,210,270,370,460,460
