Type,Name,Request Count,Failure Count,Median Response Time,Average Response Time,Min Response Time,Max Response Time,Average Content Size,Requests/s,Failures/s,50%,66%,75%,80%,90%,95%,98%,99%,99.9%,99.99%,100%
GET,/,6740,0,10,38.36206762611269,1.2259999999990612,539.9212999999996,8688.0,354.5794717721298,0.0,10,16,35,61,99,190,300,390,480,540,540
,Aggregated,6740,0,10,38.36206762611269,1.2259999999990612,539.9212999999996,8688.0,354.5794717721298,0.0,10,16,35,61,99,190,300,390,480,540,540
