Type,Name,Request Count,Failure Count,Median Response Time,Average Response Time,Min Response Time,Max Response Time,Average Content Size,Requests/s,Failures/s,50%,66%,75%,80%,90%,95%,98%,99%,99.9%,99.99%,100%
GET,/,6709,0,6,46.35943753167386,1.1371999999987281,441.68810000000036,8688.0,352.08369095044753,0.0,6,12,75,86,160,230,300,320,400,440,440
,Aggregated,6709,0,6,46.35943753167386,1.1371999999987281,441.68810000000036,8688.0,352.08369095044753,0.0,6,12,75,86,160,230,300,320,400,440,440
