Type,Name,Request Count,Failure Count,Median Response Time,Average Response Time,Min Response Time,Max Response Time,Average Content Size,Requests/s,Failures/s,50%,66%,75%,80%,90%,95%,98%,99%,99.9%,99.99%,100%
GET,/,7275,0,9,30.376186295532726,1.2800000000012801,384.05860000000035,8688.0,381.6892836723515,0.0,9,15,33,52,89,110,200,270,380,380,380
,Aggregated,7275,0,9,30.376186295532726,1.2800000000012801,384.05860000000035,8688.0,381.6892836723515,0.0,9,15,33,52,89,110,200,270,380,380,380
