Type,Name,Request Count,Failure Count,Median Response Time,Average Response Time,Min Response Time,Max Response Time,Average Content Size,Requests/s,Failures/s,50%,66%,75%,80%,90%,95%,98%,99%,99.9%,99.99%,100%
GET,/,3887,0,5,26.23194736300487,1.2654000000011933,382.54569999999967,8688.0,204.48459762454468,0.0,5,7,9,13,84,120,280,300,360,380,380
,Aggregated,3887,0,5,26.23194736300487,1.2654000000011933,382.54569999999967,8688.0,204.48459762454468,0.0,5,7,9,13,84,120,280,300,360,380,380
