Type,Name,Request Count,Failure Count,Median Response Time,Average Response Time,Min Response Time,Max Response Time,Average Content Size,Requests/s,Failures/s,50%,66%,75%,80%,90%,95%,98%,99%,99.9%,99.99%,100%
GET,/,1414,0,6,120.62009858557288,1.1678000000001632,1290.311599999999,8688.0,75.14558171545899,0.0,6,75,100,200,390,580,1100,1200,1200,1300,1300
,Aggregated,1414,0,6,120.62009858557288,1.1678000000001632,1290.311599999999,8688.0,75.14558171545899,0.0,6,75,100,200,390,580,1100,1200,1200,1300,1300
