Type,Name,Request Count,Failure Count,Median Response Time,Average Response Time,Min Response Time,Max Response Time,Average Content Size,Requests/s,Failures/s,50%,66%,75%,80%,90%,95%,98%,99%,99.9%,99.99%,100%
GET,/,6886,0,8,31.359640996224158,1.1982000000010373,380.90829999999977,8688.0,361.88568355331273,0.0,8,12,37,60,92,120,190,270,360,380,380
,Aggregated,6886,0,8,31.359640996224158,1.1982000000010373,380.90829999999977,8688.0,361.88568355331273,0.0,8,12,37,60,92,120,190,270,360,380,380
