Type,Name,Request Count,Failure Count,Median Response Time,Average Response Time,Min Response Time,Max Response Time,Average Content Size,Requests/s,Failures/s,50%,66%,75%,80%,90%,95%,98%,99%,99.9%,99.99%,100%
GET,/,6770,0,7,45.95224407680951,1.1602000000001667,392.60859999999997,8688.0,355.1220684981695,0.0,7,41,79,87,140,200,280,300,390,390,390
,Aggregated,6770,0,7,45.95224407680951,1.1602000000001667,392.60859999999997,8688.0,355.1220684981695,0.0,7,41,79,87,140,200,280,300,390,390,390
