Type,Name,Request Count,Failure Count,Median Response Time,Average Response Time,Min Response Time,Max Response Time,Average Content Size,Requests/s,Failures/s,50%,66%,75%,80%,90%,95%,98%,99%,99.9%,99.99%,100%
GET,/,6360,0,9,31.074114261006272,1.2471999999981165,357.11139999999995,8688.0,334.33412718518616,0.0,9,16,46,63,87,120,190,200,330,360,360
,Aggregated,6360,0,9,31.074114261006272,1.2471999999981165,357.11139999999995,8688.0,334.33412718518616,0.0,9,16,46,63,87,120,190,200,330,360,360
