Type,Name,Request Count,Failure Count,Median Response Time,Average Response Time,Min Response Time,Max Response Time,Average Content Size,Requests/s,Failures/s,50%,66%,75%,80%,90%,95%,98%,99%,99.9%,99.99%,100%
GET,/,6469,0,7,46.40845240377183,1.2049000000011745,395.0874999999998,8688.0,338.93422813225214,0.0,7,44,83,91,130,210,290,300,340,400,400
,Aggregated,6469,0,7,46.40845240377183,1.2049000000011745,395.0874999999998,8688.0,338.93422813225214,0.0,7,44,83,91,130,210,290,300,340,400,400
