Type,Name,Request Count,Failure Count,Median Response Time,Average Response Time,Min Response Time,Max Response Time,Average Content Size,Requests/s,Failures/s,50%,66%,75%,80%,90%,95%,98%,99%,99.9%,99.99%,100%
GET,/,4142,0,6,27.112232134234574,1.1457999999997526,550.1497999999998,8688.0,218.5652070673246,0.0,6,9,12,16,79,150,270,310,400,550,550
,Aggregated,4142,0,6,27.112232134234574,1.1457999999997526,550.1497999999998,8688.0,218.5652070673246,0.0,6,9,12,16,79,150,270,310,400,550,550
