Type,Name,Request Count,Failure Count,Median Response Time,Average Response Time,Min Response Time,Max Response Time,Average Content Size,Requests/s,Failures/s,50%,66%,75%,80%,90%,95%,98%,99%,99.9%,99.99%,100%
GET,/,3734,0,7,29.535952303160073,1.3000999999999152,472.8830999999998,8688.0,196.62865960185937,0.0,7,12,17,49,90,110,200,280,450,470,470
,Aggregated,3734,0,7,29.535952303160073,1.3000999999999152,472.8830999999998,8688.0,196.62865960185937,0.0,7,12,17,49,90,110,200,280,450,470,470
