Type,Name,Request Count,Failure Count,Median Response Time,Average Response Time,Min Response Time,Max Response Time,Average Content Size,Requests/s,Failures/s,50%,66%,75%,80%,90%,95%,98%,99%,99.9%,99.99%,100%
GET,/,6800,0,11,66.48972833823508,1.2034999999990248,447.51509999999996,8688.0,357.781604231721,0.0,11,86,95,100,200,290,300,340,400,450,450
,Aggregated,6800,0,11,66.48972833823508,1.2034999999990248,447.51509999999996,8688.0,357.781604231721,0.0,11,86,95,100,200,290,300,340,400,450,450
