Type,Name,Request Count,Failure Count,Median Response Time,Average Response Time,Min Response Time,Max Response Time,Average Content Size,Requests/s,Failures/s,50%,66%,75%,80%,90%,95%,98%,99%,99.9%,99.99%,100%
GET,/,5875,0,6,34.473888425531975,1.133300000001114,362.4114999999999,8688.0,309.2093700560485,0.0,6,8,28,69,100,190,260,290,350,360,360
,Aggregated,5875,0,6,34.473888425531975,1.133300000001114,362.4114999999999,8688.0,309.2093700560485,0.0,6,8,28,69,100,190,260,290,350,360,360
