Type,Name,Request Count,Failure Count,Median Response Time,Average Response Time,Min Response Time,Max Response Time,Average Content Size,Requests/s,Failures/s,50%,66%,75%,80%,90%,95%,98%,99%,99.9%,99.99%,100%
GET,/,4386,0,8,62.466766666666686,1.2208999999998582,575.1992000000001,8688.0,230.00291493618482,0.0,8,86,93,97,190,210,300,400,550,580,580
,Aggregated,4386,0,8,62.466766666666686,1.2208999999998582,575.1992000000001,8688.0,230.00291493618482,0.0,8,86,93,97,190,210,300,400,550,580,580
