Type,Name,Request Count,Failure Count,Median Response Time,Average Response Time,Min Response Time,Max Response Time,Average Content Size,Requests/s,Failures/s,50%,66%,75%,80%,90%,95%,98%,99%,99.9%,99.99%,100%
GET,/,4288,0,5,35.25891182369412,1.1801999999994095,510.7419999999998,8688.0,225.30694501346542,0.0,5,8,53,79,96,120,300,400,500,510,510
,Aggregated,4288,0,5,35.25891182369412,1.1801999999994095,510.7419999999998,8688.0,225.30694501346542,0.0,5,8,53,79,96,120,300,400,500,510,510
