Type,Name,Request Count,Failure Count,Median Response Time,Average Response Time,Min Response Time,Max Response Time,Average Content Size,Requests/s,Failures/s,50%,66%,75%,80%,90%,95%,98%,99%,99.9%,99.99%,100%
GET,/,5835,0,5,36.32032728363306,1.1997999999984188,424.7740000000002,8688.0,306.11754997329047,0.0,5,10,48,76,100,200,290,300,390,420,420
,Aggregated,5835,0,5,36.32032728363306,1.1997999999984188,424.7740000000002,8688.0,306.11754997329047,0.0,5,10,48,76,100,200,290,300,390,420,420
