Type,Name,Request Count,Failure Count,Median Response Time,Average Response Time,Min Response Time,Max Response Time,Average Content Size,Requests/s,Failures/s,50%,66%,75%,80%,90%,95%,98%,99%,99.9%,99.99%,100%
GET,/,6613,0,7,34.58287777105711,1.2549999999986738,394.6547000000003,8688.0,347.4430959486298,0.0,7,11,49,70,97,170,250,290,380,390,390
,Aggregated,6613,0,7,34.58287777105711,1.2549999999986738,394.6547000000003,8688.0,347.4430959486298,0.0,7,11,49,70,97,170,250,290,380,390,390
