Type,Name,Request Count,Failure Count,Median Response Time,Average Response Time,Min Response Time,Max Response Time,Average Content Size,Requests/s,Failures/s,50%,66%,75%,80%,90%,95%,98%,99%,99.9%,99.99%,100%
GET,/,6927,0,15,63.09166340407144,1.1289999999988254,635.2947000000003,8688.0,363.57282795536327,0.0,15,85,93,98,190,210,290,340,530,640,640
,Aggregated,6927,0,15,63.09166340407144,1.1289999999988254,635.2947000000003,8688.0,363.57282795536327,0.0,15,85,93,98,190,210,290,340,530,640,640
