Type,Name,Request Count,Failure Count,Median Response Time,Average Response Time,Min Response Time,Max Response Time,Average Content Size,Requests/s,Failures/s,50%,66%,75%,80%,90%,95%,98%,99%,99.9%,99.99%,100%
GET,/,4605,0,5,31.554019457111636,1.2486999999996584,395.83069999999987,8688.0,242.09963841803406,0.0,5,7,10,32,91,200,290,340,390,400,400
,Aggregated,4605,0,5,31.554019457111636,1.2486999999996584,395.83069999999987,8688.0,242.09963841803406,0.0,5,7,10,32,91,200,290,340,390,400,400
