Type,Name,Request Count,Failure Count,Median Response Time,Average Response Time,Min Response Time,Max Response Time,Average Content Size,Requests/s,Failures/s,50%,66%,75%,80%,90%,95%,98%,99%,99.9%,99.99%,100%
GET,/,2901,0,25,79.28640530851455,1.3189000000002338,465.1196,8688.0,203.82302142510395,0.0,25,94,100,180,210,300,300,350,400,470,470
,Aggregated,2901,0,25,79.28640530851455,1.3189000000002338,465.1196,8688.0,203.82302142510395,0.0,25,94,100,180,210,300,300,350,400,470,470
