Type,Name,Request Count,Failure Count,Median Response Time,Average Response Time,Min Response Time,Max Response Time,Average Content Size,Requests/s,Failures/s,50%,66%,75%,80%,90%,95%,98%,99%,99.9%,99.99%,100%
GET,/,5972,0,5,33.633525251172,1.1153000000003743,463.0559999999999,8688.0,314.05485664959355,0.0,5,8,16,59,96,190,270,330,450,460,460
,Aggregated,5972,0,5,33.633525251172,1.1153000000003743,463.0559999999999,8688.0,314.05485664959355,0.0,5,8,16,59,96,190,270,330,450,460,460
