Type,Name,Request Count,Failure Count,Median Response Time,Average Response Time,Min Response Time,Max Response Time,Average Content Size,Requests/s,Failures/s,50%,66%,75%,80%,90%,95%,98%,99%,99.9%,99.99%,100%
GET,/,3559,0,4,33.02429423995514,1.2250999999992018,518.0833999999996,8688.0,187.16003840312433,0.0,4,6,9,12,94,210,310,400,510,520,520
,Aggregated,3559,0,4,33.02429423995514,1.2250999999992018,518.0833999999996,8688.0,187.16003840312433,0.0,4,6,9,12,94,210,310,400,510,520,520
