Type,Name,Request Count,Failure Count,Median Response Time,Average Response Time,Min Response Time,Max Response Time,Average Content Size,Requests/s,Failures/s,50%,66%,75%,80%,90%,95%,98%,99%,99.9%,99.99%,100%
GET,/,7120,0,84,91.05284803370809,1.3296999999994341,694.4315000000004,8688.0,374.5022817362196,0.0,84,97,100,160,230,300,390,400,590,690,690
,Aggregated,7120,0,84,91.05284803370809,1.3296999999994341,694.4315000000004,8688.0,374.5022817362196,0.0,84,97,100,160,230,300,390,400,590,690,690
