Type,Name,Request Count,Failure Count,Median Response Time,Average Response Time,Min Response Time,Max Response Time,Average Content Size,Requests/s,Failures/s,50%,66%,75%,80%,90%,95%,98%,99%,99.9%,99.99%,100%
GET,/,4873,0,5,29.49052091114301,1.2513999999992365,460.8911,8688.0,256.64981503718,0.0,5,9,14,49,87,140,250,300,430,460,460
,Aggregated,4873,0,5,29.49052091114301,1.2513999999992365,460.8911,8688.0,256.64981503718,0.0,5,9,14,49,87,140,250,300,430,460,460
