Type,Name,Request Count,Failure Count,Median Response Time,Average Response Time,Min Response Time,Max Response Time,Average Content Size,Requests/s,Failures/s,50%,66%,75%,80%,90%,95%,98%,99%,99.9%,99.99%,100%
GET,/,5677,0,5,33.72273732605251,1.2404999999997557,441.18330000000003,8688.0,298.1143190918679,0.0,5,8,14,50,100,200,290,310,410,440,440
,Aggregated,5677,0,5,33.72273732605251,1.2404999999997557,441.18330000000003,8688.0,298.1143190918679,0.0,5,8,14,50,100,200,290,310,410,440,440
