Type,Name,Request Count,Failure Count,Median Response Time,Average Response Time,Min Response Time,Max Response Time,Average Content Size,Requests/s,Failures/s,50%,66%,75%,80%,90%,95%,98%,99%,99.9%,99.99%,100%
GET,/,4499,0,5,25.60990815736831,1.1650000000003047,458.6039999999998,8688.0,237.37295014085572,0.0,5,7,9,10,73,180,260,330,390,460,460
,Aggregated,4499,0,5,25.60990815736831,1.1650000000003047,458.6039999999998,8688.0,237.37295014085572,0.0,5,7,9,10,73,180,260,330,390,460,460
