Type,Name,Request Count,Failure Count,Median Response Time,Average Response Time,Min Response Time,Max Response Time,Average Content Size,Requests/s,Failures/s,50%,66%,75%,80%,90%,95%,98%,99%,99.9%,99.99%,100%
GET,/,6217,0,6,36.82087905742332,1.1909000000001058,480.2693999999996,8688.0,326.351776288883,0.0,6,10,48,72,95,190,290,340,460,480,480
,Aggregated,6217,0,6,36.82087905742332,1.1909000000001058,480.2693999999996,8688.0,326.351776288883,0.0,6,10,48,72,95,190,290,340,460,480,480
