Type,Name,Request Count,Failure Count,Median Response Time,Average Response Time,Min Response Time,Max Response Time,Average Content Size,Requests/s,Failures/s,50%,66%,75%,80%,90%,95%,98%,99%,99.9%,99.99%,100%
GET,/,6044,0,6,34.07592825943088,1.1708000000005825,469.31509999999975,8688.0,317.865367705254,0.0,7,11,50,68,95,170,250,290,370,470,470
,Aggregated,6044,0,6,34.07592825943088,1.1708000000005825,469.31509999999975,8688.0,317.865367705254,0.0,7,11,50,68,95,170,250,290,370,470,470
