Type,Name,Request Count,Failure Count,Median Response Time,Average Response Time,Min Response Time,Max Response Time,Average Content Size,Requests/s,Failures/s,50%,66%,75%,80%,90%,95%,98%,99%,99.9%,99.99%,100%
GET,/,5996,0,7,29.472106721147274,1.2192999999998122,364.7026000000002,8688.0,315.201082337516,0.0,7,12,18,39,93,180,200,250,300,360,360
,Aggregated,5996,0,7,29.472106721147274,1.2192999999998122,364.7026000000002,8688.0,315.201082337516,0.0,7,12,18,39,93,180,200,250,300,360,360
