Type,Name,Request Count,Failure Count,Median Response Time,Average Response Time,Min Response Time,Max Response Time,Average Content Size,Requests/s,Failures/s,50%,66%,75%,80%,90%,95%,98%,99%,99.9%,99.99%,100%
GET,/,8522,0,10,48.709435050457465,1.3154000000028532,504.96870000000007,8688.0,447.7720819066367,0.0,10,49,76,86,120,200,300,380,490,500,500
,Aggregated,8522,0,10,48.709435050457465,1.3154000000028532,504.96870000000007,8688.0,447.7720819066367,0.0,10,49,76,86,120,200,300,380,490,500,500
