Type,Name,Request Count,Failure Count,Median Response Time,Average Response Time,Min Response Time,Max Response Time,Average Content Size,Requests/s,Failures/s,50%,66%,75%,80%,90%,95%,98%,99%,99.9%,99.99%,100%
GET,/,4360,0,89,82.53357208715582,1.2974000000003372,776.2458000000016,8688.0,230.33734183690748,0.0,89,96,99,100,200,290,340,390,770,780,780
,Aggregated,4360,0,89,82.53357208715582,1.2974000000003372,776.2458000000016,8688.0,230.33734183690748,0.0,89,96,99,100,200,290,340,390,770,780,780
