Type,Name,Request Count,Failure Count,Median Response Time,Average Response Time,Min Response Time,Max Response Time,Average Content Size,Requests/s,Failures/s,50%,66%,75%,80%,90%,95%,98%,99%,99.9%,99.99%,100%
GET,/,2431,0,7,63.209019950637504,1.1602000000010548,672.7895,8688.0,127.80268470101161,0.0,7,88,93,96,100,290,490,580,600,670,670
,Aggregated,2431,0,7,63.209019950637504,1.1602000000010548,672.7895,8688.0,127.80268470101161,0.0,7,88,93,96,100,290,490,580,600,670,670
