Type,Name,Request Count,Failure Count,Median Response Time,Average Response Time,Min Response Time,Max Response Time,Average Content Size,Requests/s,Failures/s,50%,66%,75%,80%,90%,95%,98%,99%,99.9%,99.99%,100%
GET,/,7399,0,10,37.9833443978916,1.2134999999986462,498.4219000000003,8688.0,387.9353406082997,0.0,10,20,47,69,99,160,260,360,490,500,500
,Aggregated,7399,0,10,37.9833443978916,1.2134999999986462,498.4219000000003,8688.0,387.9353406082997,0.0,10,20,47,69,99,160,260,360,490,500,500
