Type,Name,Request Count,Failure Count,Median Response Time,Average Response Time,Min Response Time,Max Response Time,Average Content Size,Requests/s,Failures/s,50%,66%,75%,80%,90%,95%,98%,99%,99.9%,99.99%,100%
GET,/,7153,0,87,82.93773666992846,1.2670999999997434,437.0733999999996,8688.0,375.27731605263216,0.0,87,97,100,110,200,240,300,320,400,440,440
,Aggregated,7153,0,87,82.93773666992846,1.2670999999997434,437.0733999999996,8688.0,375.27731605263216,0.0,87,97,100,110,200,240,300,320,400,440,440
