Type,Name,Request Count,Failure Count,Median Response Time,Average Response Time,Min Response Time,Max Response Time,Average Content Size,Requests/s,Failures/s,50%,66%,75%,80%,90%,95%,98%,99%,99.9%,99.99%,100%
GET,/,6498,0,7,43.18297920898745,1.1799000000003446,401.9726000000001,8688.0,341.05273419565486,0.0,7,13,66,81,130,200,290,300,390,400,400
,Aggregated,6498,0,7,43.18297920898745,1.1799000000003446,401.9726000000001,8688.0,341.05273419565486,0.0,7,13,66,81,130,200,290,300,390,400,400
