Type,Name,Request Count,Failure Count,Median Response Time,Average Response Time,Min Response Time,Max Response Time,Average Content Size,Requests/s,Failures/s,50%,66%,75%,80%,90%,95%,98%,99%,99.9%,99.99%,100%
GET,/,6682,0,8,50.680657797066814,1.1201999999990164,434.5091000000001,8688.0,350.71770529833105,0.0,8,62,85,92,140,210,290,300,400,430,430
,Aggregated,6682,0,8,50.680657797066814,1.1201999999990164,434.5091000000001,8688.0,350.71770529833105,0.0,8,62,85,92,140,210,290,300,400,430,430
