Type,Name,Request Count,Failure Count,Median Response Time,Average Response Time,Min Response Time,Max Response Time,Average Content Size,Requests/s,Failures/s,50%,66%,75%,80%,90%,95%,98%,99%,99.9%,99.99%,100%
GET,/,4952,0,6,30.28395702746371,1.21709999999986,518.6253999999999,8688.0,260.753749941717,0.0,6,10,15,47,88,150,220,300,440,520,520
,Aggregated,4952,0,6,30.28395702746371,1.21709999999986,518.6253999999999,8688.0,260.753749941717,0.0,6,10,15,47,88,150,220,300,440,520,520
