Type,Name,Request Count,Failure Count,Median Response Time,Average Response Time,Min Response Time,Max Response Time,Average Content Size,Requests/s,Failures/s,50%,66%,75%,80%,90%,95%,98%,99%,99.9%,99.99%,100%
GET,/,5024,0,87,75.66052806528651,1.1685000000003498,585.8351999999995,8688.0,264.0069860010862,0.0,87,94,97,98,140,300,400,400,500,590,590
,Aggregated,5024,0,87,75.66052806528651,1.1685000000003498,585.8351999999995,8688.0,264.0069860010862,0.0,87,94,97,98,140,300,400,400,500,590,590
