Type,Name,Request Count,Failure Count,Median Response Time,Average Response Time,Min Response Time,Max Response Time,Average Content Size,Requests/s,Failures/s,50%,66%,75%,80%,90%,95%,98%,99%,99.9%,99.99%,100%
GET,/,5768,0,9,28.118783200416058,1.2550000000004502,313.02760000000006,8688.0,303.768244627858,0.0,9,15,20,50,89,110,190,210,310,310,310
,Aggregated,5768,0,9,28.118783200416058,1.2550000000004502,313.02760000000006,8688.0,303.768244627858,0.0,9,15,20,50,89,110,190,210,310,310,310
