Type,Name,Request Count,Failure Count,Median Response Time,Average Response Time,Min Response Time,Max Response Time,Average Content Size,Requests/s,Failures/s,50%,66%,75%,80%,90%,95%,98%,99%,99.9%,99.99%,100%
GET,/,6162,0,7,43.19133033106145,1.2139000000015443,458.2959999999998,8688.0,322.95211413835636,0.0,7,13,68,84,160,200,270,290,380,460,460
,Aggregated,6162,0,7,43.19133033106145,1.2139000000015443,458.2959999999998,8688.0,322.95211413835636,0.0,7,13,68,84,160,200,270,290,380,460,460
