Type,Name,Request Count,Failure Count,Median Response Time,Average Response Time,Min Response Time,Max Response Time,Average Content Size,Requests/s,Failures/s,50%,66%,75%,80%,90%,95%,98%,99%,99.9%,99.99%,100%
GET,/,6962,0,9,36.51349701235279,1.179400000001607,388.01310000000024,8688.0,366.1009132693567,0.0,9,17,51,71,100,160,230,290,350,390,390
,Aggregated,6962,0,9,36.51349701235279,1.179400000001607,388.01310000000024,8688.0,366.1009132693567,0.0,9,17,51,71,100,160,230,290,350,390,390
