Type,Name,Request Count,Failure Count,Median Response Time,Average Response Time,Min Response Time,Max Response Time,Average Content Size,Requests/s,Failures/s,50%,66%,75%,80%,90%,95%,98%,99%,99.9%,99.99%,100%
GET,/,5624,0,7,59.398543261024344,1.2269000000024732,754.0426,8688.0,295.2350843942796,0.0,7,16,80,92,200,300,470,550,670,750,750
,Aggregated,5624,0,7,59.398543261024344,1.2269000000024732,754.0426,8688.0,295.2350843942796,0.0,7,16,80,92,200,300,470,550,670,750,750
