Type,Name,Request Count,Failure Count,Median Response Time,Average Response Time,Min Response Time,Max Response Time,Average Content Size,Requests/s,Failures/s,50%,66%,75%,80%,90%,95%,98%,99%,99.9%,99.99%,100%
GET,/,7883,0,13,45.35978189775469,1.201699999999306,366.62140000000056,8688.0,413.64380494820284,0.0,13,50,74,84,110,180,240,260,290,370,370
,Aggregated,7883,0,13,45.35978189775469,1.201699999999306,366.62140000000056,8688.0,413.64380494820284,0.0,13,50,74,84,110,180,240,260,290,370,370
