Type,Name,Request Count,Failure Count,Median Response Time,Average Response Time,Min Response Time,Max Response Time,Average Content Size,Requests/s,Failures/s,50%,66%,75%,80%,90%,95%,98%,99%,99.9%,99.99%,100%
GET,/,8930,0,69,69.21971736842117,1.3997000000003368,385.1933999999999,8688.0,468.2738069303349,0.0,69,87,96,100,160,200,230,280,310,390,390
,Aggregated,8930,0,69,69.21971736842117,1.3997000000003368,385.1933999999999,8688.0,468.2738069303349,0.0,69,87,96,100,160,200,230,280,310,390,390
