Type,Name,Request Count,Failure Count,Median Response Time,Average Response Time,Min Response Time,Max Response Time,Average Content Size,Requests/s,Failures/s,50%,66%,75%,80%,90%,95%,98%,99%,99.9%,99.99%,100%
GET,/,7461,0,7,37.931206513872056,1.1457999999997526,536.4537,8688.0,392.0061568125485,0.0,7,11,22,49,110,230,320,370,480,540,540
,Aggregated,7461,0,7,37.931206513872056,1.1457999999997526,536.4537,8688.0,392.0061568125485,0.0,7,11,22,49,110,230,320,370,480,540,540
