Type,Name,Request Count,Failure Count,Median Response Time,Average Response Time,Min Response Time,Max Response Time,Average Content Size,Requests/s,Failures/s,50%,66%,75%,80%,90%,95%,98%,99%,99.9%,99.99%,100%
GET,/,9394,0,23,52.79238532041728,1.205000000002343,342.6092999999999,8688.0,492.11834948367425,0.0,23,68,81,91,130,180,230,250,300,340,340
,Aggregated,9394,0,23,52.79238532041728,1.205000000002343,342.6092999999999,8688.0,492.11834948367425,0.0,23,68,81,91,130,180,230,250,300,340,340
