Type,Name,Request Count,Failure Count,Median Response Time,Average Response Time,Min Response Time,Max Response Time,Average Content Size,Requests/s,Failures/s,50%,66%,75%,80%,90%,95%,98%,99%,99.9%,99.99%,100%
GET,/,9280,0,59,65.99266964439636,1.23959999999812,391.80860000000007,8688.0,487.246636485684,0.0,59,82,95,100,170,190,210,220,310,390,390
,Aggregated,9280,0,59,65.99266964439636,1.23959999999812,391.80860000000007,8688.0,487.246636485684,0.0,59,82,95,100,170,190,210,220,310,390,390
