Type,Name,Request Count,Failure Count,Median Response Time,Average Response Time,Min Response Time,Max Response Time,Average Content Size,Requests/s,Failures/s,50%,66%,75%,80%,90%,95%,98%,99%,99.9%,99.99%,100%
GET,/,8890,0,75,75.38091449943799,1.3435000000008301,586.7002000000001,8688.0,466.39975672949316,0.0,75,89,98,110,170,200,280,300,410,590,590
,Aggregated,8890,0,75,75.38091449943799,1.3435000000008301,586.7002000000001,8688.0,466.39975672949316,0.0,75,89,98,110,170,200,280,300,410,590,590
