Type,Name,Request Count,Failure Count,Median Response Time,Average Response Time,Min Response Time,Max Response Time,Average Content Size,Requests/s,Failures/s,50%,66%,75%,80%,90%,95%,98%,99%,99.9%,99.99%,100%
GET,/,9962,0,90,97.82206227665166,1.5363999999991051,403.77729999999804,8688.0,522.9311650150868,0.0,90,110,120,160,190,220,300,310,390,400,400
,Aggregated,9962,0,90,97.82206227665166,1.5363999999991051,403.77729999999804,8688.0,522.9311650150868,0.0,90,110,120,160,190,220,300,310,390,400,400
