Type,Name,Request Count,Failure Count,Median Response Time,Average Response Time,Min Response Time,Max Response Time,Average Content Size,Requests/s,Failures/s,50%,66%,75%,80%,90%,95%,98%,99%,99.9%,99.99%,100%
GET,/,8595,0,85,90.51801898778339,1.359799999999467,495.1825000000003,8688.0,451.5927743388079,0.0,85,100,110,140,190,210,290,350,490,500,500
,Aggregated,8595,0,85,90.51801898778339,1.359799999999467,495.1825000000003,8688.0,451.5927743388079,0.0,85,100,110,140,190,210,290,350,490,500,500
