Type,Name,Request Count,Failure Count,Median Response Time,Average Response Time,Min Response Time,Max Response Time,Average Content Size,Requests/s,Failures/s,50%,66%,75%,80%,90%,95%,98%,99%,99.9%,99.99%,100%
GET,/,8969,0,10,41.7086569182742,1.0171999999997183,515.765,8688.0,469.3515907452427,0.0,10,19,46,62,120,200,290,370,460,520,520
,Aggregated,8969,0,10,41.7086569182742,1.0171999999997183,515.765,8688.0,469.3515907452427,0.0,10,19,46,62,120,200,290,370,460,520,520
