Type,Name,Request Count,Failure Count,Median Response Time,Average Response Time,Min Response Time,Max Response Time,Average Content Size,Requests/s,Failures/s,50%,66%,75%,80%,90%,95%,98%,99%,99.9%,99.99%,100%
GET,/,7873,0,12,44.114230052077026,1.0729000000004874,305.08910000000003,8688.0,412.62532630593034,0.0,12,47,70,82,120,190,210,250,300,310,310
,Aggregated,7873,0,12,44.114230052077026,1.0729000000004874,305.08910000000003,8688.0,412.62532630593034,0.0,12,47,70,82,120,190,210,250,300,310,310
