Type,Name,Request Count,Failure Count,Median Response Time,Average Response Time,Min Response Time,Max Response Time,Average Content Size,Requests/s,Failures/s,50%,66%,75%,80%,90%,95%,98%,99%,99.9%,99.99%,100%
GET,/,8989,0,71,67.39224168428083,1.4308999999990135,313.5383999999997,8688.0,470.76324898998587,0.0,71,88,98,100,150,180,210,220,290,310,310
,Aggregated,8989,0,71,67.39224168428083,1.4308999999990135,313.5383999999997,8688.0,470.76324898998587,0.0,71,88,98,100,150,180,210,220,290,310,310
