Type,Name,Request Count,Failure Count,Median Response Time,Average Response Time,Min Response Time,Max Response Time,Average Content Size,Requests/s,Failures/s,50%,66%,75%,80%,90%,95%,98%,99%,99.9%,99.99%,100%
GET,/,9202,0,38,59.12781166050839,1.141900000000362,402.50010000000015,8688.0,482.5118806906538,0.0,38,80,92,97,140,190,220,270,330,400,400
,Aggregated,9202,0,38,59.12781166050839,1.141900000000362,402.50010000000015,8688.0,482.5118806906538,0.0,38,80,92,97,140,190,220,270,330,400,400
