Type,Name,Request Count,Failure Count,Median Response Time,Average Response Time,Min Response Time,Max Response Time,Average Content Size,Requests/s,Failures/s,50%,66%,75%,80%,90%,95%,98%,99%,99.9%,99.99%,100%
GET,/,8468,0,53,67.06919707132725,1.275600000003152,435.4746999999994,8688.0,445.5946127229706,0.0,53,80,89,97,180,240,300,330,400,440,440
,Aggregated,8468,0,53,67.06919707132725,1.275600000003152,435.4746999999994,8688.0,445.5946127229706,0.0,53,80,89,97,180,240,300,330,400,440,440
