Type,Name,Request Count,Failure Count,Median Response Time,Average Response Time,Min Response Time,Max Response Time,Average Content Size,Requests/s,Failures/s,50%,66%,75%,80%,90%,95%,98%,99%,99.9%,99.99%,100%
GET,/,9556,0,53,71.76568707618223,1.2162000000000006,400.3097000000011,8688.0,499.9194758928811,0.0,53,90,100,120,190,210,270,290,320,400,400
,Aggregated,9556,0,53,71.76568707618223,1.2162000000000006,400.3097000000011,8688.0,499.9194758928811,0.0,53,90,100,120,190,210,270,290,320,400,400
