Type,Name,Request Count,Failure Count,Median Response Time,Average Response Time,Min Response Time,Max Response Time,Average Content Size,Requests/s,Failures/s,50%,66%,75%,80%,90%,95%,98%,99%,99.9%,99.99%,100%
GET,/,8950,0,13,41.72672035754203,1.121600000001166,350.67819999999995,8688.0,470.546036791568,0.0,13,43,66,76,110,170,200,240,320,350,350
,Aggregated,8950,0,13,41.72672035754203,1.121600000001166,350.67819999999995,8688.0,470.546036791568,0.0,13,43,66,76,110,170,200,240,320,350,350
