Type,Name,Request Count,Failure Count,Median Response Time,Average Response Time,Min Response Time,Max Response Time,Average Content Size,Requests/s,Failures/s,50%,66%,75%,80%,90%,95%,98%,99%,99.9%,99.99%,100%
GET,/,9199,0,23,51.58593918904215,1.283400000001933,330.35499999999996,8688.0,482.93632153683274,0.0,23,65,83,93,120,170,200,220,320,330,330
,Aggregated,9199,0,23,51.58593918904215,1.283400000001933,330.35499999999996,8688.0,482.93632153683274,0.0,23,65,83,93,120,170,200,220,320,330,330
