Type,Name,Request Count,Failure Count,Median Response Time,Average Response Time,Min Response Time,Max Response Time,Average Content Size,Requests/s,Failures/s,50%,66%,75%,80%,90%,95%,98%,99%,99.9%,99.99%,100%
GET,/,7438,0,26,37.98649965044381,1.3559999999994687,218.7985000000001,8688.0,389.83279328372487,0.0,26,51,59,64,76,91,150,170,200,220,220
,Aggregated,7438,0,26,37.98649965044381,1.3559999999994687,218.7985000000001,8688.0,389.83279328372487,0.0,26,51,59,64,76,91,150,170,200,220,220
