Type,Name,Request Count,Failure Count,Median Response Time,Average Response Time,Min Response Time,Max Response Time,Average Content Size,Requests/s,Failures/s,50%,66%,75%,80%,90%,95%,98%,99%,99.9%,99.99%,100%
GET,/,8443,0,42,76.95725873504665,1.1179999999999524,926.7944000000003,8688.0,442.48033972085904,0.0,42,80,96,120,190,270,380,520,800,930,930
,Aggregated,8443,0,42,76.95725873504665,1.1179999999999524,926.7944000000003,8688.0,442.48033972085904,0.0,42,80,96,120,190,270,380,520,800,930,930
