Type,Name,Request Count,Failure Count,Median Response Time,Average Response Time,Min Response Time,Max Response Time,Average Content Size,Requests/s,Failures/s,50%,66%,75%,80%,90%,95%,98%,99%,99.9%,99.99%,100%
GET,/,8689,0,68,71.54571576706202,1.2220999999996707,430.23640000000006,8688.0,455.0679728137764,0.0,68,87,96,100,180,210,290,310,390,430,430
,Aggregated,8689,0,68,71.54571576706202,1.2220999999996707,430.23640000000006,8688.0,455.0679728137764,0.0,68,87,96,100,180,210,290,310,390,430,430
