Type,Name,Request Count,Failure Count,Median Response Time,Average Response Time,Min Response Time,Max Response Time,Average Content Size,Requests/s,Failures/s,50%,66%,75%,80%,90%,95%,98%,99%,99.9%,99.99%,100%
GET,/,9611,0,30,55.76844927687035,1.0732999999980564,357.4837000000004,8688.0,505.01193079233684,0.0,30,75,89,97,130,190,210,230,300,360,360
,Aggregated,9611,0,30,55.76844927687035,1.0732999999980564,357.4837000000004,8688.0,505.01193079233684,0.0,30,75,89,97,130,190,210,230,300,360,360
