Type,Name,Request Count,Failure Count,Median Response Time,Average Response Time,Min Response Time,Max Response Time,Average Content Size,Requests/s,Failures/s,50%,66%,75%,80%,90%,95%,98%,99%,99.9%,99.99%,100%
GET,/,8656,0,17,48.193124549445486,1.1094000000007043,383.7133000000001,8688.0,454.84488779984383,0.0,17,62,78,86,110,170,210,260,380,380,380
,Aggregated,8656,0,17,48.193124549445486,1.1094000000007043,383.7133000000001,8688.0,454.84488779984383,0.0,17,62,78,86,110,170,210,260,380,380,380
