Type,Name,Request Count,Failure Count,Median Response Time,Average Response Time,Min Response Time,Max Response Time,Average Content Size,Requests/s,Failures/s,50%,66%,75%,80%,90%,95%,98%,99%,99.9%,99.99%,100%
GET,/,8930,0,12,42.39790853303492,1.1106000000005167,312.1767000000002,8688.0,468.266963142578,0.0,12,29,62,79,120,190,220,270,300,310,310
,Aggregated,8930,0,12,42.39790853303492,1.1106000000005167,312.1767000000002,8688.0,468.266963142578,0.0,12,29,62,79,120,190,220,270,300,310,310
