Type,Name,Request Count,Failure Count,Median Response Time,Average Response Time,Min Response Time,Max Response Time,Average Content Size,Requests/s,Failures/s,50%,66%,75%,80%,90%,95%,98%,99%,99.9%,99.99%,100%
GET,/,9153,0,52,70.30985504206234,1.3296000000018182,422.4484999999998,8688.0,480.011705592115,0.0,52,85,99,110,190,210,280,300,370,420,420
,Aggregated,9153,0,52,70.30985504206234,1.3296000000018182,422.4484999999998,8688.0,480.011705592115,0.0,52,85,99,110,190,210,280,300,370,420,420
