Type,Name,Request Count,Failure Count,Median Response Time,Average Response Time,Min Response Time,Max Response Time,Average Content Size,Requests/s,Failures/s,50%,66%,75%,80%,90%,95%,98%,99%,99.9%,99.99%,100%
GET,/,9219,0,65,73.43842055537453,1.3931999999989841,380.1053000000003,8688.0,483.13894978493624,0.0,65,86,97,110,190,210,280,290,320,380,380
,Aggregated,9219,0,65,73.43842055537453,1.3931999999989841,380.1053000000003,8688.0,483.13894978493624,0.0,65,86,97,110,190,210,280,290,320,380,380
