Type,Name,Request Count,Failure Count,Median Response Time,Average Response Time,Min Response Time,Max Response Time,Average Content Size,Requests/s,Failures/s,50%,66%,75%,80%,90%,95%,98%,99%,99.9%,99.99%,100%
GET,/,8716,0,75,84.15588689765963,1.0796000000006245,461.31119999999993,8688.0,457.71650568057186,0.0,75,95,110,150,200,250,300,320,390,460,460
,Aggregated,8716,0,75,84.15588689765963,1.0796000000006245,461.31119999999993,8688.0,457.71650568057186,0.0,75,95,110,150,200,250,300,320,390,460,460
