Type,Name,Request Count,Failure Count,Median Response Time,Average Response Time,Min Response Time,Max Response Time,Average Content Size,Requests/s,Failures/s,50%,66%,75%,80%,90%,95%,98%,99%,99.9%,99.99%,100%
GET,/,8123,0,17,56.10861416964182,1.2517999999985818,392.1457999999998,8688.0,425.9210264089345,0.0,17,70,82,89,160,200,270,350,380,390,390
,Aggregated,8123,0,17,56.10861416964182,1.2517999999985818,392.1457999999998,8688.0,425.9210264089345,0.0,17,70,82,89,160,200,270,350,380,390,390
