Type,Name,Request Count,Failure Count,Median Response Time,Average Response Time,Min Response Time,Max Response Time,Average Content Size,Requests/s,Failures/s,50%,66%,75%,80%,90%,95%,98%,99%,99.9%,99.99%,100%
GET,/,8605,0,17,61.75995256246362,1.0870999999994524,448.83960000000036,8688.0,450.6976446868063,0.0,17,69,89,100,190,250,300,340,370,450,450
,Aggregated,8605,0,17,61.75995256246362,1.0870999999994524,448.83960000000036,8688.0,450.6976446868063,0.0,17,69,89,100,190,250,300,340,370,450,450
