Type,Name,Request Count,Failure Count,Median Response Time,Average Response Time,Min Response Time,Max Response Time,Average Content Size,Requests/s,Failures/s,50%,66%,75%,80%,90%,95%,98%,99%,99.9%,99.99%,100%
GET,/,8532,0,100.0,121.53041044303855,1.3579999999997483,515.0889999999997,8688.0,447.64330839033386,0.0,100,140,180,190,220,280,320,380,470,520,520
,Aggregated,8532,0,100.0,121.53041044303855,1.3579999999997483,515.0889999999997,8688.0,447.64330839033386,0.0,100,140,180,190,220,280,320,380,470,520,520
