Type,Name,Request Count,Failure Count,Median Response Time,Average Response Time,Min Response Time,Max Response Time,Average Content Size,Requests/s,Failures/s,50%,66%,75%,80%,90%,95%,98%,99%,99.9%,99.99%,100%
GET,/,9463,0,59,66.73679931311436,1.2513000000007324,328.9437999999998,8688.0,495.2811141529995,0.0,59,86,97,110,170,190,230,250,300,330,330
,Aggregated,9463,0,59,66.73679931311436,1.2513000000007324,328.9437999999998,8688.0,495.2811141529995,0.0,59,86,97,110,170,190,230,250,300,330,330
