Type,Name,Request Count,Failure Count,Median Response Time,Average Response Time,Min Response Time,Max Response Time,Average Content Size,Requests/s,Failures/s,50%,66%,75%,80%,90%,95%,98%,99%,99.9%,99.99%,100%
GET,/,9317,0,43,61.051284920038604,1.112399999998459,344.4145000000001,8688.0,488.87508175058684,0.0,43,82,95,100,170,190,210,280,310,340,340
,Aggregated,9317,0,43,61.051284920038604,1.112399999998459,344.4145000000001,8688.0,488.87508175058684,0.0,43,82,95,100,170,190,210,280,310,340,340
