Type,Name,Request Count,Failure Count,Median Response Time,Average Response Time,Min Response Time,Max Response Time,Average Content Size,Requests/s,Failures/s,50%,66%,75%,80%,90%,95%,98%,99%,99.9%,99.99%,100%
GET,/,8552,0,23,57.597671994855126,1.2775999999998788,418.80620000000056,8688.0,449.1033943672704,0.0,23,74,88,94,170,200,280,290,330,420,420
,Aggregated,8552,0,23,57.597671994855126,1.2775999999998788,418.80620000000056,8688.0,449.1033943672704,0.0,23,74,88,94,170,200,280,290,330,420,420
