Type,Name,Request Count,Failure Count,Median Response Time,Average Response Time,Min Response Time,Max Response Time,Average Content Size,Requests/s,Failures/s,50%,66%,75%,80%,90%,95%,98%,99%,99.9%,99.99%,100%
GET,/,9929,0,35,56.827049743176474,1.2585999999998876,395.5232,8688.0,520.9015497221095,0.0,35,75,88,95,120,180,210,280,370,400,400
,Aggregated,9929,0,35,56.827049743176474,1.2585999999998876,395.5232,8688.0,520.9015497221095,0.0,35,75,88,95,120,180,210,280,370,400,400
