Type,Name,Request Count,Failure Count,Median Response Time,Average Response Time,Min Response Time,Max Response Time,Average Content Size,Requests/s,Failures/s,50%,66%,75%,80%,90%,95%,98%,99%,99.9%,99.99%,100%
GET,/,8922,0,66,67.24398667339176,1.3594999999995139,365.005,8688.0,466.9443827091234,0.0,66,84,94,100,150,190,240,260,340,370,370
,Aggregated,8922,0,66,67.24398667339176,1.3594999999995139,365.005,8688.0,466.9443827091234,0.0,66,84,94,100,150,190,240,260,340,370,370
