Type,Name,Request Count,Failure Count,Median Response Time,Average Response Time,Min Response Time,Max Response Time,Average Content Size,Requests/s,Failures/s,50%,66%,75%,80%,90%,95%,98%,99%,99.9%,99.99%,100%
GET,/,7688,0,49,60.67519327523423,1.2776000000016552,351.337,8688.0,404.021276558423,0.0,49,81,89,94,160,190,220,250,320,350,350
,Aggregated,7688,0,49,60.67519327523423,1.2776000000016552,351.337,8688.0,404.021276558423,0.0,49,81,89,94,160,190,220,250,320,350,350
