Type,Name,Request Count,Failure Count,Median Response Time,Average Response Time,Min Response Time,Max Response Time,Average Content Size,Requests/s,Failures/s,50%,66%,75%,80%,90%,95%,98%,99%,99.9%,99.99%,100%
GET,/,7559,0,11,43.17127299907376,1.1293999999999471,379.98930000000007,8688.0,396.99351752745855,0.0,11,47,70,83,110,180,260,290,370,380,380
,Aggregated,7559,0,11,43.17127299907376,1.1293999999999471,379.98930000000007,8688.0,396.99351752745855,0.0,11,47,70,83,110,180,260,290,370,380,380
