Type,Name,Request Count,Failure Count,Median Response Time,Average Response Time,Min Response Time,Max Response Time,Average Content Size,Requests/s,Failures/s,50%,66%,75%,80%,90%,95%,98%,99%,99.9%,99.99%,100%
GET,/,7248,0,49,61.33751354856511,1.447200000001203,410.65970000000004,8688.0,380.9423271580466,0.0,49,81,90,95,120,200,290,310,390,410,410
,Aggregated,7248,0,49,61.33751354856511,1.447200000001203,410.65970000000004,8688.0,380.9423271580466,0.0,49,81,90,95,120,200,290,310,390,410,410
