Type,Name,Request Count,Failure Count,Median Response Time,Average Response Time,Min Response Time,Max Response Time,Average Content Size,Requests/s,Failures/s,50%,66%,75%,80%,90%,95%,98%,99%,99.9%,99.99%,100%
GET,/,8351,0,95,125.1073734762306,1.6193999999991604,701.8660000000008,8688.0,435.66436762691865,0.0,95,120,180,200,280,350,490,500,610,700,700
,Aggregated,8351,0,95,125.1073734762306,1.6193999999991604,701.8660000000008,8688.0,435.66436762691865,0.0,95,120,180,200,280,350,490,500,610,700,700
