Type,Name,Request Count,Failure Count,Median Response Time,Average Response Time,Min Response Time,Max Response Time,Average Content Size,Requests/s,Failures/s,50%,66%,75%,80%,90%,95%,98%,99%,99.9%,99.99%,100%
GET,/,8140,0,47,67.90824744471739,1.1726000000003012,322.45619999999997,8688.0,426.7758680576194,0.0,47,87,100,110,190,200,230,250,300,320,320
,Aggregated,8140,0,47,67.90824744471739,1.1726000000003012,322.45619999999997,8688.0,426.7758680576194,0.0,47,87,100,110,190,200,230,250,300,320,320
