Type,Name,Request Count,Failure Count,Median Response Time,Average Response Time,Min Response Time,Max Response Time,Average Content Size,Requests/s,Failures/s,50%,66%,75%,80%,90%,95%,98%,99%,99.9%,99.99%,100%
GET,/,9301,0,67,70.67929934415683,1.42610000000154,385.1108999999999,8688.0,487.3195698825549,0.0,67,87,96,100,170,200,230,280,320,390,390
,Aggregated,9301,0,67,70.67929934415683,1.42610000000154,385.1108999999999,8688.0,487.3195698825549,0.0,67,87,96,100,170,200,230,280,320,390,390
