Type,Name,Request Count,Failure Count,Median Response Time,Average Response Time,Min Response Time,Max Response Time,Average Content Size,Requests/s,Failures/s,50%,66%,75%,80%,90%,95%,98%,99%,99.9%,99.99%,100%
GET,/,9114,0,52,74.24137524687268,1.1641999999998376,385.0744000000006,8688.0,477.5519934884736,0.0,52,91,110,120,200,230,290,300,310,390,390
,Aggregated,9114,0,52,74.24137524687268,1.1641999999998376,385.0744000000006,8688.0,477.5519934884736,0.0,52,91,110,120,200,230,290,300,310,390,390
