Type,Name,Request Count,Failure Count,Median Response Time,Average Response Time,Min Response Time,Max Response Time,Average Content Size,Requests/s,Failures/s,50%,66%,75%,80%,90%,95%,98%,99%,99.9%,99.99%,100%
GET,/,8497,0,87,92.4102665411322,1.4082999999995849,402.94589999999977,8688.0,445.97106330002134,0.0,87,100,120,160,190,210,270,290,390,400,400
,Aggregated,8497,0,87,92.4102665411322,1.4082999999995849,402.94589999999977,8688.0,445.97106330002134,0.0,87,100,120,160,190,210,270,290,390,400,400
