Type,Name,Request Count,Failure Count,Median Response Time,Average Response Time,Min Response Time,Max Response Time,Average Content Size,Requests/s,Failures/s,50%,66%,75%,80%,90%,95%,98%,99%,99.9%,99.99%,100%
GET,/,7406,0,76,78.85023336483935,1.0513000000003103,378.88250000000045,8688.0,388.3834244593364,0.0,76,96,110,120,190,220,280,290,360,380,380
,Aggregated,7406,0,76,78.85023336483935,1.0513000000003103,378.88250000000045,8688.0,388.3834244593364,0.0,76,96,110,120,190,220,280,290,360,380,380
