Type,Name,Request Count,Failure Count,Median Response Time,Average Response Time,Min Response Time,Max Response Time,Average Content Size,Requests/s,Failures/s,50%,66%,75%,80%,90%,95%,98%,99%,99.9%,99.99%,100%
GET,/,8350,0,12,42.60860862275439,1.020300000000418,377.8638000000001,8688.0,438.0021583673767,0.0,12,40,70,82,110,180,200,260,300,380,380
,Aggregated,8350,0,12,42.60860862275439,1.020300000000418,377.8638000000001,8688.0,438.0021583673767,0.0,12,40,70,82,110,180,200,260,300,380,380
