Type,Name,Request Count,Failure Count,Median Response Time,Average Response Time,Min Response Time,Max Response Time,Average Content Size,Requests/s,Failures/s,50%,66%,75%,80%,90%,95%,98%,99%,99.9%,99.99%,100%
GET,/,7900,0,65,65.4511775949366,1.1110999999992544,333.6037000000003,8688.0,414.05026233803494,0.0,65,84,92,98,170,190,240,260,320,330,330
,Aggregated,7900,0,65,65.4511775949366,1.1110999999992544,333.6037000000003,8688.0,414.05026233803494,0.0,65,84,92,98,170,190,240,260,320,330,330
