Type,Name,Request Count,Failure Count,Median Response Time,Average Response Time,Min Response Time,Max Response Time,Average Content Size,Requests/s,Failures/s,50%,66%,75%,80%,90%,95%,98%,99%,99.9%,99.99%,100%
GET,/,8426,0,16,57.27369757892219,1.123200000000324,334.57499999999965,8688.0,442.65105147894957,0.0,16,72,91,100,180,210,240,270,310,330,330
,Aggregated,8426,0,16,57.27369757892219,1.123200000000324,334.57499999999965,8688.0,442.65105147894957,0.0,16,72,91,100,180,210,240,270,310,330,330
