Type,Name,Request Count,Failure Count,Median Response Time,Average Response Time,Min Response Time,Max Response Time,Average Content Size,Requests/s,Failures/s,50%,66%,75%,80%,90%,95%,98%,99%,99.9%,99.99%,100%
GET,/,9202,0,67,69.59114569658769,1.1884000000002004,569.3871999999996,8688.0,482.96756486663156,0.0,67,85,95,100,160,190,250,290,490,570,570
,Aggregated,9202,0,67,69.59114569658769,1.1884000000002004,569.3871999999996,8688.0,482.96756486663156,0.0,67,85,95,100,160,190,250,290,490,570,570
