Type,Name,Request Count,Failure Count,Median Response Time,Average Response Time,Min Response Time,Max Response Time,Average Content Size,Requests/s,Failures/s,50%,66%,75%,80%,90%,95%,98%,99%,99.9%,99.99%,100%
GET,/,7288,0,10,42.1013608809,1.2652000000006325,366.3078999999998,8688.0,381.98946275437834,0.0,10,15,54,77,160,200,250,270,340,370,370
,Aggregated,7288,0,10,42.1013608809,1.2652000000006325,366.3078999999998,8688.0,381.98946275437834,0.0,10,15,54,77,160,200,250,270,340,370,370
