Type,Name,Request Count,Failure Count,Median Response Time,Average Response Time,Min Response Time,Max Response Time,Average Content Size,Requests/s,Failures/s,50%,66%,75%,80%,90%,95%,98%,99%,99.9%,99.99%,100%
GET,/,8676,0,77,81.21648414015705,1.4223000000015418,377.60640000000035,8688.0,456.54145283277455,0.0,77,95,110,120,190,220,280,300,350,380,380
,Aggregated,8676,0,77,81.21648414015705,1.4223000000015418,377.60640000000035,8688.0,456.54145283277455,0.0,77,95,110,120,190,220,280,300,350,380,380
