Type,Name,Request Count,Failure Count,Median Response Time,Average Response Time,Min Response Time,Max Response Time,Average Content Size,Requests/s,Failures/s,50%,66%,75%,80%,90%,95%,98%,99%,99.9%,99.99%,100%
GET,/,8337,0,83,90.13742178241586,1.2194000000000926,421.6224000000004,8688.0,436.5528053250886,0.0,83,98,110,150,200,250,300,320,390,420,420
,Aggregated,8337,0,83,90.13742178241586,1.2194000000000926,421.6224000000004,8688.0,436.5528053250886,0.0,83,98,110,150,200,250,300,320,390,420,420
