Type,Name,Request Count,Failure Count,Median Response Time,Average Response Time,Min Response Time,Max Response Time,Average Content Size,Requests/s,Failures/s,50%,66%,75%,80%,90%,95%,98%,99%,99.9%,99.99%,100%
GET,/,8402,0,90,100.81437488693152,1.0407000000007827,405.5608999999993,8688.0,440.2912495297146,0.0,90,110,160,180,200,260,300,300,350,410,410
,Aggregated,8402,0,90,100.81437488693152,1.0407000000007827,405.5608999999993,8688.0,440.2912495297146,0.0,90,110,160,180,200,260,300,300,350,410,410
