Type,Name,Request Count,Failure Count,Median Response Time,Average Response Time,Min Response Time,Max Response Time,Average Content Size,Requests/s,Failures/s,50%,66%,75%,80%,90%,95%,98%,99%,99.9%,99.99%,100%
GET,/,8917,0,21,50.227562891106814,1.2192999999998122,359.85999999999984,8688.0,467.05624061087065,0.0,21,66,83,90,110,170,230,250,350,360,360
,Aggregated,8917,0,21,50.227562891106814,1.2192999999998122,359.85999999999984,8688.0,467.05624061087065,0.0,21,66,83,90,110,170,230,250,350,360,360
