Type,Name,Request Count,Failure Count,Median Response Time,Average Response Time,Min Response Time,Max Response Time,Average Content Size,Requests/s,Failures/s,50%,66%,75%,80%,90%,95%,98%,99%,99.9%,99.99%,100%
GET,/,8553,0,100.0,126.25725360692158,2.3090000000003386,496.78679999999974,8688.0,448.31837892820215,0.0,100,130,180,190,230,290,320,380,410,500,500
,Aggregated,8553,0,100.0,126.25725360692158,2.3090000000003386,496.78679999999974,8688.0,448.31837892820215,0.0,100,130,180,190,230,290,320,380,410,500,500
