Type,Name,Request Count,Failure Count,Median Response Time,Average Response Time,Min Response Time,Max Response Time,Average Content Size,Requests/s,Failures/s,50%,66%,75%,80%,90%,95%,98%,99%,99.9%,99.99%,100%
GET,/,8270,0,21,59.4082732648129,1.1847000000013708,345.9295,8688.0,433.5984901971216,0.0,21,71,92,100,180,210,250,270,330,350,350
,Aggregated,8270,0,21,59.4082732648129,1.1847000000013708,345.9295,8688.0,433.5984901971216,0.0,21,71,92,100,180,210,250,270,330,350,350
