Type,Name,Request Count,Failure Count,Median Response Time,Average Response Time,Min Response Time,Max Response Time,Average Content Size,Requests/s,Failures/s,50%,66%,75%,80%,90%,95%,98%,99%,99.9%,99.99%,100%
GET,/,8945,0,48,67.3674150251538,1.2255000000003236,403.2334999999998,8688.0,469.33045916027885,0.0,48,87,99,110,180,200,290,310,370,400,400
,Aggregated,8945,0,48,67.3674150251538,1.2255000000003236,403.2334999999998,8688.0,469.33045916027885,0.0,48,87,99,110,180,200,290,310,370,400,400
