Type,Name,Request Count,Failure Count,Median Response Time,Average Response Time,Min Response Time,Max Response Time,Average Content Size,Requests/s,Failures/s,50%,66%,75%,80%,90%,95%,98%,99%,99.9%,99.99%,100%
GET,/,7616,0,50,66.63751460084042,1.3193999999998596,369.1787,8688.0,399.32098128111056,0.0,50,86,98,100,180,200,260,280,370,370,370
,Aggregated,7616,0,50,66.63751460084042,1.3193999999998596,369.1787,8688.0,399.32098128111056,0.0,50,86,98,100,180,200,260,280,370,370,370
