Type,Name,Request Count,Failure Count,Median Response Time,Average Response Time,Min Response Time,Max Response Time,Average Content Size,Requests/s,Failures/s,50%,66%,75%,80%,90%,95%,98%,99%,99.9%,99.99%,100%
GET,/,8400,0,22,56.668707095238126,1.138199999999756,380.74930000000063,8688.0,440.1843313826934,0.0,22,79,91,96,140,190,240,280,320,380,380
,Aggregated,8400,0,22,56.668707095238126,1.138199999999756,380.74930000000063,8688.0,440.1843313826934,0.0,22,79,91,96,140,190,240,280,320,380,380
