Type,Name,Request Count,Failure Count,Median Response Time,Average Response Time,Min Response Time,Max Response Time,Average Content Size,Requests/s,Failures/s,50%,66%,75%,80%,90%,95%,98%,99%,99.9%,99.99%,100%
GET,/,8802,0,52,61.65199746648496,1.09600000000043,401.99039999999985,8688.0,460.9710795968426,0.0,52,80,88,93,120,190,270,290,400,400,400
,Aggregated,8802,0,52,61.65199746648496,1.09600000000043,401.99039999999985,8688.0,460.9710795968426,0.0,52,80,88,93,120,190,270,290,400,400,400
