Type,Name,Request Count,Failure Count,Median Response Time,Average Response Time,Min Response Time,Max Response Time,Average Content Size,Requests/s,Failures/s,50%,66%,75%,80%,90%,95%,98%,99%,99.9%,99.99%,100%
GET,/,9434,0,81,92.26844113843545,1.3626000000002136,386.9901999999996,8688.0,495.56984812084283,0.0,81,94,110,140,210,270,290,350,380,390,390
,Aggregated,9434,0,81,92.26844113843545,1.3626000000002136,386.9901999999996,8688.0,495.56984812084283,0.0,81,94,110,140,210,270,290,350,380,390,390
