Type,Name,Request Count,Failure Count,Median Response Time,Average Response Time,Min Response Time,Max Response Time,Average Content Size,Requests/s,Failures/s,50%,66%,75%,80%,90%,95%,98%,99%,99.9%,99.99%,100%
GET,/,8534,0,53,65.41171702601379,1.1313000000008344,365.30510000000004,8688.0,447.4993147148404,0.0,53,82,94,100,180,200,270,290,360,370,370
,Aggregated,8534,0,53,65.41171702601379,1.1313000000008344,365.30510000000004,8688.0,447.4993147148404,0.0,53,82,94,100,180,200,270,290,360,370,370
