Type,Name,Request Count,Failure Count,Median Response Time,Average Response Time,Min Response Time,Max Response Time,Average Content Size,Requests/s,Failures/s,50%,66%,75%,80%,90%,95%,98%,99%,99.9%,99.99%,100%
GET,/,7467,0,68,67.64062220436583,1.2489999999996115,343.5570000000006,8688.0,391.51367154028384,0.0,68,84,90,95,150,210,280,310,330,340,340
,Aggregated,7467,0,68,67.64062220436583,1.2489999999996115,343.5570000000006,8688.0,391.51367154028384,0.0,68,84,90,95,150,210,280,310,330,340,340
