Type,Name,Request Count,Failure Count,Median Response Time,Average Response Time,Min Response Time,Max Response Time,Average Content Size,Requests/s,Failures/s,50%,66%,75%,80%,90%,95%,98%,99%,99.9%,99.99%,100%
GET,/,9240,0,93,99.48991359307358,1.8092999999979043,408.77540000000056,8688.0,485.0046749850736,0.0,93,100,110,130,180,210,300,320,380,410,410
,Aggregated,9240,0,93,99.48991359307358,1.8092999999979043,408.77540000000056,8688.0,485.0046749850736,0.0,93,100,110,130,180,210,300,320,380,410,410
