Type,Name,Request Count,Failure Count,Median Response Time,Average Response Time,Min Response Time,Max Response Time,Average Content Size,Requests/s,Failures/s,50%,66%,75%,80%,90%,95%,98%,99%,99.9%,99.99%,100%
GET,/,7378,0,20,50.32629788560594,1.1365999999988219,368.80000000000024,8688.0,387.900804732871,0.0,20,73,84,89,110,170,190,270,290,370,370
,Aggregated,7378,0,20,50.32629788560594,1.1365999999988219,368.80000000000024,8688.0,387.900804732871,0.0,20,73,84,89,110,170,190,270,290,370,370
