Type,Name,Request Count,Failure Count,Median Response Time,Average Response Time,Min Response Time,Max Response Time,Average Content Size,Requests/s,Failures/s,50%,66%,75%,80%,90%,95%,98%,99%,99.9%,99.99%,100%
GET,/,8628,0,18,54.876662227630966,1.1855000000000615,400.6084999999997,8688.0,451.88532461417566,0.0,18,71,86,94,130,200,280,300,380,400,400
,Aggregated,8628,0,18,54.876662227630966,1.1855000000000615,400.6084999999997,8688.0,451.88532461417566,0.0,18,71,86,94,130,200,280,300,380,400,400
