Type,Name,Request Count,Failure Count,Median Response Time,Average Response Time,Min Response Time,Max Response Time,Average Content Size,Requests/s,Failures/s,50%,66%,75%,80%,90%,95%,98%,99%,99.9%,99.99%,100%
GET,/,8965,0,80,86.32900033463497,1.3290999999995279,378.90779999999944,8688.0,471.261542195959,0.0,80,96,110,120,180,220,290,290,330,380,380
,Aggregated,8965,0,80,86.32900033463497,1.3290999999995279,378.90779999999944,8688.0,471.261542195959,0.0,80,96,110,120,180,220,290,290,330,380,380
