Type,Name,Request Count,Failure Count,Median Response Time,Average Response Time,Min Response Time,Max Response Time,Average Content Size,Requests/s,Failures/s,50%,66%,75%,80%,90%,95%,98%,99%,99.9%,99.99%,100%
GET,/,8401,0,76,70.56282819902358,1.4795000000003,316.9360000000001,8688.0,441.65835363785214,0.0,76,91,98,100,140,170,200,230,320,320,320
,Aggregated,8401,0,76,70.56282819902358,1.4795000000003,316.9360000000001,8688.0,441.65835363785214,0.0,76,91,98,100,140,170,200,230,320,320,320
