Type,Name,Request Count,Failure Count,Median Response Time,Average Response Time,Min Response Time,Max Response Time,Average Content Size,Requests/s,Failures/s,50%,66%,75%,80%,90%,95%,98%,99%,99.9%,99.99%,100%
GET,/,8313,0,13,49.40146482617606,1.0666999999990878,313.2005000000002,8688.0,435.6436925598706,0.0,13,47,75,88,170,200,270,280,300,310,310
,Aggregated,8313,0,13,49.40146482617606,1.0666999999990878,313.2005000000002,8688.0,435.6436925598706,0.0,13,47,75,88,170,200,270,280,300,310,310
