Type,Name,Request Count,Failure Count,Median Response Time,Average Response Time,Min Response Time,Max Response Time,Average Content Size,Requests/s,Failures/s,50%,66%,75%,80%,90%,95%,98%,99%,99.9%,99.99%,100%
GET,/,9637,0,68,71.932991864688,1.3161000000003753,418.59350000000006,8688.0,505.018538682866,0.0,68,85,97,110,180,200,250,270,380,420,420
,Aggregated,9637,0,68,71.932991864688,1.3161000000003753,418.59350000000006,8688.0,505.018538682866,0.0,68,85,97,110,180,200,250,270,380,420,420
