Type,Name,Request Count,Failure Count,Median Response Time,Average Response Time,Min Response Time,Max Response Time,Average Content Size,Requests/s,Failures/s,50%,66%,75%,80%,90%,95%,98%,99%,99.9%,99.99%,100%
GET,/,7097,0,11,57.16083321121585,1.0101000000020122,480.21820000000037,8688.0,372.7448039610783,0.0,11,68,88,96,180,220,300,360,410,480,480
,Aggregated,7097,0,11,57.16083321121585,1.0101000000020122,480.21820000000037,8688.0,372.7448039610783,0.0,11,68,88,96,180,220,300,360,410,480,480
