Type,Name,Request Count,Failure Count,Median Response Time,Average Response Time,Min Response Time,Max Response Time,Average Content Size,Requests/s,Failures/s,50%,66%,75%,80%,90%,95%,98%,99%,99.9%,99.99%,100%
GET,/,9752,0,91,97.00045584495503,1.4404999999975132,374.1916000000005,8688.0,511.54012963173693,0.0,91,110,120,160,190,210,260,280,310,370,370
,Aggregated,9752,0,91,97.00045584495503,1.4404999999975132,374.1916000000005,8688.0,511.54012963173693,0.0,91,110,120,160,190,210,260,280,310,370,370
