Type,Name,Request Count,Failure Count,Median Response Time,Average Response Time,Min Response Time,Max Response Time,Average Content Size,Requests/s,Failures/s,50%,66%,75%,80%,90%,95%,98%,99%,99.9%,99.99%,100%
GET,/,8426,0,13,50.284743401376744,1.1884000000002004,379.76160000000016,8688.0,441.78319847800753,0.0,13,53,80,91,170,200,230,280,370,380,380
,Aggregated,8426,0,13,50.284743401376744,1.1884000000002004,379.76160000000016,8688.0,441.78319847800753,0.0,13,53,80,91,170,200,230,280,370,380,380
