Type,Name,Request Count,Failure Count,Median Response Time,Average Response Time,Min Response Time,Max Response Time,Average Content Size,Requests/s,Failures/s,50%,66%,75%,80%,90%,95%,98%,99%,99.9%,99.99%,100%
GET,/,7897,0,10,40.47563245536291,1.0334000000007393,347.6452999999999,8688.0,414.17177680472304,0.0,10,26,63,78,110,180,240,250,340,350,350
,Aggregated,7897,0,10,40.47563245536291,1.0334000000007393,347.6452999999999,8688.0,414.17177680472304,0.0,10,26,63,78,110,180,240,250,340,350,350
