Type,Name,Request Count,Failure Count,Median Response Time,Average Response Time,Min Response Time,Max Response Time,Average Content Size,Requests/s,Failures/s,50%,66%,75%,80%,90%,95%,98%,99%,99.9%,99.99%,100%
GET,/,9115,0,14,43.37914548546363,1.1946999999992158,391.7370999999994,8688.0,478.21098162018103,0.0,14,27,52,67,100,200,290,310,380,390,390
,Aggregated,9115,0,14,43.37914548546363,1.1946999999992158,391.7370999999994,8688.0,478.21098162018103,0.0,14,27,52,67,100,200,290,310,380,390,390
