Type,Name,Request Count,Failure Count,Median Response Time,Average Response Time,Min Response Time,Max Response Time,Average Content Size,Requests/s,Failures/s,50%,66%,75%,80%,90%,95%,98%,99%,99.9%,99.99%,100%
GET,/,8226,0,53,75.07876605883808,1.3294999999988732,448.5291,8688.0,430.830410439223,0.0,53,81,94,110,200,280,340,370,410,450,450
,Aggregated,8226,0,53,75.07876605883808,1.3294999999988732,448.5291,8688.0,430.830410439223,0.0,53,81,94,110,200,280,340,370,410,450,450
