Type,Name,Request Count,Failure Count,Median Response Time,Average Response Time,Min Response Time,Max Response Time,Average Content Size,Requests/s,Failures/s,50%,66%,75%,80%,90%,95%,98%,99%,99.9%,99.99%,100%
GET,/,9802,0,34,56.83376206896551,1.2774000000010943,334.37949999999984,8688.0,513.4522879814597,0.0,34,76,88,96,130,170,220,250,320,330,330
,Aggregated,9802,0,34,56.83376206896551,1.2774000000010943,334.37949999999984,8688.0,513.4522879814597,0.0,34,76,88,96,130,170,220,250,320,330,330
