Type,Name,Request Count,Failure Count,Median Response Time,Average Response Time,Min Response Time,Max Response Time,Average Content Size,Requests/s,Failures/s,50%,66%,75%,80%,90%,95%,98%,99%,99.9%,99.99%,100%
GET,/,8826,0,64,66.1957243031951,1.3801000000004393,501.8424000000001,8688.0,462.74084023146963,0.0,64,83,92,98,140,200,250,290,410,500,500
,Aggregated,8826,0,64,66.1957243031951,1.3801000000004393,501.8424000000001,8688.0,462.74084023146963,0.0,64,83,92,98,140,200,250,290,410,500,500
