Type,Name,Request Count,Failure Count,Median Response Time,Average Response Time,Min Response Time,Max Response Time,Average Content Size,Requests/s,Failures/s,50%,66%,75%,80%,90%,95%,98%,99%,99.9%,99.99%,100%
GET,/,8757,0,100.0,117.92695033687325,1.3665999999989964,389.3152000000004,8688.0,459.4517020637569,0.0,100,160,180,190,210,270,300,310,340,390,390
,Aggregated,8757,0,100.0,117.92695033687325,1.3665999999989964,389.3152000000004,8688.0,459.4517020637569,0.0,100,160,180,190,210,270,300,310,340,390,390
