Type,Name,Request Count,Failure Count,Median Response Time,Average Response Time,Min Response Time,Max Response Time,Average Content Size,Requests/s,Failures/s,50%,66%,75%,80%,90%,95%,98%,99%,99.9%,99.99%,100%
GET,/,7843,0,27,59.33902963151844,1.1318000000013484,371.3690999999999,8688.0,411.3938991233536,0.0,27,74,87,96,160,200,260,270,340,370,370
,Aggregated,7843,0,27,59.33902963151844,1.1318000000013484,371.3690999999999,8688.0,411.3938991233536,0.0,27,74,87,96,160,200,260,270,340,370,370
