Type,Name,Request Count,Failure Count,Median Response Time,Average Response Time,Min Response Time,Max Response Time,Average Content Size,Requests/s,Failures/s,50%,66%,75%,80%,90%,95%,98%,99%,99.9%,99.99%,100%
GET,/,9385,0,39,54.72646021310605,1.2140000000009366,312.14690000000013,8688.0,493.20520674576835,0.0,39,73,84,91,110,170,210,280,310,310,310
,Aggregated,9385,0,39,54.72646021310605,1.2140000000009366,312.14690000000013,8688.0,493.20520674576835,0.0,39,73,84,91,110,170,210,280,310,310,310
