Type,Name,Request Count,Failure Count,Median Response Time,Average Response Time,Min Response Time,Max Response Time,Average Content Size,Requests/s,Failures/s,50%,66%,75%,80%,90%,95%,98%,99%,99.9%,99.99%,100%
GET,/,7320,0,38,58.37494382513685,1.134199999999197,384.8929000000001,8688.0,384.3608392052771,0.0,38,80,89,93,120,190,270,290,380,380,380
,Aggregated,7320,0,38,58.37494382513685,1.134199999999197,384.8929000000001,8688.0,384.3608392052771,0.0,38,80,89,93,120,190,270,290,380,380,380
