Type,Name,Request Count,Failure Count,Median Response Time,Average Response Time,Min Response Time,Max Response Time,Average Content Size,Requests/s,Failures/s,50%,66%,75%,80%,90%,95%,98%,99%,99.9%,99.99%,100%
GET,/,6253,0,18,185.66064058851688,1.0291999999996193,2635.294,8688.0,327.99760342861583,0.0,18,74,110,140,260,1800,2100,2200,2300,2600,2600
,Aggregated,6253,0,18,185.66064058851688,1.0291999999996193,2635.294,8688.0,327.99760342861583,0.0,18,74,110,140,260,1800,2100,2200,2300,2600,2600
