Type,Name,Request Count,Failure Count,Median Response Time,Average Response Time,Min Response Time,Max Response Time,Average Content Size,Requests/s,Failures/s,50%,66%,75%,80%,90%,95%,98%,99%,99.9%,99.99%,100%
GET,/,9551,0,85,87.90522888702712,1.2393999999993355,316.1033999999998,8688.0,500.88287622455135,0.0,85,100,120,150,190,200,220,280,310,320,320
,Aggregated,9551,0,85,87.90522888702712,1.2393999999993355,316.1033999999998,8688.0,500.88287622455135,0.0,85,100,120,150,190,200,220,280,310,320,320
