Type,Name,Request Count,Failure Count,Median Response Time,Average Response Time,Min Response Time,Max Response Time,Average Content Size,Requests/s,Failures/s,50%,66%,75%,80%,90%,95%,98%,99%,99.9%,99.99%,100%
GET,/,9602,0,37,61.02201313268051,1.1579000000008222,369.7227000000001,8688.0,503.3123453116228,0.0,37,75,87,97,160,200,270,280,340,370,370
,Aggregated,9602,0,37,61.02201313268051,1.1579000000008222,369.7227000000001,8688.0,503.3123453116228,0.0,37,75,87,97,160,200,270,280,340,370,370
