Type,Name,Request Count,Failure Count,Median Response Time,Average Response Time,Min Response Time,Max Response Time,Average Content Size,Requests/s,Failures/s,50%,66%,75%,80%,90%,95%,98%,99%,99.9%,99.99%,100%
GET,/,8706,0,12,46.102888961635514,1.0685999999999751,357.01669999999996,8688.0,456.46642695881764,0.0,12,49,76,87,140,180,220,250,340,360,360
,Aggregated,8706,0,12,46.102888961635514,1.0685999999999751,357.01669999999996,8688.0,456.46642695881764,0.0,12,49,76,87,140,180,220,250,340,360,360
