Type,Name,Request Count,Failure Count,Median Response Time,Average Response Time,Min Response Time,Max Response Time,Average Content Size,Requests/s,Failures/s,50%,66%,75%,80%,90%,95%,98%,99%,99.9%,99.99%,100%
GET,/,9306,0,80,85.39619217708957,1.3967999999984215,503.2095999999999,8688.0,489.51468448374925,0.0,80,94,110,120,180,200,310,370,480,500,500
,Aggregated,9306,0,80,85.39619217708957,1.3967999999984215,503.2095999999999,8688.0,489.51468448374925,0.0,80,94,110,120,180,200,310,370,480,500,500
