Type,Name,Request Count,Failure Count,Median Response Time,Average Response Time,Min Response Time,Max Response Time,Average Content Size,Requests/s,Failures/s,50%,66%,75%,80%,90%,95%,98%,99%,99.9%,99.99%,100%
GET,/,8919,0,77,74.65703935418779,1.3510000000014344,284.8482000000003,8688.0,468.13339433788434,0.0,77,92,100,110,160,190,210,220,280,280,280
,Aggregated,8919,0,77,74.65703935418779,1.3510000000014344,284.8482000000003,8688.0,468.13339433788434,0.0,77,92,100,110,160,190,210,220,280,280,280
