Type,Name,Request Count,Failure Count,Median Response Time,Average Response Time,Min Response Time,Max Response Time,Average Content Size,Requests/s,Failures/s,50%,66%,75%,80%,90%,95%,98%,99%,99.9%,99.99%,100%
GET,/,9498,0,87,91.66095846494004,1.5156000000011716,395.7481999999999,8688.0,497.76448474368544,0.0,87,100,120,150,180,210,250,270,360,400,400
,Aggregated,9498,0,87,91.66095846494004,1.5156000000011716,395.7481999999999,8688.0,497.76448474368544,0.0,87,100,120,150,180,210,250,270,360,400,400
