Type,Name,Request Count,Failure Count,Median Response Time,Average Response Time,Min Response Time,Max Response Time,Average Content Size,Requests/s,Failures/s,50%,66%,75%,80%,90%,95%,98%,99%,99.9%,99.99%,100%
GET,/,9892,0,91,97.97859622927622,1.523599999998737,398.74839999999966,8688.0,518.1673382039,0.0,91,100,120,140,180,200,260,280,310,400,400
,Aggregated,9892,0,91,97.97859622927622,1.523599999998737,398.74839999999966,8688.0,518.1673382039,0.0,91,100,120,140,180,200,260,280,310,400,400
