Type,Name,Request Count,Failure Count,Median Response Time,Average Response Time,Min Response Time,Max Response Time,Average Content Size,Requests/s,Failures/s,50%,66%,75%,80%,90%,95%,98%,99%,99.9%,99.99%,100%
GET,/,9588,0,90,93.06127867125622,1.010700000000142,383.65349999999944,8688.0,503.88962133512587,0.0,90,100,110,130,180,200,270,280,350,380,380
,Aggregated,9588,0,90,93.06127867125622,1.010700000000142,383.65349999999944,8688.0,503.88962133512587,0.0,90,100,110,130,180,200,270,280,350,380,380
