Type,Name,Request Count,Failure Count,Median Response Time,Average Response Time,Min Response Time,Max Response Time,Average Content Size,Requests/s,Failures/s,50%,66%,75%,80%,90%,95%,98%,99%,99.9%,99.99%,100%
GET,/,7548,0,21,194.88396710386854,1.2735999999993197,2466.0067999999987,8688.0,395.4519252255184,0.0,21,69,90,110,230,2000,2200,2300,2400,2500,2500
,Aggregated,7548,0,21,194.88396710386854,1.2735999999993197,2466.0067999999987,8688.0,395.4519252255184,0.0,21,69,90,110,230,2000,2200,2300,2400,2500,2500
