Type,Name,Request Count,Failure Count,Median Response Time,Average Response Time,Min Response Time,Max Response Time,Average Content Size,Requests/s,Failures/s,50%,66%,75%,80%,90%,95%,98%,99%,99.9%,99.99%,100%
GET,/,9993,0,42,62.47078032622826,1.334100000001115,363.40649999999994,8688.0,523.9972858548543,0.0,42,78,93,100,170,190,210,280,320,360,360
,Aggregated,9993,0,42,62.47078032622826,1.334100000001115,363.40649999999994,8688.0,523.9972858548543,0.0,42,78,93,100,170,190,210,280,320,360,360
