Type,Name,Request Count,Failure Count,Median Response Time,Average Response Time,Min Response Time,Max Response Time,Average Content Size,Requests/s,Failures/s,50%,66%,75%,80%,90%,95%,98%,99%,99.9%,99.99%,100%
GET,/,9419,0,39,54.62960389637957,1.1654000000014264,338.21000000000015,8688.0,493.31569347841764,0.0,39,70,81,87,120,180,210,240,320,340,340
,Aggregated,9419,0,39,54.62960389637957,1.1654000000014264,338.21000000000015,8688.0,493.31569347841764,0.0,39,70,81,87,120,180,210,240,320,340,340
