Type,Name,Request Count,Failure Count,Median Response Time,Average Response Time,Min Response Time,Max Response Time,Average Content Size,Requests/s,Failures/s,50%,66%,75%,80%,90%,95%,98%,99%,99.9%,99.99%,100%
GET,/,7280,0,7,37.81131506868123,1.2217999999997176,359.9481999999998,8688.0,381.8558427694813,0.0,7,11,40,69,110,200,260,280,300,360,360
,Aggregated,7280,0,7,37.81131506868123,1.2217999999997176,359.9481999999998,8688.0,381.8558427694813,0.0,7,11,40,69,110,200,260,280,300,360,360
