Type,Name,Request Count,Failure Count,Median Response Time,Average Response Time,Min Response Time,Max Response Time,Average Content Size,Requests/s,Failures/s,50%,66%,75%,80%,90%,95%,98%,99%,99.9%,99.99%,100%
GET,/,9085,0,20,48.38995653274605,1.5114999999994438,403.1687999999996,8688.0,476.6300033608416,0.0,20,46,70,82,130,190,220,280,360,400,400
,Aggregated,9085,0,20,48.38995653274605,1.5114999999994438,403.1687999999996,8688.0,476.6300033608416,0.0,20,46,70,82,130,190,220,280,360,400,400
