Type,Name,Request Count,Failure Count,Median Response Time,Average Response Time,Min Response Time,Max Response Time,Average Content Size,Requests/s,Failures/s,50%,66%,75%,80%,90%,95%,98%,99%,99.9%,99.99%,100%
GET,/,9086,0,54,65.1348698106979,1.3479999999983505,328.75239999999997,8688.0,475.7557909908895,0.0,54,84,95,100,170,190,230,250,290,330,330
,Aggregated,9086,0,54,65.1348698106979,1.3479999999983505,328.75239999999997,8688.0,475.7557909908895,0.0,54,84,95,100,170,190,230,250,290,330,330
