Type,Name,Request Count,Failure Count,Median Response Time,Average Response Time,Min Response Time,Max Response Time,Average Content Size,Requests/s,Failures/s,50%,66%,75%,80%,90%,95%,98%,99%,99.9%,99.99%,100%
GET,/,9083,0,15,39.92385000550494,1.3068000000000524,393.9539999999999,8688.0,477.38858561636073,0.0,15,33,59,71,100,170,200,210,320,390,390
,Aggregated,9083,0,15,39.92385000550494,1.3068000000000524,393.9539999999999,8688.0,477.38858561636073,0.0,15,33,59,71,100,170,200,210,320,390,390
