Type,Name,Request Count,Failure Count,Median Response Time,Average Response Time,Min Response Time,Max Response Time,Average Content Size,Requests/s,Failures/s,50%,66%,75%,80%,90%,95%,98%,99%,99.9%,99.99%,100%
GET,/,9450,0,100.0,120.37283592592634,1.8119999999992586,390.2958999999999,8688.0,494.96729622371043,0.0,100,130,180,180,210,270,300,300,380,390,390
,Aggregated,9450,0,100.0,120.37283592592634,1.8119999999992586,390.2958999999999,8688.0,494.96729622371043,0.0,100,130,180,180,210,270,300,300,380,390,390
