Type,Name,Request Count,Failure Count,Median Response Time,Average Response Time,Min Response Time,Max Response Time,Average Content Size,Requests/s,Failures/s,50%,66%,75%,80%,90%,95%,98%,99%,99.9%,99.99%,100%
GET,/,7594,0,11,37.96459020279167,1.23310000000032,344.5675000000001,8688.0,398.16240865850364,0.0,11,20,56,69,96,190,250,260,280,340,340
,Aggregated,7594,0,11,37.96459020279167,1.23310000000032,344.5675000000001,8688.0,398.16240865850364,0.0,11,20,56,69,96,190,250,260,280,340,340
