Type,Name,Request Count,Failure Count,Median Response Time,Average Response Time,Min Response Time,Max Response Time,Average Content Size,Requests/s,Failures/s,50%,66%,75%,80%,90%,95%,98%,99%,99.9%,99.99%,100%
GET,/,8531,0,24,60.90882819130246,1.260800000000728,390.3156999999995,8688.0,449.04538812890024,0.0,24,77,89,96,180,200,270,300,360,390,390
,Aggregated,8531,0,24,60.90882819130246,1.260800000000728,390.3156999999995,8688.0,449.04538812890024,0.0,24,77,89,96,180,200,270,300,360,390,390
