Type,Name,Request Count,Failure Count,Median Response Time,Average Response Time,Min Response Time,Max Response Time,Average Content Size,Requests/s,Failures/s,50%,66%,75%,80%,90%,95%,98%,99%,99.9%,99.99%,100%
GET,/,8613,0,44,60.529736433298346,1.3468999999997067,352.75879999999927,8688.0,451.3505468506417,0.0,44,78,90,97,150,190,250,270,320,350,350
,Aggregated,8613,0,44,60.529736433298346,1.3468999999997067,352.75879999999927,8688.0,451.3505468506417,0.0,44,78,90,97,150,190,250,270,320,350,350
