Type,Name,Request Count,Failure Count,Median Response Time,Average Response Time,Min Response Time,Max Response Time,Average Content Size,Requests/s,Failures/s,50%,66%,75%,80%,90%,95%,98%,99%,99.9%,99.99%,100%
GET,/,9478,0,88,103.11992510023173,1.7262999999996254,379.2364999999993,8688.0,496.1088238281511,0.0,88,110,160,180,200,250,280,290,360,380,380
,Aggregated,9478,0,88,103.11992510023173,1.7262999999996254,379.2364999999993,8688.0,496.1088238281511,0.0,88,110,160,180,200,250,280,290,360,380,380
