Type,Name,Request Count,Failure Count,Median Response Time,Average Response Time,Min Response Time,Max Response Time,Average Content Size,Requests/s,Failures/s,50%,66%,75%,80%,90%,95%,98%,99%,99.9%,99.99%,100%
GET,/,7497,0,96,120.0597532346276,1.7528000000002208,564.2398000000002,8688.0,393.855769366862,0.0,96,110,180,190,270,290,310,370,450,560,560
,Aggregated,7497,0,96,120.0597532346276,1.7528000000002208,564.2398000000002,8688.0,393.855769366862,0.0,96,110,180,190,270,290,310,370,450,560,560
