Type,Name,Request Count,Failure Count,Median Response Time,Average Response Time,Min Response Time,Max Response Time,Average Content Size,Requests/s,Failures/s,50%,66%,75%,80%,90%,95%,98%,99%,99.9%,99.99%,100%
GET,/,9019,0,12,41.26502787448725,1.3164000000003284,375.8387000000001,8688.0,472.88707792292865,0.0,12,24,53,65,110,190,260,280,330,380,380
,Aggregated,9019,0,12,41.26502787448725,1.3164000000003284,375.8387000000001,8688.0,472.88707792292865,0.0,12,24,53,65,110,190,260,280,330,380,380
