Type,Name,Request Count,Failure Count,Median Response Time,Average Response Time,Min Response Time,Max Response Time,Average Content Size,Requests/s,Failures/s,50%,66%,75%,80%,90%,95%,98%,99%,99.9%,99.99%,100%
GET,/,7471,0,8,37.59877082050588,1.1930000000006658,375.3791,8688.0,391.8987545067429,0.0,8,12,34,63,120,200,270,300,340,380,380
,Aggregated,7471,0,8,37.59877082050588,1.1930000000006658,375.3791,8688.0,391.8987545067429,0.0,8,12,34,63,120,200,270,300,340,380,380
