Type,Name,Request Count,Failure Count,Median Response Time,Average Response Time,Min Response Time,Max Response Time,Average Content Size,Requests/s,Failures/s,50%,66%,75%,80%,90%,95%,98%,99%,99.9%,99.99%,100%
GET,/,9399,0,15,44.87616896478358,1.3562000000000296,358.4156999999997,8688.0,491.9474595835391,0.0,15,46,64,73,120,190,260,270,330,360,360
,Aggregated,9399,0,15,44.87616896478358,1.3562000000000296,358.4156999999997,8688.0,491.9474595835391,0.0,15,46,64,73,120,190,260,270,330,360,360
