Type,Name,Request Count,Failure Count,Median Response Time,Average Response Time,Min Response Time,Max Response Time,Average Content Size,Requests/s,Failures/s,50%,66%,75%,80%,90%,95%,98%,99%,99.9%,99.99%,100%
GET,/,8824,0,14,46.08122505666351,1.3138000000001426,304.66179999999986,8688.0,462.4080701965468,0.0,14,51,72,85,110,190,220,260,280,300,300
,Aggregated,8824,0,14,46.08122505666351,1.3138000000001426,304.66179999999986,8688.0,462.4080701965468,0.0,14,51,72,85,110,190,220,260,280,300,300
