Type,Name,Request Count,Failure Count,Median Response Time,Average Response Time,Min Response Time,Max Response Time,Average Content Size,Requests/s,Failures/s,50%,66%,75%,80%,90%,95%,98%,99%,99.9%,99.99%,100%
GET,/,8891,0,16,46.982986413226946,1.3024000000001479,380.87059999999974,8688.0,466.47855273947204,0.0,16,55,72,83,120,180,200,230,290,380,380
,Aggregated,8891,0,16,46.982986413226946,1.3024000000001479,380.87059999999974,8688.0,466.47855273947204,0.0,16,55,72,83,120,180,200,230,290,380,380
