Type,Name,Request Count,Failure Count,Median Response Time,Average Response Time,Min Response Time,Max Response Time,Average Content Size,Requests/s,Failures/s,50%,66%,75%,80%,90%,95%,98%,99%,99.9%,99.99%,100%
GET,/,9120,0,100,127.02552459429786,1.8590999999990032,535.1384999999999,8688.0,478.49610027839475,0.0,100,160,180,190,210,270,300,340,390,540,540
,Aggregated,9120,0,100,127.02552459429786,1.8590999999990032,535.1384999999999,8688.0,478.49610027839475,0.0,100,160,180,190,210,270,300,340,390,540,540
