Type,Name,Request Count,Failure Count,Median Response Time,Average Response Time,Min Response Time,Max Response Time,Average Content Size,Requests/s,Failures/s,50%,66%,75%,80%,90%,95%,98%,99%,99.9%,99.99%,100%
GET,/,8535,0,75,73.95332672524863,1.2440999999974167,368.79220000000015,8688.0,449.274028761261,0.0,75,89,99,110,180,200,240,280,310,370,370
,Aggregated,8535,0,75,73.95332672524863,1.2440999999974167,368.79220000000015,8688.0,449.274028761261,0.0,75,89,99,110,180,200,240,280,310,370,370
