Type,Name,Request Count,Failure Count,Median Response Time,Average Response Time,Min Response Time,Max Response Time,Average Content Size,Requests/s,Failures/s,50%,66%,75%,80%,90%,95%,98%,99%,99.9%,99.99%,100%
GET,/,7373,0,12,47.48239886070804,1.2028000000015027,402.33780000000064,8688.0,387.42322992167925,0.0,12,50,70,81,140,210,270,280,350,400,400
,Aggregated,7373,0,12,47.48239886070804,1.2028000000015027,402.33780000000064,8688.0,387.42322992167925,0.0,12,50,70,81,140,210,270,280,350,400,400
