Type,Name,Request Count,Failure Count,Median Response Time,Average Response Time,Min Response Time,Max Response Time,Average Content Size,Requests/s,Failures/s,50%,66%,75%,80%,90%,95%,98%,99%,99.9%,99.99%,100%
GET,/,7568,0,70,69.42329834830873,1.3220000000000454,391.96520000000004,8688.0,397.8273847477789,0.0,70,88,96,100,170,200,280,290,390,390,390
,Aggregated,7568,0,70,69.42329834830873,1.3220000000000454,391.96520000000004,8688.0,397.8273847477789,0.0,70,88,96,100,170,200,280,290,390,390,390
