Type,Name,Request Count,Failure Count,Median Response Time,Average Response Time,Min Response Time,Max Response Time,Average Content Size,Requests/s,Failures/s,50%,66%,75%,80%,90%,95%,98%,99%,99.9%,99.99%,100%
GET,/,8884,0,12,38.6747795137327,1.450400000001295,371.3237999999999,8688.0,466.7904586790215,0.0,12,22,55,71,100,180,210,280,320,370,370
,Aggregated,8884,0,12,38.6747795137327,1.450400000001295,371.3237999999999,8688.0,466.7904586790215,0.0,12,22,55,71,100,180,210,280,320,370,370
