Type,Name,Request Count,Failure Count,Median Response Time,Average Response Time,Min Response Time,Max Response Time,Average Content Size,Requests/s,Failures/s,50%,66%,75%,80%,90%,95%,98%,99%,99.9%,99.99%,100%
GET,/,9005,0,14,43.653444108828175,1.1933999999982348,381.82889999999946,8688.0,471.9279066501629,0.0,14,40,67,79,120,180,210,230,350,380,380
,Aggregated,9005,0,14,43.653444108828175,1.1933999999982348,381.82889999999946,8688.0,471.9279066501629,0.0,14,40,67,79,120,180,210,230,350,380,380
