Type,Name,Request Count,Failure Count,Median Response Time,Average Response Time,Min Response Time,Max Response Time,Average Content Size,Requests/s,Failures/s,50%,66%,75%,80%,90%,95%,98%,99%,99.9%,99.99%,100%
GET,/,9051,0,56,64.91855210474002,1.7141999999985558,387.63789999999966,8688.0,474.5909985637622,0.0,56,77,88,95,170,200,270,280,300,390,390
,Aggregated,9051,0,56,64.91855210474002,1.7141999999985558,387.63789999999966,8688.0,474.5909985637622,0.0,56,77,88,95,170,200,270,280,300,390,390
