Type,Name,Request Count,Failure Count,Median Response Time,Average Response Time,Min Response Time,Max Response Time,Average Content Size,Requests/s,Failures/s,50%,66%,75%,80%,90%,95%,98%,99%,99.9%,99.99%,100%
GET,/,8270,0,13,48.05470014510294,1.2550999999998425,367.60319999999956,8688.0,435.0578680029871,0.0,13,52,75,84,110,190,270,300,350,370,370
,Aggregated,8270,0,13,48.05470014510294,1.2550999999998425,367.60319999999956,8688.0,435.0578680029871,0.0,13,52,75,84,110,190,270,300,350,370,370
