Type,Name,Request Count,Failure Count,Median Response Time,Average Response Time,Min Response Time,Max Response Time,Average Content Size,Requests/s,Failures/s,50%,66%,75%,80%,90%,95%,98%,99%,99.9%,99.99%,100%
GET,/,8334,0,15,52.72606821454292,1.2308000000018637,486.8081000000002,8688.0,436.8038239736797,0.0,15,55,76,85,130,220,300,310,390,490,490
,Aggregated,8334,0,15,52.72606821454292,1.2308000000018637,486.8081000000002,8688.0,436.8038239736797,0.0,15,55,76,85,130,220,300,310,390,490,490
