Type,Name,Request Count,Failure Count,Median Response Time,Average Response Time,Min Response Time,Max Response Time,Average Content Size,Requests/s,Failures/s,50%,66%,75%,80%,90%,95%,98%,99%,99.9%,99.99%,100%
GET,/,8921,0,96,108.77074945633922,1.7282000000005127,424.9252999999982,8688.0,469.58633122674473,0.0,96,110,170,180,200,240,280,300,340,420,420
,Aggregated,8921,0,96,108.77074945633922,1.7282000000005127,424.9252999999982,8688.0,469.58633122674473,0.0,96,110,170,180,200,240,280,300,340,420,420
