Type,Name,Request Count,Failure Count,Median Response Time,Average Response Time,Min Response Time,Max Response Time,Average Content Size,Requests/s,Failures/s,50%,66%,75%,80%,90%,95%,98%,99%,99.9%,99.99%,100%
GET,/,8802,0,34,56.79552895932736,1.3414999999987742,329.5292999999999,8688.0,462.2995322678648,0.0,34,74,84,89,120,190,260,280,310,330,330
,Aggregated,8802,0,34,56.79552895932736,1.3414999999987742,329.5292999999999,8688.0,462.2995322678648,0.0,34,74,84,89,120,190,260,280,310,330,330
