Type,Name,Request Count,Failure Count,Median Response Time,Average Response Time,Min Response Time,Max Response Time,Average Content Size,Requests/s,Failures/s,50%,66%,75%,80%,90%,95%,98%,99%,99.9%,99.99%,100%
GET,/,7240,0,15,51.515743895027256,1.2109999999978527,336.9949000000001,8688.0,381.3236289742992,0.0,15,72,81,87,130,200,240,270,320,340,340
,Aggregated,7240,0,15,51.515743895027256,1.2109999999978527,336.9949000000001,8688.0,381.3236289742992,0.0,15,72,81,87,130,200,240,270,320,340,340
