Type,Name,Request Count,Failure Count,Median Response Time,Average Response Time,Min Response Time,Max Response Time,Average Content Size,Requests/s,Failures/s,50%,66%,75%,80%,90%,95%,98%,99%,99.9%,99.99%,100%
GET,/,9125,0,80,80.44763932054781,1.5855000000009056,371.3850000000001,8688.0,478.9596821520773,0.0,80,90,98,100,170,210,280,280,310,370,370
,Aggregated,9125,0,80,80.44763932054781,1.5855000000009056,371.3850000000001,8688.0,478.9596821520773,0.0,80,90,98,100,170,210,280,280,310,370,370
