Type,Name,Request Count,Failure Count,Median Response Time,Average Response Time,Min Response Time,Max Response Time,Average Content Size,Requests/s,Failures/s,50%,66%,75%,80%,90%,95%,98%,99%,99.9%,99.99%,100%
GET,/,8518,0,14,40.224273726226976,1.2375000000002245,345.0394999999999,8688.0,446.5050219608933,0.0,14,32,62,74,100,170,210,250,280,350,350
,Aggregated,8518,0,14,40.224273726226976,1.2375000000002245,345.0394999999999,8688.0,446.5050219608933,0.0,14,32,62,74,100,170,210,250,280,350,350
