Type,Name,Request Count,Failure Count,Median Response Time,Average Response Time,Min Response Time,Max Response Time,Average Content Size,Requests/s,Failures/s,50%,66%,75%,80%,90%,95%,98%,99%,99.9%,99.99%,100%
GET,/,8242,0,20,60.618429665130044,1.3410000000000366,362.49339999999995,8688.0,431.9666518972639,0.0,20,80,92,100,180,200,280,290,350,360,360
,Aggregated,8242,0,20,60.618429665130044,1.3410000000000366,362.49339999999995,8688.0,431.9666518972639,0.0,20,80,92,100,180,200,280,290,350,360,360
