Type,Name,Request Count,Failure Count,Median Response Time,Average Response Time,Min Response Time,Max Response Time,Average Content Size,Requests/s,Failures/s,50%,66%,75%,80%,90%,95%,98%,99%,99.9%,99.99%,100%
GET,/,9162,0,80,90.89518662955663,1.5049999999998676,421.3249000000001,8688.0,480.05003605664444,0.0,80,95,110,150,200,270,300,370,390,420,420
,Aggregated,9162,0,80,90.89518662955663,1.5049999999998676,421.3249000000001,8688.0,480.05003605664444,0.0,80,95,110,150,200,270,300,370,390,420,420
