Type,Name,Request Count,Failure Count,Median Response Time,Average Response Time,Min Response Time,Max Response Time,Average Content Size,Requests/s,Failures/s,50%,66%,75%,80%,90%,95%,98%,99%,99.9%,99.99%,100%
GET,/,9354,0,84,91.22517636305332,1.6386999999991048,407.29140000000007,8688.0,490.5170250274517,0.0,84,100,120,160,190,210,280,290,320,410,410
,Aggregated,9354,0,84,91.22517636305332,1.6386999999991048,407.29140000000007,8688.0,490.5170250274517,0.0,84,100,120,160,190,210,280,290,320,410,410
