Type,Name,Request Count,Failure Count,Median Response Time,Average Response Time,Min Response Time,Max Response Time,Average Content Size,Requests/s,Failures/s,50%,66%,75%,80%,90%,95%,98%,99%,99.9%,99.99%,100%
GET,/,7969,0,11,47.22793439578361,1.2690000000006307,355.3683000000003,8688.0,417.8225199535191,0.0,11,55,80,90,140,180,240,260,330,360,360
,Aggregated,7969,0,11,47.22793439578361,1.2690000000006307,355.3683000000003,8688.0,417.8225199535191,0.0,11,55,80,90,140,180,240,260,330,360,360
