Type,Name,Request Count,Failure Count,Median Response Time,Average Response Time,Min Response Time,Max Response Time,Average Content Size,Requests/s,Failures/s,50%,66%,75%,80%,90%,95%,98%,99%,99.9%,99.99%,100%
GET,/,8303,0,65,70.6512758039262,1.366199999999651,401.8917000000002,8688.0,434.23653212738543,0.0,65,84,93,99,180,220,300,360,390,400,400
,Aggregated,8303,0,65,70.6512758039262,1.366199999999651,401.8917000000002,8688.0,434.23653212738543,0.0,65,84,93,99,180,220,300,360,390,400,400
