Type,Name,Request Count,Failure Count,Median Response Time,Average Response Time,Min Response Time,Max Response Time,Average Content Size,Requests/s,Failures/s,50%,66%,75%,80%,90%,95%,98%,99%,99.9%,99.99%,100%
GET,/,8614,0,18,53.20883065939134,1.3148999999996747,344.3069000000003,8688.0,451.722524607087,0.0,18,69,83,92,140,190,230,260,330,340,340
,Aggregated,8614,0,18,53.20883065939134,1.3148999999996747,344.3069000000003,8688.0,451.722524607087,0.0,18,69,83,92,140,190,230,260,330,340,340
