Type,Name,Request Count,Failure Count,Median Response Time,Average Response Time,Min Response Time,Max Response Time,Average Content Size,Requests/s,Failures/s,50%,66%,75%,80%,90%,95%,98%,99%,99.9%,99.99%,100%
GET,/,9266,0,17,42.66024870494284,1.3094999999996304,308.0670000000003,8688.0,485.74159222079965,0.0,17,36,62,76,110,180,210,230,300,310,310
,Aggregated,9266,0,17,42.66024870494284,1.3094999999996304,308.0670000000003,8688.0,485.74159222079965,0.0,17,36,62,76,110,180,210,230,300,310,310
