Type,Name,Request Count,Failure Count,Median Response Time,Average Response Time,Min Response Time,Max Response Time,Average Content Size,Requests/s,Failures/s,50%,66%,75%,80%,90%,95%,98%,99%,99.9%,99.99%,100%
GET,/,8835,0,76,89.26796020373483,1.2737999999998806,544.8395999999996,8688.0,463.55349984202616,0.0,76,98,110,170,200,280,320,380,410,540,540
,Aggregated,8835,0,76,89.26796020373483,1.2737999999998806,544.8395999999996,8688.0,463.55349984202616,0.0,76,98,110,170,200,280,320,380,410,540,540
