Type,Name,Request Count,Failure Count,Median Response Time,Average Response Time,Min Response Time,Max Response Time,Average Content Size,Requests/s,Failures/s,50%,66%,75%,80%,90%,95%,98%,99%,99.9%,99.99%,100%
GET,/,8703,0,14,45.63135059175031,1.3246000000002311,360.0672,8688.0,456.0124319915433,0.0,14,47,68,77,120,190,270,280,330,360,360
,Aggregated,8703,0,14,45.63135059175031,1.3246000000002311,360.0672,8688.0,456.0124319915433,0.0,14,47,68,77,120,190,270,280,330,360,360
