Type,Name,Request Count,Failure Count,Median Response Time,Average Response Time,Min Response Time,Max Response Time,Average Content Size,Requests/s,Failures/s,50%,66%,75%,80%,90%,95%,98%,99%,99.9%,99.99%,100%
GET,/,9678,0,49,63.77756481711092,1.2654000000011933,385.6367000000001,8688.0,507.1862767032168,0.0,49,80,96,100,170,200,230,280,350,390,390
,Aggregated,9678,0,49,63.77756481711092,1.2654000000011933,385.6367000000001,8688.0,507.1862767032168,0.0,49,80,96,100,170,200,230,280,350,390,390
