Type,Name,Request Count,Failure Count,Median Response Time,Average Response Time,Min Response Time,Max Response Time,Average Content Size,Requests/s,Failures/s,50%,66%,75%,80%,90%,95%,98%,99%,99.9%,99.99%,100%
GET,/,9276,0,180.0,182.63325066839167,3.0136000000000607,775.084699999999,8688.0,485.9789150128183,0.0,180,200,260,280,310,380,470,500,590,780,780
,Aggregated,9276,0,180.0,182.63325066839167,3.0136000000000607,775.084699999999,8688.0,485.9789150128183,0.0,180,200,260,280,310,380,470,500,590,780,780
