Type,Name,Request Count,Failure Count,Median Response Time,Average Response Time,Min Response Time,Max Response Time,Average Content Size,Requests/s,Failures/s,50%,66%,75%,80%,90%,95%,98%,99%,99.9%,99.99%,100%
GET,/,9577,0,110.0,141.43674436671174,1.7588999999986754,502.14610000000096,8688.0,501.85121070918444,0.0,110,180,200,210,290,310,380,390,410,500,500
,Aggregated,9577,0,110.0,141.43674436671174,1.7588999999986754,502.14610000000096,8688.0,501.85121070918444,0.0,110,180,200,210,290,310,380,390,410,500,500
