Type,Name,Request Count,Failure Count,Median Response Time,Average Response Time,Min Response Time,Max Response Time,Average Content Size,Requests/s,Failures/s,50%,66%,75%,80%,90%,95%,98%,99%,99.9%,99.99%,100%
GET,/,9164,0,100.0,127.59503027062426,1.6793999999986653,442.32729999999964,8688.0,479.63919877199515,0.0,100,170,180,190,220,280,330,360,430,440,440
,Aggregated,9164,0,100.0,127.59503027062426,1.6793999999986653,442.32729999999964,8688.0,479.63919877199515,0.0,100,170,180,190,220,280,330,360,430,440,440
