Type,Name,Request Count,Failure Count,Median Response Time,Average Response Time,Min Response Time,Max Response Time,Average Content Size,Requests/s,Failures/s,50%,66%,75%,80%,90%,95%,98%,99%,99.9%,99.99%,100%
GET,/,8682,0,75,72.76385361667835,1.3268999999995756,404.12660000000056,8688.0,455.81995842900943,0.0,75,88,96,100,170,200,240,280,390,400,400
,Aggregated,8682,0,75,72.76385361667835,1.3268999999995756,404.12660000000056,8688.0,455.81995842900943,0.0,75,88,96,100,170,200,240,280,390,400,400
