Type,Name,Request Count,Failure Count,Median Response Time,Average Response Time,Min Response Time,Max Response Time,Average Content Size,Requests/s,Failures/s,50%,66%,75%,80%,90%,95%,98%,99%,99.9%,99.99%,100%
GET,/,8829,0,14,39.99298771095259,1.2910999999995454,347.91360000000003,8688.0,462.82095775810524,0.0,14,24,50,70,110,180,240,280,330,350,350
,Aggregated,8829,0,14,39.99298771095259,1.2910999999995454,347.91360000000003,8688.0,462.82095775810524,0.0,14,24,50,70,110,180,240,280,330,350,350
