Type,Name,Request Count,Failure Count,Median Response Time,Average Response Time,Min Response Time,Max Response Time,Average Content Size,Requests/s,Failures/s,50%,66%,75%,80%,90%,95%,98%,99%,99.9%,99.99%,100%
GET,/,9386,0,96,109.09517103132265,1.515500000000003,404.1326999999999,8688.0,491.55663124034044,0.0,96,120,180,190,210,240,280,290,360,400,400
,Aggregated,9386,0,96,109.09517103132265,1.515500000000003,404.1326999999999,8688.0,491.55663124034044,0.0,96,120,180,190,210,240,280,290,360,400,400
