Type,Name,Request Count,Failure Count,Median Response Time,Average Response Time,Min Response Time,Max Response Time,Average Content Size,Requests/s,Failures/s,50%,66%,75%,80%,90%,95%,98%,99%,99.9%,99.99%,100%
GET,/,9321,0,18,51.1644658513034,1.5155999999993952,424.8324999999999,8688.0,487.8259477744548,0.0,18,56,71,79,140,190,270,310,350,420,420
,Aggregated,9321,0,18,51.1644658513034,1.5155999999993952,424.8324999999999,8688.0,487.8259477744548,0.0,18,56,71,79,140,190,270,310,350,420,420
