Type,Name,Request Count,Failure Count,Median Response Time,Average Response Time,Min Response Time,Max Response Time,Average Content Size,Requests/s,Failures/s,50%,66%,75%,80%,90%,95%,98%,99%,99.9%,99.99%,100%
GET,/,8477,0,20,53.2350857850653,1.3303000000011167,417.87090000000006,8688.0,444.98141444234665,0.0,20,62,81,88,130,200,240,290,380,420,420
,Aggregated,8477,0,20,53.2350857850653,1.3303000000011167,417.87090000000006,8688.0,444.98141444234665,0.0,20,62,81,88,130,200,240,290,380,420,420
