Type,Name,Request Count,Failure Count,Median Response Time,Average Response Time,Min Response Time,Max Response Time,Average Content Size,Requests/s,Failures/s,50%,66%,75%,80%,90%,95%,98%,99%,99.9%,99.99%,100%
GET,/,8162,0,14,55.45417859593254,1.234199999998964,399.1536999999994,8688.0,427.8479225937396,0.0,14,56,79,88,180,250,290,330,390,400,400
,Aggregated,8162,0,14,55.45417859593254,1.234199999998964,399.1536999999994,8688.0,427.8479225937396,0.0,14,56,79,88,180,250,290,330,390,400,400
