Type,Name,Request Count,Failure Count,Median Response Time,Average Response Time,Min Response Time,Max Response Time,Average Content Size,Requests/s,Failures/s,50%,66%,75%,80%,90%,95%,98%,99%,99.9%,99.99%,100%
GET,/,7740,0,9,36.833234780361664,1.2916000000000594,370.9235999999998,8688.0,407.08817041290195,0.0,9,24,58,71,99,160,190,280,300,370,370
,Aggregated,7740,0,9,36.833234780361664,1.2916000000000594,370.9235999999998,8688.0,407.08817041290195,0.0,9,24,58,71,99,160,190,280,300,370,370
