Type,Name,Request Count,Failure Count,Median Response Time,Average Response Time,Min Response Time,Max Response Time,Average Content Size,Requests/s,Failures/s,50%,66%,75%,80%,90%,95%,98%,99%,99.9%,99.99%,100%
GET,/,8654,0,58,64.42972923503598,1.235499999999945,363.0332000000003,8688.0,453.6590656181048,0.0,58,78,90,96,160,200,270,280,350,360,360
,Aggregated,8654,0,58,64.42972923503598,1.235499999999945,363.0332000000003,8688.0,453.6590656181048,0.0,58,78,90,96,160,200,270,280,350,360,360
