Type,Name,Request Count,Failure Count,Median Response Time,Average Response Time,Min Response Time,Max Response Time,Average Content Size,Requests/s,Failures/s,50%,66%,75%,80%,90%,95%,98%,99%,99.9%,99.99%,100%
GET,/,8352,0,14,47.28437557471316,1.2352999999993841,336.21930000000066,8688.0,438.28354011036726,0.0,14,54,77,87,130,200,250,270,330,340,340
,Aggregated,8352,0,14,47.28437557471316,1.2352999999993841,336.21930000000066,8688.0,438.28354011036726,0.0,14,54,77,87,130,200,250,270,330,340,340
