Type,Name,Request Count,Failure Count,Median Response Time,Average Response Time,Min Response Time,Max Response Time,Average Content Size,Requests/s,Failures/s,50%,66%,75%,80%,90%,95%,98%,99%,99.9%,99.99%,100%
GET,/,9035,0,57,67.82142224681789,1.3420999999986805,379.6653000000001,8688.0,473.2807262934737,0.0,57,87,96,110,190,200,240,270,310,380,380
,Aggregated,9035,0,57,67.82142224681789,1.3420999999986805,379.6653000000001,8688.0,473.2807262934737,0.0,57,87,96,110,190,200,240,270,310,380,380
