Type,Name,Request Count,Failure Count,Median Response Time,Average Response Time,Min Response Time,Max Response Time,Average Content Size,Requests/s,Failures/s,50%,66%,75%,80%,90%,95%,98%,99%,99.9%,99.99%,100%
GET,/,7357,0,89,102.80532876172344,1.2118999999994884,463.56799999999953,8688.0,385.5260775907116,0.0,89,110,170,180,210,290,320,380,400,460,460
,Aggregated,7357,0,89,102.80532876172344,1.2118999999994884,463.56799999999953,8688.0,385.5260775907116,0.0,89,110,170,180,210,290,320,380,400,460,460
