Type,Name,Request Count,Failure Count,Median Response Time,Average Response Time,Min Response Time,Max Response Time,Average Content Size,Requests/s,Failures/s,50%,66%,75%,80%,90%,95%,98%,99%,99.9%,99.99%,100%
GET,/,9568,0,26,52.456307305602124,1.4225000000003263,324.1258,8688.0,502.36452442844177,0.0,26,65,82,92,120,180,200,220,320,320,320
,Aggregated,9568,0,26,52.456307305602124,1.4225000000003263,324.1258,8688.0,502.36452442844177,0.0,26,65,82,92,120,180,200,220,320,320,320
