Type,Name,Request Count,Failure Count,Median Response Time,Average Response Time,Min Response Time,Max Response Time,Average Content Size,Requests/s,Failures/s,50%,66%,75%,80%,90%,95%,98%,99%,99.9%,99.99%,100%
GET,/,8185,0,15,30.557423164325186,1.2703999999992277,250.32510000000042,8688.0,430.3259426763775,0.0,15,24,40,52,82,110,160,180,230,250,250
,Aggregated,8185,0,15,30.557423164325186,1.2703999999992277,250.32510000000042,8688.0,430.3259426763775,0.0,15,24,40,52,82,110,160,180,230,250,250
