Type,Name,Request Count,Failure Count,Median Response Time,Average Response Time,Min Response Time,Max Response Time,Average Content Size,Requests/s,Failures/s,50%,66%,75%,80%,90%,95%,98%,99%,99.9%,99.99%,100%
GET,/,8037,0,71,71.90468795570492,1.4520999999998452,493.6620999999999,8688.0,421.7567529444795,0.0,71,87,95,100,190,200,280,290,420,490,490
,Aggregated,8037,0,71,71.90468795570492,1.4520999999998452,493.6620999999999,8688.0,421.7567529444795,0.0,71,87,95,100,190,200,280,290,420,490,490
