Type,Name,Request Count,Failure Count,Median Response Time,Average Response Time,Min Response Time,Max Response Time,Average Content Size,Requests/s,Failures/s,50%,66%,75%,80%,90%,95%,98%,99%,99.9%,99.99%,100%
GET,/,8285,0,11,37.28768923355458,1.2511999999986756,356.4973,8688.0,434.5154277896716,0.0,11,23,58,70,100,150,210,240,320,360,360
,Aggregated,8285,0,11,37.28768923355458,1.2511999999986756,356.4973,8688.0,434.5154277896716,0.0,11,23,58,70,100,150,210,240,320,360,360
