Type,Name,Request Count,Failure Count,Median Response Time,Average Response Time,Min Response Time,Max Response Time,Average Content Size,Requests/s,Failures/s,50%,66%,75%,80%,90%,95%,98%,99%,99.9%,99.99%,100%
GET,/,7892,0,10,42.33176340598086,1.2396999999992886,339.58440000000013,8688.0,413.4361520494233,0.0,10,31,68,82,120,190,240,260,280,340,340
,Aggregated,7892,0,10,42.33176340598086,1.2396999999992886,339.58440000000013,8688.0,413.4361520494233,0.0,10,31,68,82,120,190,240,260,280,340,340
