Type,Name,Request Count,Failure Count,Median Response Time,Average Response Time,Min Response Time,Max Response Time,Average Content Size,Requests/s,Failures/s,50%,66%,75%,80%,90%,95%,98%,99%,99.9%,99.99%,100%
GET,/,7105,0,9,37.88972409570741,1.1702000000006763,520.8244,8688.0,372.90485842092914,0.0,9,14,40,59,84,180,380,390,500,520,520
,Aggregated,7105,0,9,37.88972409570741,1.1702000000006763,520.8244,8688.0,372.90485842092914,0.0,9,14,40,59,84,180,380,390,500,520,520
