Type,Name,Request Count,Failure Count,Median Response Time,Average Response Time,Min Response Time,Max Response Time,Average Content Size,Requests/s,Failures/s,50%,66%,75%,80%,90%,95%,98%,99%,99.9%,99.99%,100%
GET,/,9405,0,82,80.01208704944196,1.5398999999991503,397.8010999999997,8688.0,493.2555890188173,0.0,82,93,99,100,170,190,220,290,380,400,400
,Aggregated,9405,0,82,80.01208704944196,1.5398999999991503,397.8010999999997,8688.0,493.2555890188173,0.0,82,93,99,100,170,190,220,290,380,400,400
