Type,Name,Request Count,Failure Count,Median Response Time,Average Response Time,Min Response Time,Max Response Time,Average Content Size,Requests/s,Failures/s,50%,66%,75%,80%,90%,95%,98%,99%,99.9%,99.99%,100%
GET,/,8979,0,96,109.2369893640718,2.1370000000002776,406.05000000000047,8688.0,470.19095682968066,0.0,96,110,160,180,200,240,290,300,380,410,410
,Aggregated,8979,0,96,109.2369893640718,2.1370000000002776,406.05000000000047,8688.0,470.19095682968066,0.0,96,110,160,180,200,240,290,300,380,410,410
