Type,Name,Request Count,Failure Count,Median Response Time,Average Response Time,Min Response Time,Max Response Time,Average Content Size,Requests/s,Failures/s,50%,66%,75%,80%,90%,95%,98%,99%,99.9%,99.99%,100%
GET,/,9492,0,86,93.04695915507834,2.232099999999626,453.75920000000036,8688.0,497.80425758366147,0.0,86,100,110,130,190,220,270,290,340,450,450
,Aggregated,9492,0,86,93.04695915507834,2.232099999999626,453.75920000000036,8688.0,497.80425758366147,0.0,86,100,110,130,190,220,270,290,340,450,450
