Type,Name,Request Count,Failure Count,Median Response Time,Average Response Time,Min Response Time,Max Response Time,Average Content Size,Requests/s,Failures/s,50%,66%,75%,80%,90%,95%,98%,99%,99.9%,99.99%,100%
GET,/,9874,0,22,54.686027202754836,1.287400000002492,390.22229999999956,8688.0,517.4522741355113,0.0,22,66,80,89,130,200,260,300,370,390,390
,Aggregated,9874,0,22,54.686027202754836,1.287400000002492,390.22229999999956,8688.0,517.4522741355113,0.0,22,66,80,89,130,200,260,300,370,390,390
