Type,Name,Request Count,Failure Count,Median Response Time,Average Response Time,Min Response Time,Max Response Time,Average Content Size,Requests/s,Failures/s,50%,66%,75%,80%,90%,95%,98%,99%,99.9%,99.99%,100%
GET,/,7853,0,18,58.12879914682283,1.3279999999991077,387.1730000000007,8688.0,413.03438400118796,0.0,18,70,82,91,170,210,280,300,350,390,390
,Aggregated,7853,0,18,58.12879914682283,1.3279999999991077,387.1730000000007,8688.0,413.03438400118796,0.0,18,70,82,91,170,210,280,300,350,390,390
