Type,Name,Request Count,Failure Count,Median Response Time,Average Response Time,Min Response Time,Max Response Time,Average Content Size,Requests/s,Failures/s,50%,66%,75%,80%,90%,95%,98%,99%,99.9%,99.99%,100%
GET,/,8918,0,82,83.7000164835166,1.643800000000084,384.7138999999995,8688.0,467.7773151156548,0.0,82,92,100,110,180,210,280,290,310,380,380
,Aggregated,8918,0,82,83.7000164835166,1.643800000000084,384.7138999999995,8688.0,467.7773151156548,0.0,82,92,100,110,180,210,280,290,310,380,380
