Type,Name,Request Count,Failure Count,Median Response Time,Average Response Time,Min Response Time,Max Response Time,Average Content Size,Requests/s,Failures/s,50%,66%,75%,80%,90%,95%,98%,99%,99.9%,99.99%,100%
GET,/,7941,0,180.0,161.91290692608047,1.7305000000007453,585.4090999999996,8688.0,417.43543081584824,0.0,180,200,210,220,290,310,390,410,490,590,590
,Aggregated,7941,0,180.0,161.91290692608047,1.7305000000007453,585.4090999999996,8688.0,417.43543081584824,0.0,180,200,210,220,290,310,390,410,490,590,590
