Type,Name,Request Count,Failure Count,Median Response Time,Average Response Time,Min Response Time,Max Response Time,Average Content Size,Requests/s,Failures/s,50%,66%,75%,80%,90%,95%,98%,99%,99.9%,99.99%,100%
GET,/,7606,0,18,53.48011622403369,1.2664999999998372,341.3739000000002,8688.0,398.58768602658125,0.0,18,71,84,90,130,200,230,260,330,340,340
,Aggregated,7606,0,18,53.48011622403369,1.2664999999998372,341.3739000000002,8688.0,398.58768602658125,0.0,18,71,84,90,130,200,230,260,330,340,340
