Type,Name,Request Count,Failure Count,Median Response Time,Average Response Time,Min Response Time,Max Response Time,Average Content Size,Requests/s,Failures/s,50%,66%,75%,80%,90%,95%,98%,99%,99.9%,99.99%,100%
GET,/,8900,0,77,76.19837383146081,1.5821000000002527,435.94139999999993,8688.0,466.5698321483493,0.0,77,89,98,110,180,200,240,270,410,440,440
,Aggregated,8900,0,77,76.19837383146081,1.5821000000002527,435.94139999999993,8688.0,466.5698321483493,0.0,77,89,98,110,180,200,240,270,410,440,440
