Type,Name,Request Count,Failure Count,Median Response Time,Average Response Time,Min Response Time,Max Response Time,Average Content Size,Requests/s,Failures/s,50%,66%,75%,80%,90%,95%,98%,99%,99.9%,99.99%,100%
GET,/,9026,0,22,50.78068805672519,1.258499999998719,422.6415999999995,8688.0,473.61310329087013,0.0,22,65,78,87,110,170,270,300,370,420,420
,Aggregated,9026,0,22,50.78068805672519,1.258499999998719,422.6415999999995,8688.0,473.61310329087013,0.0,22,65,78,87,110,170,270,300,370,420,420
