Type,Name,Request Count,Failure Count,Median Response Time,Average Response Time,Min Response Time,Max Response Time,Average Content Size,Requests/s,Failures/s,50%,66%,75%,80%,90%,95%,98%,99%,99.9%,99.99%,100%
GET,/,9173,0,55,63.835148947999585,1.2642000000013809,334.49039999999997,8688.0,480.5429957974416,0.0,55,85,95,100,170,190,240,250,290,330,330
,Aggregated,9173,0,55,63.835148947999585,1.2642000000013809,334.49039999999997,8688.0,480.5429957974416,0.0,55,85,95,100,170,190,240,250,290,330,330
