Type,Name,Request Count,Failure Count,Median Response Time,Average Response Time,Min Response Time,Max Response Time,Average Content Size,Requests/s,Failures/s,50%,66%,75%,80%,90%,95%,98%,99%,99.9%,99.99%,100%
GET,/,10164,0,33,55.75317101534866,1.6006999999991223,405.48630000000065,8688.0,532.7834560342262,0.0,33,68,81,88,120,190,220,290,320,400,410
,Aggregated,10164,0,33,55.75317101534866,1.6006999999991223,405.48630000000065,8688.0,532.7834560342262,0.0,33,68,81,88,120,190,220,290,320,400,410
