Type,Name,Request Count,Failure Count,Median Response Time,Average Response Time,Min Response Time,Max Response Time,Average Content Size,Requests/s,Failures/s,50%,66%,75%,80%,90%,95%,98%,99%,99.9%,99.99%,100%
GET,/,8667,0,12,44.01574367139732,1.3274999999985937,370.0638999999999,8688.0,454.32852346937403,0.0,12,36,64,76,120,190,230,280,320,370,370
,Aggregated,8667,0,12,44.01574367139732,1.3274999999985937,370.0638999999999,8688.0,454.32852346937403,0.0,12,36,64,76,120,190,230,280,320,370,370
