Type,Name,Request Count,Failure Count,Median Response Time,Average Response Time,Min Response Time,Max Response Time,Average Content Size,Requests/s,Failures/s,50%,66%,75%,80%,90%,95%,98%,99%,99.9%,99.99%,100%
GET,/,8896,0,24,57.96157894559364,1.2553999999997956,349.1854000000001,8688.0,467.7955893112278,0.0,24,74,85,92,170,200,240,270,340,350,350
,Aggregated,8896,0,24,57.96157894559364,1.2553999999997956,349.1854000000001,8688.0,467.7955893112278,0.0,24,74,85,92,170,200,240,270,340,350,350
