Type,Name,Request Count,Failure Count,Median Response Time,Average Response Time,Min Response Time,Max Response Time,Average Content Size,Requests/s,Failures/s,50%,66%,75%,80%,90%,95%,98%,99%,99.9%,99.99%,100%
GET,/,7434,0,68,66.78941581920895,1.3270999999992483,446.47989999999993,8688.0,391.27789738614877,0.0,68,84,92,98,150,190,270,300,420,450,450
,Aggregated,7434,0,68,66.78941581920895,1.3270999999992483,446.47989999999993,8688.0,391.27789738614877,0.0,68,84,92,98,150,190,270,300,420,450,450
