Type,Name,Request Count,Failure Count,Median Response Time,Average Response Time,Min Response Time,Max Response Time,Average Content Size,Requests/s,Failures/s,50%,66%,75%,80%,90%,95%,98%,99%,99.9%,99.99%,100%
GET,/,9688,0,33,56.51357406069337,1.3404000000001304,384.0257999999999,8688.0,507.51665176839026,0.0,33,72,85,95,130,180,210,230,300,380,380
,Aggregated,9688,0,33,56.51357406069337,1.3404000000001304,384.0257999999999,8688.0,507.51665176839026,0.0,33,72,85,95,130,180,210,230,300,380,380
