Type,Name,Request Count,Failure Count,Median Response Time,Average Response Time,Min Response Time,Max Response Time,Average Content Size,Requests/s,Failures/s,50%,66%,75%,80%,90%,95%,98%,99%,99.9%,99.99%,100%
GET,/,7900,0,13,49.61383399999991,1.253099999999563,380.26240000000035,8688.0,414.20981484328394,0.0,13,53,74,86,160,200,250,270,320,380,380
,Aggregated,7900,0,13,49.61383399999991,1.253099999999563,380.26240000000035,8688.0,414.20981484328394,0.0,13,53,74,86,160,200,250,270,320,380,380
