Type,Name,Request Count,Failure Count,Median Response Time,Average Response Time,Min Response Time,Max Response Time,Average Content Size,Requests/s,Failures/s,50%,66%,75%,80%,90%,95%,98%,99%,99.9%,99.99%,100%
GET,/,8336,0,98,116.04867961852213,1.3924000000002934,494.6666000000004,8688.0,437.16023682262716,0.0,98,110,170,190,220,290,300,320,390,490,490
,Aggregated,8336,0,98,116.04867961852213,1.3924000000002934,494.6666000000004,8688.0,437.16023682262716,0.0,98,110,170,190,220,290,300,320,390,490,490
