Type,Name,Request Count,Failure Count,Median Response Time,Average Response Time,Min Response Time,Max Response Time,Average Content Size,Requests/s,Failures/s,50%,66%,75%,80%,90%,95%,98%,99%,99.9%,99.99%,100%
GET,/,8382,0,54,64.91206395848202,1.2963999999993092,434.7478000000002,8688.0,440.41046260738045,0.0,54,79,88,95,170,210,280,300,360,430,430
,Aggregated,8382,0,54,64.91206395848202,1.2963999999993092,434.7478000000002,8688.0,440.41046260738045,0.0,54,79,88,95,170,210,280,300,360,430,430
