Type,Name,Request Count,Failure Count,Median Response Time,Average Response Time,Min Response Time,Max Response Time,Average Content Size,Requests/s,Failures/s,50%,66%,75%,80%,90%,95%,98%,99%,99.9%,99.99%,100%
GET,/,8252,0,13,43.05637547261282,1.270100000001051,336.46209999999985,8688.0,432.6947812164186,0.0,13,22,58,74,140,190,240,260,300,340,340
,Aggregated,8252,0,13,43.05637547261282,1.270100000001051,336.46209999999985,8688.0,432.6947812164186,0.0,13,22,58,74,140,190,240,260,300,340,340
