Type,Name,Request Count,Failure Count,Median Response Time,Average Response Time,Min Response Time,Max Response Time,Average Content Size,Requests/s,Failures/s,50%,66%,75%,80%,90%,95%,98%,99%,99.9%,99.99%,100%
GET,/,8898,0,16,48.26838610923807,1.3190999999999065,321.38230000000067,8688.0,466.4861147107419,0.0,16,51,73,87,140,190,210,240,280,320,320
,Aggregated,8898,0,16,48.26838610923807,1.3190999999999065,321.38230000000067,8688.0,466.4861147107419,0.0,16,51,73,87,140,190,210,240,280,320,320
