Type,Name,Request Count,Failure Count,Median Response Time,Average Response Time,Min Response Time,Max Response Time,Average Content Size,Requests/s,Failures/s,50%,66%,75%,80%,90%,95%,98%,99%,99.9%,99.99%,100%
GET,/,9862,0,29,56.97468717298744,1.359400000001898,378.8537999999999,8688.0,517.3999621696187,0.0,29,73,87,94,130,190,240,280,320,380,380
,Aggregated,9862,0,29,56.97468717298744,1.359400000001898,378.8537999999999,8688.0,517.3999621696187,0.0,29,73,87,94,130,190,240,280,320,380,380
