Type,Name,Request Count,Failure Count,Median Response Time,Average Response Time,Min Response Time,Max Response Time,Average Content Size,Requests/s,Failures/s,50%,66%,75%,80%,90%,95%,98%,99%,99.9%,99.99%,100%
GET,/,9740,0,77,83.13170578028749,1.3534999999986752,455.2645999999996,8688.0,511.1600110003355,0.0,77,92,100,120,190,210,280,300,450,460,460
,Aggregated,9740,0,77,83.13170578028749,1.3534999999986752,455.2645999999996,8688.0,511.1600110003355,0.0,77,92,100,120,190,210,280,300,450,460,460
