Type,Name,Request Count,Failure Count,Median Response Time,Average Response Time,Min Response Time,Max Response Time,Average Content Size,Requests/s,Failures/s,50%,66%,75%,80%,90%,95%,98%,99%,99.9%,99.99%,100%
GET,/,8780,0,100.0,122.8674347608203,1.4769999999995065,501.3208999999996,8688.0,458.4741471411621,0.0,100,160,190,190,210,270,300,360,420,500,500
,Aggregated,8780,0,100.0,122.8674347608203,1.4769999999995065,501.3208999999996,8688.0,458.4741471411621,0.0,100,160,190,190,210,270,300,360,420,500,500
