Type,Name,Request Count,Failure Count,Median Response Time,Average Response Time,Min Response Time,Max Response Time,Average Content Size,Requests/s,Failures/s,50%,66%,75%,80%,90%,95%,98%,99%,99.9%,99.99%,100%
GET,/,8442,0,16,49.65989769012076,1.3217999999994845,313.61669999999987,8688.0,442.0556921306196,0.0,16,59,76,83,130,190,230,260,290,310,310
,Aggregated,8442,0,16,49.65989769012076,1.3217999999994845,313.61669999999987,8688.0,442.0556921306196,0.0,16,59,76,83,130,190,230,260,290,310,310
