Type,Name,Request Count,Failure Count,Median Response Time,Average Response Time,Min Response Time,Max Response Time,Average Content Size,Requests/s,Failures/s,50%,66%,75%,80%,90%,95%,98%,99%,99.9%,99.99%,100%
GET,/,8741,0,56,70.29816395149281,1.4183000000009827,331.87229999999965,8688.0,460.1213913170814,0.0,56,84,99,120,190,200,240,270,310,330,330
,Aggregated,8741,0,56,70.29816395149281,1.4183000000009827,331.87229999999965,8688.0,460.1213913170814,0.0,56,84,99,120,190,200,240,270,310,330,330
