Type,Name,Request Count,Failure Count,Median Response Time,Average Response Time,Min Response Time,Max Response Time,Average Content Size,Requests/s,Failures/s,50%,66%,75%,80%,90%,95%,98%,99%,99.9%,99.99%,100%
GET,/,9311,0,130.0,165.4096789925901,2.728699999998696,618.5649000000009,8688.0,487.7983726591245,0.0,130,200,220,270,310,390,460,490,540,620,620
,Aggregated,9311,0,130.0,165.4096789925901,2.728699999998696,618.5649000000009,8688.0,487.7983726591245,0.0,130,200,220,270,310,390,460,490,540,620,620
