Type,Name,Request Count,Failure Count,Median Response Time,Average Response Time,Min Response Time,Max Response Time,Average Content Size,Requests/s,Failures/s,50%,66%,75%,80%,90%,95%,98%,99%,99.9%,99.99%,100%
GET,/,9680,0,27,56.848954958678064,1.3826000000012328,325.6983,8688.0,507.8786849709094,0.0,27,68,84,96,160,200,230,270,320,330,330
,Aggregated,9680,0,27,56.848954958678064,1.3826000000012328,325.6983,8688.0,507.8786849709094,0.0,27,68,84,96,160,200,230,270,320,330,330
