Type,Name,Request Count,Failure Count,Median Response Time,Average Response Time,Min Response Time,Max Response Time,Average Content Size,Requests/s,Failures/s,50%,66%,75%,80%,90%,95%,98%,99%,99.9%,99.99%,100%
GET,/,9487,0,81,83.7063425318855,1.5812000000003934,328.61520000000024,8688.0,499.6505146280646,0.0,81,96,100,120,180,200,230,250,310,330,330
,Aggregated,9487,0,81,83.7063425318855,1.5812000000003934,328.61520000000024,8688.0,499.6505146280646,0.0,81,96,100,120,180,200,230,250,310,330,330
