Type,Name,Request Count,Failure Count,Median Response Time,Average Response Time,Min Response Time,Max Response Time,Average Content Size,Requests/s,Failures/s,50%,66%,75%,80%,90%,95%,98%,99%,99.9%,99.99%,100%
GET,/,7681,0,10,53.166414516339145,1.167799999999275,347.9493000000007,8688.0,402.7427406464033,0.0,10,63,87,94,180,200,280,290,330,350,350
,Aggregated,7681,0,10,53.166414516339145,1.167799999999275,347.9493000000007,8688.0,402.7427406464033,0.0,10,63,87,94,180,200,280,290,330,350,350
