Type,Name,Request Count,Failure Count,Median Response Time,Average Response Time,Min Response Time,Max Response Time,Average Content Size,Requests/s,Failures/s,50%,66%,75%,80%,90%,95%,98%,99%,99.9%,99.99%,100%
GET,/,10607,0,63,65.02926672951786,1.3784999999977288,493.6655999999999,8688.0,555.7273431625748,0.0,63,85,92,97,130,200,270,290,380,480,490
,Aggregated,10607,0,63,65.02926672951786,1.3784999999977288,493.6655999999999,8688.0,555.7273431625748,0.0,63,85,92,97,130,200,270,290,380,480,490
