Type,Name,Request Count,Failure Count,Median Response Time,Average Response Time,Min Response Time,Max Response Time,Average Content Size,Requests/s,Failures/s,50%,66%,75%,80%,90%,95%,98%,99%,99.9%,99.99%,100%
GET,/,8726,0,13,52.695333337153194,1.2550000000004502,400.90189999999916,8688.0,457.44540828295294,0.0,13,64,82,90,180,200,280,290,350,400,400
,Aggregated,8726,0,13,52.695333337153194,1.2550000000004502,400.90189999999916,8688.0,457.44540828295294,0.0,13,64,82,90,180,200,280,290,350,400,400
