Type,Name,Request Count,Failure Count,Median Response Time,Average Response Time,Min Response Time,Max Response Time,Average Content Size,Requests/s,Failures/s,50%,66%,75%,80%,90%,95%,98%,99%,99.9%,99.99%,100%
GET,/,8570,0,88,89.4370226254377,1.297300000000945,459.1238999999998,8688.0,449.61578880902874,0.0,88,98,110,120,200,270,300,340,410,460,460
,Aggregated,8570,0,88,89.4370226254377,1.297300000000945,459.1238999999998,8688.0,449.61578880902874,0.0,88,98,110,120,200,270,300,340,410,460,460
