Type,Name,Request Count,Failure Count,Median Response Time,Average Response Time,Min Response Time,Max Response Time,Average Content Size,Requests/s,Failures/s,50%,66%,75%,80%,90%,95%,98%,99%,99.9%,99.99%,100%
GET,/,10046,0,46,62.00552994226531,1.250699999999938,345.0979000000007,8688.0,526.4408935541729,0.0,47,84,93,100,170,200,240,270,330,340,350
,Aggregated,10046,0,46,62.00552994226531,1.250699999999938,345.0979000000007,8688.0,526.4408935541729,0.0,47,84,93,100,170,200,240,270,330,340,350
