Type,Name,Request Count,Failure Count,Median Response Time,Average Response Time,Min Response Time,Max Response Time,Average Content Size,Requests/s,Failures/s,50%,66%,75%,80%,90%,95%,98%,99%,99.9%,99.99%,100%
GET,/,7079,0,9,39.63191370250034,1.1762999999973545,400.85190000000017,8688.0,371.814716956205,0.0,9,14,49,72,110,200,290,300,390,400,400
,Aggregated,7079,0,9,39.63191370250034,1.1762999999973545,400.85190000000017,8688.0,371.814716956205,0.0,9,14,49,72,110,200,290,300,390,400,400
