Type,Name,Request Count,Failure Count,Median Response Time,Average Response Time,Min Response Time,Max Response Time,Average Content Size,Requests/s,Failures/s,50%,66%,75%,80%,90%,95%,98%,99%,99.9%,99.99%,100%
GET,/,8719,0,12,47.31671157242843,1.2097999999998166,445.6734999999998,8688.0,456.7697074159264,0.0,12,35,73,85,150,210,280,290,340,450,450
,Aggregated,8719,0,12,47.31671157242843,1.2097999999998166,445.6734999999998,8688.0,456.7697074159264,0.0,12,35,73,85,150,210,280,290,340,450,450
