Type,Name,Request Count,Failure Count,Median Response Time,Average Response Time,Min Response Time,Max Response Time,Average Content Size,Requests/s,Failures/s,50%,66%,75%,80%,90%,95%,98%,99%,99.9%,99.99%,100%
GET,/,7446,0,8,43.46425860864896,1.1688999999996952,363.645,8688.0,390.6220549256293,0.0,8,30,71,81,120,200,240,270,360,360,360
,Aggregated,7446,0,8,43.46425860864896,1.1688999999996952,363.645,8688.0,390.6220549256293,0.0,8,30,71,81,120,200,240,270,360,360,360
