Type,Name,Request Count,Failure Count,Median Response Time,Average Response Time,Min Response Time,Max Response Time,Average Content Size,Requests/s,Failures/s,50%,66%,75%,80%,90%,95%,98%,99%,99.9%,99.99%,100%
GET,/,7352,0,8,41.949050081610295,1.2347000000012542,391.3883999999994,8688.0,386.5929565903691,0.0,8,34,76,83,100,190,200,270,300,390,390
,Aggregated,7352,0,8,41.949050081610295,1.2347000000012542,391.3883999999994,8688.0,386.5929565903691,0.0,8,34,76,83,100,190,200,270,300,390,390
