Type,Name,Request Count,Failure Count,Median Response Time,Average Response Time,Min Response Time,Max Response Time,Average Content Size,Requests/s,Failures/s,50%,66%,75%,80%,90%,95%,98%,99%,99.9%,99.99%,100%
GET,/,8220,0,9,37.97429518248168,1.2527999999996098,335.0839000000003,8688.0,431.5135997231679,0.0,9,17,64,81,100,180,210,270,290,340,340
,Aggregated,8220,0,9,37.97429518248168,1.2527999999996098,335.0839000000003,8688.0,431.5135997231679,0.0,9,17,64,81,100,180,210,270,290,340,340
