Type,Name,Request Count,Failure Count,Median Response Time,Average Response Time,Min Response Time,Max Response Time,Average Content Size,Requests/s,Failures/s,50%,66%,75%,80%,90%,95%,98%,99%,99.9%,99.99%,100%
GET,/,9301,0,96,105.19135492957763,1.3654000000009603,396.4650000000001,8688.0,486.85810083238147,0.0,96,110,180,190,210,280,300,300,380,400,400
,Aggregated,9301,0,96,105.19135492957763,1.3654000000009603,396.4650000000001,8688.0,486.85810083238147,0.0,96,110,180,190,210,280,300,300,380,400,400
