Type,Name,Request Count,Failure Count,Median Response Time,Average Response Time,Min Response Time,Max Response Time,Average Content Size,Requests/s,Failures/s,50%,66%,75%,80%,90%,95%,98%,99%,99.9%,99.99%,100%
GET,/,8567,0,15,58.348677308275626,1.3626999999978295,444.6997000000001,8688.0,448.32863719911444,0.0,15,74,87,95,170,210,290,330,430,440,440
,Aggregated,8567,0,15,58.348677308275626,1.3626999999978295,444.6997000000001,8688.0,448.32863719911444,0.0,15,74,87,95,170,210,290,330,430,440,440
