Type,Name,Request Count,Failure Count,Median Response Time,Average Response Time,Min Response Time,Max Response Time,Average Content Size,Requests/s,Failures/s,50%,66%,75%,80%,90%,95%,98%,99%,99.9%,99.99%,100%
GET,/,7500,0,80,79.86561365333326,1.2630999999991843,592.3540999999997,8688.0,393.0606575148919,0.0,80,92,100,110,200,290,310,390,410,590,590
,Aggregated,7500,0,80,79.86561365333326,1.2630999999991843,592.3540999999997,8688.0,393.0606575148919,0.0,80,92,100,110,200,290,310,390,410,590,590
