Type,Name,Request Count,Failure Count,Median Response Time,Average Response Time,Min Response Time,Max Response Time,Average Content Size,Requests/s,Failures/s,50%,66%,75%,80%,90%,95%,98%,99%,99.9%,99.99%,100%
GET,/,8691,0,16,51.5297184788861,1.4457999999990534,388.4129999999999,8688.0,454.95686727565806,0.0,16,72,84,90,110,190,250,280,360,390,390
,Aggregated,8691,0,16,51.5297184788861,1.4457999999990534,388.4129999999999,8688.0,454.95686727565806,0.0,16,72,84,90,110,190,250,280,360,390,390
