Type,Name,Request Count,Failure Count,Median Response Time,Average Response Time,Min Response Time,Max Response Time,Average Content Size,Requests/s,Failures/s,50%,66%,75%,80%,90%,95%,98%,99%,99.9%,99.99%,100%
GET,/,10338,0,63,64.14971333913697,1.2951000000001045,380.1668000000005,8688.0,542.4873539974903,0.0,63,88,98,100,140,190,200,250,370,380,380
,Aggregated,10338,0,63,64.14971333913697,1.2951000000001045,380.1668000000005,8688.0,542.4873539974903,0.0,63,88,98,100,140,190,200,250,370,380,380
