Type,Name,Request Count,Failure Count,Median Response Time,Average Response Time,Min Response Time,Max Response Time,Average Content Size,Requests/s,Failures/s,50%,66%,75%,80%,90%,95%,98%,99%,99.9%,99.99%,100%
GET,/,9487,0,16,47.00267632549773,1.2785999999991304,365.9403000000001,8688.0,497.4043550104498,0.0,16,55,76,84,110,180,210,250,350,370,370
,Aggregated,9487,0,16,47.00267632549773,1.2785999999991304,365.9403000000001,8688.0,497.4043550104498,0.0,16,55,76,84,110,180,210,250,350,370,370
