Type,Name,Request Count,Failure Count,Median Response Time,Average Response Time,Min Response Time,Max Response Time,Average Content Size,Requests/s,Failures/s,50%,66%,75%,80%,90%,95%,98%,99%,99.9%,99.99%,100%
GET,/,8689,0,10,43.59429058579846,1.2156999999994866,396.9075999999996,8688.0,455.4864596718723,0.0,10,26,66,79,130,200,270,290,320,400,400
,Aggregated,8689,0,10,43.59429058579846,1.2156999999994866,396.9075999999996,8688.0,455.4864596718723,0.0,10,26,66,79,130,200,270,290,320,400,400
