Type,Name,Request Count,Failure Count,Median Response Time,Average Response Time,Min Response Time,Max Response Time,Average Content Size,Requests/s,Failures/s,50%,66%,75%,80%,90%,95%,98%,99%,99.9%,99.99%,100%
GET,/,9617,0,83,76.41714748882187,1.2959999999999638,368.1115999999998,8688.0,503.67222751229184,0.0,83,95,100,110,190,200,230,250,300,370,370
,Aggregated,9617,0,83,76.41714748882187,1.2959999999999638,368.1115999999998,8688.0,503.67222751229184,0.0,83,95,100,110,190,200,230,250,300,370,370
