Type,Name,Request Count,Failure Count,Median Response Time,Average Response Time,Min Response Time,Max Response Time,Average Content Size,Requests/s,Failures/s,50%,66%,75%,80%,90%,95%,98%,99%,99.9%,99.99%,100%
GET,/,8583,0,88,95.95654658044957,1.3235999999992032,714.383999999999,8688.0,449.77896162771214,0.0,88,99,110,170,200,280,380,420,580,710,710
,Aggregated,8583,0,88,95.95654658044957,1.3235999999992032,714.383999999999,8688.0,449.77896162771214,0.0,88,99,110,170,200,280,380,420,580,710,710
