Type,Name,Request Count,Failure Count,Median Response Time,Average Response Time,Min Response Time,Max Response Time,Average Content Size,Requests/s,Failures/s,50%,66%,75%,80%,90%,95%,98%,99%,99.9%,99.99%,100%
GET,/,9121,0,15,39.721318309396075,1.2933000000003858,305.9770000000004,8688.0,478.36650675787115,0.0,15,30,63,75,98,170,200,260,300,310,310
,Aggregated,9121,0,15,39.721318309396075,1.2933000000003858,305.9770000000004,8688.0,478.36650675787115,0.0,15,30,63,75,98,170,200,260,300,310,310
