Type,Name,Request Count,Failure Count,Median Response Time,Average Response Time,Min Response Time,Max Response Time,Average Content Size,Requests/s,Failures/s,50%,66%,75%,80%,90%,95%,98%,99%,99.9%,99.99%,100%
GET,/,8932,0,32,59.405083217644496,1.5722000000018,548.7004000000004,8688.0,467.9084499441123,0.0,32,78,90,96,150,190,250,290,460,550,550
,Aggregated,8932,0,32,59.405083217644496,1.5722000000018,548.7004000000004,8688.0,467.9084499441123,0.0,32,78,90,96,150,190,250,290,460,550,550
