Type,Name,Request Count,Failure Count,Median Response Time,Average Response Time,Min Response Time,Max Response Time,Average Content Size,Requests/s,Failures/s,50%,66%,75%,80%,90%,95%,98%,99%,99.9%,99.99%,100%
GET,/,8290,0,92,93.16163276236415,1.3510999999999385,424.13860000000005,8688.0,434.7649314896113,0.0,92,100,110,160,200,240,290,300,420,420,420
,Aggregated,8290,0,92,93.16163276236415,1.3510999999999385,424.13860000000005,8688.0,434.7649314896113,0.0,92,100,110,160,200,240,290,300,420,420,420
