Type,Name,Request Count,Failure Count,Median Response Time,Average Response Time,Min Response Time,Max Response Time,Average Content Size,Requests/s,Failures/s,50%,66%,75%,80%,90%,95%,98%,99%,99.9%,99.99%,100%
GET,/,8021,0,94,106.5574313302579,1.4348000000001804,582.3317000000001,8688.0,420.44552354624665,0.0,94,100,160,190,210,290,370,390,420,580,580
,Aggregated,8021,0,94,106.5574313302579,1.4348000000001804,582.3317000000001,8688.0,420.44552354624665,0.0,94,100,160,190,210,290,370,390,420,580,580
