Type,Name,Request Count,Failure Count,Median Response Time,Average Response Time,Min Response Time,Max Response Time,Average Content Size,Requests/s,Failures/s,50%,66%,75%,80%,90%,95%,98%,99%,99.9%,99.99%,100%
GET,/,9873,0,61,62.407266210877864,1.2936999999979548,348.22419999999977,8688.0,518.4145581248225,0.0,61,88,93,97,130,190,210,250,300,350,350
,Aggregated,9873,0,61,62.407266210877864,1.2936999999979548,348.22419999999977,8688.0,518.4145581248225,0.0,61,88,93,97,130,190,210,250,300,350,350
