Type,Name,Request Count,Failure Count,Median Response Time,Average Response Time,Min Response Time,Max Response Time,Average Content Size,Requests/s,Failures/s,50%,66%,75%,80%,90%,95%,98%,99%,99.9%,99.99%,100%
GET,/,8866,0,16,56.87996510263987,1.5909000000000617,450.52749999999975,8688.0,464.40920112878814,0.0,16,72,84,93,150,210,290,300,400,450,450
,Aggregated,8866,0,16,56.87996510263987,1.5909000000000617,450.52749999999975,8688.0,464.40920112878814,0.0,16,72,84,93,150,210,290,300,400,450,450
