Type,Name,Request Count,Failure Count,Median Response Time,Average Response Time,Min Response Time,Max Response Time,Average Content Size,Requests/s,Failures/s,50%,66%,75%,80%,90%,95%,98%,99%,99.9%,99.99%,100%
GET,/,9204,0,54,64.77142856366811,1.3144000000000489,457.9249000000001,8688.0,482.29380248223737,0.0,54,86,93,99,180,200,280,290,380,460,460
,Aggregated,9204,0,54,64.77142856366811,1.3144000000000489,457.9249000000001,8688.0,482.29380248223737,0.0,54,86,93,99,180,200,280,290,380,460,460
