Type,Name,Request Count,Failure Count,Median Response Time,Average Response Time,Min Response Time,Max Response Time,Average Content Size,Requests/s,Failures/s,50%,66%,75%,80%,90%,95%,98%,99%,99.9%,99.99%,100%
GET,/,8838,0,12,49.510219891378064,1.1343000000003656,368.6017999999995,8688.0,463.41698831890807,0.0,12,64,83,88,110,200,280,290,340,370,370
,Aggregated,8838,0,12,49.510219891378064,1.1343000000003656,368.6017999999995,8688.0,463.41698831890807,0.0,12,64,83,88,110,200,280,290,340,370,370
