Type,Name,Request Count,Failure Count,Median Response Time,Average Response Time,Min Response Time,Max Response Time,Average Content Size,Requests/s,Failures/s,50%,66%,75%,80%,90%,95%,98%,99%,99.9%,99.99%,100%
GET,/,7723,0,47,61.62156002848644,1.2476000000010146,362.5658999999999,8688.0,404.8971305031058,0.0,47,88,94,97,160,200,250,290,330,360,360
,Aggregated,7723,0,47,61.62156002848644,1.2476000000010146,362.5658999999999,8688.0,404.8971305031058,0.0,47,88,94,97,160,200,250,290,330,360,360
