Type,Name,Request Count,Failure Count,Median Response Time,Average Response Time,Min Response Time,Max Response Time,Average Content Size,Requests/s,Failures/s,50%,66%,75%,80%,90%,95%,98%,99%,99.9%,99.99%,100%
GET,/,9502,0,85,83.33634345400995,1.2739000000010492,363.40539999999953,8688.0,499.0840331009609,0.0,85,96,100,110,190,200,270,280,340,360,360
,Aggregated,9502,0,85,83.33634345400995,1.2739000000010492,363.40539999999953,8688.0,499.0840331009609,0.0,85,96,100,110,190,200,270,280,340,360,360
