Type,Name,Request Count,Failure Count,Median Response Time,Average Response Time,Min Response Time,Max Response Time,Average Content Size,Requests/s,Failures/s,50%,66%,75%,80%,90%,95%,98%,99%,99.9%,99.99%,100%
GET,/,6075,0,69,220.1345937119345,1.3473000000008284,2782.543799999999,8688.0,319.55660480859484,0.0,69,90,110,170,270,2200,2400,2400,2500,2800,2800
,Aggregated,6075,0,69,220.1345937119345,1.3473000000008284,2782.543799999999,8688.0,319.55660480859484,0.0,69,90,110,170,270,2200,2400,2400,2500,2800,2800
