Type,Name,Request Count,Failure Count,Median Response Time,Average Response Time,Min Response Time,Max Response Time,Average Content Size,Requests/s,Failures/s,50%,66%,75%,80%,90%,95%,98%,99%,99.9%,99.99%,100%
GET,/,7051,0,11,43.779568954758204,1.1904999999998722,308.8711000000002,8688.0,370.48548436982054,0.0,11,43,79,91,110,190,210,230,250,310,310
,Aggregated,7051,0,11,43.779568954758204,1.1904999999998722,308.8711000000002,8688.0,370.48548436982054,0.0,11,43,79,91,110,190,210,230,250,310,310
