Type,Name,Request Count,Failure Count,Median Response Time,Average Response Time,Min Response Time,Max Response Time,Average Content Size,Requests/s,Failures/s,50%,66%,75%,80%,90%,95%,98%,99%,99.9%,99.99%,100%
GET,/,9830,0,16,46.47139591047813,1.2670999999997434,374.9551000000002,8688.0,515.3386180258437,0.0,16,51,76,85,110,180,220,290,310,370,370
,Aggregated,9830,0,16,46.47139591047813,1.2670999999997434,374.9551000000002,8688.0,515.3386180258437,0.0,16,51,76,85,110,180,220,290,310,370,370
