Type,Name,Request Count,Failure Count,Median Response Time,Average Response Time,Min Response Time,Max Response Time,Average Content Size,Requests/s,Failures/s,50%,66%,75%,80%,90%,95%,98%,99%,99.9%,99.99%,100%
GET,/,9097,0,14,52.89939596570289,1.2495999999995178,361.1221000000002,8688.0,476.7057078110687,0.0,14,79,90,96,120,190,210,240,300,360,360
,Aggregated,9097,0,14,52.89939596570289,1.2495999999995178,361.1221000000002,8688.0,476.7057078110687,0.0,14,79,90,96,120,190,210,240,300,360,360
