Type,Name,Request Count,Failure Count,Median Response Time,Average Response Time,Min Response Time,Max Response Time,Average Content Size,Requests/s,Failures/s,50%,66%,75%,80%,90%,95%,98%,99%,99.9%,99.99%,100%
GET,/,10086,0,89,90.78499134443813,1.3491999999999393,471.42769999999956,8688.0,528.3733327364785,0.0,89,99,100,110,190,200,290,320,460,460,470
,Aggregated,10086,0,89,90.78499134443813,1.3491999999999393,471.42769999999956,8688.0,528.3733327364785,0.0,89,99,100,110,190,200,290,320,460,460,470
