Type,Name,Request Count,Failure Count,Median Response Time,Average Response Time,Min Response Time,Max Response Time,Average Content Size,Requests/s,Failures/s,50%,66%,75%,80%,90%,95%,98%,99%,99.9%,99.99%,100%
GET,/,7652,0,21,66.17555260062709,1.2089999999993495,404.61050000000046,8688.0,402.17159392270406,0.0,21,84,95,100,190,250,290,300,400,400,400
,Aggregated,7652,0,21,66.17555260062709,1.2089999999993495,404.61050000000046,8688.0,402.17159392270406,0.0,21,84,95,100,190,250,290,300,400,400,400
