Type,Name,Request Count,Failure Count,Median Response Time,Average Response Time,Min Response Time,Max Response Time,Average Content Size,Requests/s,Failures/s,50%,66%,75%,80%,90%,95%,98%,99%,99.9%,99.99%,100%
GET,/,8045,0,17,53.46123552517098,1.5084999999999127,386.2747000000004,8688.0,422.99339243459895,0.0,17,74,88,94,130,190,210,260,380,390,390
,Aggregated,8045,0,17,53.46123552517098,1.5084999999999127,386.2747000000004,8688.0,422.99339243459895,0.0,17,74,88,94,130,190,210,260,380,390,390
