Type,Name,Request Count,Failure Count,Median Response Time,Average Response Time,Min Response Time,Max Response Time,Average Content Size,Requests/s,Failures/s,50%,66%,75%,80%,90%,95%,98%,99%,99.9%,99.99%,100%
GET,/,8386,0,49,218.70309647030757,1.3298000000006027,3650.0647000000017,8688.0,439.00837805084007,0.0,49,89,110,180,280,2100,2300,2400,2500,3700,3700
,Aggregated,8386,0,49,218.70309647030757,1.3298000000006027,3650.0647000000017,8688.0,439.00837805084007,0.0,49,89,110,180,280,2100,2300,2400,2500,3700,3700
