Type,Name,Request Count,Failure Count,Median Response Time,Average Response Time,Min Response Time,Max Response Time,Average Content Size,Requests/s,Failures/s,50%,66%,75%,80%,90%,95%,98%,99%,99.9%,99.99%,100%
GET,/,8307,0,9,49.612565691585246,1.3016999999999612,347.9065000000001,8688.0,435.4438406889739,0.0,9,54,79,95,180,200,230,260,340,350,350
,Aggregated,8307,0,9,49.612565691585246,1.3016999999999612,347.9065000000001,8688.0,435.4438406889739,0.0,9,54,79,95,180,200,230,260,340,350,350
