Type,Name,Request Count,Failure Count,Median Response Time,Average Response Time,Min Response Time,Max Response Time,Average Content Size,Requests/s,Failures/s,50%,66%,75%,80%,90%,95%,98%,99%,99.9%,99.99%,100%
GET,/,8901,0,14,51.630160015728684,1.2195999999988771,317.1189999999999,8688.0,466.3006044727687,0.0,14,66,84,92,150,200,260,290,300,320,320
,Aggregated,8901,0,14,51.630160015728684,1.2195999999988771,317.1189999999999,8688.0,466.3006044727687,0.0,14,66,84,92,150,200,260,290,300,320,320
