Type,Name,Request Count,Failure Count,Median Response Time,Average Response Time,Min Response Time,Max Response Time,Average Content Size,Requests/s,Failures/s,50%,66%,75%,80%,90%,95%,98%,99%,99.9%,99.99%,100%
GET,/,7658,0,20,65.6722343170539,1.2323999999992452,526.5139000000003,8688.0,401.44927818949964,0.0,20,88,97,100,190,210,300,390,510,530,530
,Aggregated,7658,0,20,65.6722343170539,1.2323999999992452,526.5139000000003,8688.0,401.44927818949964,0.0,20,88,97,100,190,210,300,390,510,530,530
