Type,Name,Request Count,Failure Count,Median Response Time,Average Response Time,Min Response Time,Max Response Time,Average Content Size,Requests/s,Failures/s,50%,66%,75%,80%,90%,95%,98%,99%,99.9%,99.99%,100%
GET,/,7579,0,10,46.98128020847095,1.1769999999984293,385.0283000000001,8688.0,398.2276791188855,0.0,10,58,83,89,110,200,220,290,380,390,390
,Aggregated,7579,0,10,46.98128020847095,1.1769999999984293,385.0283000000001,8688.0,398.2276791188855,0.0,10,58,83,89,110,200,220,290,380,390,390
