Type,Name,Request Count,Failure Count,Median Response Time,Average Response Time,Min Response Time,Max Response Time,Average Content Size,Requests/s,Failures/s,50%,66%,75%,80%,90%,95%,98%,99%,99.9%,99.99%,100%
GET,/,9235,0,66,64.36794482945305,1.1274999999990598,379.6796000000002,8688.0,483.8473773608943,0.0,66,87,94,99,150,200,260,290,370,380,380
,Aggregated,9235,0,66,64.36794482945305,1.1274999999990598,379.6796000000002,8688.0,483.8473773608943,0.0,66,87,94,99,150,200,260,290,370,380,380
