Type,Name,Request Count,Failure Count,Median Response Time,Average Response Time,Min Response Time,Max Response Time,Average Content Size,Requests/s,Failures/s,50%,66%,75%,80%,90%,95%,98%,99%,99.9%,99.99%,100%
GET,/,9652,0,91,104.98753595109801,1.3823999999988956,680.2957000000002,8688.0,504.55244320706606,0.0,91,100,140,180,210,300,400,480,650,680,680
,Aggregated,9652,0,91,104.98753595109801,1.3823999999988956,680.2957000000002,8688.0,504.55244320706606,0.0,91,100,140,180,210,300,400,480,650,680,680
