Type,Name,Request Count,Failure Count,Median Response Time,Average Response Time,Min Response Time,Max Response Time,Average Content Size,Requests/s,Failures/s,50%,66%,75%,80%,90%,95%,98%,99%,99.9%,99.99%,100%
GET,/,9158,0,11,47.61829567591182,1.284599999999969,382.14930000000004,8688.0,479.62095493369793,0.0,11,48,79,94,150,200,230,250,290,380,380
,Aggregated,9158,0,11,47.61829567591182,1.284599999999969,382.14930000000004,8688.0,479.62095493369793,0.0,11,48,79,94,150,200,230,250,290,380,380
