Type,Name,Request Count,Failure Count,Median Response Time,Average Response Time,Min Response Time,Max Response Time,Average Content Size,Requests/s,Failures/s,50%,66%,75%,80%,90%,95%,98%,99%,99.9%,99.99%,100%
GET,/,8961,0,15,54.8692718335009,1.247499999999846,382.1728999999996,8688.0,469.1954730773125,0.0,15,79,88,92,110,200,270,290,330,380,380
,Aggregated,8961,0,15,54.8692718335009,1.247499999999846,382.1728999999996,8688.0,469.1954730773125,0.0,15,79,88,92,110,200,270,290,330,380,380
