Type,Name,Request Count,Failure Count,Median Response Time,Average Response Time,Min Response Time,Max Response Time,Average Content Size,Requests/s,Failures/s,50%,66%,75%,80%,90%,95%,98%,99%,99.9%,99.99%,100%
GET,/,9170,0,66,67.92170690294455,1.2505000000011535,396.9221000000003,8688.0,480.84605613400913,0.0,66,89,99,110,190,200,240,280,360,400,400
,Aggregated,9170,0,66,67.92170690294455,1.2505000000011535,396.9221000000003,8688.0,480.84605613400913,0.0,66,89,99,110,190,200,240,280,360,400,400
