Type,Name,Request Count,Failure Count,Median Response Time,Average Response Time,Min Response Time,Max Response Time,Average Content Size,Requests/s,Failures/s,50%,66%,75%,80%,90%,95%,98%,99%,99.9%,99.99%,100%
GET,/,10259,0,73,71.2769469538943,1.249300000001341,358.46830000000017,8688.0,537.3575770472621,0.0,73,94,100,110,170,190,230,260,330,360,360
,Aggregated,10259,0,73,71.2769469538943,1.249300000001341,358.46830000000017,8688.0,537.3575770472621,0.0,73,94,100,110,170,190,230,260,330,360,360
