Type,Name,Request Count,Failure Count,Median Response Time,Average Response Time,Min Response Time,Max Response Time,Average Content Size,Requests/s,Failures/s,50%,66%,75%,80%,90%,95%,98%,99%,99.9%,99.99%,100%
GET,/,9148,0,18,56.37261811324852,1.3002999999986997,392.2121000000001,8688.0,479.18181031285565,0.0,18,77,87,92,130,200,270,290,330,390,390
,Aggregated,9148,0,18,56.37261811324852,1.3002999999986997,392.2121000000001,8688.0,479.18181031285565,0.0,18,77,87,92,130,200,270,290,330,390,390
