Type,Name,Request Count,Failure Count,Median Response Time,Average Response Time,Min Response Time,Max Response Time,Average Content Size,Requests/s,Failures/s,50%,66%,75%,80%,90%,95%,98%,99%,99.9%,99.99%,100%
GET,/,8807,0,12,48.44840714204622,1.2411999999990542,368.33680000000027,8688.0,462.65336657242193,0.0,12,60,81,90,120,190,230,280,360,370,370
,Aggregated,8807,0,12,48.44840714204622,1.2411999999990542,368.33680000000027,8688.0,462.65336657242193,0.0,12,60,81,90,120,190,230,280,360,370,370
