Type,Name,Request Count,Failure Count,Median Response Time,Average Response Time,Min Response Time,Max Response Time,Average Content Size,Requests/s,Failures/s,50%,66%,75%,80%,90%,95%,98%,99%,99.9%,99.99%,100%
GET,/,9679,0,20,57.71456627750809,1.2501000000000317,488.61510000000055,8688.0,507.2525818495155,0.0,20,78,90,96,140,190,270,310,390,490,490
,Aggregated,9679,0,20,57.71456627750809,1.2501000000000317,488.61510000000055,8688.0,507.2525818495155,0.0,20,78,90,96,140,190,270,310,390,490,490
