Type,Name,Request Count,Failure Count,Median Response Time,Average Response Time,Min Response Time,Max Response Time,Average Content Size,Requests/s,Failures/s,50%,66%,75%,80%,90%,95%,98%,99%,99.9%,99.99%,100%
GET,/,9957,0,25,58.278735151150244,1.2674999999990888,384.9197000000002,8688.0,522.1543097841376,0.0,25,78,91,97,150,190,260,290,330,380,380
,Aggregated,9957,0,25,58.278735151150244,1.2674999999990888,384.9197000000002,8688.0,522.1543097841376,0.0,25,78,91,97,150,190,260,290,330,380,380
