Type,Name,Request Count,Failure Count,Median Response Time,Average Response Time,Min Response Time,Max Response Time,Average Content Size,Requests/s,Failures/s,50%,66%,75%,80%,90%,95%,98%,99%,99.9%,99.99%,100%
GET,/,7974,0,10,41.712548006019574,1.269500000002921,330.13000000000005,8688.0,419.5808418842527,0.0,10,21,67,82,110,190,240,270,320,330,330
,Aggregated,7974,0,10,41.712548006019574,1.269500000002921,330.13000000000005,8688.0,419.5808418842527,0.0,10,21,67,82,110,190,240,270,320,330,330
