Type,Name,Request Count,Failure Count,Median Response Time,Average Response Time,Min Response Time,Max Response Time,Average Content Size,Requests/s,Failures/s,50%,66%,75%,80%,90%,95%,98%,99%,99.9%,99.99%,100%
GET,/,7607,0,70,67.29616442750086,1.1799000000003446,362.6313999999997,8688.0,398.61565668535985,0.0,70,91,99,100,180,200,260,280,350,360,360
,Aggregated,7607,0,70,67.29616442750086,1.1799000000003446,362.6313999999997,8688.0,398.61565668535985,0.0,70,91,99,100,180,200,260,280,350,360,360
