Type,Name,Request Count,Failure Count,Median Response Time,Average Response Time,Min Response Time,Max Response Time,Average Content Size,Requests/s,Failures/s,50%,66%,75%,80%,90%,95%,98%,99%,99.9%,99.99%,100%
GET,/,7725,0,68,84.40753765695781,1.5373000000007409,568.6691000000002,8688.0,404.1178539977661,0.0,68,88,100,110,190,300,390,400,480,570,570
,Aggregated,7725,0,68,84.40753765695781,1.5373000000007409,568.6691000000002,8688.0,404.1178539977661,0.0,68,88,100,110,190,300,390,400,480,570,570
