Type,Name,Request Count,Failure Count,Median Response Time,Average Response Time,Min Response Time,Max Response Time,Average Content Size,Requests/s,Failures/s,50%,66%,75%,80%,90%,95%,98%,99%,99.9%,99.99%,100%
GET,/,10084,0,55,60.33334870091254,1.264899999998903,349.8912000000001,8688.0,528.1849682328086,0.0,55,83,90,96,130,190,200,260,310,340,350
,Aggregated,10084,0,55,60.33334870091254,1.264899999998903,349.8912000000001,8688.0,528.1849682328086,0.0,55,83,90,96,130,190,200,260,310,340,350
