Type,Name,Request Count,Failure Count,Median Response Time,Average Response Time,Min Response Time,Max Response Time,Average Content Size,Requests/s,Failures/s,50%,66%,75%,80%,90%,95%,98%,99%,99.9%,99.99%,100%
GET,/,8420,0,11,43.25745548693588,1.2455000000013428,572.5261000000002,8688.0,441.2242141617671,0.0,11,46,74,82,100,170,280,290,480,570,570
,Aggregated,8420,0,11,43.25745548693588,1.2455000000013428,572.5261000000002,8688.0,441.2242141617671,0.0,11,46,74,82,100,170,280,290,480,570,570
