Type,Name,Request Count,Failure Count,Median Response Time,Average Response Time,Min Response Time,Max Response Time,Average Content Size,Requests/s,Failures/s,50%,66%,75%,80%,90%,95%,98%,99%,99.9%,99.99%,100%
GET,/,8478,0,13,52.58190705355017,1.2694999999993684,492.7361999999995,8688.0,444.84329305021436,0.0,13,68,85,92,120,200,290,300,400,490,490
,Aggregated,8478,0,13,52.58190705355017,1.2694999999993684,492.7361999999995,8688.0,444.84329305021436,0.0,13,68,85,92,120,200,290,300,400,490,490
