Type,Name,Request Count,Failure Count,Median Response Time,Average Response Time,Min Response Time,Max Response Time,Average Content Size,Requests/s,Failures/s,50%,66%,75%,80%,90%,95%,98%,99%,99.9%,99.99%,100%
GET,/,8825,0,73,71.20885967138847,1.2715000000014243,422.96739999999966,8688.0,462.4388304199768,0.0,73,90,99,110,190,200,290,300,330,420,420
,Aggregated,8825,0,73,71.20885967138847,1.2715000000014243,422.96739999999966,8688.0,462.4388304199768,0.0,73,90,99,110,190,200,290,300,330,420,420
