Type,Name,Request Count,Failure Count,Median Response Time,Average Response Time,Min Response Time,Max Response Time,Average Content Size,Requests/s,Failures/s,50%,66%,75%,80%,90%,95%,98%,99%,99.9%,99.99%,100%
GET,/,6818,0,84,84.46943374890026,1.4827999999997843,424.78099999999984,8688.0,357.41783433556424,0.0,84,91,96,100,190,250,290,320,350,420,420
,Aggregated,6818,0,84,84.46943374890026,1.4827999999997843,424.78099999999984,8688.0,357.41783433556424,0.0,84,91,96,100,190,250,290,320,350,420,420
