Type,Name,Request Count,Failure Count,Median Response Time,Average Response Time,Min Response Time,Max Response Time,Average Content Size,Requests/s,Failures/s,50%,66%,75%,80%,90%,95%,98%,99%,99.9%,99.99%,100%
GET,/,8544,0,10,44.12297827715366,1.3309000000027993,391.32899999999984,8688.0,447.81756263315,0.0,10,34,68,84,140,190,230,260,300,390,390
,Aggregated,8544,0,10,44.12297827715366,1.3309000000027993,391.32899999999984,8688.0,447.81756263315,0.0,10,34,68,84,140,190,230,260,300,390,390
