Type,Name,Request Count,Failure Count,Median Response Time,Average Response Time,Min Response Time,Max Response Time,Average Content Size,Requests/s,Failures/s,50%,66%,75%,80%,90%,95%,98%,99%,99.9%,99.99%,100%
GET,/,7708,0,34,63.076080993772905,1.219299999998924,394.3003999999997,8688.0,403.6537089483242,0.0,35,86,92,98,190,200,270,290,350,390,390
,Aggregated,7708,0,34,63.076080993772905,1.219299999998924,394.3003999999997,8688.0,403.6537089483242,0.0,35,86,92,98,190,200,270,290,350,390,390
