Type,Name,Request Count,Failure Count,Median Response Time,Average Response Time,Min Response Time,Max Response Time,Average Content Size,Requests/s,Failures/s,50%,66%,75%,80%,90%,95%,98%,99%,99.9%,99.99%,100%
GET,/,7205,0,7,40.88542147120059,1.1644000000003984,377.7116000000005,8688.0,378.2283458136544,0.0,7,13,60,74,130,200,280,300,350,380,380
,Aggregated,7205,0,7,40.88542147120059,1.1644000000003984,377.7116000000005,8688.0,378.2283458136544,0.0,7,13,60,74,130,200,280,300,350,380,380
