Type,Name,Request Count,Failure Count,Median Response Time,Average Response Time,Min Response Time,Max Response Time,Average Content Size,Requests/s,Failures/s,50%,66%,75%,80%,90%,95%,98%,99%,99.9%,99.99%,100%
GET,/,9258,0,72,68.1557303845321,1.25810000000115,365.84420000000017,8688.0,485.04516499143284,0.0,72,90,96,100,180,200,250,280,320,370,370
,Aggregated,9258,0,72,68.1557303845321,1.25810000000115,365.84420000000017,8688.0,485.04516499143284,0.0,72,90,96,100,180,200,250,280,320,370,370
