Type,Name,Request Count,Failure Count,Median Response Time,Average Response Time,Min Response Time,Max Response Time,Average Content Size,Requests/s,Failures/s,50%,66%,75%,80%,90%,95%,98%,99%,99.9%,99.99%,100%
GET,/,8411,0,34,219.78149826417805,1.3459999999998473,2752.7054999999996,8688.0,440.35287334932696,0.0,34,88,110,160,280,2100,2300,2400,2600,2800,2800
,Aggregated,8411,0,34,219.78149826417805,1.3459999999998473,2752.7054999999996,8688.0,440.35287334932696,0.0,34,88,110,160,280,2100,2300,2400,2600,2800,2800
