Type,Name,Request Count,Failure Count,Median Response Time,Average Response Time,Min Response Time,Max Response Time,Average Content Size,Requests/s,Failures/s,50%,66%,75%,80%,90%,95%,98%,99%,99.9%,99.99%,100%
GET,/,6740,0,72,93.1677871216622,1.4500999999995656,591.8104999999994,8688.0,353.9294311040917,0.0,72,89,110,170,240,320,410,480,500,590,590
,Aggregated,6740,0,72,93.1677871216622,1.4500999999995656,591.8104999999994,8688.0,353.9294311040917,0.0,72,89,110,170,240,320,410,480,500,590,590
