Type,Name,Request Count,Failure Count,Median Response Time,Average Response Time,Min Response Time,Max Response Time,Average Content Size,Requests/s,Failures/s,50%,66%,75%,80%,90%,95%,98%,99%,99.9%,99.99%,100%
GET,/,9289,0,64,66.45264617289254,1.2392999999981669,381.20249999999965,8688.0,486.82460243888306,0.0,64,88,94,100,180,200,240,290,370,380,380
,Aggregated,9289,0,64,66.45264617289254,1.2392999999981669,381.20249999999965,8688.0,486.82460243888306,0.0,64,88,94,100,180,200,240,290,370,380,380
