Type,Name,Request Count,Failure Count,Median Response Time,Average Response Time,Min Response Time,Max Response Time,Average Content Size,Requests/s,Failures/s,50%,66%,75%,80%,90%,95%,98%,99%,99.9%,99.99%,100%
GET,/,9448,0,12,39.65413013336154,1.2700999999992746,327.7488999999996,8688.0,495.2067441557557,0.0,12,22,59,72,100,180,240,280,300,330,330
,Aggregated,9448,0,12,39.65413013336154,1.2700999999992746,327.7488999999996,8688.0,495.2067441557557,0.0,12,22,59,72,100,180,240,280,300,330,330
