Type,Name,Request Count,Failure Count,Median Response Time,Average Response Time,Min Response Time,Max Response Time,Average Content Size,Requests/s,Failures/s,50%,66%,75%,80%,90%,95%,98%,99%,99.9%,99.99%,100%
GET,/,9411,0,71,69.4749694825207,1.21120000000019,395.2157000000005,8688.0,492.8351196963746,0.0,71,89,94,99,180,210,290,300,360,400,400
,Aggregated,9411,0,71,69.4749694825207,1.21120000000019,395.2157000000005,8688.0,492.8351196963746,0.0,71,89,94,99,180,210,290,300,360,400,400
