Type,Name,Request Count,Failure Count,Median Response Time,Average Response Time,Min Response Time,Max Response Time,Average Content Size,Requests/s,Failures/s,50%,66%,75%,80%,90%,95%,98%,99%,99.9%,99.99%,100%
GET,/,7447,0,10,52.44392370081903,1.1909999999986098,530.1616,8688.0,391.3098456420511,0.0,10,74,87,92,110,190,310,400,460,530,530
,Aggregated,7447,0,10,52.44392370081903,1.1909999999986098,530.1616,8688.0,391.3098456420511,0.0,10,74,87,92,110,190,310,400,460,530,530
