Type,Name,Request Count,Failure Count,Median Response Time,Average Response Time,Min Response Time,Max Response Time,Average Content Size,Requests/s,Failures/s,50%,66%,75%,80%,90%,95%,98%,99%,99.9%,99.99%,100%
GET,/,8112,0,83,93.17450671844219,1.746199999999476,442.6826999999998,8688.0,424.8781104530433,0.0,83,97,110,150,200,270,310,370,410,440,440
,Aggregated,8112,0,83,93.17450671844219,1.746199999999476,442.6826999999998,8688.0,424.8781104530433,0.0,83,97,110,150,200,270,310,370,410,440,440
