Type,Name,Request Count,Failure Count,Median Response Time,Average Response Time,Min Response Time,Max Response Time,Average Content Size,Requests/s,Failures/s,50%,66%,75%,80%,90%,95%,98%,99%,99.9%,99.99%,100%
GET,/,8776,0,36,61.384671330902435,1.2436000000004555,399.66849999999977,8688.0,459.81904832383185,0.0,36,84,90,95,170,200,280,290,380,400,400
,Aggregated,8776,0,36,61.384671330902435,1.2436000000004555,399.66849999999977,8688.0,459.81904832383185,0.0,36,84,90,95,170,200,280,290,380,400,400
