Type,Name,Request Count,Failure Count,Median Response Time,Average Response Time,Min Response Time,Max Response Time,Average Content Size,Requests/s,Failures/s,50%,66%,75%,80%,90%,95%,98%,99%,99.9%,99.99%,100%
GET,/,8706,0,83,76.05958376981394,1.3617999999979702,342.93899999999945,8688.0,456.36632974401147,0.0,83,95,100,110,190,210,250,290,300,340,340
,Aggregated,8706,0,83,76.05958376981394,1.3617999999979702,342.93899999999945,8688.0,456.36632974401147,0.0,83,95,100,110,190,210,250,290,300,340,340
