Type,Name,Request Count,Failure Count,Median Response Time,Average Response Time,Min Response Time,Max Response Time,Average Content Size,Requests/s,Failures/s,50%,66%,75%,80%,90%,95%,98%,99%,99.9%,99.99%,100%
GET,/,8596,0,10,52.598560563052764,1.214199999999721,498.3076999999998,8688.0,450.179363019246,0.0,10,55,79,88,170,230,290,320,470,500,500
,Aggregated,8596,0,10,52.598560563052764,1.214199999999721,498.3076999999998,8688.0,450.179363019246,0.0,10,55,79,88,170,230,290,320,470,500,500
