Type,Name,Request Count,Failure Count,Median Response Time,Average Response Time,Min Response Time,Max Response Time,Average Content Size,Requests/s,Failures/s,50%,66%,75%,80%,90%,95%,98%,99%,99.9%,99.99%,100%
GET,/,7434,0,9,40.776473177293624,1.2114000000025271,359.0530999999997,8688.0,390.42356262652345,0.0,9,16,61,81,110,200,250,270,330,360,360
,Aggregated,7434,0,9,40.776473177293624,1.2114000000025271,359.0530999999997,8688.0,390.42356262652345,0.0,9,16,61,81,110,200,250,270,330,360,360
