Type,Name,Request Count,Failure Count,Median Response Time,Average Response Time,Min Response Time,Max Response Time,Average Content Size,Requests/s,Failures/s,50%,66%,75%,80%,90%,95%,98%,99%,99.9%,99.99%,100%
GET,/,9358,0,85,87.6562664565078,1.2120999999964965,407.84539999999936,8688.0,490.8120225552741,0.0,85,98,110,130,200,270,300,300,380,410,410
,Aggregated,9358,0,85,87.6562664565078,1.2120999999964965,407.84539999999936,8688.0,490.8120225552741,0.0,85,98,110,130,200,270,300,300,380,410,410
