Type,Name,Request Count,Failure Count,Median Response Time,Average Response Time,Min Response Time,Max Response Time,Average Content Size,Requests/s,Failures/s,50%,66%,75%,80%,90%,95%,98%,99%,99.9%,99.99%,100%
GET,/,9065,0,17,41.232112741312754,1.2626000000004467,375.8208999999999,8688.0,474.6571079502147,0.0,17,31,64,76,110,170,200,240,290,380,380
,Aggregated,9065,0,17,41.232112741312754,1.2626000000004467,375.8208999999999,8688.0,474.6571079502147,0.0,17,31,64,76,110,170,200,240,290,380,380
