Type,Name,Request Count,Failure Count,Median Response Time,Average Response Time,Min Response Time,Max Response Time,Average Content Size,Requests/s,Failures/s,50%,66%,75%,80%,90%,95%,98%,99%,99.9%,99.99%,100%
GET,/,8356,0,99,206.37415345859299,1.2924999999981424,2616.4254,8688.0,438.6203829499043,0.0,99,130,190,200,300,610,1900,2300,2500,2600,2600
,Aggregated,8356,0,99,206.37415345859299,1.2924999999981424,2616.4254,8688.0,438.6203829499043,0.0,99,130,190,200,300,610,1900,2300,2500,2600,2600
