Type,Name,Request Count,Failure Count,Median Response Time,Average Response Time,Min Response Time,Max Response Time,Average Content Size,Requests/s,Failures/s,50%,66%,75%,80%,90%,95%,98%,99%,99.9%,99.99%,100%
GET,/,9585,0,14,48.528856129368876,1.2409000000008774,328.9458000000001,8688.0,502.4478977687148,0.0,14,64,82,89,110,190,210,280,310,330,330
,Aggregated,9585,0,14,48.528856129368876,1.2409000000008774,328.9458000000001,8688.0,502.4478977687148,0.0,14,64,82,89,110,190,210,280,310,330,330
