Type,Name,Request Count,Failure Count,Median Response Time,Average Response Time,Min Response Time,Max Response Time,Average Content Size,Requests/s,Failures/s,50%,66%,75%,80%,90%,95%,98%,99%,99.9%,99.99%,100%
GET,/,8555,0,11,47.00905351256567,1.257100000000122,452.8257,8688.0,448.09541740412595,0.0,11,42,75,84,110,200,280,300,360,450,450
,Aggregated,8555,0,11,47.00905351256567,1.257100000000122,452.8257,8688.0,448.09541740412595,0.0,11,42,75,84,110,200,280,300,360,450,450
