Type,Name,Request Count,Failure Count,Median Response Time,Average Response Time,Min Response Time,Max Response Time,Average Content Size,Requests/s,Failures/s,50%,66%,75%,80%,90%,95%,98%,99%,99.9%,99.99%,100%
GET,/,8953,0,12,48.01530393164301,1.2731999999999744,342.2811999999995,8688.0,469.25900234948136,0.0,12,63,80,88,120,190,210,250,290,340,340
,Aggregated,8953,0,12,48.01530393164301,1.2731999999999744,342.2811999999995,8688.0,469.25900234948136,0.0,12,63,80,88,120,190,210,250,290,340,340
