Type,Name,Request Count,Failure Count,Median Response Time,Average Response Time,Min Response Time,Max Response Time,Average Content Size,Requests/s,Failures/s,50%,66%,75%,80%,90%,95%,98%,99%,99.9%,99.99%,100%
GET,/,9375,0,18,43.782853194666345,1.3138000000001426,381.7132000000001,8688.0,491.8159687022654,0.0,18,55,76,82,100,140,190,200,370,380,380
,Aggregated,9375,0,18,43.782853194666345,1.3138000000001426,381.7132000000001,8688.0,491.8159687022654,0.0,18,55,76,82,100,140,190,200,370,380,380
