Type,Name,Request Count,Failure Count,Median Response Time,Average Response Time,Min Response Time,Max Response Time,Average Content Size,Requests/s,Failures/s,50%,66%,75%,80%,90%,95%,98%,99%,99.9%,99.99%,100%
GET,/,8337,0,10,45.742992539282824,1.1222999999986882,406.48440000000005,8688.0,437.2114547587413,0.0,10,26,69,88,120,190,300,370,390,410,410
,Aggregated,8337,0,10,45.742992539282824,1.1222999999986882,406.48440000000005,8688.0,437.2114547587413,0.0,10,26,69,88,120,190,300,370,390,410,410
