Type,Name,Request Count,Failure Count,Median Response Time,Average Response Time,Min Response Time,Max Response Time,Average Content Size,Requests/s,Failures/s,50%,66%,75%,80%,90%,95%,98%,99%,99.9%,99.99%,100%
GET,/,8932,0,13,48.28036143081041,1.3095999999990227,351.8726999999995,8688.0,468.14583248125933,0.0,13,58,81,89,120,190,230,250,290,350,350
,Aggregated,8932,0,13,48.28036143081041,1.3095999999990227,351.8726999999995,8688.0,468.14583248125933,0.0,13,58,81,89,120,190,230,250,290,350,350
