Type,Name,Request Count,Failure Count,Median Response Time,Average Response Time,Min Response Time,Max Response Time,Average Content Size,Requests/s,Failures/s,50%,66%,75%,80%,90%,95%,98%,99%,99.9%,99.99%,100%
GET,/,6972,0,74,73.2961221744119,1.4053000000000537,390.6704000000003,8688.0,365.76503142363333,0.0,74,87,97,100,180,210,280,300,380,390,390
,Aggregated,6972,0,74,73.2961221744119,1.4053000000000537,390.6704000000003,8688.0,365.76503142363333,0.0,74,87,97,100,180,210,280,300,380,390,390
