Type,Name,Request Count,Failure Count,Median Response Time,Average Response Time,Min Response Time,Max Response Time,Average Content Size,Requests/s,Failures/s,50%,66%,75%,80%,90%,95%,98%,99%,99.9%,99.99%,100%
GET,/,8715,0,190.0,184.3102425817553,1.4988000000002444,699.6748999999998,8688.0,457.338978675624,0.0,190,200,220,280,300,410,500,510,680,700,700
,Aggregated,8715,0,190.0,184.3102425817553,1.4988000000002444,699.6748999999998,8688.0,457.338978675624,0.0,190,200,220,280,300,410,500,510,680,700,700
