Type,Name,Request Count,Failure Count,Median Response Time,Average Response Time,Min Response Time,Max Response Time,Average Content Size,Requests/s,Failures/s,50%,66%,75%,80%,90%,95%,98%,99%,99.9%,99.99%,100%
GET,/,7221,0,7,43.9231243041133,1.1559000000005426,352.9790999999998,8688.0,380.10308509668744,0.0,7,20,73,81,150,200,260,290,330,350,350
,Aggregated,7221,0,7,43.9231243041133,1.1559000000005426,352.9790999999998,8688.0,380.10308509668744,0.0,7,20,73,81,150,200,260,290,330,350,350
