Type,Name,Request Count,Failure Count,Median Response Time,Average Response Time,Min Response Time,Max Response Time,Average Content Size,Requests/s,Failures/s,50%,66%,75%,80%,90%,95%,98%,99%,99.9%,99.99%,100%
GET,/,9459,0,73,68.06194835606284,1.3041999999998666,339.49290000000065,8688.0,496.6222017300798,0.0,73,89,97,100,180,190,200,270,310,340,340
,Aggregated,9459,0,73,68.06194835606284,1.3041999999998666,339.49290000000065,8688.0,496.6222017300798,0.0,73,89,97,100,180,190,200,270,310,340,340
