Type,Name,Request Count,Failure Count,Median Response Time,Average Response Time,Min Response Time,Max Response Time,Average Content Size,Requests/s,Failures/s,50%,66%,75%,80%,90%,95%,98%,99%,99.9%,99.99%,100%
GET,/,9481,0,35,60.97992424849723,1.2879999999988456,490.29840000000036,8688.0,496.3486702518276,0.0,35,79,90,97,150,200,290,320,400,490,490
,Aggregated,9481,0,35,60.97992424849723,1.2879999999988456,490.29840000000036,8688.0,496.3486702518276,0.0,35,79,90,97,150,200,290,320,400,490,490
