Type,Name,Request Count,Failure Count,Median Response Time,Average Response Time,Min Response Time,Max Response Time,Average Content Size,Requests/s,Failures/s,50%,66%,75%,80%,90%,95%,98%,99%,99.9%,99.99%,100%
GET,/,9273,0,82,79.9521910708511,1.2900999999985174,316.55799999999965,8688.0,486.0262115234372,0.0,82,99,110,120,190,200,220,270,300,320,320
,Aggregated,9273,0,82,79.9521910708511,1.2900999999985174,316.55799999999965,8688.0,486.0262115234372,0.0,82,99,110,120,190,200,220,270,300,320,320
