Type,Name,Request Count,Failure Count,Median Response Time,Average Response Time,Min Response Time,Max Response Time,Average Content Size,Requests/s,Failures/s,50%,66%,75%,80%,90%,95%,98%,99%,99.9%,99.99%,100%
GET,/,8863,0,92,99.48314359697638,2.0161000000005203,402.3788000000001,8688.0,464.2995708308673,0.0,92,100,120,180,200,280,290,300,360,400,400
,Aggregated,8863,0,92,99.48314359697638,2.0161000000005203,402.3788000000001,8688.0,464.2995708308673,0.0,92,100,120,180,200,280,290,300,360,400,400
