Type,Name,Request Count,Failure Count,Median Response Time,Average Response Time,Min Response Time,Max Response Time,Average Content Size,Requests/s,Failures/s,50%,66%,75%,80%,90%,95%,98%,99%,99.9%,99.99%,100%
GET,/,9016,0,14,50.95905354924576,1.2624000000016622,389.8994,8688.0,472.7321211493288,0.0,14,59,79,87,140,200,280,300,350,390,390
,Aggregated,9016,0,14,50.95905354924576,1.2624000000016622,389.8994,8688.0,472.7321211493288,0.0,14,59,79,87,140,200,280,300,350,390,390
