Type,Name,Request Count,Failure Count,Median Response Time,Average Response Time,Min Response Time,Max Response Time,Average Content Size,Requests/s,Failures/s,50%,66%,75%,80%,90%,95%,98%,99%,99.9%,99.99%,100%
GET,/,9451,0,12,47.81939101682358,1.2134999999986462,333.8225999999995,8688.0,495.6385413112711,0.0,12,61,81,89,110,190,220,260,320,330,330
,Aggregated,9451,0,12,47.81939101682358,1.2134999999986462,333.8225999999995,8688.0,495.6385413112711,0.0,12,61,81,89,110,190,220,260,320,330,330
