Type,Name,Request Count,Failure Count,Median Response Time,Average Response Time,Min Response Time,Max Response Time,Average Content Size,Requests/s,Failures/s,50%,66%,75%,80%,90%,95%,98%,99%,99.9%,99.99%,100%
GET,/,9168,0,12,49.31579622600365,1.282499999998521,419.9156999999998,8688.0,483.8680192993147,0.0,12,56,80,88,120,190,290,300,400,420,420
,Aggregated,9168,0,12,49.31579622600365,1.282499999998521,419.9156999999998,8688.0,483.8680192993147,0.0,12,56,80,88,120,190,290,300,400,420,420
