Type,Name,Request Count,Failure Count,Median Response Time,Average Response Time,Min Response Time,Max Response Time,Average Content Size,Requests/s,Failures/s,50%,66%,75%,80%,90%,95%,98%,99%,99.9%,99.99%,100%
GET,/,9078,0,11,38.69149512007057,1.2001000000001483,365.2451000000001,8688.0,476.0094566080817,0.0,11,28,63,80,100,180,200,240,300,370,370
,Aggregated,9078,0,11,38.69149512007057,1.2001000000001483,365.2451000000001,8688.0,476.0094566080817,0.0,11,28,63,80,100,180,200,240,300,370,370
