Type,Name,Request Count,Failure Count,Median Response Time,Average Response Time,Min Response Time,Max Response Time,Average Content Size,Requests/s,Failures/s,50%,66%,75%,80%,90%,95%,98%,99%,99.9%,99.99%,100%
GET,/,8932,0,11,43.55636112852677,1.2418000000007368,322.2284000000002,8688.0,468.65630120442347,0.0,11,46,75,84,110,180,200,220,300,320,320
,Aggregated,8932,0,11,43.55636112852677,1.2418000000007368,322.2284000000002,8688.0,468.65630120442347,0.0,11,46,75,84,110,180,200,220,300,320,320
