Type,Name,Request Count,Failure Count,Median Response Time,Average Response Time,Min Response Time,Max Response Time,Average Content Size,Requests/s,Failures/s,50%,66%,75%,80%,90%,95%,98%,99%,99.9%,99.99%,100%
GET,/,9316,0,15,51.056365908115026,1.2556000000003564,428.21799999999934,8688.0,488.25350507541214,0.0,15,71,83,89,110,190,220,280,380,430,430
,Aggregated,9316,0,15,51.056365908115026,1.2556000000003564,428.21799999999934,8688.0,488.25350507541214,0.0,15,71,83,89,110,190,220,280,380,430,430
