Type,Name,Request Count,Failure Count,Median Response Time,Average Response Time,Min Response Time,Max Response Time,Average Content Size,Requests/s,Failures/s,50%,66%,75%,80%,90%,95%,98%,99%,99.9%,99.99%,100%
GET,/,9427,0,15,41.18739373077339,1.1735000000001605,313.7904999999996,8688.0,493.932144407853,0.0,15,31,66,80,100,170,200,220,310,310,310
,Aggregated,9427,0,15,41.18739373077339,1.1735000000001605,313.7904999999996,8688.0,493.932144407853,0.0,15,31,66,80,100,170,200,220,310,310,310
