Type,Name,Request Count,Failure Count,Median Response Time,Average Response Time,Min Response Time,Max Response Time,Average Content Size,Requests/s,Failures/s,50%,66%,75%,80%,90%,95%,98%,99%,99.9%,99.99%,100%
GET,/,6653,0,95,113.34533273711108,1.7565000000008268,465.3444999999996,8688.0,349.1062056127339,0.0,95,110,170,190,210,290,310,360,400,470,470
,Aggregated,6653,0,95,113.34533273711108,1.7565000000008268,465.3444999999996,8688.0,349.1062056127339,0.0,95,110,170,190,210,290,310,360,400,470,470
