Type,Name,Request Count,Failure Count,Median Response Time,Average Response Time,Min Response Time,Max Response Time,Average Content Size,Requests/s,Failures/s,50%,66%,75%,80%,90%,95%,98%,99%,99.9%,99.99%,100%
GET,/,9369,0,69,71.14902843419758,1.5871000000018398,411.2264999999997,8688.0,492.3283296542755,0.0,69,90,100,110,180,200,270,290,350,410,410
,Aggregated,9369,0,69,71.14902843419758,1.5871000000018398,411.2264999999997,8688.0,492.3283296542755,0.0,69,90,100,110,180,200,270,290,350,410,410
