Type,Name,Request Count,Failure Count,Median Response Time,Average Response Time,Min Response Time,Max Response Time,Average Content Size,Requests/s,Failures/s,50%,66%,75%,80%,90%,95%,98%,99%,99.9%,99.99%,100%
GET,/,8668,0,9,42.22128374480818,1.302700000000101,448.91620000000023,8688.0,455.1108034663414,0.0,9,17,52,70,120,200,280,300,350,450,450
,Aggregated,8668,0,9,42.22128374480818,1.302700000000101,448.91620000000023,8688.0,455.1108034663414,0.0,9,17,52,70,120,200,280,300,350,450,450
