Type,Name,Request Count,Failure Count,Median Response Time,Average Response Time,Min Response Time,Max Response Time,Average Content Size,Requests/s,Failures/s,50%,66%,75%,80%,90%,95%,98%,99%,99.9%,99.99%,100%
GET,/,8938,0,11,43.06289456254206,1.22130000000098,391.1752000000002,8688.0,470.27698667330924,0.0,11,28,63,75,110,190,270,280,350,390,390
,Aggregated,8938,0,11,43.06289456254206,1.22130000000098,391.1752000000002,8688.0,470.27698667330924,0.0,11,28,63,75,110,190,270,280,350,390,390
