Type,Name,Request Count,Failure Count,Median Response Time,Average Response Time,Min Response Time,Max Response Time,Average Content Size,Requests/s,Failures/s,50%,66%,75%,80%,90%,95%,98%,99%,99.9%,99.99%,100%
GET,/,8884,0,88,87.80224179423743,1.6651999999997003,391.65470000000016,8688.0,464.9424284103554,0.0,88,98,110,110,190,210,290,300,370,390,390
,Aggregated,8884,0,88,87.80224179423743,1.6651999999997003,391.65470000000016,8688.0,464.9424284103554,0.0,88,98,110,110,190,210,290,300,370,390,390
