Type,Name,Request Count,Failure Count,Median Response Time,Average Response Time,Min Response Time,Max Response Time,Average Content Size,Requests/s,Failures/s,50%,66%,75%,80%,90%,95%,98%,99%,99.9%,99.99%,100%
GET,/,9030,0,80,82.97297818383123,1.2642999999989968,693.9821999999998,8688.0,473.272624368758,0.0,80,92,99,110,200,280,380,490,610,690,690
,Aggregated,9030,0,80,82.97297818383123,1.2642999999989968,693.9821999999998,8688.0,473.272624368758,0.0,80,92,99,110,200,280,380,490,610,690,690
