Type,Name,Request Count,Failure Count,Median Response Time,Average Response Time,Min Response Time,Max Response Time,Average Content Size,Requests/s,Failures/s,50%,66%,75%,80%,90%,95%,98%,99%,99.9%,99.99%,100%
GET,/,9041,0,11,40.57732427828769,1.2532000000007315,437.1568000000003,8688.0,473.54199269997093,0.0,11,21,59,76,99,170,280,300,380,440,440
,Aggregated,9041,0,11,40.57732427828769,1.2532000000007315,437.1568000000003,8688.0,473.54199269997093,0.0,11,21,59,76,99,170,280,300,380,440,440
