Type,Name,Request Count,Failure Count,Median Response Time,Average Response Time,Min Response Time,Max Response Time,Average Content Size,Requests/s,Failures/s,50%,66%,75%,80%,90%,95%,98%,99%,99.9%,99.99%,100%
GET,/,8819,0,190.0,205.2078468080293,1.7038999999989812,609.8868,8688.0,461.70500324701374,0.0,190,230,290,300,390,410,500,500,590,610,610
,Aggregated,8819,0,190.0,205.2078468080293,1.7038999999989812,609.8868,8688.0,461.70500324701374,0.0,190,230,290,300,390,410,500,500,590,610,610
