Type,Name,Request Count,Failure Count,Median Response Time,Average Response Time,Min Response Time,Max Response Time,Average Content Size,Requests/s,Failures/s,50%,66%,75%,80%,90%,95%,98%,99%,99.9%,99.99%,100%
GET,/,7093,0,15,44.497887522910126,1.4234000000001856,337.6655999999998,8688.0,372.72615255398085,0.0,15,49,70,80,110,190,210,280,300,340,340
,Aggregated,7093,0,15,44.497887522910126,1.4234000000001856,337.6655999999998,8688.0,372.72615255398085,0.0,15,49,70,80,110,190,210,280,300,340,340
